title,IN,PR,RT
(2-benzhydryloxyethyl)diethyl-methylammonium iodide,110,168,172
(S)-nicardipine,128,160,124
(S)-nitrendipine,112,176,126
1-Octacosanol,84,192,140
2-(4-chlorphenoxy)-ethanol,114,178,188
4-dimethylaminophenol,108,218,218
5-aminolevulinic acid hexyl ester,118,172,148
AMMONIA N-13,46,234,226
Cabotegravir,176,160,150
Choline C-11,90,210,206
DL-Alanine,22,240,230
EIDD-1931,156,174,160
Florbetapir F-18,154,170,170
Flutemetamol (18F),92,176,164
Iofetamine (123I),82,178,202
Ioflupane I-123,148,176,168
Molybdenum Mo-99,24,248,218
N-Acetylglucosamine,106,176,120
N-Acetyltyrosine,148,170,168
Padimate A,146,176,172
Padimate O,130,176,176
Rilpivirine,136,166,172
Spiramycin I,142,160,114
Spiramycin II,148,160,114
Spiramycin III,152,160,114
Streptomycin B,204,154,112
UREA C 14,30,248,230
UREA C-13,30,248,230
abacavir,152,174,176
abaloparatide,208,124,148
abametapir,132,170,186
abarelix,172,152,152
abemaciclib,176,160,156
abiraterone acetate,114,160,110
acadesine,118,176,138
acalabrutinib,142,152,160
acamprosate,116,172,128
acarbose,120,160,96
acebutolol,144,168,168
acecarbromal,94,166,144
aceclidine,94,182,170
aceclofenac,114,176,172
acedapsone,82,176,176
acediasulfone,88,176,176
acefylline,154,170,160
aceglatone,94,172,124
aceglutamide,124,176,182
acemetacin,138,160,160
acenocoumarol,116,168,136
acepromazine,122,176,176
aceprometazine,110,176,176
acetamidoeugenol,110,176,168
acetaminosalol,120,176,176
acetanilide,106,218,226
acetarsol,86,162,122
acetazolamide,84,176,178
acetic acid,64,232,230
acetohexamide,110,176,168
acetohydroxamic acid,58,234,216
acetophenazine,128,166,172
acetoxolone,120,160,104
acetrizoic acid,114,152,140
acetylcarnitine,100,170,122
acetylcholine,104,210,196
acetylcysteine,104,206,214
acetyldigitoxin,126,160,104
acetyldigoxin,136,160,104
acetyldihydrocodeine,108,160,162
acetylleucine,112,170,166
acetylmethadol,82,176,172
acetylpheneturide,144,174,168
acetylsalicylic acid,106,178,170
acexamic acid,134,170,150
acipimox,96,170,132
acitazanolast,126,172,156
acitretin,126,176,170
aclarubicin,144,160,120
aclatonium,104,162,152
aclidinium bromide,124,168,168
acotiamide,128,160,144
acrivastine,130,168,172
actarit,132,170,174
actinoquinol,138,176,136
acyclovir,150,174,160
adamexine,108,146,130
adapalene,116,168,130
adefovir dipivoxil,162,160,128
ademetionine,140,160,112
adenine,124,170,160
adenosine,134,176,156
adenosine phosphate,148,172,120
adenosine triphosphate,172,146,108
adicillin,122,176,136
adinazolam,118,168,166
adiphenine,112,176,176
adipic acid,66,226,198
adipiodone,130,142,132
adrafinil,106,176,168
adrenalone,120,170,168
afamelanotide,198,144,152
afatinib,142,160,158
afloqualone,128,176,168
agomelatine,140,174,168
ajmaline,128,168,154
alacepril,148,168,162
alanine,52,240,228
alanyl glutamine,132,170,154
alatrofloxacin,176,160,160
albendazole,116,176,176
albendazole sulfoxide,136,176,172
albiglutide,218,122,152
albutoin,80,174,160
alcaftadine,98,168,172
alclofenac,130,170,166
alclometasone dipropionate,130,160,108
alcuronium,128,122,156
aldesulfone,90,176,168
aldosterone,124,168,110
alectinib,158,158,160
alendronic acid,46,192,150
alexidine,176,152,176
alfacalcidol,108,172,116
alfadolone acetate,122,168,118
alfaxalone,108,176,120
alfentanil,162,168,174
alfuzosin,152,160,168
algeldrate,16,234,214
algestone acetophenide,128,160,104
alibendol,152,174,168
alimemazine,94,176,176
aliskiren,148,160,160
alitretinoin,116,176,154
alizapride,152,164,158
alkofanone,112,176,172
allantoin,80,200,162
allobarbital,120,172,166
alloclamide,146,176,174
allomethadione,90,176,200
allopurinol,138,170,158
allylestrenol,110,176,120
almecillin,108,176,134
alminoprofen,136,172,168
almitrine,132,168,172
almotriptan,120,176,172
alogliptin,144,166,176
alosetron,144,168,164
alpelisib,132,168,166
alpha-Ergocryptine,136,160,158
alpha-tocopherol acetate,116,176,164
alphaprodine,122,176,170
alpidem,126,168,160
alpiropride,160,168,166
alprazolam,110,176,170
alprenolol,142,176,168
alprostadil,118,176,126
alsactide,202,142,152
altizide,110,176,168
altretamine,112,196,218
altropane,152,172,168
aluminium oxide,44,180,190
alverine,86,200,216
alvimopan,134,160,168
amanozine,104,174,176
amantadine,86,216,148
ambazone,136,174,176
ambenonium,126,148,162
ambrisentan,104,176,176
ambroxol,122,134,144
ambucetamide,142,176,168
ambuside,114,176,162
ambutonium,108,168,174
amcinonide,126,160,102
amenamevir,128,162,168
amezinium metilsulfate,130,162,168
amfecloral,112,170,152
amfetamine,68,234,230
amfetaminil,122,174,176
amidefrine,120,176,168
amifampridine,122,178,180
amifostine,102,174,144
amikacin,134,160,100
amiloride,146,166,174
amiloxate,132,174,168
aminaphthone,118,176,174
amineptine,104,176,176
aminitrozole,100,170,136
amino(diphenylhydantoin) valeric acid,124,176,164
aminoacridine,84,172,160
aminobenzoic acid,104,218,210
aminobutyric acid,56,224,214
aminocaproic acid,124,210,190
aminoglutethimide,148,176,164
aminohippuric acid,134,170,166
aminohydroxybutyric acid,64,234,214
aminolevulinic acid,124,218,198
aminomethylbenzoic acid,106,194,208
aminometradine,138,172,166
aminophenazone,138,176,174
aminopicoline,120,218,216
aminopromazine,120,176,176
aminopropylone,152,176,174
aminopterin,162,160,160
aminoquinuride,114,176,176
aminorex,122,170,174
aminosalicylic acid,112,170,170
aminosalicylic acid hydrazide,120,170,156
aminoxytriphene,106,176,170
amiodarone,130,154,138
amiphenazole,114,172,168
amisometradine,146,172,166
amisulpride,162,174,166
amitriptyline,94,176,176
amitriptylinoxide,94,176,176
amixetrine,152,176,170
amlexanox,116,174,162
amlodipine,140,168,152
ammonia,46,234,226
amobarbital,126,176,154
amocarzine,104,172,176
amodiaquine,114,160,166
amolanone,108,176,172
amorolfine,126,176,168
amoscanate,112,176,166
amosulalol,114,176,176
amoxapine,120,176,176
amoxicillin,108,176,154
amperozide,138,176,174
amphenidone,130,172,170
amphotalide,140,176,166
amphotericin B,140,160,114
ampicillin,106,176,160
ampiroxicam,142,160,168
amprenavir,134,160,168
amprotropine,128,176,168
amrinone,128,170,174
amrubicin,118,160,142
amsacrine,112,176,164
amtolmetin guacil,116,170,166
amylocaine,132,176,166
anagestone acetate,108,168,116
anagliptin,170,164,168
anagrelide,120,176,168
anastrozole,122,172,176
anazolene,122,160,114
ancitabine,156,172,164
androisoxazole,106,168,116
androstanolone,104,176,118
androstenediol,106,176,118
androstenedione,110,176,118
anecortave,118,164,112
anethole trithione,120,174,146
angiotensin II,210,156,154
angiotensinamide,210,156,156
anhydrovinblastine,142,116,136
anidulafungin,176,160,128
anileridine,136,176,176
aniracetam,128,174,164
anisindione,102,174,166
antazoline,86,176,174
antimony pentasulfide,42,204,162
antrafenine,128,160,160
apalcillin,132,160,156
apalutamide,132,160,168
apatinib,124,166,168
apixaban,162,160,160
apomorphine,94,176,176
apraclonidine,84,174,168
apremilast,126,168,150
aprepitant,120,160,144
aprindine,116,176,176
aprobarbital,130,172,162
apronal,104,176,182
aranidipine,114,176,144
arbekacin,144,160,112
arbutamine,122,176,176
arbutin,104,176,120
arformoterol,126,168,168
argatroban,172,158,160
arginine hydrochloride,144,166,160
aripiprazole,114,160,160
aripiprazole lauroxil,134,160,152
armodafinil,100,176,170
arotinolol,110,176,150
arsanilic acid,50,216,174
arsenic trioxide,2,232,190
arsthinol,110,156,124
artemether,122,176,154
artemisinin,114,176,154
artemotil,122,176,154
artenimol,116,176,146
arterolane,120,176,120
artesunate,118,162,140
articaine,106,176,168
artisone acetate,114,168,112
ascorbic acid,74,200,188
asenapine,102,176,174
asparagine,86,234,208
aspartic acid,74,218,198
aspoxicillin,120,160,140
astemizole,136,160,152
astromicin,126,176,118
asulacrine,124,160,146
asunaprevir,168,156,160
ataluren,106,176,170
atazanavir,134,160,160
atenolol,140,176,166
atomoxetine,136,176,176
atorvastatin,122,160,160
atosiban,184,160,146
atovaquone,112,176,168
atracurium,126,126,134
atrolactamide,102,210,214
atropine,138,176,164
atropine oxyde,100,176,128
avanafil,152,160,152
avapritinib,160,160,156
avatrombopag,178,160,154
avibactam,100,176,126
avobenzone,96,176,176
axitinib,114,160,156
azacitidine,136,176,156
azacyclonol,92,176,176
azanidazole,104,170,142
azapetine,86,174,176
azapropazone,156,176,168
azaribine,158,176,142
azasetron,148,176,156
azatadine,110,176,176
azathioprine,124,174,166
azelaic acid,106,210,178
azelastine,118,160,162
azelnidipine,126,154,144
azidamfenicol,120,158,120
azidocillin,114,174,134
azilsartan medoxomil,136,158,134
azimilide,160,160,152
azintamide,134,176,170
azithromycin,136,160,110
azlocillin,126,168,142
azosemide,112,164,160
aztreonam,120,168,138
bacampicillin,118,160,144
baclofen,116,170,176
bagrosin,112,176,156
baicalin,136,160,112
balofloxacin,172,160,162
baloxavir marboxil,130,160,156
balsalazide,110,174,168
bambuterol,112,176,176
bamethan,128,172,168
bamifylline,136,160,166
bamipine,122,176,176
barbital,140,202,204
baricitinib,122,164,168
barnidipine,124,160,126
bazedoxifene,114,160,154
beclabuvir,146,160,160
beclamide,138,170,160
beclobrate,116,176,174
beclometasone dipropionate,124,160,106
bedaquiline,120,156,130
befunolol,116,174,158
bekanamycin,132,172,112
belinostat,114,176,132
belotecan,148,160,156
bemegride,132,194,198
bemetizide,112,176,164
bemotrizinol,122,168,126
bempedoic acid,106,176,152
benactyzine,100,176,176
benazepril,112,166,164
bencyclane,110,176,172
bendamustine,118,168,142
bendazac,132,176,168
bendazol,100,174,164
bendroflumethiazide,116,176,164
benexate,146,168,170
benfluorex,122,176,176
benfotiamine,148,160,146
benidipine,120,160,160
benmoxin,114,176,164
benorilate,112,176,168
benoxaprofen,102,172,174
benperidol,166,160,168
benproperine,124,176,176
benserazide,110,172,140
bentazepam,116,176,176
bentiromide,108,166,166
benzalamide,130,170,188
benzalkonium,110,168,144
benzamidosalicylate,120,176,168
benzarone,110,174,164
benzatropine,116,176,176
benzbromarone,120,132,142
benzestrol,70,176,146
benzethonium,114,174,160
benzilonium,108,168,172
benziodarone,124,166,146
benznidazole,110,172,144
benzocaine,128,186,204
benzoctamine,76,176,176
benzoic acid,106,218,216
benzoin,104,174,178
benzomethamine,106,168,176
benzoxonium chloride,108,168,150
benzoyl peroxide,78,190,178
benzphetamine,112,176,176
benzpiperylone,110,172,174
benzquercin,118,156,112
benzquinamide,110,168,146
benzthiazide,124,168,160
benzydamine,142,172,174
benzyl alcohol,88,234,228
benzyl benzoate,110,174,160
benzyl nicotinate,142,174,168
benzylhydrochlorothiazide,120,176,168
benzylpenicillin,110,176,150
benzylsulfamide,104,176,174
benzylthiouracil,130,174,168
bephenium,112,168,166
bepotastine,150,168,168
bepridil,98,176,176
beraprost,104,156,168
bergapten,106,170,158
bermoprofen,114,176,176
berotralstat,138,160,160
besifloxacin,134,160,166
beta-Ergocryptine,132,160,158
betacarotene,100,172,126
betadex,138,164,106
betahistine,134,170,172
betaine,82,218,168
betamethasone,122,172,116
betamethasone acetate,116,160,116
betamethasone acibutate,124,160,110
betamethasone benzoate,130,160,104
betamethasone butyrate propionate,126,160,106
betamethasone dipropionate,124,160,104
betamethasone phosphate,118,160,112
betamethasone valerate,122,160,108
betamipron,126,170,164
betanaphthol,116,194,194
betanidine,112,172,168
betaxolol,150,168,168
betazole,122,170,160
bethanechol,96,186,206
betiatide,134,176,168
betoxycaine,152,168,168
betrixaban,150,158,160
bevantolol,122,174,176
bevonium,102,168,172
bexarotene,110,176,162
bezafibrate,116,176,174
bezitramide,118,166,170
bialamicol,86,176,162
biapenem,122,168,114
bibenzonium,114,168,168
bibrocathol,86,130,120
bicalutamide,128,176,174
bictegravir,172,160,150
bidisomide,142,176,164
bietamiverine,142,176,172
bietaserpine,140,160,150
bifemelane,122,176,176
bifluranol,102,176,168
bifonazole,100,176,158
bilastine,150,160,162
bimatoprost,142,160,154
binifibrate,138,176,172
binimetinib,126,160,150
bioallethrin,104,176,168
biotin,112,176,144
biperiden,108,176,128
biphenylol,64,170,186
biriperone,158,160,154
bisacodyl,110,176,176
bisantrene,112,176,154
bisaramil,140,176,172
bisbentiamine,126,168,156
bisdequalinium chloride,128,140,154
bismuth camphocarbonate,110,148,106
bismuth subgallate,92,150,122
bismuth subsalicylate,98,166,122
bisoctrizole,112,176,152
bisoprolol,140,176,166
bisorcic,126,170,156
bisoxatin,106,176,158
bisoxatin acetate,108,176,136
bisulepine,112,176,176
bithionol,104,174,166
bitolterol,112,176,176
bitoscanate,80,196,208
bivalirudin,204,126,144
blonanserin,160,112,168
boceprevir,118,172,168
bolandiol dipropionate,118,168,116
bopindolol,130,168,168
boric acid,12,234,206
bornaprine,110,176,124
borofalan (10B),134,170,156
bortezomib,148,172,172
bosentan,146,160,124
bosutinib,148,158,160
brallobarbital,104,170,156
bremelanotide,178,160,146
bretylium,106,154,148
brexanolone,94,176,120
brexpiprazole,128,160,154
brigatinib,148,160,152
brilliant Blue G,136,152,128
brilliant green,108,168,176
brimonidine,128,174,168
brinzolamide,124,172,162
brivaracetam,130,174,152
brivudine,144,176,154
brodimoprim,106,176,172
bromazepam,108,170,176
bromazine,102,176,158
bromebric acid,110,170,154
bromfenac,112,174,170
bromhexine,118,134,142
bromindione,90,174,154
bromisoval,58,170,174
bromochlorosalicylanilide,100,174,164
bromocriptine,162,160,160
bromoform,30,192,176
bromopride,156,176,172
bromperidol,110,176,176
brompheniramine,132,174,168
bropirimine,112,170,152
brotizolam,124,174,174
brovanexine,114,120,136
brovincamine,152,160,164
broxuridine,152,174,156
broxyquinoline,116,128,132
bucetin,136,172,168
bucillamine,96,176,170
bucladesine,174,160,116
buclizine,120,176,168
buclosamide,142,170,162
bucloxic acid,122,176,166
bucolome,124,176,150
bucricaine,146,176,176
bucumolol,134,176,174
budesonide,122,160,100
budipine,88,176,180
budralazine,116,176,166
bufeniode,126,168,150
bufetolol,108,176,168
bufexamac,138,174,168
buflomedil,110,176,176
bufogenin,126,160,108
buformin,136,150,166
bufuralol,110,176,166
bulaquine,162,160,168
bumadizone,110,176,176
bumetanide,120,176,172
bunaftine,144,176,168
bunamiodyl,136,152,140
bunazosin,122,162,168
bunitrolol,132,174,176
buphenine,108,176,152
bupivacaine,140,176,176
bupranolol,130,176,166
buprenorphine,132,160,144
bupropion,122,174,162
buramate,140,172,168
buserelin,198,154,154
buspirone,164,176,172
busulfan,82,208,152
butacaine,154,176,172
butacetin,122,172,178
butalamine,134,176,176
butalbital,138,176,158
butamben,148,172,168
butamirate,148,176,166
butanilicaine,150,176,174
butaperazine,140,160,168
butaverine,140,176,166
butazolamide,100,176,154
butazopyridine,114,176,176
butedronic acid,78,192,140
butenafine,110,176,174
butetamate,132,176,168
butethamine,144,176,170
buthalital,132,176,160
butibufen,128,174,168
butidrine,134,176,162
butinoline,96,160,176
butizide,112,176,168
butobarbital,136,172,158
butobendine,116,176,164
butoconazole,118,176,162
butoctamide,118,172,152
butofilolol,130,176,176
butorphanol,94,170,154
butoxycaine,144,176,170
butriptyline,100,176,176
butropium,126,152,166
butylphthalide,120,170,164
buzepide metiodide,106,168,176
cabazitaxel,142,118,142
cabergoline,166,160,160
cabozantinib,116,160,160
cacodylic acid,8,242,192
cadralazine,118,176,176
cafaminol,160,176,168
cafedrine,164,160,158
caffeine,152,170,160
calcifediol,112,168,118
calcipotriene,108,168,140
calcitonin (pork natural),196,122,144
calcitonin (salmon synthetic),208,130,150
calcitonin human,212,136,152
calcitriol,110,170,116
calcium pantothenate,120,174,154
calusterone,110,176,118
camazepam,110,176,174
camostat,144,166,168
camphor,56,216,166
camylofin,148,176,176
canagliflozin,104,160,142
candesartan cilexetil,136,160,148
candicidin,174,132,112
canfosfamide,128,160,138
cangrelor,200,156,112
cannabidiol,108,176,172
canrenone,112,168,116
capecitabine,148,172,170
capmatinib,154,160,146
capobenic acid,120,176,166
capsaicin,138,170,174
captodiame,108,176,170
captopril,86,176,164
capuride,80,198,182
caramiphen,130,176,158
carazolol,120,176,164
carbachol,88,186,180
carbamazepine,110,174,176
carbamide,30,248,230
carbarsone,92,166,122
carbaryl,126,170,166
carbazochrome,138,176,156
carbenicillin,120,176,142
carbenoxolone,124,160,104
carbetocin,184,160,154
carbidopa,132,172,168
carbifene,108,176,176
carbimazole,134,172,168
carbinoxamine,142,176,172
carbocisteine,96,208,200
carbocloral,62,170,152
carbocromen,124,168,168
carbocysteine-lysine,94,176,154
carbon dioxide,8,248,216
carbon tetrachloride,26,240,210
carboprost,116,176,142
carboquone,166,160,174
carbromal,92,166,150
carbubarb,154,176,160
carbutamide,110,176,168
carbuterol,118,176,172
carfecillin,114,168,144
carfenazine,144,164,168
carfilzomib,162,160,160
carfimate,94,168,204
carglumic acid,108,170,146
cargutocin,162,160,154
carindacillin,126,160,142
cariprazine,156,170,162
carisbamate,118,170,184
carisoprodol,98,176,160
carmofur,150,176,168
carmustine,108,170,132
caroverine,132,170,160
caroxazone,146,172,168
carperitide,222,142,158
carpipramine,122,174,176
carprofen,114,172,164
carpronium,80,170,170
carsalam,96,170,152
carteolol,144,176,176
carubicin,134,160,138
carumonam,130,160,126
carvedilol,126,164,158
casopitant,122,160,166
caspofungin,192,160,150
cathine,82,218,224
cefacetrile,120,172,176
cefaclor,108,168,160
cefadroxil,116,174,154
cefalexin,110,176,162
cefalexin pivoxil,124,160,168
cefaloglycin,122,168,144
cefaloridine,124,160,140
cefalotin,118,166,130
cefamandole,128,160,146
cefamandole nafate,122,160,122
cefapirin,120,160,156
cefathiamidine,124,168,156
cefatrizine,120,160,150
cefazedone,128,160,152
cefazolin,124,160,152
cefbuperazone,158,160,146
cefcapene,128,160,140
cefcapene pivoxil,126,160,142
cefdinir,126,168,132
cefditoren pivoxil,126,160,136
cefepime,126,160,114
cefetamet,124,168,140
cefetamet pivoxil,126,160,140
cefiderocol,146,160,120
cefixime,128,160,132
cefmenoxime,130,160,136
cefmetazole,126,160,160
cefminox,118,160,132
cefodizime,130,160,120
cefonicid,132,160,120
cefoperazone,140,160,140
ceforanide,128,160,148
cefoselis,132,160,120
cefotaxime,130,160,132
cefotetan,132,148,134
cefotiam,130,160,140
cefotiam hexetil,140,160,142
cefoxitin,120,162,132
cefozopran,132,160,140
cefpimizole,154,160,148
cefpiramide,142,160,148
cefpirome,130,160,126
cefpodoxime proxetil,132,160,130
cefprozil,116,168,158
cefradine,112,172,154
cefroxadine,114,168,148
cefsulodin,132,160,120
ceftaroline fosamil,180,160,120
ceftazidime,146,160,150
cefteram,124,160,136
cefteram pivoxil,132,160,134
ceftezole,132,160,148
ceftibuten,128,170,128
ceftizoxime,130,168,140
ceftobiprole medocaril,180,160,120
ceftolozane,158,160,140
ceftriaxone,150,160,136
cefuroxime,126,160,142
cefuroxime axetil,140,160,124
cefuroxime pivoxetil,148,160,138
cefuzonam,130,160,120
celecoxib,102,176,168
celiprolol,124,174,170
cenobamate,128,176,166
cepharanthine,134,156,140
ceritinib,120,160,158
cerivastatin,134,168,164
cerulenin,134,170,164
ceruletide,190,158,146
cetalkonium chloride,106,168,146
cetamolol,126,176,168
cethexonium,66,168,130
cetiedil,100,168,162
cetilistat,114,176,132
cetirizine,144,176,168
cetotiamine,136,168,168
cetoxime,104,176,176
cetraxate,138,176,156
cetrimonium,80,172,134
cetrorelix,196,152,154
cetyl alcohol,104,202,158
cetylpyridinium,92,168,144
cevimeline,68,176,140
chenodiol,122,172,120
chidamide,114,160,160
chloral hydrate,50,234,216
chloralodol,96,172,144
chloralose,94,174,120
chlorambucil,102,176,146
chloramphenicol,108,174,128
chloramphenicol palmitate,120,168,128
chloramphenicol succinate,114,168,124
chlorazanil,102,174,174
chlorbenzoxamine,116,168,160
chlorbetamide,130,174,168
chlorcyclizine,110,176,174
chlordiazepoxide,114,176,172
chlorfenethazine,124,176,174
chlorhexidine,154,152,176
chlorisondamine,112,128,146
chlormadinone,116,162,116
chlormezanone,112,176,166
chlormidazole,114,174,170
chlornaphazine,94,174,146
chlorobutanol,14,242,216
chloroform,54,242,212
chloroprednisone,112,168,110
chloroprocaine,138,176,172
chloropyramine,134,176,174
chloropyrilene,130,176,174
chloroquine,142,168,164
chlorothiazide,106,176,156
chlorotrianisene,98,176,160
chloroxine,112,170,158
chloroxylenol,118,210,214
chlorozotocin,112,176,142
chlorphenamine,142,176,174
chlorphenesin carbamate,100,170,160
chlorphenoxamine,82,176,172
chlorphentermine,102,220,210
chlorproethazine,116,176,174
chlorproguanil,146,156,176
chlorpromazine,120,176,174
chlorpropamide,104,176,160
chlorprothixene,128,176,174
chlorquinaldol,106,170,166
chlortalidone,116,176,160
chlortetracycline,120,160,132
chlorthenoxazine,116,170,152
chlorzoxazone,102,168,160
cholic acid,122,168,120
choline,90,210,206
choline alfoscerate,114,174,120
choline fenofibrate,110,176,174
chromic chloride,20,240,206
chromocarb,102,170,144
cianidanol,108,176,132
cibenzoline,128,176,176
cicaprost,120,130,164
ciclesonide,128,160,104
cicletanine,128,174,174
ciclobendazole,156,170,176
ciclonicate,152,176,152
ciclonium,108,176,134
ciclopirox,122,176,160
cicloprolol,134,176,176
ciclosidomine,122,176,156
ciclosporin,190,160,160
cicrotoic acid,126,172,168
cidofovir,120,174,144
cilastatin,130,176,172
cilazapril,124,160,166
cilnidipine,128,160,134
cilostazol,162,160,164
cimetidine,132,176,176
cimetropium,160,160,176
cinacalcet,108,176,170
cinalukast,108,166,168
cinametic acid,128,170,166
cinchocaine,150,168,164
cinchophen,100,174,138
cineole,80,218,174
cinepazet,134,168,168
cinepazide,152,174,176
cinitapride,126,160,160
cinmetacin,130,168,158
cinnamaverine,108,176,174
cinnarizine,104,176,160
cinnoxicam,122,160,140
cinolazepam,126,172,174
cinoxacin,110,172,166
cinromide,128,168,152
cioteronel,96,176,118
ciprofibrate,126,170,166
ciprofloxacin,166,168,168
ciramadol,152,176,168
cisapride,138,160,144
cisatracurium,128,142,150
citalopram,130,174,176
citicoline,174,152,104
citiolone,70,218,208
citric acid,48,212,144
citrulline,136,170,152
cladribine,144,176,168
clanobutin,106,176,174
clarithromycin,134,160,110
clascoterone,122,166,110
clavulanic acid,74,170,138
clebopride,138,168,164
clefamide,112,176,136
clemastine,98,176,172
clemizole,106,170,160
clenbuterol,120,176,154
clevidipine,128,168,160
clevudine,144,176,160
clidanac,124,176,164
clidinium,102,176,176
climbazole,134,176,174
clinafloxacin,170,168,168
clindamycin,114,168,122
clindamycin palmitate,124,160,118
clindamycin phosphate,118,168,116
clinofibrate,102,176,172
clioquinol,118,168,164
clobazam,110,176,176
clobenoside,134,162,148
clobenzepam,116,174,172
clobenzorex,110,176,174
clobenztropine,108,176,166
clobetasol propionate,120,168,118
clobetasone butyrate,122,162,112
clobutinol,116,176,156
clobuzarit,120,176,170
clocapramine,122,160,166
clocinizine,108,176,168
clocortolone pivalate,122,160,114
clodantoin,106,176,152
clodronic acid,36,226,170
clofarabine,164,176,162
clofazimine,116,160,158
clofedanol,110,176,174
clofenamide,98,190,198
clofenotane,74,192,196
clofibrate,110,178,206
clofibric acid,122,178,178
clofibride,128,176,172
clofoctol,108,176,168
cloforex,134,176,166
clomacran,114,176,174
clometacin,120,176,168
clomethiazole,98,198,204
clometocillin,106,176,144
clomifene,96,176,168
clomipramine,114,176,176
clomocycline,126,160,136
clonazepam,116,176,176
clonidine,96,172,166
clonitrate,80,158,120
clonixin,116,174,174
clopamide,132,176,168
clopenthixol,110,166,164
cloperastine,118,176,172
clopidogrel,132,172,172
clopirac,134,174,174
cloprednol,110,168,118
cloranolol,116,176,148
clorazepate,114,176,174
clorexolone,134,176,160
cloricromen,130,160,160
cloridarol,90,174,164
clorindione,96,174,164
clorotepine,86,176,176
clorprenaline,126,172,172
clortermine,126,196,192
clostebol,112,176,120
clostebol acetate,118,176,112
clotiapine,112,168,174
clotiazepam,112,176,176
clotrimazole,106,176,170
cloxacillin,118,168,150
cloxazolam,106,170,168
cloxiquine,130,170,160
cloxotestosterone,116,168,118
clozapine,108,168,168
cobicistat,118,160,152
cobimetinib,124,160,160
cocaine,144,176,160
codeine,114,162,164
colchicine,118,164,174
colecalciferol,110,168,118
colforsin daropate,130,160,100
colfosceril palmitate,116,166,122
conivaptan,118,158,154
copanlisib,168,160,158
copper dotatate Cu-64,176,158,130
corbadrine,112,178,206
corticorelin,226,124,148
corticorelin ovine,218,124,148
corticotropin,230,112,138
cortisone acetate,118,160,108
cortivazol,128,160,110
cotinine,108,172,180
coumarin,94,174,166
coumetarol,94,176,136
creatine,128,198,208
creatinolfosfate,130,166,156
cresatin,134,208,216
cridanimod,108,174,144
crisaborole,126,172,176
crizotinib,142,160,152
croconazole,114,176,170
cromoglicic acid,118,176,136
cropropamide,124,172,162
crotamiton,128,172,172
crotetamide,132,172,158
cupric chloride,16,232,204
cupric oxide,6,248,206
cyamemazine,122,174,176
cyclacillin,112,176,136
cyclandelate,94,176,124
cyclarbamate,90,176,176
cyclizine,104,176,176
cyclobarbital,142,176,158
cyclobenzaprine,102,174,176
cyclobutyrol,94,170,162
cyclocoumarol,112,176,146
cyclodrine,130,176,164
cyclofenil,104,176,170
cycloguanil,120,176,174
cyclomethycaine,152,172,164
cyclopentamine,114,170,150
cyclopenthiazide,108,176,168
cyclopentobarbital,136,176,154
cyclopentolate,134,176,168
cyclophosphamide,98,174,138
cycloserine,82,202,174
cyclothiazide,114,176,136
cyclovalone,108,176,170
cycloxilic acid,92,174,172
cycrimine,106,176,168
cyfluthrin,128,168,166
cymarin,130,160,104
cynarine,128,168,128
cypermethrin,110,172,174
cyprodenate,130,176,150
cyproheptadine,98,176,176
cyproterone acetate,118,168,116
cysteine,58,218,228
cystine,100,184,186
cytarabine,138,176,160
cytarabine ocfosfate,152,160,114
cytisine,152,176,166
cyverine,98,176,130
dabigatran etexilate,174,158,160
dabrafenib,128,160,140
dacarbazine,136,170,162
dacisteine,114,170,184
daclatasvir,148,158,142
dacomitinib,132,160,158
dactinomycin,198,160,146
dalbavancin,176,146,126
dalfopristin,170,160,158
danazol,120,164,126
dantrolene,114,176,126
dantron,98,174,168
dapagliflozin,110,172,156
dapiprazole,170,172,168
dapoxetine,110,176,172
daprodustat,128,176,128
dapsone,84,222,216
daptomycin,206,152,140
darifenacin,102,160,168
darolutamide,144,160,160
darunavir,154,160,166
dasabuvir,118,160,130
dasatinib,172,160,156
dasiglucagon,206,120,152
daunorubicin,128,160,148
daunorubicinol,124,160,146
davercin,144,160,104
deanol,82,234,212
debrisoquine,142,168,172
decamethonium,78,170,144
decamethoxine,108,168,128
decamethrin,116,136,176
decimemide,114,176,168
decitabine,138,176,160
deferasirox,116,176,132
deferiprone,142,180,188
deferoxamine,140,176,168
deflazacort,122,160,108
degarelix,180,150,152
dehydrocholic acid,122,168,112
delafloxacin,142,160,168
delamanid,126,160,122
delapril,110,168,166
delavirdine,158,160,162
delgocitinib,116,162,168
delmadinone acetate,116,168,114
delmopinol,122,176,156
delorazepam,114,176,174
demecarium,120,160,170
demeclocycline,114,160,152
demecolcine,118,168,174
demegestone,110,176,122
demexiptiline,92,174,172
demoxytocin,182,160,146
denaverine,114,176,174
denopamine,126,176,176
deoxycholic acid,116,168,120
depreotide,186,160,154
deptropine,112,176,176
dequalinium,128,136,176
desalkylflurazepam,114,176,176
desaspidin,100,168,128
deserpidine,146,160,150
desflurane,76,218,180
desipramine,106,176,176
deslanoside,166,160,102
desloratadine,112,174,172
desmopressin,192,160,142
desogestrel,114,166,134
desomorphine,108,166,170
desonide,122,168,106
desoximetasone,124,172,118
desoxycorticosterone acetate,110,168,112
desoxycorticosterone pivalate,126,160,112
desoxycortone,116,176,118
desoxymycin,172,154,116
desvenlafaxine,100,176,166
detajmium,130,160,156
deutetrabenazine,108,172,176
dexamethasone,122,172,116
dexamethasone acefurate,130,160,104
dexamethasone acetate,116,160,116
dexamethasone dipropionate,124,160,104
dexamethasone palmitate,124,160,104
dexamethasone phosphate,118,160,112
dexamethasone valerate,122,160,108
dexamfetamine,78,234,232
dexbrompheniramine,140,174,170
dexchlorpheniramine,142,176,174
dexetimide,128,176,176
dexfenfluramine,122,176,176
dexfosfoserine,90,216,166
dexibuprofen,128,172,172
dexketoprofen,106,176,166
dexlansoprazole,128,168,162
dexloxiglumide,144,166,146
dexmedetomidine,142,174,176
dexmethylphenidate,140,176,164
dexniguldipine,124,160,132
dexpanthenol,134,174,154
dexrabeprazole,156,160,168
dexrazoxane,132,176,154
dextrofemine,114,176,166
dextromethorphan,124,168,166
dextromoramide,134,176,176
dextropropoxyphene,88,176,174
dextrothyroxine,126,150,136
dezocine,118,128,172
diacerein,108,176,132
diacetazotol,102,176,176
diacetyl benzoyl lathyrol,132,160,152
diamorphine,122,160,160
diampromide,112,176,176
diathymosulfone,104,176,168
diatrizoate,110,152,138
diazepam,112,176,176
diaziquone,158,162,174
diazolidinylurea,136,176,156
diazoxide,100,174,158
dibekacin,132,176,118
dibenzepin,102,176,176
dibromol,104,138,128
dibromotyrosine,122,128,132
dibrompropamidine,144,134,176
dibunate,112,176,128
dibutylphthalate,114,176,158
dibutylsuccinate,94,186,160
dichlorisone,116,160,110
dichloroacetic acid,74,232,222
dichlorobenzyl alcohol,92,218,206
dichlorophen,92,174,168
dichlorophenarsine,92,174,138
dichlorphenamide,100,176,150
diclofenac,110,176,174
dicloxacillin,118,168,150
dicoumarol,108,176,136
dicycloverine,96,176,126
didanosine,156,176,160
dienestrol,88,178,182
dienogest,108,172,162
diethadione,118,178,166
diethazine,110,176,176
diethyl ether,44,250,226
diethylamino hydroxybenzoyl hexyl benzoate,110,176,174
diethylaminoethoxyhexestrol,106,176,152
diethylcarbamazine,136,182,158
diethylpropion,128,180,198
diethylstilbestrol,114,174,170
diethyltoluamide,140,194,206
difebarbamate,154,176,170
difemerine,84,176,176
difemetorex,102,176,176
difenoxin,120,174,176
difenpiramide,110,176,176
difetarsone,106,152,122
diflorasone diacetate,114,160,114
diflucortolone,116,168,122
diflunisal,106,174,174
difluprednate,120,160,106
digitalin,132,160,104
digitoxin,124,160,104
digoxin,138,160,104
dihexyverine,96,176,126
dihydralazine,126,170,152
dihydrocodeine,102,168,166
dihydroemetine,128,160,164
dihydroergocornine,152,160,158
dihydroergocristine,146,160,158
dihydroergocryptine,150,160,158
dihydroergotamine,148,160,156
dihydrostreptomycin,180,154,118
dihydrotachysterol,116,176,118
diiodohydroxypropane,74,218,196
diiodohydroxyquinoline,120,166,148
diiodotyrosine,114,166,144
diisopromine,98,176,174
dilazep,122,176,168
dilevalol,142,172,168
diloxanide furoate,120,176,160
diltiazem,112,168,170
dimantine,88,208,158
dimazole,148,176,176
dimecrotic acid,132,170,160
dimefline,106,176,158
dimemorfan,112,176,168
dimenoxadol,122,176,176
dimepheptanol,90,176,176
dimercaprol,10,248,226
dimetacrine,128,176,176
dimethazan,156,176,160
dimethisterone,112,170,128
dimethocaine,150,176,176
dimethoxanate,132,176,176
dimethyl fumarate,76,218,212
dimethyl sulfoxide,36,250,226
dimethylaminopropionylphenothiazine,110,176,176
dimethylcarbate,70,202,164
dimethylphthalate,84,218,214
dimethylthiambutene,88,176,162
dimethyltubocurarinium,124,128,152
dimetindene,136,176,172
dimetofrine,102,170,168
dimetotiazine,110,176,172
dimevamide,98,176,176
dimorpholamine,156,176,178
dimyristoylphosphatidylcholine,124,166,120
dimyristoylphosphatidylglycerol,126,170,118
dinoprost,114,176,130
dinoprostone,116,176,128
diosmetin,110,170,128
diosmin,136,160,112
dioxadrol,108,176,172
dioxaphetyl butyrate,122,176,176
dioxethedrin,98,170,162
dioxybenzone,108,174,164
dioxyline,106,174,176
diperodon,98,176,176
diphemanil,106,168,172
diphenadione,92,176,158
diphenan,118,174,168
diphenhydramine,120,176,176
diphenidol,108,176,174
diphenoxylate,120,170,170
diphenylpyraline,118,176,174
dipipanone,86,176,172
dipiperonylaminoethanol,102,176,140
dipiproverine,140,176,170
dipivefrine,104,176,172
diprafenone,122,176,168
diprophylline,154,176,160
dipyridamole,150,176,176
dipyrithione,96,166,128
dipyrocetyl,108,170,126
diquafosol,198,146,122
dirithromycin,164,160,108
diseptal B,98,176,174
disofenin,132,176,168
disopyramide,134,176,176
distigmine,112,148,176
disufenton,112,176,120
disulfamide,96,176,162
disulfiram,78,180,204
ditazole,94,176,172
dithiazanine,126,158,170
dithranol,108,174,168
ditiocarb,56,234,230
dixanthogen,106,190,210
dixyrazine,152,170,162
dobutamine,106,176,176
docarpamine,132,168,174
docetaxel,140,118,142
doconexent,70,174,126
docosanoic acid,96,192,124
docosanol,92,192,156
docusate sodium,114,176,120
dodecanoic acid,112,192,148
dodeclonium bromide,112,168,158
dofetilide,122,176,176
dolasetron,134,176,170
dolutegravir,176,160,152
domiodol,82,210,194
domiphen,112,168,158
domitroban,108,176,130
domperidone,136,160,154
donepezil,112,168,168
dopamine,114,196,212
dopexamine,128,176,176
doravirine,140,160,170
doripenem,118,168,132
dorzolamide,112,176,160
dosulepin,106,176,176
dotinurad,102,176,168
doxacurium,118,132,130
doxapram,140,176,176
doxazosin,154,160,160
doxefazepam,120,176,176
doxepin,106,176,176
doxercalciferol,116,176,116
doxifluridine,158,176,156
doxofylline,154,176,160
doxorubicin,136,160,134
doxycycline,120,160,156
doxylamine,112,176,176
drofenine,138,176,166
drometrizole,108,174,162
dronabinol,122,168,174
dronedarone,124,160,152
droperidol,138,160,156
droprenilamine,108,176,162
dropropizine,128,176,176
drospirenone,132,160,144
drostanolone propionate,106,176,118
drotaverine,112,176,172
drotebanol,112,168,164
droxicam,138,176,168
droxidopa,126,170,156
droxypropine,146,176,174
duloxetine,110,176,174
dutasteride,114,160,118
duvelisib,142,160,152
dyclonine,156,176,176
dydrogesterone,114,176,120
ebastine,108,176,164
eberconazole,120,176,172
ebrotidine,152,164,146
eburnamonine,156,168,172
ecabet,114,176,124
ecamsule,130,176,112
echothiophate,100,168,130
econazole,122,176,162
ectylurea,110,196,198
edaravone,128,180,174
edatrexate,164,160,160
edetic acid,90,200,148
edoxaban,162,160,152
edoxudine,138,176,160
edrophonium,104,162,176
efaproxiral,126,176,176
efavirenz,110,174,176
efinaconazole,164,168,172
eflornithine,92,170,170
efloxate,112,168,138
efonidipine,124,158,122
egualen,106,176,156
eicosapentaenoic acid,90,176,128
elagolix,134,160,144
elbasvir,160,152,148
elcatonin,216,128,150
elcometrine,122,170,116
eldecalcitol,118,160,106
eledoisin,198,160,150
eletriptan,116,168,166
elexacaftor,162,160,128
eliglustat,122,160,166
elliptinium,132,158,176
elobixibat,132,160,144
eltanolone,94,176,120
eltrombopag,114,160,158
eluxadoline,126,160,158
elvitegravir,126,162,162
embramine,62,176,168
emedastine,106,168,170
emepronium,96,168,172
emetine,120,160,164
emorfazone,148,176,176
empagliflozin,126,160,128
emtricitabine,122,176,168
emylcamate,80,218,200
enalapril,130,168,156
enalaprilat,124,174,160
enallylpropymal,114,174,170
enarodustat,156,168,152
enasidenib,122,160,164
enbucrilate,100,166,176
encainide,140,168,168
encorafenib,148,160,152
endralazine,148,176,176
enfenamic acid,122,176,172
enflurane,86,220,194
enfuvirtide,186,122,150
enilconazole,120,176,162
enocitabine,130,166,126
enoxacin,170,170,168
enoximone,122,176,172
enoxolone,126,160,104
enprofylline,158,170,162
enprostil,134,162,152
ensulizole,104,176,130
entacapone,120,166,176
entecavir,154,176,166
entrectinib,134,160,158
enviomycin,170,160,124
enzacamene,98,176,120
enzalutamide,134,168,168
eosin,118,132,136
epalrestat,128,176,128
epanolol,132,158,168
eperisone,146,176,176
epervudine,154,176,160
ephedrine,134,180,184
epicillin,108,174,142
epicriptine,150,160,158
epimestrol,108,168,126
epinastine,98,176,176
epinephrine,122,170,178
epirizole,154,176,176
epirubicin,136,160,134
epitiostanol,100,176,128
epitizide,110,176,168
eplerenone,126,160,106
epomediol,62,188,154
epoprostenol,106,176,120
eprazinone,114,176,170
eprosartan,116,160,162
eprozinol,114,176,166
eptazocine,106,176,176
eptifibatide,168,160,136
eravacycline dihydrochloride,148,160,154
erdafitinib,128,160,166
erdosteine,108,176,142
ergocalciferol,112,174,116
ergometrine,106,168,160
ergotamine,138,160,156
eribulin,126,160,114
eritoran,200,134,106
eritrityl tetranitrate,68,144,118
erlotinib,124,146,168
ertapenem,124,160,132
ertugliflozin,118,164,128
erythromycin,132,160,108
erythromycin acistrate,134,160,108
erythromycin ethyl succinate,146,160,108
erythromycin propionate,138,160,108
esatenolol,148,176,168
escitalopram,130,174,176
eseridine,160,176,176
esflurbiprofen,124,174,168
esketamine,138,174,160
eslicarbazepine acetate,104,176,176
esmolol,126,176,168
esomeprazole,150,168,172
estazolam,118,176,172
estetrol,110,176,126
estradiol,98,176,128
estradiol acetate,112,168,122
estradiol benzoate,110,160,120
estradiol cypionate,110,164,108
estradiol dipropionate,112,164,118
estradiol enanthate,108,168,118
estradiol mustard,138,160,114
estradiol undecylate,108,164,110
estradiol valerate,108,168,118
estramustine,124,160,120
estramustine phosphate,122,160,112
estriol,104,176,128
estriol succinate,122,160,116
estrone,112,176,128
estrone sulphate,122,168,130
eszopiclone,172,162,166
etafedrine,116,174,200
etafenone,116,176,176
etallobarbital,134,172,178
etamiphylline,162,176,164
etamivan,138,172,166
etaqualone,122,176,166
etebenecid,112,176,184
etelcalcetide,212,128,160
eterobarb,154,176,160
etersalate,102,176,164
ethacizine,138,160,164
ethacridine,118,174,168
ethacrynic acid,116,170,156
ethadione,128,204,204
ethambutol,100,176,174
ethanol,46,250,222
ethaverine,106,176,176
ethchlorvynol,68,170,208
ethenzamide,132,214,212
ethinamate,80,166,202
ethinylestradiol,112,164,172
ethinylestradiol sulfonate,116,160,164
ethionamide,138,178,180
ethisterone,110,168,128
ethoheptazine,102,176,170
ethosuximide,102,218,202
ethotoin,132,174,156
ethoxzolamide,106,176,154
ethyl biscoumacetate,114,176,136
ethyl chloride,50,250,214
ethyl dibunate,96,176,128
ethyl hydroxybenzoate,98,178,210
ethyl loflazepate,118,174,170
ethylestrenol,114,176,120
ethylhydrocupreine,126,168,162
ethylmethylthiambutene,100,176,162
ethylmorphine,110,160,162
ethylnorepinephrine,94,170,154
etidocaine,138,176,176
etidronic acid,6,222,184
etifelmine,92,178,174
etifoxine,98,176,170
etilamfetamine,130,170,178
etilefrine,134,170,172
etilefrine pivalate,132,176,168
etilevodopa,130,170,166
etimicin,136,160,120
etiprednol dicloacetate,122,160,114
etiroxate,126,150,140
etizolam,126,168,172
etodolac,106,176,168
etodroxizine,140,172,166
etofamide,112,174,130
etofenamate,112,176,176
etofibrate,118,176,174
etofylline,156,172,160
etofylline clofibrate,172,160,156
etofylline nicotinate,176,160,164
etoglucid,136,166,166
etohexadiol,56,218,206
etomidate,112,176,164
etomidoline,156,162,166
etonogestrel,114,162,136
etoperidone,148,160,160
etoposide,144,160,124
etoposide phosphate,164,160,126
etoricoxib,106,176,170
etoxadrol,146,176,168
etoxazene,106,176,176
etozolin,148,176,162
etravirine,126,162,168
etretinate,118,176,170
etryptamine,124,170,160
etybenzatropine,116,176,176
etymemazine,126,176,176
etynodiol,108,160,126
eucatropine,110,176,156
eugenol,112,170,172
evans blue,136,170,128
everolimus,160,160,126
evocalcet,124,168,168
evogliptin,142,168,170
exalamide,122,174,164
exatecan,156,160,160
exemestane,108,176,118
exenatide,224,114,132
exiproben,124,176,166
exisulind,112,176,168
ezetimibe,114,176,168
fabomotizole,156,168,170
fadrozole,128,174,176
falecalcitriol,116,166,122
famciclovir,152,174,176
famotidine,166,172,174
fampridine,110,218,222
famprofazone,126,168,160
faropenem,98,176,142
faropenem medoxil,136,168,122
fasudil,114,176,176
favipiravir,132,170,158
fazadinium,106,148,168
febarbamate,158,176,168
febuprol,122,174,168
febuxostat,114,174,174
feclemine,114,176,160
feclobuzone,118,176,166
fedratinib,134,160,160
fedrilate,126,176,176
felbamate,110,174,174
felbinac,114,174,160
felodipine,126,176,158
felypressin,178,160,136
femoxetine,132,176,176
fenadiazole,114,170,136
fenalamide,146,176,168
fenalcomine,92,176,166
fenamisal,128,174,170
fenbendazole,120,176,176
fenbenicillin,114,176,156
fenbufen,92,174,160
fenbutrazate,106,176,140
fencamfamin,88,176,120
fencibutirol,132,176,154
fenclofenac,114,174,170
fendiline,82,176,168
fendosal,106,160,146
fenethazine,108,176,176
fenetylline,162,164,162
fenfluramine,120,176,174
fenipentol,130,178,192
fenofibrate,102,176,174
fenoldopam,110,176,174
fenoprofen,122,174,168
fenoterol,102,176,150
fenoverine,130,162,162
fenoxazoline,138,176,164
fenoxedil,110,168,158
fenoxypropazine,112,178,188
fenozolone,138,172,148
fenpentadiol,86,176,168
fenpiprane,110,176,174
fenpiverinium,110,168,174
fenproporex,134,166,176
fenquizone,114,176,168
fenspiride,152,176,176
fentanyl,130,176,176
fentiazac,112,176,166
fenticlor,104,174,172
fenticonazole,124,168,160
fentonium,136,158,168
fenyramidol,124,174,176
fepradinol,130,176,170
feprazone,106,176,164
ferric hydroxide,12,234,200
ferric oxide,2,232,190
ferrous chloride,16,232,204
fesoterodine,132,176,176
fexofenadine,120,168,168
fidaxomicin,174,160,112
filgotinib,168,160,164
fimasartan,128,160,146
finafloxacin,174,158,162
finasteride,106,168,118
fingolimod,126,176,162
fipexide,130,164,166
flavodic acid,112,176,128
flavoxate,122,160,158
flecainide,108,176,146
fleroxacin,166,168,170
flibanserin,130,160,168
floctafenine,122,160,168
flomoxef,152,160,140
flopropione,96,170,162
florantyrone,110,170,168
florbetaben F18,138,176,174
floredil,96,176,176
flortaucipir F 18,108,174,168
flosequinan,134,174,160
floxacillin,118,168,152
floxuridine,154,176,160
fluacizine,120,168,172
fluazacort,124,160,102
flubendazole,128,168,168
fluciclovine (18F),68,200,198
fluclorolone,112,168,118
fluclorolone acetonide,122,164,108
fluconazole,154,176,168
flucytosine,130,170,176
fludarabine phosphate,166,168,122
fludeoxyglucose (18F),96,172,126
fludiazepam,110,176,176
fludrocortisone acetate,126,160,108
fludroxycortide,118,168,102
flufenamic acid,110,176,176
fluindione,100,174,166
flumazenil,118,168,168
flumecinol,102,176,176
flumedroxone,120,176,120
flumedroxone acetate,120,168,122
flumequine,140,176,170
flumetasone,110,172,118
flumetasone pivalate,112,160,116
flumethiazide,104,176,168
flunarizine,104,176,172
flunisolide,124,168,104
flunitrazepam,120,176,176
flunoxaprofen,98,174,176
fluocinolone acetonide,114,160,100
fluocinonide,122,160,102
fluocortin butyl,122,160,110
fluocortolone,118,176,114
fluoresone,62,220,224
fluorodopa (18F),136,170,160
fluoroestradiol F18,112,176,130
fluoroethylcholine (18F),128,170,192
fluorometholone,116,170,118
fluorometholone acetate,120,166,112
fluoromethylcholine (18F),124,210,200
fluorouracil,122,170,164
fluostigmine,30,212,162
fluoxetine,110,176,170
fluoxymesterone,108,176,118
flupentixol,118,164,168
fluperolone,118,162,106
fluphenazine,106,168,168
fluphenazine decanoate,104,160,152
fluphenazine enanthate,108,160,152
flupirtine,98,174,168
fluprednidene,124,164,108
fluprednidene acetate,128,160,106
fluprednisolone,108,174,114
flurazepam,116,166,168
flurbiprofen,122,174,168
flurbiprofen axetil,108,176,160
flurithromycin,134,160,108
flurotyl,42,228,204
fluroxene,70,218,224
flusalan,114,152,138
fluspirilene,120,168,168
flutamide,114,176,160
flutazolam,112,170,170
fluticasone furoate,122,160,110
fluticasone propionate,114,160,116
flutoprazepam,120,176,172
flutrimazole,102,176,164
flutropium,116,168,176
fluvastatin,116,164,158
fluvoxamine,122,176,176
folescutol,122,176,176
folic acid,164,160,148
fomepizole,112,210,188
fominoben,140,162,168
fomocaine,128,176,176
fondaparinux,214,160,92
formaldehyde,20,246,222
formebolone,114,172,116
formestane,82,176,118
formocortal,134,160,106
formoterol,114,168,162
formylsulfamethin,106,176,176
forodesine,134,176,156
fosamprenavir,156,160,156
fosaprepitant,120,160,126
foscarnet,26,232,202
fosdenopterin,156,168,138
fosfestrol,122,168,124
fosfluconazole,154,176,140
fosfomycin,50,232,216
fosfosal,94,170,130
fosinopril,156,160,130
fosnetupitant,120,160,140
fosphenytoin,134,176,128
fospropofol,108,174,140
fostamatinib,160,160,144
fostemsavir,180,160,126
fotemustine,108,174,134
framycetin,130,160,106
frovatriptan,142,176,176
fructose,96,170,128
ftivazide,126,176,172
fudosteine,98,172,154
fulvestrant,122,160,116
fumagillin,160,146,160
fumaric acid,48,232,204
furalazine,108,170,144
furaltadone,132,168,150
furamicid,82,168,130
furazidin,106,170,120
furazolidone,112,170,122
furfenorex,116,176,164
furonazide,126,174,162
furosemide,112,176,164
fursultiamine,158,168,168
furtrethonium,90,178,210
fusidic acid,124,160,108
fytic acid,90,170,140
gabapentin,122,196,182
gabapentin enacarbil,108,176,148
gabexate,154,174,174
galactose,70,172,128
galantamine,110,170,168
gallamine,116,132,144
gallium (68Ga) gozetotide,150,116,120
gallopamil,118,164,170
gamolenic acid,116,176,128
ganciclovir,174,176,160
ganirelix,176,150,152
garenoxacin,156,160,160
gatifloxacin,164,160,166
gefarnate,112,176,136
gefitinib,164,160,154
gemcitabine,128,176,168
gemeprost,114,168,136
gemfibrozil,134,176,168
gemifloxacin,166,160,160
gemigliptin,114,166,168
gentian violet,74,168,176
gentisic acid,84,174,150
gepefrine,132,198,206
gepirone,162,176,174
gestodene,120,168,150
gestonorone,118,176,118
gestonorone caproate,126,164,112
gestrinone,116,162,176
gilteritinib,180,160,160
gimeracil,108,172,178
gitoformate,182,160,104
gitoxin,130,160,104
glafenine,124,160,166
glasdegib,136,158,166
glecaprevir,168,160,160
glibenclamide,130,160,138
glibornuride,110,176,120
gliclazide,132,176,158
glimepiride,138,166,156
glipizide,148,168,152
gliquidone,150,160,134
glisentide,126,168,154
glisolamide,140,168,156
glisoxepide,130,160,164
glucagon,234,124,152
glucametacin,154,160,142
gluconic acid,96,170,128
gluconolactone,68,178,170
glucosamine,88,172,128
glucosaminylmuramyl dipeptide,144,160,104
glucose,70,172,128
glucose-1-phosphate,98,174,120
glucosulfone,142,176,126
glucurolactone,98,170,148
glucuronamide,90,170,126
glutamic acid,92,206,184
glutamine,132,216,190
glutaral,62,234,224
glutathione,114,176,158
glutethimide,144,176,166
glybuthiazol,112,176,146
glybuzole,104,176,140
glycerol,50,250,210
glycerol phenylbutyrate,112,176,134
glyceryl trinitrate,92,148,118
glycerylphosphorylcholine,116,172,120
glycine,82,232,228
glycobiarsol,110,146,122
glycol salicylate,126,170,168
glycolic acid,102,232,228
glyconiazide,154,176,158
glycopyrronium bromide,114,168,136
glycyclamide,104,176,168
glycyrrhizic acid,124,160,102
glyhexamide,112,176,168
glymidine,104,176,174
glypinamide,110,176,172
gonadorelin,194,156,150
goserelin,202,154,156
gossypol,112,172,136
granisetron,162,176,176
grazoprevir,184,142,160
grepafloxacin,164,160,166
griseofulvin,114,176,170
guabenxan,152,166,174
guacetisal,106,174,158
guaiacol,84,218,224
guaiacol benzoate,104,198,216
guaiacol carbonate,94,182,204
guaiacol phosphate,90,200,182
guaiapate,142,176,176
guaiazulen,98,168,160
guaifenesin,80,188,210
guaimesal,102,176,142
guamecycline,168,154,160
guanabenz,142,166,172
guanacline,146,170,176
guanadrel,150,172,160
guanazodine,152,128,168
guancidine,140,166,172
guanethidine,150,128,174
guanfacine,142,166,172
guanidine,70,238,238
guanoclor,156,166,174
guanoxabenz,142,168,172
guanoxan,136,166,170
gusperimus,178,158,156
halazepam,116,176,174
halcinonide,132,160,102
haletazole,96,168,160
halocarban,108,176,174
halofantrine,120,166,152
halometasone,118,168,118
haloperidol,110,176,174
haloperidol decanoate,104,160,156
halopredone acetate,114,160,110
haloprogin,112,134,176
halopropane,74,218,188
halothane,44,234,208
haloxazolam,106,168,172
helium,26,248,236
hematoporphyrin,138,142,140
hepronicate,148,176,176
heptabarb,110,176,160
heptaminol,88,202,196
heptobarbital,142,174,164
hesperetin,118,176,132
hetacillin,118,176,138
hexachlorophene,96,164,152
hexafluronium,104,146,176
hexamethonium,62,182,154
hexamidine,136,162,176
hexapropymate,82,166,190
hexcarbacholine,110,158,156
hexestrol,122,202,224
hexetidine,106,176,164
hexobarbital,112,176,160
hexobendine,118,176,162
hexocyclium,142,168,168
hexoprenaline,106,176,162
hexylcaine,132,176,162
hexyldecanoic acid,90,176,128
hexylresorcinol,94,170,160
hidrosmin,128,160,112
histamine,134,170,176
histapyrrodine,104,176,176
histidine,126,170,160
histrelin,188,154,148
homarylamine,102,170,166
homatropine,132,176,166
homocamfin,126,210,200
homochlorcyclizine,98,176,174
homofenazine,112,164,168
homonicotinic acid,128,174,194
homosalate,108,176,150
hopantenic acid,128,176,154
hycanthone,126,168,162
hydracarbazine,112,170,152
hydralazine,118,170,156
hydrochloric acid,32,246,220
hydrochlorothiazide,106,176,160
hydrocodone,98,168,170
hydrocortamate,128,160,104
hydrocortisone,122,174,108
hydrocortisone aceponate,120,160,110
hydrocortisone acetate,116,160,106
hydrocortisone butyrate,122,160,110
hydrocortisone cypionate,118,160,104
hydrocortisone phosphate,118,160,96
hydrocortisone probutate,130,160,102
hydrocortisone succinate,122,160,100
hydrocortisone valerate,124,160,110
hydroflumethiazide,96,176,168
hydrofluoric acid,46,244,230
hydrogen peroxide,38,234,220
hydromorphone,106,166,168
hydroquinidine,118,168,162
hydroquinine,118,168,162
hydroquinone,80,234,220
hydroxyamfetamine,62,218,212
hydroxycarbamide,42,232,220
hydroxychloroquine,144,168,164
hydroxyestrone diacetate,112,160,118
hydroxyethylpromethazine,112,168,176
hydroxymethylnicotinamide,140,176,196
hydroxypethidine,148,176,172
hydroxyprogesterone caproate,122,160,112
hydroxyproline,82,192,176
hydroxystilbamidine,140,156,176
hydroxytetracaine,142,176,176
hydroxyzine,126,176,168
hymecromone,90,170,166
hyoscyamine,142,176,166
ibacitabine,138,176,160
ibandronic acid,108,168,120
ibopamine,110,176,166
ibrexafungerp,130,160,104
ibrutinib,126,160,156
ibudilast,134,174,168
ibufenac,128,172,168
ibuprofen,124,172,170
ibuprofen guaiacol ester,102,176,176
ibuprofen piconol,140,176,176
ibuproxam,126,174,168
ibutilide,108,176,164
icatibant,220,140,160
iclaprim,154,172,168
icosapent ethyl,88,176,128
icotinib,124,158,168
idanpramine,156,172,168
idarubicin,128,160,142
idebenone,106,176,152
idelalisib,164,160,146
idoxuridine,154,176,160
idrocilamide,144,170,166
ifenprodil,110,176,176
ifosfamide,110,174,138
iguratimod,114,170,160
ilaprazole,152,160,164
iloperidone,130,160,160
iloprost,106,168,160
imatinib,122,160,160
imiclopazine,146,160,162
imidafenacin,86,176,176
imidapril,146,168,154
imipenem,124,174,170
imipramine,102,176,176
imipramine oxide,94,176,176
imiquimod,126,174,168
imolamine,138,174,176
improsulfan,96,176,122
imrecoxib,114,176,168
inaperisone,148,176,168
incadronic acid,64,162,134
indacaterol,128,168,172
indalpine,146,176,176
indanazoline,128,174,164
indapamide,104,176,166
indecainide,120,176,174
indeloxazine,130,176,162
indigo carmine,106,176,134
indinavir,132,160,160
indisetron,160,168,172
indobufen,124,176,166
indocyanine green,132,158,132
indomethacin,122,170,172
indoprofen,126,176,160
indoramin,124,168,162
infigratinib,122,160,156
ingenol mebutate,114,150,168
inosine,156,176,150
inositol,42,228,184
inositol nicotinate,146,176,168
inqovi,122,176,152
intoplicine,116,160,156
iobenguane (123I),142,166,172
iobenguane (131I),142,166,172
iobenzamic acid,130,158,146
iobitridol,144,156,144
iocarmic acid,128,142,132
iocetamic acid,130,152,152
iodamide,122,152,140
iodinated glycerol,66,178,158
iodine,48,224,204
iodixanol,184,144,132
iodocholesterol (131I),108,168,120
iodoform,48,222,200
iodohippurate sodium I125,126,168,162
iodohippurate sodium I131,126,168,162
iodol,96,172,172
iodothiouracil,110,170,160
iodoxamic acid,136,144,128
ioglicic acid,118,154,134
ioglycamic acid,138,142,132
iohexol,136,156,142
iomazenil (123I),116,168,170
iomeglamic acid,134,152,148
iomeprol,142,158,136
iopamidol,124,158,132
iopanoic acid,130,156,152
iopentol,140,156,138
iophenoic acid,132,158,144
iopodic acid,128,152,144
iopromide,152,144,138
iopronic acid,132,156,142
iopydol,106,166,152
iotalamic acid,114,154,136
iotrolan,172,144,132
iotroxic acid,140,142,130
ioversol,148,158,136
ioxaglic acid,138,128,116
ioxilan,146,156,144
ioxitalamic acid,124,154,134
ipidacrine,124,170,172
ipragliflozin,110,168,146
ipratropium,116,168,156
iprazochrome,142,176,156
ipriflavone,110,174,150
iprindole,138,128,172
iproclozide,108,172,158
iproheptine,118,170,152
iproniazid,142,170,168
irbesartan,122,160,136
irinotecan,176,160,160
irofulven,108,168,168
iron,24,248,220
irsogladine,96,174,168
isavuconazonium,152,156,160
isaxonine,122,170,182
isepamicin,132,160,102
isoaminile,98,174,176
isobromindione,102,172,142
isocarboxazid,112,174,168
isoconazole,124,176,160
isoetarine,100,172,166
isofezolac,106,176,156
isoflupredone acetate,122,160,112
isoflurane,80,218,174
isoleucine,70,218,218
isomethadone,96,176,176
isometheptene,124,170,154
isoniazid,126,178,186
isonixin,136,176,174
isoprenaline,100,170,168
isopromethazine,94,176,176
isopropamide,90,168,172
isopropanol,12,242,206
isosorbide,36,218,168
isosorbide dinitrate,92,162,118
isosorbide mononitrate,80,170,120
isothipendyl,138,176,176
isotretinoin,116,176,154
isovaleryl diethylamide,92,234,216
isoxepac,118,174,168
isoxicam,140,176,146
isoxsuprine,96,176,148
isradipine,150,170,168
istradefylline,156,168,160
itopride,120,176,176
itraconazole,160,160,142
itramin tosilate,82,204,168
ivabradine,116,160,172
ivacaftor,122,176,170
ivosidenib,138,160,160
ixabepilone,124,160,152
ixazomib,136,176,156
josamycin,128,160,116
kainic acid,100,174,154
kanamycin,126,176,116
kebuzone,110,176,166
keracyanin,128,152,120
ketamine,136,174,160
ketanserin,174,160,164
ketazolam,112,170,170
ketobemidone,132,176,172
ketoconazole,158,160,150
ketoprofen,106,176,162
ketorolac,116,176,138
ketotifen,104,168,168
ketoxal,112,218,196
khellin,116,170,138
kinetin,126,174,156
kojic acid,94,176,174
krypton (81mKr) gas,14,250,232
labetalol,124,172,158
lacidipine,126,176,164
lacosamide,142,176,168
lactic acid,52,232,216
lactitol,108,176,120
lactose,90,176,120
lactulose,108,176,120
lafutidine,156,160,160
lamivudine,88,176,168
lamotrigine,112,174,166
lanatoside C,176,160,104
landiolol,164,160,160
laninamivir octanoate hydrate,166,158,156
lanoconazole,122,176,176
lanreotide,168,160,136
lansoprazole,124,168,158
lapatinib,126,160,152
lapyrium chloride,122,168,156
laquinimod,140,176,168
laropiprant,132,160,166
larotrectinib,166,160,158
lascufloxacin,174,160,158
lasmiditan,166,168,174
lasofoxifene,122,160,154
latamoxef,158,160,144
latanoprost,124,168,154
latanoprostene bunod,126,160,114
lauroguadine,144,160,176
ledipasvir,154,150,156
lefamulin,126,116,134
lefetamine,116,178,186
leflunomide,90,176,174
leiopyrrole,88,176,168
lemborexant,166,160,164
lenalidomide,138,176,154
lenampicillin,120,160,132
lenvatinib,152,160,158
lercanidipine,128,158,126
lesinurad,138,170,174
leteprinim,154,162,164
letermovir,120,160,160
letosteine,94,176,156
letrozole,100,172,176
leucine,100,222,216
leucinocaine,148,176,176
leucovorin,166,160,160
leuprorelin,200,156,152
levallorphan,116,168,166
levamfetamine,78,234,232
levamisole,126,176,162
levamlodipine,134,168,152
levdobutamine,114,176,176
levetiracetam,110,194,192
levisoprenaline,114,170,168
levmetamfetamine,116,218,216
levobetaxolol,150,168,168
levobunolol,138,176,176
levobupivacaine,140,176,176
levocabastine,134,166,172
levocarnitine,82,178,148
levocarnitine propionate,96,162,148
levocetirizine,126,176,168
levodopa,116,170,162
levodropropizine,136,176,176
levofacetoperane,148,176,164
levofloxacin,164,160,168
levofolinic acid,166,160,160
levomefolic acid,164,160,160
levomenol,122,176,154
levomenthol,112,198,184
levomepromazine,126,176,176
levomethadone,68,176,176
levomethadyl acetate,96,176,174
levomilnacipran,150,174,176
levomoprolol,140,174,174
levonorgestrel,120,168,134
levopropoxyphene,88,176,174
levornidazole,108,170,126
levorphanol,122,170,170
levosalbutamol,142,176,166
levosimendan,136,172,176
levosulpiride,146,176,166
levothyroxine,126,150,136
levoverbenone,92,166,154
lidamidine,160,170,176
lidocaine,146,176,176
lidofenin,134,176,168
lidoflazine,118,168,170
lifitegrast,130,160,130
limaprost,114,176,118
linaclotide,176,158,112
linagliptin,166,156,160
lincomycin,110,168,118
lindane,28,202,156
linezolid,168,176,170
linoleic acid,122,176,128
linolenic acid,116,176,128
linopirdine,100,176,170
linsidomine,138,166,132
liothyronine,122,158,140
liraglutide,226,120,148
liranaftate,130,176,176
lisdexamfetamine,146,176,164
lisinopril,134,168,162
lisuride,128,168,166
lividomycin,186,160,102
lixisenatide,214,116,132
lobeglitazone,118,160,140
lobenzarit,106,176,174
lodoxamide,118,172,176
lofepramine,96,168,166
lofexidine,110,174,158
loflucarban,94,176,174
lomefloxacin,170,168,168
lomerizine,128,176,168
lomifylline,160,176,164
lomitapide,130,160,154
lomustine,104,176,142
lonafarnib,128,124,164
lonazolac,110,176,170
lonidamine,114,176,168
loperamide,110,176,164
loperamide oxide,112,174,150
lopinavir,132,160,162
loprazolam,132,160,160
loprodiol,58,226,192
loracarbef,110,168,156
lorajmine,132,160,148
loratadine,116,160,168
lorazepam,116,176,174
lorcainide,130,176,174
lorcaserin,110,170,174
loretin,130,174,130
lorlatinib,128,160,160
lormetazepam,108,176,174
lornoxicam,124,168,164
lorpiprazole,144,160,138
losartan,114,160,152
loteprednol etabonate,124,160,114
lovastatin,118,168,152
loxapine,112,168,174
loxiglumide,148,166,148
loxoprofen,130,176,146
lubeluzole,144,160,168
lubiprostone,114,168,146
lucanthone,128,168,160
lucimycin,128,138,112
luliconazole,126,172,172
lumacaftor,138,160,164
lumateperone,152,160,168
lumefantrine,110,166,158
lumiracoxib,116,176,174
lurasidone,124,160,120
lurbinectedin,148,158,142
luseogliflozin,116,172,164
lusutrombopag,112,160,142
lutein,108,166,120
lycopene,82,166,126
lymecycline,134,160,134
lynestrenol,110,168,134
lypressin,186,160,136
lysergide,118,168,168
lysine,128,188,190
mabuprofen,150,176,168
mabuterol,108,176,158
macimorelin,124,160,160
macitentan,140,128,128
mafenide,86,206,214
magnesium hydroxide,2,248,206
magnesium oxide,2,248,206
magnesium peroxide,16,242,230
malathion,104,174,144
malotilate,108,176,166
maltose,90,176,120
mandelic acid,106,210,204
manidipine,128,160,130
mannite hexanitrate,80,140,120
mannitol,72,226,184
mannomustine,78,176,134
mannosulfan,114,176,120
maprotiline,94,176,176
maraviroc,154,160,156
masoprocol,72,176,178
maxacalcitol,116,166,114
mazaticol,108,176,148
mazindol,106,176,170
mazipredone,120,160,112
mebanazine,112,218,214
mebendazole,118,174,176
mebeverine,120,166,164
mebhydrolin,102,176,168
mebicar,120,198,176
mebrofenin,114,176,176
mebutamate,86,210,206
mebutizide,112,176,156
mecamylamine,74,172,132
mechlorethamine,58,226,194
mecillinam,112,176,164
meclocycline,126,160,144
meclofenamic acid,106,176,170
meclofenoxate,136,172,162
mecloqualone,112,174,166
mecloralurea,58,170,156
mecloxamine,84,176,158
meclozine,112,176,170
mecysteine,22,218,214
medazepam,102,176,176
medetomidine,134,174,172
medibazine,114,176,170
medifoxamine,72,184,204
medrogestone,104,176,120
medroxalol,120,160,138
medroxyprogesterone,116,168,116
medrylamine,128,176,176
medrysone,108,176,120
mefenamic acid,122,176,176
mefenorex,134,172,154
mefexamide,150,176,174
mefloquine,128,174,168
mefruside,110,176,160
mefuparib,112,176,172
megestrol acetate,116,168,116
meglumine,104,172,132
meglutol,44,218,188
meladrazine,114,176,176
melarsoprol,132,154,128
melatonin,140,170,172
meldonium,86,176,128
melevodopa,120,170,166
melinamide,108,176,134
melitracen,102,176,172
meloxicam,110,176,142
melperone,144,176,176
melphalan,116,176,150
melphalan flufenamide,112,166,146
memantine,92,168,112
menadiol sodium diphosphate,144,168,124
menadiol sulfate,120,176,130
menadione,104,170,182
menadione sodium bisulfite,110,176,128
menadoxime,124,174,160
menatetrenone,110,176,138
menbutone,124,174,154
menthyl salicylate,106,176,162
meobentine,134,172,168
mepacrine,132,160,158
mepenzolate,106,168,176
mephenesin,130,170,194
mephenesin carbamate,130,172,172
mephenoxalone,114,172,160
mephentermine,90,188,202
mephenytoin,134,176,162
mepindolol,138,176,172
mepiperphenidol,104,168,164
mepiprazole,140,176,172
mepitiostane,114,176,120
mepivacaine,138,176,176
mepixanox,108,168,154
meprednisone,110,174,116
meprobamate,94,182,172
meproscillarin,124,160,104
meprotixol,130,174,170
meprylcaine,138,176,166
meptazinol,106,176,172
mepyramine,152,176,176
mequinol,92,218,226
mequitazine,102,176,162
meradimate,84,176,148
mercaptamine,50,236,220
mercaptopurine,116,170,160
mercuric amidochloride,20,230,198
mercuric chloride,18,230,204
mercuric iodide,16,186,188
meropenem,120,168,140
mesalazine,94,170,176
mesna,74,236,186
mesoridazine,110,168,170
mestanolone,104,176,118
mesterolone,104,176,120
mestranol,108,158,168
mesulfen,114,184,194
metabutethamine,144,176,168
metabutoxycaine,134,176,176
metaclazepam,110,164,172
metacycline,132,160,142
metahexamide,112,176,176
metamfepramone,106,212,214
metamizole,138,176,134
metampicillin,104,176,156
metandienone,112,176,118
metapramine,92,176,176
metaraminol,112,194,210
metaxalone,134,176,166
metergoline,122,160,160
metesculetol,102,170,148
metformin,102,188,208
methacholine,90,210,204
methadone,68,176,176
methallatal,126,176,160
methallenestril,128,176,170
methamphetamine,116,218,216
methandriol,112,176,118
methaniazide,122,176,128
methanthelinium,116,168,172
methaphenilene,112,176,176
methapyrilene,136,176,176
methaqualone,116,176,166
metharbital,90,180,188
methazolamide,98,176,160
methdilazine,102,176,176
methenamine,36,224,190
methenolone,106,176,118
methestrol,112,176,182
methestrol dipropionate,98,176,156
methiodal,58,234,196
methionine,100,196,198
methiosulfonium chloride,118,204,202
methitural,98,176,164
methocarbamol,106,170,170
methohexital,88,160,176
methopromazine,118,176,176
methoserpidine,132,160,150
methotrexate,162,160,160
methoxamine,80,170,156
methoxsalen,114,168,156
methoxyflurane,64,218,208
methoxyphenamine,136,170,176
methscopolamine,138,176,168
methsuximide,124,182,178
methyl aminolevulinate,120,202,188
methyl nicotinate,120,210,214
methyl salicylate,104,206,212
methylatropine,136,168,160
methylchromone,92,170,158
methylclothiazide,106,176,168
methyldopa,104,170,166
methyldopate,132,176,168
methylephedrine,114,200,216
methylergometrine,112,160,160
methylestrenolone,112,176,118
methylhexaneamine,48,218,212
methylhomatropine,132,168,168
methylnaltrexone,118,156,164
methylparaben,92,218,212
methylpentynol,24,202,222
methylphenidate,112,176,166
methylphenobarbital,138,176,160
methylprednisolone,114,176,114
methylprednisolone aceponate,122,160,110
methylprednisolone acetate,120,168,110
methylprednisolone succinate,124,160,100
methylprednisolone suleptanate,128,160,104
methylrosaniline,86,192,208
methylsulfonal,62,224,188
methyltestosterone,114,176,118
methylthioninium chloride,104,168,176
methylthiouracil,140,170,176
methyprylon,114,170,160
methysergide,132,160,160
metiazinic acid,134,176,176
meticillin,98,176,144
meticrane,94,176,164
metildigoxin,130,160,104
metipamide,106,176,168
metipranolol,110,176,176
metirosine,128,172,170
metisazone,120,176,162
metixene,122,176,176
metizoline,100,176,166
metochalcone,110,176,176
metoclopramide,170,176,174
metofenazate,120,160,150
metofoline,112,176,172
metolazone,110,176,172
metopimazine,112,168,172
metopon,112,160,168
metoprolol,144,176,168
metralindole,140,168,166
metrifonate,50,216,184
metrizamide,142,148,132
metrizoic acid,102,152,142
metronidazole,102,170,138
meturedepa,148,154,170
metyrapone,146,176,178
mexazolam,114,164,168
mexenone,124,174,172
mexiletine,138,170,176
mezlocillin,142,168,136
mianserin,100,176,176
mibefradil,138,160,152
micafungin,182,160,120
micinicate,130,176,154
miconazole,120,176,160
micronomicin,118,168,120
midazolam,116,176,174
midodrine,106,176,168
midostaurin,132,148,158
mifamurtide,202,140,118
mifepristone,116,152,164
migalastat,108,172,130
miglitol,104,176,124
miglustat,116,176,142
milnacipran,144,172,176
miloxacin,118,170,144
milrinone,128,166,176
miltefosine,104,174,120
milverine,102,176,176
mimosine,138,170,162
minaprine,152,176,176
minocycline,124,160,158
minodronic acid,152,170,124
minoxidil,134,172,176
miocamycin,144,160,114
mirabegron,112,160,166
mirodenafil,174,160,154
mirtazapine,112,176,176
misoprostol,102,176,152
mitiglinide,132,176,158
mitobronitol,84,162,158
mitoguazone,148,160,174
mitolactol,84,162,158
mitomycin,150,176,162
mitopodozide,118,168,166
mitotane,90,174,168
mitoxantrone,98,176,174
mivacurium,136,136,144
mivotilate,90,176,142
mizolastine,164,160,158
mizoribine,136,176,130
moclobemide,136,176,170
modafinil,84,176,166
moexipril,124,160,166
mofebutazone,132,176,150
mofezolac,108,176,146
molindone,152,176,176
molsidomine,122,174,144
mometasone furoate,132,160,104
monobenzone,120,172,164
monoctanoin,100,170,150
monoxerutin,128,158,112
montelukast,116,160,154
moperone,132,176,174
mopidamol,154,176,176
moprolol,132,172,176
moquizone,152,176,176
moracizine,160,160,162
morazone,154,166,166
morclofone,108,176,172
morinamide,132,176,170
morinidazole,120,176,168
morniflumate,130,168,168
moroxydine,138,158,174
morphine,118,160,164
mosapramine,124,160,160
mosapride,162,160,156
motretinide,132,176,164
moxastine,66,176,176
moxaverine,126,176,176
moxestrol,108,158,172
moxidectin,128,160,112
moxifloxacin,180,160,160
moxisylyte,132,176,176
moxonidine,158,176,168
mozavaptan,116,168,174
mupirocin,148,160,156
muzolimine,126,176,152
mycophenolate mofetil,148,160,156
mycophenolic acid,118,174,146
mydecamycin,130,160,116
myrophine,126,160,152
myrtecaine,96,176,160
nabilone,98,166,132
nabumetone,150,174,164
nadide,206,154,108
nadifloxacin,168,160,166
nadolol,106,176,140
nadoxolol,122,174,156
naepaine,152,176,174
nafamostat,128,162,168
nafarelin,186,150,154
nafcillin,112,168,148
nafiverine,114,176,144
naftazone,122,170,156
naftidrofuryl,114,170,164
naftifine,114,176,156
naftopidil,118,176,160
nalbuphine,130,156,148
naldemedine,160,160,160
nalfurafine,140,160,160
nalidixic acid,136,170,170
nalmefene,122,160,162
nalorphine,128,160,160
naloxegol,166,160,140
naloxone,120,160,160
naltrexone,136,160,162
nandrolone,108,176,118
nandrolone cyclotate,128,168,108
nandrolone decanoate,128,164,110
nandrolone phenpropionate,122,160,110
naphazoline,118,174,160
naproxcinod,126,160,116
naproxen,142,174,162
naratriptan,142,176,170
narcobarbital,92,172,162
natamycin,146,160,118
nateglinide,120,176,166
nealbarbital,120,176,168
nebivolol,116,176,144
nedocromil,126,174,150
nefazodone,126,160,156
nefiracetam,132,176,176
nefopam,114,128,174
nelarabine,140,176,164
nelfinavir,124,160,158
neltenexine,114,124,130
nemonapride,134,166,162
nemonoxacin,162,160,168
neostigmine,120,164,166
nepafenac,108,176,168
nepinalone,148,176,176
neratinib,130,158,160
neridronic acid,50,168,124
nesiritide,208,146,152
netarsudil,108,160,158
neticonazole,138,174,176
netilmicin,142,160,116
netupitant,126,160,160
nevirapine,126,176,176
nialamide,130,176,176
niaprazine,154,168,168
nicametate,148,174,168
nicardipine,128,160,128
nicergoline,144,160,160
niceritrol,140,176,176
niclofolan,86,156,124
niclosamide,114,174,158
nicoclonate,132,176,174
nicocodine,124,160,160
nicofetamide,116,176,168
nicofibrate,132,176,174
nicofuranose,158,176,166
nicomol,144,176,152
nicomorphine,160,160,160
nicorandil,122,170,132
nicotinamide,120,218,210
nicotine,140,172,164
nicotinic acid,118,198,204
nicotinyl alcohol,124,210,214
nicotinyl methylamide,128,202,204
nidroxyzone,110,170,120
nifedipine,112,176,128
nifekalant,122,160,146
nifenalol,106,170,138
nifenazone,152,174,160
niflumic acid,112,176,176
nifuradene,114,170,124
nifuratel,114,176,128
nifurfoline,128,166,128
nifuroxazide,110,170,124
nifuroxime,106,168,120
nifurpirinol,104,170,134
nifurprazine,98,170,146
nifurtimox,112,176,128
nifurtoinol,112,174,126
nifurzide,96,158,122
nikethamide,144,174,194
nilotinib,110,160,160
nilutamide,108,176,168
nilvadipine,118,174,172
nimesulide,104,176,134
nimetazepam,112,176,174
nimodipine,120,176,150
nimorazole,108,174,156
nimustine,110,176,172
nintedanib,128,160,158
niperotidine,116,160,128
nipradilol,108,172,114
niraparib,134,168,164
niridazole,100,170,128
nisoldipine,114,176,152
nitazoxanide,114,176,130
nitisinone,106,176,130
nitracrine,108,172,140
nitrazepam,114,176,176
nitrefazole,106,156,128
nitrendipine,112,176,138
nitric oxide,22,248,234
nitrofurantoin,110,170,120
nitrofurazone,110,168,120
nitrogen,66,240,240
nitrous oxide,40,212,216
nitroxazepine,110,166,176
nitroxoline,100,168,122
nizatidine,110,168,162
nizofenone,114,160,144
nomegestrol,90,176,120
nomegestrol acetate,106,168,114
nomifensine,116,176,174
nordazepam,112,176,176
nordefrin,76,176,192
norelgestromin,118,168,132
norepinephrine,128,178,210
norethandrolone,112,176,118
norethindrone acetate,114,168,130
norethindrone enanthate,116,152,118
norethisterone,112,168,136
norethynodrel,110,168,158
norfenefrine,112,204,212
norfloxacin,166,174,168
norgesterone,102,176,120
norgestimate,112,160,126
norgestrienone,120,162,176
normethadone,84,176,176
norpipanone,104,176,172
nortriptyline,88,176,176
norvinisterone,110,176,118
noscapine,120,160,132
novobiocin,134,160,120
noxiptiline,80,176,176
noxytiolin,96,206,212
nystatin,140,160,114
obeticholic acid,118,176,120
obidoxime,102,150,160
octabenzone,116,176,172
octacaine,134,176,170
octamoxin,110,178,162
octamylamine,110,172,154
octanoic acid,120,208,184
octatropine methylbromide,120,168,152
octenidine,114,176,134
octinoxate,122,176,168
octisalate,126,176,168
octocrylene,120,174,176
octodrine,112,212,200
octopamine,76,210,212
octotiamine,148,160,154
octreotide,160,160,132
octyltriethoxysilane,98,176,120
ofloxacin,164,160,168
oftasceine,118,168,134
olaflur,142,176,132
olanexidine,160,158,176
olanzapine,118,164,168
olaparib,162,164,168
oleandomycin,150,160,128
oleandrin,114,160,104
oleic acid,120,176,128
oliceridine,134,160,150
olmesartan medoxomil,140,160,130
olmutinib,134,160,158
olodaterol,106,160,168
olopatadine,122,168,168
olprinone,106,168,176
olsalazine,106,176,164
omacetaxine mepesuccinate,132,160,160
omadacycline,134,160,152
omapatrilat,118,166,168
omarigliptin,166,160,162
ombitasvir,132,160,158
omeprazole,150,168,172
omidenepag isopropyl,130,160,158
omoconazole,118,170,154
ondansetron,134,176,166
opicapone,122,142,118
opipramol,110,176,176
orazamide,126,188,178
orciprenaline,104,170,168
oritavancin,170,142,128
orlistat,114,176,146
ormeloxifene,122,160,134
ornidazole,108,170,128
ornipressin,184,160,134
ornithine,128,210,198
ornoprostil,118,176,124
orotic acid,124,170,160
orphenadrine,122,176,176
orthocaine,120,170,190
osalmid,100,174,168
oseltamivir,148,176,152
osilodrostat,138,174,176
osimertinib,132,160,160
ospemifene,96,176,168
oteracil,112,170,158
otilonium bromide,116,152,156
ouabain,128,160,104
oxabolone,108,176,118
oxabolone cipionate,124,164,110
oxaceprol,120,170,150
oxacillin,112,170,142
oxaflozane,114,176,176
oxaflumazine,144,160,168
oxagrelate,146,176,166
oxamarin,122,176,176
oxametacin,132,168,164
oxamniquine,108,176,170
oxanamide,104,208,202
oxandrolone,112,176,118
oxantel,138,174,172
oxapropanium,102,162,158
oxaprozin,94,174,138
oxatomide,118,166,158
oxazepam,114,176,174
oxazolam,108,172,172
oxcarbazepine,104,176,176
oxedrine,106,170,174
oxeladin,140,176,164
oxendolone,112,176,120
oxetacaine,102,176,176
oxetorone,118,168,168
oxiconazole,106,176,162
oxidronic acid,22,220,172
oxiglutatione,136,176,130
oxilofrine,134,170,170
oxiniacic acid,86,168,128
oxiracetam,74,196,182
oxitriptan,110,170,154
oxitropium,136,176,170
oxolamine,126,176,176
oxolinic acid,116,170,152
oxomemazine,102,176,176
oxophenarsine,102,198,154
oxprenolol,130,176,168
oxybenzone,124,174,168
oxybuprocaine,144,176,176
oxybutynin,106,160,176
oxycinchophen,100,174,130
oxyclipine,128,176,168
oxycodone,110,168,164
oxydibutanol,54,218,208
oxyfedrine,134,176,176
oxyfenamate,120,174,176
oxygen,40,232,232
oxymesterone,98,176,118
oxymetazoline,152,176,176
oxymetholone,110,176,118
oxymethurea,94,218,220
oxymorphone,116,168,164
oxypendyl,150,168,168
oxypertine,134,168,172
oxyphenbutazone,130,176,158
oxyphencyclimine,142,176,170
oxyphenisatine,102,176,170
oxyphenisatine acetate,112,176,150
oxyphenonium,122,168,164
oxyquinoline,126,170,148
oxysonium,126,168,160
oxytetracycline,126,160,118
oxytocin,186,160,146
ozagrel,136,174,160
ozanimod,130,158,160
ozenoxacin,158,168,166
paclitaxel,136,118,142
palbociclib,168,160,160
paliperidone,160,160,160
paliperidone palmitate,154,160,132
palmidrol,126,176,126
palonosetron,126,176,174
pamabrom,142,168,160
pamaquine,158,168,168
pamidronic acid,60,216,162
pancuronium,126,152,112
panipenem,128,174,168
panobinostat,118,164,160
pantethine,148,176,176
pantoprazole,120,168,168
papaverine,102,176,176
papaveroline,122,174,164
paracetamol,98,196,214
paraldehyde,26,234,202
paramethadione,80,218,208
paramethasone acetate,122,166,110
paraoxon,94,172,124
parapenzolate,104,168,174
parathiazine,122,176,176
parecoxib,120,176,144
parethoxycaine,142,176,166
pargeverine,112,160,176
pargyline,106,154,176
paricalcitol,114,174,120
paritaprevir,146,154,160
paromomycin,130,160,96
paroxetine,110,168,174
paroxypropione,136,178,190
parsalmide,106,156,176
pasireotide,156,160,128
pazopanib,128,160,158
pazufloxacin,150,166,168
pecazine,118,176,176
pecilocin,134,176,128
pefloxacin,156,168,168
pemafibrate,122,160,158
pemetrexed,162,160,156
pemigatinib,174,160,160
pemirolast,160,174,176
pemoline,124,170,134
pempidine,108,220,194
penamecillin,116,176,140
penbutolol,126,176,166
penciclovir,138,176,176
penfluridol,122,176,162
penicillamine,86,228,216
penmesterol,112,168,112
pentacynium chloride,106,146,172
pentaerithrityl tetranitrate,88,144,124
pentaerythritol,52,236,216
pentagastrin,142,160,160
pentagestrone,122,160,104
pentagestrone acetate,126,160,104
pentamethonium bromide,22,182,174
pentamidine,146,162,176
pentamycin,128,160,134
pentapiperium metilsulfate,104,168,160
pentazocine,104,172,158
pentetic acid,112,176,130
pentetrazol,102,170,152
penthienate,102,176,144
pentifylline,148,176,168
pentobarbital,136,176,164
pentolonium,92,136,138
pentorex,128,220,218
pentostatin,100,168,154
pentoxifylline,156,176,168
pentoxyverine,140,176,154
pentrinitrol,94,152,126
peplomycin,210,160,126
peramivir,152,174,160
perampanel,120,172,176
perazine,128,176,176
perflenapent,62,208,166
perflexane,72,200,164
perfluamine,78,178,142
perflubron,88,188,158
perflubutane,72,232,174
perflunafene,72,190,166
perflutren,44,234,196
perfosfamide,88,174,136
pergolide,122,162,168
perhexiline,110,176,122
periciazine,124,166,174
perimetazine,114,162,168
perindopril,120,176,144
perisoxal,118,176,176
perlapine,106,176,176
permethrin,124,176,170
perospirone,150,170,168
perphenazine,124,168,166
peruvoside,124,160,104
pethidine,142,176,168
petrichloral,90,156,152
pexidartinib,132,160,164
phanquinone,84,170,156
phenacaine,96,176,176
phenacemide,112,188,194
phenacetin,124,170,184
phenadoxone,94,176,176
phenaglycodol,48,206,206
phenallymal,124,176,160
phenamacide,136,174,168
phenamine,142,170,168
phenazocine,112,168,152
phenazone,134,172,160
phenazopyridine,102,174,176
phenbenzamine,122,176,176
phenbutamide,108,176,168
phencyclidine,128,176,166
phendimetrazine,140,176,168
phenelzine,112,196,204
pheneticillin,110,176,146
pheneturide,140,172,192
phenformin,148,152,176
phenglutarimide,148,176,170
phenibut,106,194,214
phenicarbazide,126,178,182
phenindamine,118,176,168
phenindione,74,174,156
pheniodol sodium,120,168,150
pheniprazine,124,202,210
pheniramine,138,176,176
phenmetrazine,118,174,166
phenobarbital,128,176,170
phenobutiodil,112,154,138
phenol,66,234,240
phenolphthalein,94,176,156
phenolphthalol,92,176,176
phenolsulfonphthalein,110,176,136
phenoperidine,124,176,174
phenosulfazole,106,176,156
phenothrin,124,176,176
phenoxybenzamine,108,176,166
phenoxyethanol,132,216,220
phenoxymethylpenicillin,112,176,146
phenprobamate,134,170,176
phenprocoumon,110,176,166
phenpromethamine,92,194,206
phensuximide,120,172,158
phentermine,114,228,228
phentetramine,158,168,160
phentolamine,92,176,176
phenyl acetylsalicylate,110,174,150
phenyl salicylate,120,172,158
phenylacetic acid,116,218,210
phenylalanine,136,194,204
phenylbutanoic acid,132,172,196
phenylbutazone,110,176,162
phenylephrine,138,170,190
phenylethanolamine,88,218,224
phenylmercuric nitrate,88,140,120
phenylpropanol,60,218,218
phenylpropanolamine,50,218,214
phenyltoloxamine,118,176,176
phenytoin,92,176,156
phetharbital,150,176,164
phethenylate,128,176,132
phloroglucinol,70,216,184
pholcodine,134,160,160
pholedrine,106,178,186
phosphocreatine,106,164,164
phosphoric acid,8,240,198
phosphorylcholine,56,180,134
phthalylsulfacetamide,114,176,136
phthalylsulfathiazole,110,176,140
physostigmine,158,176,176
phytomenadione,114,176,130
piberaline,148,176,176
pibrentasvir,194,158,132
picilorex,126,170,174
picloxydine,148,152,176
picodralazine,128,176,176
picoperine,138,176,176
picotamide,140,176,172
picrotin,118,176,150
pidotimod,102,176,120
pifarnine,124,160,160
piflufolastat F-18,150,168,164
piketoprofen,114,176,168
pildralazine,138,172,172
pilocarpine,142,176,160
pilsicainide,142,176,176
pimavanserin,132,160,168
pimeclone,106,176,156
pimecrolimus,134,160,126
pimefylline,170,160,168
pimethixene,130,176,176
piminodine,130,168,170
pimobendan,112,160,156
pimozide,126,162,160
pinacidil,134,174,176
pinaverium,126,128,126
pinazepam,120,158,176
pindolol,132,174,168
pioglitazone,152,176,160
pipamazine,112,168,170
pipamperone,158,176,176
pipazetate,146,160,162
pipebuzone,142,176,168
pipecuronium,128,152,112
pipemidic acid,166,174,170
pipenzolate,108,168,174
piperacetazine,136,162,168
piperacillin,130,166,140
piperaquine,132,176,172
piperazine,74,234,220
piperidione,134,178,166
piperidolate,116,176,174
piperonyl butoxide,120,176,176
pipethanate,98,176,176
pipobroman,110,132,152
piposulfan,136,176,120
pipotiazine palmitate,138,160,124
pipoxolan,122,176,176
pipradrol,94,176,176
piprozolin,154,176,168
piracetam,92,218,198
pirarubicin,136,160,130
pirbuterol,126,176,168
pirenoxine,110,170,134
pirenzepine,128,168,168
piretanide,100,176,172
pirfenidone,128,172,166
piribedil,152,176,176
piridocaine,140,176,176
pirifibrate,136,176,174
pirisudanol,150,174,160
piritramide,124,174,176
pirlindole,128,176,176
pirmenol,140,176,172
piroctone,132,176,166
piroheptine,108,176,176
piromidic acid,168,176,174
piroxicam,132,176,164
pirozadil,108,176,166
pirprofen,132,176,164
pitavastatin,140,160,166
pitofenone,126,168,174
pitolisant,140,176,166
pivagabine,124,170,154
pivampicillin,122,162,158
pivhydrazine,118,174,168
pivmecillinam,118,164,162
pixantrone,128,176,174
pizotifen,108,170,176
plafibride,140,176,170
plaunotol,126,176,150
plazomicin,148,160,112
plecanatide,172,136,144
pleconaril,118,172,174
plerixafor,132,176,148
plicamycin,176,160,106
podophyllotoxin,124,168,162
poldine,106,168,170
polmacoxib,98,176,168
polydatin,106,172,122
polythiazide,106,176,168
pomalidomide,142,176,128
ponatinib,140,158,160
ponesimod,122,160,160
posaconazole,168,160,142
posatirelin,152,176,154
potassium canrenoate,114,168,114
practolol,142,176,172
prajmalium,126,162,156
pralatrexate,144,158,160
pralidoxime,134,160,164
pralmorelin,132,160,154
pralsetinib,182,160,154
pramipexole,122,176,166
pramiracetam,150,176,156
pramiverine,96,176,164
pramlintide,222,116,140
pramocaine,130,176,176
pranlukast,136,160,156
pranoprofen,138,176,176
prasterone,106,176,118
prasterone acetate,108,176,118
prasterone sulfate,120,176,114
prasugrel,164,160,166
pravastatin,116,168,134
prazepam,120,176,176
praziquantel,152,176,166
prazosin,148,162,168
prednicarbate,128,160,110
prednimustine,130,160,106
prednisolamate,128,160,104
prednisolone,106,176,114
prednisolone acetate,116,164,112
prednisolone farnesylate,132,160,104
prednisolone sodium phosphate,116,160,108
prednisolone steaglate,122,160,104
prednisolone succinate,122,160,100
prednisolone sulfobenzoate,122,160,106
prednisolone tebutate,126,160,114
prednisolone valerate acetate,122,160,110
prednisone,110,168,114
prednival,120,162,110
prednylidene,114,168,106
pregabalin,106,210,184
pregnenolone succinate,120,168,112
prenalterol,132,172,164
prenderol,84,234,212
prenoxdiazine,114,174,166
prenylamine,104,176,168
pretomanid,120,166,124
pridinol,92,176,176
prifinium,104,168,176
prilocaine,142,174,168
primaquine,140,176,176
primidone,150,176,168
probenecid,110,176,168
probucol,108,176,138
procainamide,160,176,174
procaine,142,176,170
procarbazine,142,174,168
procaterol,156,176,176
prochlorperazine,128,170,170
procodazole,130,170,154
procyclidine,108,176,168
procymate,96,190,182
profenamine,116,176,176
proflavine,104,172,168
progabide,94,176,174
progesterone,110,176,120
proglumetacin,150,160,142
proglumide,144,176,166
proguanil,146,156,176
proline,128,200,180
prolintane,116,176,162
promazine,116,176,176
promegestone,116,176,124
promestriene,114,168,120
promethazine,86,176,176
promoxolane,92,180,170
pronetalol,128,174,160
pronilide,108,170,134
propacetamol,130,176,168
propafenone,134,176,168
propallylonal,98,172,164
propamidine,144,162,176
propanidid,128,172,162
propanol,82,250,224
propantheline,118,168,172
proparacaine,154,176,176
propatylnitrate,80,150,134
propenidazole,114,170,124
propentofylline,162,170,166
propicillin,106,176,148
propiolactone,16,232,232
propiomazine,120,176,176
propipocaine,150,176,176
propiram,154,176,176
propiverine,110,176,174
propizepine,108,168,170
propofol,76,218,216
propoxycaine,138,176,176
propranolol,118,176,158
propylene glycol,32,250,226
propylhexedrine,126,170,152
propyliodone,134,166,146
propylparaben,118,170,194
propylthiouracil,144,170,168
propyphenazone,140,174,164
propyromazine,98,168,176
proquazone,108,176,170
proscillaridin,120,160,104
protheobromine,160,174,160
prothipendyl,140,176,176
protiofate,94,174,162
protionamide,140,172,170
protirelin,130,176,130
protizinic acid,112,176,176
protocatechualdehyde,106,218,198
protokylol,118,168,132
protoporphyrin,132,134,140
protoverine,134,160,104
protriptyline,104,174,176
proxazole,128,176,174
proxibarbal,132,174,158
proxyphylline,152,174,160
prozapine,106,176,176
prucalopride,164,166,164
prulifloxacin,148,160,156
pseudoephedrine,134,180,184
pyrantel,122,174,166
pyrazinamide,124,218,214
pyricarbate,144,176,168
pyridostigmine,134,160,168
pyridoxal,132,170,168
pyridoxal phosphate,134,172,146
pyridoxine,132,170,168
pyrimethamine,120,174,174
pyrinoline,122,176,172
pyrithione,98,170,142
pyrithyldione,138,170,172
pyritinol,132,176,176
pyronaridine,154,160,154
pyrovalerone,124,176,168
pyrrobutamine,82,176,172
pyrrocaine,138,176,176
pyrrolnitrin,100,170,146
pyrvinium,118,154,168
quazepam,112,176,176
quercetin,108,168,128
quetiapine,116,164,168
quifenadine,82,176,166
quinagolide,158,168,168
quinapril,128,164,162
quinbolone,120,168,120
quinestradol,114,164,116
quinestrol,120,152,144
quinethazone,92,176,160
quinfamide,132,170,158
quingestanol acetate,104,160,122
quinidine,98,168,156
quinine,98,168,156
quinisocaine,148,176,176
quinupramine,92,176,170
quinupristin,192,160,148
quizartinib,136,160,146
rabeprazole,152,160,168
racecadotril,130,176,170
racepinefrine,104,170,178
radium Ra 223 dichloride,14,232,214
radotinib,114,160,160
raloxifene,124,160,144
raltegravir,172,162,156
raltitrexed,158,160,156
ramatroban,130,164,168
ramelteon,118,176,170
ramifenazone,146,176,174
ramipril,132,162,140
ramosetron,134,170,164
ranimustine,108,176,140
ranitidine,110,168,152
ranolazine,146,176,172
rapacuronium,130,160,104
rasagiline,114,154,176
razoxane,130,176,154
rebamipide,120,168,164
reboxetine,122,176,176
regadenoson,162,160,138
regorafenib,128,160,160
relebactam,142,176,156
relugolix,140,160,148
remdesivir,162,160,160
remifentanil,148,176,174
remikiren,154,160,162
remimazolam,110,158,168
remoxipride,134,176,170
repaglinide,138,160,168
repirinast,126,164,148
reposal,124,176,120
reproterol,166,160,160
rescimetol,144,160,152
rescinnamine,138,160,152
reserpiline,150,160,160
reserpine,140,160,150
resorcinol,100,218,208
retapamulin,126,116,134
retigabine,116,176,176
retinol,110,176,156
retinol acetate,114,176,150
revaprazan,114,168,168
revefenacin,130,160,160
rhodoquine,156,172,172
ribavirin,136,176,128
ribociclib,160,160,160
riboflavin,136,168,136
riboflavin phosphate,158,160,122
ribostamycin,124,172,108
ricinoleic acid,122,176,128
ridaforolimus,174,160,142
rifabutin,144,160,134
rifampicin,120,156,146
rifamycin,116,156,146
rifapentine,116,156,146
rifaximin,150,160,148
rilmazafone,132,160,152
rilmenidine,132,156,174
riluzole,96,172,160
rimantadine,90,170,114
rimazolium,108,162,162
rimegepant,144,160,156
rimexolone,110,172,118
rimiterol,112,176,166
rimonabant,108,162,152
riociguat,152,160,162
riodoxol,100,158,156
rioprostil,114,176,148
ripasudil,110,174,174
ripazepam,94,176,176
ripretinib,126,160,160
risdiplam,162,160,160
risedronic acid,116,168,124
risperidone,162,160,160
ritiometan,58,176,144
ritodrine,114,176,176
ritonavir,124,160,156
rivaroxaban,134,160,146
rivastigmine,150,176,176
rizatriptan,142,176,168
rociverine,108,176,122
rocuronium,118,160,104
rofecoxib,78,176,152
roflumilast,140,176,168
rokitamycin,138,160,116
rolapitant,120,168,156
rolitetracycline,134,160,146
romidepsin,126,160,136
romurtide,160,152,120
ronifibrate,122,174,174
ropinirole,144,176,176
ropivacaine,138,176,176
roquinimex,126,176,162
rosaprostol,110,176,130
rosiglitazone,150,176,168
rosoxacin,128,176,176
rosuvastatin,122,160,164
rotigotine,136,172,176
rotraxate,132,176,162
roxadustat,144,172,142
roxatidine acetate,152,168,168
roxithromycin,148,160,110
rubitecan,136,160,144
ruboxistaurin,132,162,144
rucaparib,118,168,166
rufinamide,146,176,166
rufloxacin,156,160,168
rupatadine,108,160,168
rutoside,128,158,112
ruxolitinib,116,170,174
sabcomeline,114,176,174
sacubitril,118,162,168
safinamide,136,176,176
salacetamide,146,202,200
salamidacetic acid,124,170,170
salazosulfadimidine,112,168,160
salbutamol,128,176,168
salicylamide,112,218,212
salicylanilide,106,174,168
salicylic acid,124,190,192
salicylsulfuric acid,102,172,150
salinazid,138,176,172
salmeterol,128,160,158
salsalate,116,174,138
samidorphan,132,160,168
sancycline,128,160,152
sapropterin,138,176,176
saquinavir,134,160,152
saralasin,210,158,156
sarecycline,118,160,152
saroglitazar,90,160,162
sarpogrelate,130,160,158
saxagliptin,116,172,158
scarlet red,116,176,176
scopolamine,144,176,168
scopolamine butylbromide,150,172,170
secalciferol,110,168,120
secbutabarbital,138,182,178
secnidazole,106,170,142
secobarbital,126,176,160
secretin human,214,122,156
secretin porcine,216,122,156
selegiline,124,156,176
selenium (75Se) tauroselcholic acid,134,132,96
selenium sulfide,0,250,212
selenomethionine,74,202,162
selexipag,122,168,160
selinexor,108,160,152
selpercatinib,146,158,160
selumetinib,104,160,140
semaglutide,222,116,134
semustine,114,176,144
sequifenadine,82,176,172
seractide,232,112,136
seratrodast,122,176,162
serdexmethylphenidate,128,160,138
serine,84,218,212
sermorelin,212,126,152
sertaconazole,120,160,156
sertindole,138,160,158
sertraline,104,176,168
setastine,86,176,176
setiptiline,88,176,176
setmelanotide,176,160,142
sevoflurane,90,222,182
sibutramine,106,176,170
siccanin,120,166,116
sildenafil,172,160,154
silicon dioxide,8,248,220
silodosin,122,160,160
simeprevir,164,154,160
simetride,118,176,170
simfibrate,106,176,162
simvastatin,118,168,152
sincalide,184,160,154
siponimod,110,160,160
sirolimus,144,160,126
sisomicin,126,164,120
sitafloxacin,174,152,168
sitagliptin,126,160,156
sitaxentan,140,168,128
sitosterol,116,168,118
sivelestat,124,174,136
sobrerol,74,172,156
sobuzoxane,142,176,172
sodium gualenate,114,176,156
sodium hexacyclonate,116,194,178
sodium myristyl sulfate,82,176,124
sodium stibogluconate,106,150,120
sodium tetradecyl sulfate,104,176,150
sodium thiosalicylate,100,188,208
sofalcone,116,172,156
sofosbuvir,168,160,128
sofpironium bromide,142,160,128
solasulfone,134,176,128
solifenacin,124,176,170
solriamfetol,134,172,168
somatostatin,186,160,130
sonidegib,114,160,162
sorafenib,128,166,166
sorbinicate,148,176,168
sorbitol,72,226,184
sorivudine,160,176,144
sotagliflozin,106,176,152
sotalol,114,176,168
sotorasib,130,160,104
sozoiodolic acid,100,168,126
spaglumic acid,104,176,120
sparfloxacin,166,170,172
sparteine,146,176,162
spectinomycin,120,176,120
spiclomazine,108,166,166
spiperone,164,168,168
spirapril,120,162,150
spironolactone,122,168,110
spizofurone,128,168,168
stallimycin,148,176,144
stannous fluoride,20,232,214
stanozolol,118,176,120
stavudine,146,176,160
stearic acid,104,192,136
stepronin,108,176,158
stiripentol,108,172,160
streptomycin,182,154,116
streptozocin,98,176,148
strychnine,134,160,164
styramate,102,170,176
subathizone,96,176,166
succimer,66,220,220
succinic acid,76,234,202
succinimide,70,234,192
succinylsulfathiazole,116,174,154
succisulfone,114,176,176
suclofenide,118,176,166
sucrose,110,176,120
sufentanil,136,168,174
sugammadex,158,154,104
sulbactam,76,174,138
sulbactam pivoxyl,84,176,146
sulbenicillin,122,176,132
sulbentine,130,176,154
sulbutiamine,158,172,160
sulcaine,144,176,176
sulconazole,122,176,162
sulfabenzamide,106,176,138
sulfacarbamide,108,176,180
sulfacetamide,98,184,200
sulfachlorpyridazine,106,176,162
sulfachrysoidine,114,176,176
sulfacytine,118,176,174
sulfadiasulfone,108,176,174
sulfadiazine,94,176,174
sulfadicramide,104,176,150
sulfadimethoxine,116,176,168
sulfadimidine,98,176,176
sulfadoxine,114,176,158
sulfaethidole,108,176,154
sulfafurazole,112,176,176
sulfaguanidine,140,174,176
sulfaguanole,156,174,176
sulfalene,108,176,166
sulfaloxic acid,114,176,150
sulfamazone,152,160,120
sulfamerazine,100,176,174
sulfameter,108,176,174
sulfamethizole,110,176,160
sulfamethoxazole,114,176,166
sulfamethoxypyridazine,112,176,170
sulfamethylthiazole,112,176,166
sulfametomidine,114,176,174
sulfametrole,114,176,134
sulfamidochrysoidine,106,176,176
sulfamonomethoxine,118,176,174
sulfamoxole,116,176,174
sulfanilamide,66,220,222
sulfaperin,106,176,174
sulfaphenazole,110,176,168
sulfapyridine,114,176,176
sulfarside,56,170,136
sulfasalazine,112,168,166
sulfasomizole,92,176,170
sulfasymazine,114,176,172
sulfathiazole,112,176,162
sulfathiourea,98,176,164
sulfinalol,118,168,142
sulfinpyrazone,110,176,136
sulfiram,96,194,198
sulfisomidine,104,176,176
sulfisoxazole acetyl,112,176,154
sulfobromophthalein,164,136,132
sulforidazine,114,170,168
sulfur,14,250,238
sulfur hexafluoride,26,188,192
sulindac,140,176,168
sulisatin,110,176,140
sulisobenzone,134,176,128
sulmarin,116,176,130
sulmazole,112,176,174
suloctidil,106,176,158
sulpiride,146,176,166
sulprostone,148,160,158
sultamicillin,94,142,124
sultiame,122,176,162
sultopride,130,176,170
sultosilic acid,124,176,124
sumatriptan,122,176,174
sunitinib,160,160,158
suplatast,136,168,174
suprofen,90,176,162
suramin,162,160,108
suvorexant,132,160,152
suxamethonium,94,152,136
suxibuzone,120,176,150
symclosene,72,212,178
syrosingopine,142,160,144
tacalcitol,108,176,120
tacrine,134,174,176
tacrolimus,134,160,124
tadalafil,132,160,166
tafamidis,102,172,168
tafenoquine,130,160,148
tafluprost,112,168,150
talampicillin,112,160,130
talaporfin,146,140,136
talastine,118,176,166
talazoparib tosylate,168,160,166
talbutal,130,176,160
talinolol,118,170,168
talipexole,92,176,174
talniflumate,126,168,172
taltirelin,158,168,150
tamibarotene,114,176,162
tamoxifen,102,176,174
tamsulosin,120,176,174
tandospirone,138,176,136
tapentadol,134,176,166
taribavirin,154,174,156
tartaric acid,62,218,204
tartrazine,110,176,126
tasimelteon,150,170,176
tasosartan,144,160,160
taurine,72,234,188
taurolidine,128,176,150
taurosteine,106,176,128
tavaborole,130,170,160
tazanolast,144,168,168
tazarotene,118,154,172
tazemetostat,158,160,158
tazobactam,122,176,144
tebipenem pivoxil,130,140,148
teclothiazide,106,176,168
teclozan,142,176,156
tecovirimat,110,176,176
tedisamil,144,176,176
tedizolid phosphate,170,160,136
teduglutide,238,124,152
teflurane,48,234,214
tegafur,156,172,162
tegaserod,158,156,164
teicoplanin aglycone,138,148,126
telaprevir,154,160,158
telavancin,176,142,132
telbivudine,142,176,160
telithromycin,168,160,144
telmesteine,90,174,156
telmisartan,130,154,144
telotristat ethyl,128,160,154
temafloxacin,158,160,168
temazepam,112,176,174
temocapril,104,160,166
temocillin,116,176,126
temoporfin,120,148,150
temozolomide,150,170,162
temsirolimus,170,160,122
tenapanor,180,160,120
teneligliptin,148,160,158
tenidap,112,176,166
teniposide,146,160,122
tenitramine,102,150,124
tenofovir,142,174,128
tenofovir alafenamide,166,160,124
tenofovir disoproxil,158,166,128
tenonitrozole,108,172,130
tenoxicam,126,176,162
tepotinib,130,160,160
teprenone,102,176,134
terazosin,160,166,168
terbinafine,102,160,176
terbutaline,116,176,166
terconazole,152,160,144
terfenadine,106,176,172
terguride,148,160,166
teriflunomide,88,176,176
teriparatide,216,126,150
terizidone,140,176,128
terlipressin,188,160,136
terodiline,98,176,176
terpin,88,220,192
tertatolol,108,176,170
testolactone,106,176,122
testosterone,110,176,118
testosterone cypionate,122,168,110
testosterone enantate,126,168,112
testosterone propionate,122,176,114
testosterone undecanoate,132,168,112
tetrabarbital,134,176,164
tetrabenazine,120,176,176
tetracaine,150,176,176
tetrachloroethylene,16,230,216
tetracosactide,218,124,154
tetracycline,124,160,128
tetraethylphthalamide,138,184,182
tetragalacturonic acid hydroxymethylester,182,174,108
tetramethrin,140,176,170
tetrazepam,102,176,176
tetrofosmin,118,170,130
tetroxoprim,108,176,176
tetryzoline,142,176,160
tevenel,110,176,158
tezacaftor,130,160,162
thalidomide,136,176,128
thallous chloride Tl-201,8,232,200
thebacon,110,160,166
thenalidine,108,176,176
theobromine,148,170,160
theodrenaline,172,160,154
theophylline,142,170,160
thiabendazole,98,170,158
thialbarbital,114,176,160
thiamazole,126,192,208
thiamine,138,168,176
thiamphenicol,120,176,158
thiamphenicol glycinate,146,176,158
thiamylal,110,176,162
thiazinam,104,168,176
thiazosulfone,96,176,170
thiethylperazine,114,168,166
thioacetazone,116,174,168
thiocolchicoside,134,160,160
thioctic acid,102,174,156
thioguanine,96,170,160
thiopental,122,176,166
thiopropazate,146,160,164
thioproperazine,146,160,162
thioridazine,92,168,166
thiotepa,118,174,194
thiothixene,136,168,162
thiouracil,122,170,162
thiram,64,210,210
thonzylamine,146,176,176
threonine,78,234,210
thurfyl nicotinate,142,172,168
thymalfasin,206,124,146
thymol,128,218,216
thymopentin,188,158,160
thyropropic acid,136,158,138
tiadenol,106,176,160
tiagabine,110,176,176
tiamenidine,62,172,164
tiamiprine,112,174,138
tianeptine,116,160,162
tiapride,142,176,168
tiaprofenic acid,124,176,162
tiaramide,148,168,166
tiazesim,110,176,176
tiazofurine,98,176,132
tibezonium,118,152,166
tibolone,110,168,152
ticagrelor,170,160,160
ticarcillin,122,176,136
ticlatone,86,170,164
ticlopidine,114,176,170
tidiacic,80,170,144
tiemonium,118,168,174
tienilic acid,112,176,162
tifenamil,122,176,176
tigecycline,144,160,152
tigemonam,102,176,128
tigloidine,132,176,152
tilbroquinol,140,164,160
tilidine,138,176,158
tiliquinol,144,170,164
tilisolol,150,176,172
tiludronic acid,92,168,132
timepidium,112,172,174
timiperone,144,160,168
timolol,166,176,166
timonacic,58,180,174
tinazoline,114,174,160
tinidazole,108,174,148
tinofedrine,106,176,170
tinoridine,134,168,168
tiocarlide,58,176,176
tioclomarol,112,168,160
tioconazole,118,176,164
tiomesterone,114,176,120
tiopronin,98,174,178
tiotropium bromide,128,176,170
tioxolone,72,170,174
tipepidine,84,176,172
tipiracil,148,174,176
tipranavir,112,160,126
tiquizium,114,176,176
tirabrutinib hydrochloride,132,148,160
tiracizine,108,168,176
tiratricol,134,158,136
tirbanibulin,126,160,160
tirilazad,140,160,116
tirofiban,134,160,166
tiropramide,146,160,168
tisopurine,122,170,160
titanium dioxide,2,248,202
tivozanib,110,160,160
tixocortol,118,160,106
tizanidine,94,176,168
tobramycin,122,176,116
tobuterol,106,176,176
tocainide,132,172,176
tocofersolan,126,174,160
tocofibrate,120,160,144
tocopherol succinate,130,160,150
tocopheryl nicotinate,132,160,156
todralazine,130,174,176
tofacitinib,144,174,176
tofenacin,106,176,176
tofisopam,108,176,176
tofogliflozin,118,176,140
tolazamide,102,176,176
tolazoline,134,172,162
tolbutamide,102,176,168
tolcapone,110,170,132
tolciclate,116,176,172
tolfenamic acid,108,176,174
tolindate,128,176,176
toliprolol,146,174,168
tolmetin,134,176,160
tolnaftate,112,176,172
tolonidine,110,172,170
tolonium,120,166,176
toloxatone,122,176,168
tolperisone,146,176,176
tolpropamine,114,176,176
tolrestat,122,176,168
tolterodine,128,176,176
tolvaptan,116,160,166
tolycaine,150,176,170
tonzonium,132,156,146
topiramate,118,176,120
topiroxostat,98,170,176
topotecan,168,160,152
toremifene,96,176,168
torsemide,114,176,176
tosufloxacin,156,160,158
tosylchloramide sodium,90,180,182
trabectedin,136,160,134
tramadol,138,176,164
tramazoline,112,176,176
trametinib,156,160,158
trandolapril,140,160,150
tranexamic acid,118,194,174
tranilast,128,176,176
tranylcypromine,92,208,216
trapidil,150,176,176
travoprost,134,160,144
traxanox,114,166,160
trazodone,156,166,164
trelagliptin,160,168,174
trenbolone hexahydrobenzylcarbonate,122,160,118
trengestone,110,176,124
treosulfan,100,192,120
trepibutone,110,176,168
treprostinil,114,160,154
tretamine,142,160,192
tretinoin,116,176,154
tretinoin tocoferil,130,160,112
tretoquinol,112,176,176
triacetin,82,196,172
triamcinolone,112,168,112
triamcinolone acetonide,124,160,100
triamcinolone benetonide,134,160,104
triamcinolone diacetate,128,160,102
triamcinolone hexacetonide,136,160,102
triamterene,114,174,174
triaziquone,148,144,174
triazolam,114,176,172
tribenoside,106,176,136
tribromoethanol,32,190,176
tribromometacresol,90,128,128
tribuzone,114,176,174
trichlormethiazide,108,176,164
trichloroacetic acid,74,234,216
trichloroethylene,30,232,218
triclabendazole,120,176,168
triclocarban,90,174,168
triclofos,30,216,190
triclosan,108,170,164
tricyclamol chloride,116,168,168
tridihexethyl,106,168,168
trientine,112,216,198
trifarotene,114,168,170
trifluoperazine,108,168,176
trifluperidol,110,168,170
triflupromazine,96,176,176
trifluridine,136,176,154
triflusal,90,172,162
triheptanoin,94,176,124
trihexyphenidyl,118,176,168
trilaciclib,166,160,160
trilostane,126,174,158
trimazosin,160,160,164
trimebutine,106,176,174
trimecaine,126,176,176
trimegestone,118,176,122
trimetaphan,126,176,144
trimetazidine,136,176,176
trimethadione,118,218,216
trimethidinium,104,134,128
trimethobenzamide,110,176,172
trimethoprim,102,176,176
trimethyldiphenylpropylamine,76,176,188
trimetozine,116,176,176
trimetrexate,116,170,170
trimipramine,108,176,176
trinitrophenol,88,128,124
trioxsalen,98,170,162
tripamide,114,176,132
triparanol,98,176,168
tripelennamine,140,176,176
triprolidine,138,176,176
triptorelin,184,154,148
tritiozine,128,176,176
tritoqualine,122,160,122
trofosfamide,90,174,138
troglitazone,126,168,142
trolamine,98,234,216
troleandomycin,158,160,120
trolnitrate,78,152,122
tromantadine,110,176,120
trometamol,94,234,202
tropatepine,114,176,168
tropesin,134,160,152
tropicamide,130,176,176
tropisetron,128,176,176
trospectomycin,112,170,112
trospium,114,168,176
trovafloxacin,172,160,162
troxacitabine,112,176,166
troxerutin,132,160,112
troxipide,128,176,174
trypan blue,122,168,122
tryparsamide,98,162,122
tryptophan,116,170,158
tuaminoheptane,62,218,212
tubocurarine,128,154,146
tucatinib,152,160,154
tulobuterol,136,180,180
tybamate,100,176,160
tymazoline,144,176,172
tyramine,118,212,216
tyropanoate,134,156,152
tyrosine,146,170,174
ubenimex,142,176,168
ubidecarenone,100,168,126
ubrogepant,150,160,150
udenafil,168,160,152
ufenamate,108,176,176
ulipristal,126,160,114
ulobetasol propionate,110,162,120
umbralisib,126,160,134
umeclidinium,108,176,172
umifenovir,138,160,156
undecylenic acid,128,170,144
unithiol,54,232,176
unoprostone isopropyl,112,174,126
upadacitinib,154,160,162
uracil mustard,96,172,150
urapidil,178,164,166
uredepa,150,152,168
uridine triacetate,150,176,132
uridine triphosphate,162,154,118
ursodiol,122,172,120
vaborbactam,102,176,158
vadadustat,126,174,162
valaciclovir,156,168,164
valbenazine,124,160,164
valdecoxib,114,176,168
valdetamide,96,218,208
valethamate,114,168,160
valganciclovir,166,160,156
valine,78,234,228
valnoctamide,74,220,212
valproic acid,80,234,216
valpromide,66,234,228
valrubicin,136,160,130
valsartan,106,162,154
vancomycin,166,146,128
vandetanib,168,160,152
vaniprevir,160,152,160
vanitiolide,148,176,172
vardenafil,166,160,156
varenicline,134,176,176
vasopressin,192,160,140
vecuronium,122,160,104
vedaprofen,106,176,166
velnacrine,128,174,168
velpatasvir,160,148,152
vemurafenib,128,160,158
venetoclax,156,156,134
venlafaxine,130,176,170
veralipride,154,170,168
verapamil,118,166,176
vericiguat,156,160,166
vernakalant,118,168,168
vesnarinone,146,166,168
vibegron,134,160,152
vidarabine,134,176,156
vigabatrin,100,170,182
vilanterol,140,160,144
vilazodone,144,158,160
vildagliptin,118,174,136
viloxazine,118,176,172
viminol,120,176,148
vinbarbital,144,174,158
vinblastine,156,116,128
vinburnine,156,168,172
vincamine,152,160,168
vincristine,152,116,128
vindesine,144,116,128
vinflunine,164,118,154
vinorelbine,140,118,154
vinpocetine,158,160,168
vintafolide,244,110,120
vinyl ether,60,226,220
vinylbital,112,176,160
viomycin,180,160,134
viquidil,148,168,168
vismodegib,112,176,164
visnadine,106,168,122
vitamin A palmitate,114,176,120
voacamine,134,116,160
voclosporin,190,160,160
voglibose,88,176,120
vonoprazan,134,170,172
vorapaxar,134,160,122
voriconazole,162,176,170
vorinostat,132,176,168
vorozole,124,176,168
vortioxetine,132,176,176
voxelotor,140,168,168
voxilaprevir,188,148,160
warfarin,110,176,162
xamoterol,148,176,168
xanomeline,152,176,170
xantinol,174,168,156
xenbucin,106,174,164
xenon,12,250,232
xenon (127Xe) gas,12,250,232
xenon (133Xe) gas,12,250,232
xenysalate,130,176,168
xenytropium,122,156,166
xibenolol,144,176,174
xibornol,110,176,126
ximelagatran,160,160,168
xipamide,110,176,172
xylitol,82,234,188
xylometazoline,146,176,176
xylose,86,188,154
xyloylsulfamine,112,176,166
yohimbine,154,160,156
zabofloxacin,160,152,160
zafirlukast,132,160,134
zalcitabine,138,176,168
zaleplon,122,172,172
zaltoprofen,114,176,176
zanamivir,172,174,156
zanubrutinib,140,160,160
zeranol,110,172,136
ziconotide,198,156,130
zidovudine,116,174,122
zileuton,124,174,168
zimeldine,126,174,172
zinc oxide,2,248,206
zinostatin,146,104,130
zipeprol,118,176,148
ziprasidone,128,160,158
zofenopril,118,176,164
zoledronic acid,104,168,124
zolimidine,116,176,174
zolmitriptan,126,176,172
zolpidem,134,176,174
zomepirac,136,176,172
zonisamide,70,172,166
zopiclone,172,162,168
zorubicin,134,160,140
zotarolimus,178,160,146
zotepine,110,176,176
zoxazolamine,96,170,158
zucapsaicin,138,170,174
zuclopenthixol,110,166,164
zuclopenthixol acetate,124,160,164
