Model,Enzyme,Descriptor,Phase,PRC,REC,ACC,F1-Score,AUC,MCC
DTC,HIV-1 IN,PC,Train,0.4212678936605317,0.3249211356466877,0.4950284090909091,0.3668744434550312,0.4796440303556435,-0.0425426671873344
DTC,HIV-1 IN,PC,Validation,0.4438202247191011,0.3726415094339622,0.5063829787234042,0.4051282051282051,0.4944602896007021,-0.0113656273842951
DTC,HIV-1 IN,PC,Test,0.3896103896103896,0.2764976958525346,0.4659574468085106,0.3234501347708894,0.452478096938125,-0.1009508652245246
DTC,HIV-1 IN,PC,Train,0.5015923566878981,0.4968454258675079,0.5511363636363636,0.4992076069730586,0.5462263305048134,0.0925352924348338
DTC,HIV-1 IN,PC,Validation,0.5,0.4716981132075472,0.548936170212766,0.4854368932038835,0.5420506069913705,0.0846414643506282
DTC,HIV-1 IN,PC,Test,0.4761904761904761,0.4147465437788018,0.5191489361702127,0.4433497536945813,0.5117210979763575,0.0238344073403398
DTC,HIV-1 IN,PC,Train,0.473972602739726,0.2724409448818897,0.5358410220014195,0.346,0.5121894646890068,0.0276869611114405
DTC,HIV-1 IN,PC,Validation,0.5773195876288659,0.2654028436018957,0.582089552238806,0.3636363636363636,0.5532440574598626,0.1307961265084414
DTC,HIV-1 IN,PC,Test,0.4,0.184331797235023,0.4957446808510638,0.252365930599369,0.4735888235186973,-0.0643438448286962
DTC,HIV-1 IN,PC,Train,0.51183970856102,0.44251968503937,0.5585521646557843,0.4746621621621621,0.548133227532605,0.0982193203713832
DTC,HIV-1 IN,PC,Validation,0.4808743169398907,0.4170616113744075,0.535181236673774,0.4467005076142132,0.5244222785554208,0.0498148348983622
DTC,HIV-1 IN,PC,Test,0.4968944099378882,0.3686635944700461,0.5361702127659574,0.4232804232804232,0.5242527458516238,0.050955241142067
DTC,HIV-1 IN,PC,Train,0.4241960183767228,0.4369085173501577,0.4794034090909091,0.4304584304584304,0.4755602018275336,-0.0487654968727064
DTC,HIV-1 IN,PC,Validation,0.4372093023255814,0.4433962264150943,0.4914893617021276,0.4402810304449648,0.4872019891765394,-0.0255658909458978
DTC,HIV-1 IN,PC,Test,0.4595959595959596,0.4193548387096774,0.5042553191489362,0.4385542168674698,0.4982149687619533,-0.0036045320936048
DTC,HIV-1 IN,PC,Train,0.4089147286821705,0.3328075709779179,0.4829545454545454,0.3669565217391304,0.4693753617163492,-0.0632424658294518
DTC,HIV-1 IN,PC,Validation,0.3858695652173913,0.3349056603773584,0.4595744680851064,0.3585858585858585,0.4484605821266638,-0.1050885403906883
DTC,HIV-1 IN,PC,Test,0.4202898550724637,0.2672811059907834,0.4914893617021276,0.3267605633802817,0.4755377861969727,-0.0535558967687324
DTC,HIV-1 IN,PC,Train,0.8421052631578947,0.0755905511811023,0.5770049680624556,0.1387283236994219,0.531981322102179,0.1615317798668107
DTC,HIV-1 IN,PC,Validation,0.875,0.0995260663507109,0.5884861407249466,0.1787234042553191,0.5439490796869834,0.1984473185982663
DTC,HIV-1 IN,PC,Test,0.7727272727272727,0.0783410138248847,0.5638297872340425,0.1422594142259414,0.5292890839875412,0.1382533187114384
DTC,HIV-1 IN,PC,Train,0.4399399399399399,0.4614173228346456,0.4925479063165365,0.4504227517294389,0.4897525890659016,-0.0204253717446833
DTC,HIV-1 IN,PC,Validation,0.4177215189873418,0.4691943127962085,0.4669509594882729,0.4419642857142857,0.467155295932988,-0.0653624411843475
DTC,HIV-1 IN,PC,Test,0.4145077720207253,0.3686635944700461,0.4680851063829787,0.3902439024390244,0.4610116391322562,-0.0790199155643095
DTC,HIV-1 IN,PC,Train,0.4592346089850249,0.4353312302839117,0.5149147727272727,0.4469635627530364,0.5077172947285191,0.0155251636996965
DTC,HIV-1 IN,PC,Validation,0.4444444444444444,0.4339622641509434,0.5,0.4391408114558472,0.4941129150212081,-0.0118017126712165
DTC,HIV-1 IN,PC,Test,0.4427083333333333,0.391705069124424,0.4914893617021276,0.4156479217603912,0.4843900839693266,-0.0316626804393666
DTC,HIV-1 IN,PC,Train,0.4489795918367347,0.416403785488959,0.5071022727272727,0.4320785597381342,0.4988995671630841,-0.0022203071474215
DTC,HIV-1 IN,PC,Validation,0.4976303317535545,0.4952830188679245,0.5468085106382978,0.4964539007092198,0.5422151528448149,0.084466604355041
DTC,HIV-1 IN,PC,Test,0.4482758620689655,0.3594470046082949,0.5,0.3989769820971867,0.4900001821460447,-0.0206486533281704
DTC,HIV-1 IN,PC,Train,0.4197952218430034,0.1937007874015748,0.5159687721788503,0.2650862068965517,0.487031272253759,-0.0317993911157383
DTC,HIV-1 IN,PC,Validation,0.5113636363636364,0.2132701421800948,0.5543710021321961,0.3010033444816054,0.5233017377567142,0.0593834687985333
DTC,HIV-1 IN,PC,Test,0.4020618556701031,0.1797235023041474,0.4978723404255319,0.2484076433121019,0.47523724522322,-0.0610068774809298
DTC,HIV-1 IN,PC,Train,0.4708818635607321,0.4456692913385827,0.524485450674237,0.4579288025889967,0.517408289080144,0.0350268040003938
DTC,HIV-1 IN,PC,Validation,0.4739336492890995,0.4739336492890995,0.5266524520255863,0.4739336492890995,0.5218505455747824,0.0437010911495646
DTC,HIV-1 IN,PC,Test,0.4395604395604395,0.3686635944700461,0.4914893617021276,0.4010025062656641,0.4827507695670388,-0.0353067635647886
DTC,HIV-1 IN,PC,Train,0.4632237871674491,0.4668769716088328,0.5163352272727273,0.4650432050274941,0.5118622584142355,0.0237082166194009
DTC,HIV-1 IN,PC,Validation,0.4407582938388625,0.4386792452830189,0.4957446808510638,0.4397163120567376,0.4906574520988738,-0.0186931289845933
DTC,HIV-1 IN,PC,Test,0.4472361809045226,0.4101382488479262,0.4936170212765957,0.4278846153846153,0.487677820076137,-0.0248654592869033
DTC,HIV-1 IN,PC,Train,0.4598639455782313,0.5331230283911672,0.5078125,0.493791088385683,0.5101015658751702,0.0201225309310156
DTC,HIV-1 IN,PC,Validation,0.4732510288065844,0.5424528301886793,0.5212765957446809,0.5054945054945055,0.5231643995904637,0.0461331130536499
DTC,HIV-1 IN,PC,Test,0.423963133640553,0.423963133640553,0.4680851063829787,0.423963133640553,0.4649459936977468,-0.0701080126045062
DTC,HIV-1 IN,PC,Train,0.4531946508172362,0.4803149606299212,0.5046132008516678,0.4663608562691131,0.5024313821237462,0.0048438882879372
DTC,HIV-1 IN,PC,Validation,0.445414847161572,0.4834123222748815,0.4968017057569296,0.4636363636363636,0.4955821301296887,-0.0087936795145103
DTC,HIV-1 IN,PC,Test,0.5069767441860465,0.5023041474654378,0.5446808510638298,0.5046296296296297,0.5416659077248137,0.0833895539327251
DTC,HIV-1 IN,PC,Train,0.4622496147919877,0.4724409448818897,0.5145493257629524,0.4672897196261682,0.5107682760585159,0.021498312664172
DTC,HIV-1 IN,PC,Validation,0.4409090909090909,0.4597156398104265,0.4946695095948827,0.4501160092807424,0.4914857268819574,-0.0169753070889448
DTC,HIV-1 IN,PC,Test,0.4356435643564356,0.4055299539170507,0.4829787234042553,0.4200477326968974,0.4774685342707783,-0.0453802084078042
DTC,HIV-1 IN,PC,Train,0.466966966966967,0.4905362776025236,0.5184659090909091,0.4784615384615384,0.5159399734265848,0.0317682747995104
DTC,HIV-1 IN,PC,Validation,0.4369369369369369,0.4575471698113207,0.4893617021276595,0.4470046082949309,0.4865255228901565,-0.0268607028500045
DTC,HIV-1 IN,PC,Test,0.460093896713615,0.4516129032258064,0.502127659574468,0.4558139534883721,0.4985337243401759,-0.0029368339035834
DTC,HIV-1 IN,PC,Train,0.4555712270803949,0.5094637223974764,0.5049715909090909,0.4810126582278481,0.5053778560307794,0.0107026807518962
DTC,HIV-1 IN,PC,Validation,0.4655172413793103,0.5094339622641509,0.5148936170212766,0.4864864864864865,0.5144069036126957,0.0286778083926383
DTC,HIV-1 IN,PC,Test,0.4018691588785046,0.3963133640552995,0.4489361702127659,0.3990719257540603,0.4451922551501794,-0.1097324779820818
DTC,HIV-1 IN,PC,Train,0.4424778761061947,0.4724409448818897,0.4939673527324343,0.456968773800457,0.492034425929317,-0.0158646641866484
DTC,HIV-1 IN,PC,Validation,0.4471544715447154,0.5213270142180095,0.4946695095948827,0.4814004376367615,0.4970976156361365,-0.0057825049992654
DTC,HIV-1 IN,PC,Test,0.4912280701754385,0.5161290322580645,0.5297872340425532,0.503370786516854,0.5288155042713247,0.0574872112015814
DTC,HIV-1 IN,PC,Train,0.4645669291338583,0.4645669291338583,0.517388218594748,0.4645669291338583,0.5126452216728723,0.0252904433457445
DTC,HIV-1 IN,PC,Validation,0.4474885844748858,0.4644549763033175,0.5010660980810234,0.4558139534883721,0.4977313641206511,-0.0045243251711003
DTC,HIV-1 IN,PC,Test,0.4307692307692308,0.3870967741935484,0.4808510638297872,0.4077669902912621,0.4741807981639678,-0.052249156433168
DTC,HIV-1 IN,PC,Train,0.466966966966967,0.4905362776025236,0.5184659090909091,0.4784615384615384,0.5159399734265848,0.0317682747995104
DTC,HIV-1 IN,PC,Validation,0.4369369369369369,0.4575471698113207,0.4893617021276595,0.4470046082949309,0.4865255228901565,-0.0268607028500045
DTC,HIV-1 IN,PC,Test,0.460093896713615,0.4516129032258064,0.502127659574468,0.4558139534883721,0.4985337243401759,-0.0029368339035834
DTC,HIV-1 IN,PC,Train,0.4555712270803949,0.5094637223974764,0.5049715909090909,0.4810126582278481,0.5053778560307794,0.0107026807518962
DTC,HIV-1 IN,PC,Validation,0.4655172413793103,0.5094339622641509,0.5148936170212766,0.4864864864864865,0.5144069036126957,0.0286778083926383
DTC,HIV-1 IN,PC,Test,0.4018691588785046,0.3963133640552995,0.4489361702127659,0.3990719257540603,0.4451922551501794,-0.1097324779820818
DTC,HIV-1 IN,PC,Train,0.4424778761061947,0.4724409448818897,0.4939673527324343,0.456968773800457,0.492034425929317,-0.0158646641866484
DTC,HIV-1 IN,PC,Validation,0.4471544715447154,0.5213270142180095,0.4946695095948827,0.4814004376367615,0.4970976156361365,-0.0057825049992654
DTC,HIV-1 IN,PC,Test,0.4912280701754385,0.5161290322580645,0.5297872340425532,0.503370786516854,0.5288155042713247,0.0574872112015814
DTC,HIV-1 IN,PC,Train,0.4645669291338583,0.4645669291338583,0.517388218594748,0.4645669291338583,0.5126452216728723,0.0252904433457445
DTC,HIV-1 IN,PC,Validation,0.4474885844748858,0.4644549763033175,0.5010660980810234,0.4558139534883721,0.4977313641206511,-0.0045243251711003
DTC,HIV-1 IN,PC,Test,0.4307692307692308,0.3870967741935484,0.4808510638297872,0.4077669902912621,0.4741807981639678,-0.052249156433168
DTC,HIV-1 IN,PC,Train,0.466966966966967,0.4905362776025236,0.5184659090909091,0.4784615384615384,0.5159399734265848,0.0317682747995104
DTC,HIV-1 IN,PC,Validation,0.4369369369369369,0.4575471698113207,0.4893617021276595,0.4470046082949309,0.4865255228901565,-0.0268607028500045
DTC,HIV-1 IN,PC,Test,0.460093896713615,0.4516129032258064,0.502127659574468,0.4558139534883721,0.4985337243401759,-0.0029368339035834
DTC,HIV-1 IN,PC,Train,0.4555712270803949,0.5094637223974764,0.5049715909090909,0.4810126582278481,0.5053778560307794,0.0107026807518962
DTC,HIV-1 IN,PC,Validation,0.4655172413793103,0.5094339622641509,0.5148936170212766,0.4864864864864865,0.5144069036126957,0.0286778083926383
DTC,HIV-1 IN,PC,Test,0.4018691588785046,0.3963133640552995,0.4489361702127659,0.3990719257540603,0.4451922551501794,-0.1097324779820818
DTC,HIV-1 IN,PC,Train,0.4424778761061947,0.4724409448818897,0.4939673527324343,0.456968773800457,0.492034425929317,-0.0158646641866484
DTC,HIV-1 IN,PC,Validation,0.4471544715447154,0.5213270142180095,0.4946695095948827,0.4814004376367615,0.4970976156361365,-0.0057825049992654
DTC,HIV-1 IN,PC,Test,0.4912280701754385,0.5161290322580645,0.5297872340425532,0.503370786516854,0.5288155042713247,0.0574872112015814
DTC,HIV-1 IN,PC,Train,0.4645669291338583,0.4645669291338583,0.517388218594748,0.4645669291338583,0.5126452216728723,0.0252904433457445
DTC,HIV-1 IN,PC,Validation,0.4474885844748858,0.4644549763033175,0.5010660980810234,0.4558139534883721,0.4977313641206511,-0.0045243251711003
DTC,HIV-1 IN,PC,Test,0.4307692307692308,0.3870967741935484,0.4808510638297872,0.4077669902912621,0.4741807981639678,-0.052249156433168
DTC,HIV-1 IN,PC,Train,0.466966966966967,0.4905362776025236,0.5184659090909091,0.4784615384615384,0.5159399734265848,0.0317682747995104
DTC,HIV-1 IN,PC,Validation,0.4369369369369369,0.4575471698113207,0.4893617021276595,0.4470046082949309,0.4865255228901565,-0.0268607028500045
DTC,HIV-1 IN,PC,Test,0.460093896713615,0.4516129032258064,0.502127659574468,0.4558139534883721,0.4985337243401759,-0.0029368339035834
DTC,HIV-1 IN,PC,Train,0.4555712270803949,0.5094637223974764,0.5049715909090909,0.4810126582278481,0.5053778560307794,0.0107026807518962
DTC,HIV-1 IN,PC,Validation,0.4655172413793103,0.5094339622641509,0.5148936170212766,0.4864864864864865,0.5144069036126957,0.0286778083926383
DTC,HIV-1 IN,PC,Test,0.4018691588785046,0.3963133640552995,0.4489361702127659,0.3990719257540603,0.4451922551501794,-0.1097324779820818
DTC,HIV-1 IN,PC,Train,0.4424778761061947,0.4724409448818897,0.4939673527324343,0.456968773800457,0.492034425929317,-0.0158646641866484
DTC,HIV-1 IN,PC,Validation,0.4471544715447154,0.5213270142180095,0.4946695095948827,0.4814004376367615,0.4970976156361365,-0.0057825049992654
DTC,HIV-1 IN,PC,Test,0.4912280701754385,0.5161290322580645,0.5297872340425532,0.503370786516854,0.5288155042713247,0.0574872112015814
DTC,HIV-1 IN,PC,Train,0.4645669291338583,0.4645669291338583,0.517388218594748,0.4645669291338583,0.5126452216728723,0.0252904433457445
DTC,HIV-1 IN,PC,Validation,0.4474885844748858,0.4644549763033175,0.5010660980810234,0.4558139534883721,0.4977313641206511,-0.0045243251711003
DTC,HIV-1 IN,PC,Test,0.4307692307692308,0.3870967741935484,0.4808510638297872,0.4077669902912621,0.4741807981639678,-0.052249156433168
DTC,HIV-1 IN,PC,Train,0.466966966966967,0.4905362776025236,0.5184659090909091,0.4784615384615384,0.5159399734265848,0.0317682747995104
DTC,HIV-1 IN,PC,Validation,0.4369369369369369,0.4575471698113207,0.4893617021276595,0.4470046082949309,0.4865255228901565,-0.0268607028500045
DTC,HIV-1 IN,PC,Test,0.460093896713615,0.4516129032258064,0.502127659574468,0.4558139534883721,0.4985337243401759,-0.0029368339035834
DTC,HIV-1 IN,PC,Train,0.4555712270803949,0.5094637223974764,0.5049715909090909,0.4810126582278481,0.5053778560307794,0.0107026807518962
DTC,HIV-1 IN,PC,Validation,0.4655172413793103,0.5094339622641509,0.5148936170212766,0.4864864864864865,0.5144069036126957,0.0286778083926383
DTC,HIV-1 IN,PC,Test,0.4018691588785046,0.3963133640552995,0.4489361702127659,0.3990719257540603,0.4451922551501794,-0.1097324779820818
DTC,HIV-1 IN,PC,Train,0.4424778761061947,0.4724409448818897,0.4939673527324343,0.456968773800457,0.492034425929317,-0.0158646641866484
DTC,HIV-1 IN,PC,Validation,0.4471544715447154,0.5213270142180095,0.4946695095948827,0.4814004376367615,0.4970976156361365,-0.0057825049992654
DTC,HIV-1 IN,PC,Test,0.4912280701754385,0.5161290322580645,0.5297872340425532,0.503370786516854,0.5288155042713247,0.0574872112015814
DTC,HIV-1 IN,PC,Train,0.4645669291338583,0.4645669291338583,0.517388218594748,0.4645669291338583,0.5126452216728723,0.0252904433457445
DTC,HIV-1 IN,PC,Validation,0.4474885844748858,0.4644549763033175,0.5010660980810234,0.4558139534883721,0.4977313641206511,-0.0045243251711003
DTC,HIV-1 IN,PC,Test,0.4307692307692308,0.3870967741935484,0.4808510638297872,0.4077669902912621,0.4741807981639678,-0.052249156433168
DTC,HIV-1 IN,PC,Train,0.4230769230769231,0.3296529968454258,0.4957386363636363,0.3705673758865248,0.4807179712909299,-0.0402032588153831
DTC,HIV-1 IN,PC,Validation,0.445054945054945,0.3820754716981132,0.5063829787234042,0.4111675126903553,0.4953013017405294,-0.0095996057606743
DTC,HIV-1 IN,PC,Test,0.3896103896103896,0.2764976958525346,0.4659574468085106,0.3234501347708894,0.452478096938125,-0.1009508652245246
DTC,HIV-1 IN,PC,Train,0.5141342756183745,0.4589905362776025,0.5610795454545454,0.485,0.5518466893274317,0.1052208663555162
DTC,HIV-1 IN,PC,Validation,0.4972972972972973,0.4339622641509434,0.5468085106382978,0.4634760705289673,0.5367485739359369,0.0748583026172991
DTC,HIV-1 IN,PC,Test,0.4970414201183432,0.3870967741935484,0.5361702127659574,0.4352331606217616,0.5255641973734541,0.0531160394782678
DTC,HIV-1 IN,PC,Train,0.4705144291091593,0.5905511811023622,0.5159687721788503,0.5237430167597765,0.522665771429734,0.0455043559314094
DTC,HIV-1 IN,PC,Validation,0.5,0.6208530805687204,0.5501066098081023,0.5539112050739958,0.5565505712921122,0.1133136566620799
DTC,HIV-1 IN,PC,Test,0.4424778761061947,0.4608294930875576,0.4829787234042553,0.4514672686230248,0.4814028888362689,-0.0371121809897486
DTC,HIV-1 IN,PC,Train,0.5185185185185185,0.462992125984252,0.5642299503193754,0.4891846921797005,0.5551394738448392,0.1118928616656713
DTC,HIV-1 IN,PC,Validation,0.483695652173913,0.4218009478672986,0.5373134328358209,0.4506329113924051,0.5267919468018664,0.0545951428887415
DTC,HIV-1 IN,PC,Test,0.4970414201183432,0.3870967741935484,0.5361702127659574,0.4352331606217616,0.5255641973734541,0.0531160394782678
DTC,HIV-1 IN,PC,Train,0.4296520423600605,0.4479495268138801,0.4836647727272727,0.4386100386100386,0.4804347117273534,-0.0390094947541551
DTC,HIV-1 IN,PC,Validation,0.4444444444444444,0.4528301886792453,0.4978723404255319,0.4485981308411215,0.4938569548047389,-0.0122672652437014
DTC,HIV-1 IN,PC,Test,0.465,0.4285714285714285,0.5085106382978724,0.4460431654676259,0.5028232636928289,0.0056934391896773
DTC,HIV-1 IN,PC,Train,0.4582278481012658,0.2854889589905363,0.5262784090909091,0.3517978620019436,0.5045015854384206,0.0099702794670054
DTC,HIV-1 IN,PC,Validation,0.4206896551724138,0.2877358490566037,0.5,0.3417366946778711,0.4810772268538832,-0.0407724567208559
DTC,HIV-1 IN,PC,Test,0.4234234234234234,0.216589861751152,0.502127659574468,0.2865853658536585,0.4818127174368409,-0.0426952168486301
DTC,HIV-1 IN,PC,Train,0.4758620689655172,0.3259842519685039,0.5344215755855216,0.3869158878504672,0.5157053042788255,0.0338305911537142
DTC,HIV-1 IN,PC,Validation,0.4965034965034965,0.3364928909952606,0.5479744136460555,0.4011299435028249,0.5287115617767001,0.0620527559065132
DTC,HIV-1 IN,PC,Test,0.5,0.2764976958525346,0.5382978723404256,0.3560830860534125,0.5196717728274531,0.0449820224975111
DTC,HIV-1 IN,PC,Train,0.4507042253521127,0.5039370078740157,0.4996451383960255,0.4758364312267658,0.5000305194408838,6.074298773030943e-05
DTC,HIV-1 IN,PC,Validation,0.4078431372549019,0.4928909952606635,0.4498933901918976,0.4463519313304721,0.453809838715603,-0.0922685250089119
DTC,HIV-1 IN,PC,Test,0.4444444444444444,0.4423963133640553,0.4872340425531914,0.4434180138568129,0.4840440064843992,-0.0319227458577127
DTC,HIV-1 IN,PC,Train,0.4848484848484848,0.3028391167192429,0.5411931818181818,0.3728155339805825,0.5196366126231873,0.0434584095619067
DTC,HIV-1 IN,PC,Validation,0.5086206896551724,0.2783018867924528,0.5531914893617021,0.3597560975609756,0.5286858271171566,0.0662131928172963
DTC,HIV-1 IN,PC,Test,0.5528455284552846,0.3133640552995391,0.5659574468085107,0.4,0.5479863754758566,0.1088480812871822
DTC,HIV-1 IN,PC,Train,0.5009310986964618,0.4242902208201893,0.5504261363636364,0.4594363791631085,0.5390184954230145,0.0799317650803638
DTC,HIV-1 IN,PC,Validation,0.4946808510638298,0.4386792452830189,0.5446808510638298,0.465,0.5352310955097265,0.0715699062093725
DTC,HIV-1 IN,PC,Test,0.4702380952380952,0.3640552995391705,0.5170212765957447,0.4103896103896104,0.5061383217063442,0.0127706104247641
DTC,HIV-1 IN,PC,Train,0.4746317512274959,0.4566929133858268,0.5273243435060326,0.4654895666131621,0.5209821156076421,0.0421322413605443
DTC,HIV-1 IN,PC,Validation,0.4411764705882353,0.4265402843601896,0.4989339019189765,0.4337349397590361,0.4923399096219553,-0.0153736485743609
DTC,HIV-1 IN,PC,Test,0.5,0.4101382488479262,0.5382978723404256,0.4506329113924051,0.529179796360722,0.0599792392446168
DTC,HIV-1 IN,PC,Train,0.4764079147640791,0.4929133858267716,0.5273243435060326,0.4845201238390093,0.5242344706911636,0.0483425185162416
DTC,HIV-1 IN,PC,Validation,0.4632034632034632,0.5071090047393365,0.5138592750533049,0.4841628959276018,0.5132444248502884,0.0263584404803857
DTC,HIV-1 IN,PC,Test,0.4752475247524752,0.4423963133640553,0.5170212765957447,0.4582338902147971,0.5117119906741225,0.0235889038045417
DTC,HIV-1 IN,PC,Train,0.4789915966386555,0.3596214511041009,0.5355113636363636,0.4108108108108108,0.5196040072057972,0.0412361894178243
DTC,HIV-1 IN,PC,Validation,0.4507042253521127,0.3018867924528302,0.5191489361702127,0.3615819209039548,0.4997806055287406,-0.0004755020178062
DTC,HIV-1 IN,PC,Test,0.4925373134328358,0.304147465437788,0.5340425531914894,0.376068376068376,0.5176863809402379,0.0390604336189437
DTC,HIV-1 IN,PC,Train,0.5137614678899083,0.4416403785488959,0.5603693181818182,0.4749787955894826,0.5496315587834919,0.1013909917948779
DTC,HIV-1 IN,PC,Validation,0.4886363636363636,0.4056603773584906,0.5404255319148936,0.4432989690721649,0.5284115840280825,0.058421570498211
DTC,HIV-1 IN,PC,Test,0.4610778443113772,0.3548387096774194,0.5106382978723404,0.4010416666666667,0.4995537421904884,-0.0009296648324533
DTC,HIV-1 IN,PC,Train,0.4692179700499168,0.4440944881889764,0.5230660042583393,0.4563106796116505,0.5159748926732995,0.0321427012165839
DTC,HIV-1 IN,PC,Validation,0.441025641025641,0.4075829383886256,0.5010660980810234,0.4236453201970443,0.4925511591167933,-0.0150375535354299
DTC,HIV-1 IN,PC,Test,0.5,0.4470046082949309,0.5382978723404256,0.4720194647201946,0.5318026994043824,0.0644063520406203
DTC,HIV-1 IN,PC,Train,0.4681181959564541,0.474015748031496,0.5202271114265437,0.4710485133020344,0.5160776414576085,0.0321210554228694
DTC,HIV-1 IN,PC,Validation,0.4524886877828054,0.4739336492890995,0.5053304904051172,0.4629629629629629,0.502470700613542,0.0049246936790561
DTC,HIV-1 IN,PC,Test,0.475,0.4377880184331797,0.5170212765957447,0.4556354916067146,0.5113841277936649,0.0229574160874087
DTC,HIV-1 IN,PC,Train,0.4673267326732673,0.3722397476340694,0.5262784090909091,0.4143985952589991,0.5123472639979132,0.0256168824062983
DTC,HIV-1 IN,PC,Validation,0.4640522875816993,0.3349056603773584,0.5255319148936171,0.3890410958904109,0.5085381015065088,0.0181340056316132
DTC,HIV-1 IN,PC,Test,0.5142857142857142,0.3317972350230415,0.5468085106382978,0.4033613445378151,0.5315112657328646,0.0687013044973761
DTC,HIV-1 IN,PC,Train,0.5065913370998116,0.4242902208201893,0.5546875,0.4618025751072961,0.5428944644152626,0.0880641803459715
DTC,HIV-1 IN,PC,Validation,0.4601226993865031,0.3537735849056603,0.5212765957446809,0.4,0.5063441567939154,0.0132653495095701
DTC,HIV-1 IN,PC,Test,0.4702380952380952,0.3640552995391705,0.5170212765957447,0.4103896103896104,0.5061383217063442,0.0127706104247641
DTC,HIV-1 IN,PC,Train,0.4665551839464883,0.4393700787401575,0.5209368346344926,0.4525547445255474,0.5136126879488901,0.0274075495924453
DTC,HIV-1 IN,PC,Validation,0.43,0.4075829383886256,0.4904051172707889,0.4184914841849148,0.4828612366361732,-0.0344801717908268
DTC,HIV-1 IN,PC,Test,0.5159574468085106,0.4470046082949309,0.551063829787234,0.4790123456790123,0.5436604069142639,0.0888596142107651
DTC,HIV-1 IN,PC,Train,0.4699828473413379,0.431496062992126,0.524485450674237,0.4499178981937602,0.5161356283952878,0.0326023511751381
DTC,HIV-1 IN,PC,Validation,0.4876847290640394,0.4691943127962085,0.5394456289978679,0.4782608695652174,0.533046768801205,0.0663622712138334
DTC,HIV-1 IN,PC,Test,0.4748603351955307,0.391705069124424,0.5191489361702127,0.4292929292929293,0.5100817835740696,0.0207006738742007
DTC,HIV-1 IN,PC,Train,0.4673267326732673,0.3722397476340694,0.5262784090909091,0.4143985952589991,0.5123472639979132,0.0256168824062983
DTC,HIV-1 IN,PC,Validation,0.4640522875816993,0.3349056603773584,0.5255319148936171,0.3890410958904109,0.5085381015065088,0.0181340056316132
DTC,HIV-1 IN,PC,Test,0.5142857142857142,0.3317972350230415,0.5468085106382978,0.4033613445378151,0.5315112657328646,0.0687013044973761
DTC,HIV-1 IN,PC,Train,0.5065913370998116,0.4242902208201893,0.5546875,0.4618025751072961,0.5428944644152626,0.0880641803459715
DTC,HIV-1 IN,PC,Validation,0.4601226993865031,0.3537735849056603,0.5212765957446809,0.4,0.5063441567939154,0.0132653495095701
DTC,HIV-1 IN,PC,Test,0.4702380952380952,0.3640552995391705,0.5170212765957447,0.4103896103896104,0.5061383217063442,0.0127706104247641
DTC,HIV-1 IN,PC,Train,0.4665551839464883,0.4393700787401575,0.5209368346344926,0.4525547445255474,0.5136126879488901,0.0274075495924453
DTC,HIV-1 IN,PC,Validation,0.43,0.4075829383886256,0.4904051172707889,0.4184914841849148,0.4828612366361732,-0.0344801717908268
DTC,HIV-1 IN,PC,Test,0.5159574468085106,0.4470046082949309,0.551063829787234,0.4790123456790123,0.5436604069142639,0.0888596142107651
DTC,HIV-1 IN,PC,Train,0.4699828473413379,0.431496062992126,0.524485450674237,0.4499178981937602,0.5161356283952878,0.0326023511751381
DTC,HIV-1 IN,PC,Validation,0.4876847290640394,0.4691943127962085,0.5394456289978679,0.4782608695652174,0.533046768801205,0.0663622712138334
DTC,HIV-1 IN,PC,Test,0.4748603351955307,0.391705069124424,0.5191489361702127,0.4292929292929293,0.5100817835740696,0.0207006738742007
DTC,HIV-1 IN,PC,Train,0.4673267326732673,0.3722397476340694,0.5262784090909091,0.4143985952589991,0.5123472639979132,0.0256168824062983
DTC,HIV-1 IN,PC,Validation,0.4640522875816993,0.3349056603773584,0.5255319148936171,0.3890410958904109,0.5085381015065088,0.0181340056316132
DTC,HIV-1 IN,PC,Test,0.5142857142857142,0.3317972350230415,0.5468085106382978,0.4033613445378151,0.5315112657328646,0.0687013044973761
DTC,HIV-1 IN,PC,Train,0.5065913370998116,0.4242902208201893,0.5546875,0.4618025751072961,0.5428944644152626,0.0880641803459715
DTC,HIV-1 IN,PC,Validation,0.4601226993865031,0.3537735849056603,0.5212765957446809,0.4,0.5063441567939154,0.0132653495095701
DTC,HIV-1 IN,PC,Test,0.4702380952380952,0.3640552995391705,0.5170212765957447,0.4103896103896104,0.5061383217063442,0.0127706104247641
DTC,HIV-1 IN,PC,Train,0.4665551839464883,0.4393700787401575,0.5209368346344926,0.4525547445255474,0.5136126879488901,0.0274075495924453
DTC,HIV-1 IN,PC,Validation,0.43,0.4075829383886256,0.4904051172707889,0.4184914841849148,0.4828612366361732,-0.0344801717908268
DTC,HIV-1 IN,PC,Test,0.5159574468085106,0.4470046082949309,0.551063829787234,0.4790123456790123,0.5436604069142639,0.0888596142107651
DTC,HIV-1 IN,PC,Train,0.4699828473413379,0.431496062992126,0.524485450674237,0.4499178981937602,0.5161356283952878,0.0326023511751381
DTC,HIV-1 IN,PC,Validation,0.4876847290640394,0.4691943127962085,0.5394456289978679,0.4782608695652174,0.533046768801205,0.0663622712138334
DTC,HIV-1 IN,PC,Test,0.4748603351955307,0.391705069124424,0.5191489361702127,0.4292929292929293,0.5100817835740696,0.0207006738742007
DTC,HIV-1 IN,PC,Train,0.4673267326732673,0.3722397476340694,0.5262784090909091,0.4143985952589991,0.5123472639979132,0.0256168824062983
DTC,HIV-1 IN,PC,Validation,0.4640522875816993,0.3349056603773584,0.5255319148936171,0.3890410958904109,0.5085381015065088,0.0181340056316132
DTC,HIV-1 IN,PC,Test,0.5142857142857142,0.3317972350230415,0.5468085106382978,0.4033613445378151,0.5315112657328646,0.0687013044973761
DTC,HIV-1 IN,PC,Train,0.5065913370998116,0.4242902208201893,0.5546875,0.4618025751072961,0.5428944644152626,0.0880641803459715
DTC,HIV-1 IN,PC,Validation,0.4601226993865031,0.3537735849056603,0.5212765957446809,0.4,0.5063441567939154,0.0132653495095701
DTC,HIV-1 IN,PC,Test,0.4702380952380952,0.3640552995391705,0.5170212765957447,0.4103896103896104,0.5061383217063442,0.0127706104247641
DTC,HIV-1 IN,PC,Train,0.4665551839464883,0.4393700787401575,0.5209368346344926,0.4525547445255474,0.5136126879488901,0.0274075495924453
DTC,HIV-1 IN,PC,Validation,0.43,0.4075829383886256,0.4904051172707889,0.4184914841849148,0.4828612366361732,-0.0344801717908268
DTC,HIV-1 IN,PC,Test,0.5159574468085106,0.4470046082949309,0.551063829787234,0.4790123456790123,0.5436604069142639,0.0888596142107651
DTC,HIV-1 IN,PC,Train,0.4699828473413379,0.431496062992126,0.524485450674237,0.4499178981937602,0.5161356283952878,0.0326023511751381
DTC,HIV-1 IN,PC,Validation,0.4876847290640394,0.4691943127962085,0.5394456289978679,0.4782608695652174,0.533046768801205,0.0663622712138334
DTC,HIV-1 IN,PC,Test,0.4748603351955307,0.391705069124424,0.5191489361702127,0.4292929292929293,0.5100817835740696,0.0207006738742007
DTC,HIV-1 IN,PC,Train,0.4673267326732673,0.3722397476340694,0.5262784090909091,0.4143985952589991,0.5123472639979132,0.0256168824062983
DTC,HIV-1 IN,PC,Validation,0.4640522875816993,0.3349056603773584,0.5255319148936171,0.3890410958904109,0.5085381015065088,0.0181340056316132
DTC,HIV-1 IN,PC,Test,0.5142857142857142,0.3317972350230415,0.5468085106382978,0.4033613445378151,0.5315112657328646,0.0687013044973761
DTC,HIV-1 IN,PC,Train,0.5065913370998116,0.4242902208201893,0.5546875,0.4618025751072961,0.5428944644152626,0.0880641803459715
DTC,HIV-1 IN,PC,Validation,0.4601226993865031,0.3537735849056603,0.5212765957446809,0.4,0.5063441567939154,0.0132653495095701
DTC,HIV-1 IN,PC,Test,0.4702380952380952,0.3640552995391705,0.5170212765957447,0.4103896103896104,0.5061383217063442,0.0127706104247641
DTC,HIV-1 IN,PC,Train,0.4665551839464883,0.4393700787401575,0.5209368346344926,0.4525547445255474,0.5136126879488901,0.0274075495924453
DTC,HIV-1 IN,PC,Validation,0.43,0.4075829383886256,0.4904051172707889,0.4184914841849148,0.4828612366361732,-0.0344801717908268
DTC,HIV-1 IN,PC,Test,0.5159574468085106,0.4470046082949309,0.551063829787234,0.4790123456790123,0.5436604069142639,0.0888596142107651
DTC,HIV-1 IN,PC,Train,0.4699828473413379,0.431496062992126,0.524485450674237,0.4499178981937602,0.5161356283952878,0.0326023511751381
DTC,HIV-1 IN,PC,Validation,0.4876847290640394,0.4691943127962085,0.5394456289978679,0.4782608695652174,0.533046768801205,0.0663622712138334
DTC,HIV-1 IN,PC,Test,0.4748603351955307,0.391705069124424,0.5191489361702127,0.4292929292929293,0.5100817835740696,0.0207006738742007
DTC,HIV-1 IN,ECFP4,Train,0.3947797716150081,0.3817034700315457,0.4580965909090909,0.38813151563753,0.4511876523284343,-0.0979627570352506
DTC,HIV-1 IN,ECFP4,Validation,0.4182692307692308,0.410377358490566,0.4765957446808511,0.4142857142857143,0.4706925552142753,-0.0587223492179464
DTC,HIV-1 IN,ECFP4,Test,0.4451219512195122,0.336405529953917,0.5,0.3832020997375328,0.488360867743757,-0.0243477082461322
DTC,HIV-1 IN,ECFP4,Train,0.3993399339933993,0.3817034700315457,0.4630681818181818,0.3903225806451613,0.4557096161527237,-0.0890084120056833
DTC,HIV-1 IN,ECFP4,Validation,0.4046511627906977,0.410377358490566,0.4617021276595744,0.4074941451990632,0.4571266637414071,-0.0856457346687576
DTC,HIV-1 IN,ECFP4,Test,0.4451219512195122,0.336405529953917,0.5,0.3832020997375328,0.488360867743757,-0.0243477082461322
DTC,HIV-1 IN,ECFP4,Train,0.4158964879852125,0.3543307086614173,0.4847409510290986,0.3826530612244898,0.4730309874056441,-0.0551815492819951
DTC,HIV-1 IN,ECFP4,Validation,0.4545454545454545,0.4028436018957346,0.5138592750533049,0.4271356783919598,0.5037473823432161,0.007614891593205
DTC,HIV-1 IN,ECFP4,Test,0.4266666666666667,0.2949308755760368,0.4914893617021276,0.3487738419618528,0.477504963479718,-0.0481156333764022
DTC,HIV-1 IN,ECFP4,Train,0.4459459459459459,0.415748031496063,0.5039034776437189,0.4303178484107579,0.4959877108384707,-0.0080892392725642
DTC,HIV-1 IN,ECFP4,Validation,0.3414634146341463,0.2654028436018957,0.4392324093816631,0.2986666666666667,0.4233990962195525,-0.1598244160432687
DTC,HIV-1 IN,ECFP4,Test,0.4551282051282051,0.3271889400921659,0.5085106382978724,0.3806970509383378,0.4956102803227628,-0.0092945803787633
DTC,HIV-1 IN,ECFP4,Train,0.4317460317460317,0.4290220820189274,0.4886363636363636,0.430379746835443,0.4832448911386626,-0.0335299021168959
DTC,HIV-1 IN,ECFP4,Validation,0.463768115942029,0.4528301886792453,0.5170212765957447,0.4582338902147971,0.5112988152698552,0.0226504920211546
DTC,HIV-1 IN,ECFP4,Test,0.44,0.3548387096774194,0.4936170212765957,0.3928571428571428,0.4837434655106465,-0.0335288038872732
DTC,HIV-1 IN,ECFP4,Train,0.4404761904761904,0.3501577287066246,0.5071022727272727,0.3901581722319859,0.4929083217176534,-0.0147195538548164
DTC,HIV-1 IN,ECFP4,Validation,0.4516129032258064,0.3962264150943396,0.5106382978723404,0.4221105527638191,0.5004387889425187,0.0008929925008511
DTC,HIV-1 IN,ECFP4,Test,0.5096774193548387,0.3640552995391705,0.5446808510638298,0.4247311827956989,0.5318300213110871,0.0675049976666497
DTC,HIV-1 IN,ECFP4,Train,0.467018469656992,0.2787401574803149,0.531582682753726,0.3491124260355029,0.5088791226678061,0.0199259564712644
DTC,HIV-1 IN,ECFP4,Validation,0.5538461538461539,0.3412322274881517,0.579957356076759,0.4222873900293255,0.558213012968882,0.129398615304394
DTC,HIV-1 IN,ECFP4,Test,0.4476190476190476,0.216589861751152,0.5148936170212766,0.2919254658385093,0.4936704249467222,-0.0151514290091421
DTC,HIV-1 IN,ECFP4,Train,0.4988290398126463,0.3354330708661417,0.5486160397444997,0.4011299435028249,0.5294736413762233,0.0638192141518118
DTC,HIV-1 IN,ECFP4,Validation,0.4899328859060403,0.3459715639810427,0.5437100213219617,0.4055555555555555,0.525698960285095,0.0549197442512997
DTC,HIV-1 IN,ECFP4,Test,0.4873949579831932,0.2672811059907834,0.5319148936170213,0.3452380952380952,0.5130871933115972,0.030008176233267
DTC,HIV-1 IN,ECFP4,Train,0.4561403508771929,0.3280757097791798,0.5213068181818182,0.381651376146789,0.5038311365433367,0.0081465145988575
DTC,HIV-1 IN,ECFP4,Validation,0.4259259259259259,0.3254716981132075,0.4978723404255319,0.3689839572192513,0.4825032909170689,-0.0366379600254715
DTC,HIV-1 IN,ECFP4,Test,0.4305555555555556,0.2857142857142857,0.4957446808510638,0.3434903047091412,0.4808018068887633,-0.0415231634537581
DTC,HIV-1 IN,ECFP4,Train,0.4430604982206406,0.3927444794952681,0.5042613636363636,0.4163879598662207,0.4941758573186935,-0.0118337876409405
DTC,HIV-1 IN,ECFP4,Validation,0.4973821989528796,0.4481132075471698,0.5468085106382978,0.4714640198511166,0.538010092145678,0.0770172338211146
DTC,HIV-1 IN,ECFP4,Test,0.5,0.4009216589861751,0.5382978723404256,0.4450127877237851,0.5285240705998069,0.0588994373623224
DTC,HIV-1 IN,ECFP4,Train,0.4457050243111831,0.4330708661417323,0.5017743080198722,0.4392971246006389,0.4956052005127266,-0.0088149779649018
DTC,HIV-1 IN,ECFP4,Validation,0.52,0.4928909952606635,0.5671641791044776,0.5060827250608273,0.5603989860024248,0.1215121166647789
DTC,HIV-1 IN,ECFP4,Test,0.4734042553191489,0.4101382488479262,0.5170212765957447,0.4395061728395061,0.5094169505109196,0.0191657991434983
DTC,HIV-1 IN,ECFP4,Train,0.5501165501165501,0.3716535433070866,0.5798438608942512,0.4436090225563909,0.5611497690695639,0.1322331902992896
DTC,HIV-1 IN,ECFP4,Validation,0.5136986301369864,0.3554502369668246,0.55863539445629,0.4201680672268907,0.5401282192586061,0.0862289851914017
DTC,HIV-1 IN,ECFP4,Test,0.4791666666666667,0.3179723502304147,0.5255319148936171,0.3822714681440443,0.5107648312416896,0.0232829123350768
DTC,HIV-1 IN,ECFP4,Train,0.4710280373831775,0.3974763406940063,0.5276988636363636,0.4311377245508982,0.5159216328793029,0.0326398908540344
DTC,HIV-1 IN,ECFP4,Validation,0.4076086956521739,0.3537735849056603,0.4765957446808511,0.3787878787878788,0.4656464823753108,-0.0700466007073797
DTC,HIV-1 IN,ECFP4,Test,0.4431137724550898,0.3410138248847926,0.4978723404255319,0.3854166666666667,0.4867124460392343,-0.0276812447050894
DTC,HIV-1 IN,ECFP4,Train,0.4753289473684211,0.4558359621451104,0.5284090909090909,0.465378421900161,0.5218456296513666,0.0438846752211431
DTC,HIV-1 IN,ECFP4,Validation,0.4901960784313725,0.4716981132075472,0.5404255319148936,0.4807692307692308,0.5342986690068744,0.0688698511336526
DTC,HIV-1 IN,ECFP4,Test,0.4438775510204081,0.4009216589861751,0.4914893617021276,0.4213075060532688,0.4850458097302417,-0.0302398552638407
DTC,HIV-1 IN,ECFP4,Train,0.438423645320197,0.4204724409448819,0.496096522356281,0.4292604501607717,0.4893059879143014,-0.0214819830421277
DTC,HIV-1 IN,ECFP4,Validation,0.4728260869565217,0.4123222748815165,0.5287846481876333,0.440506329113924,0.5181766413167272,0.0370393513119024
DTC,HIV-1 IN,ECFP4,Test,0.4635416666666667,0.4101382488479262,0.5085106382978724,0.4352078239608802,0.5015118121709987,0.0030665139748744
DTC,HIV-1 IN,ECFP4,Train,0.4779541446208112,0.4267716535433071,0.531582682753726,0.4509151414309484,0.5221713564874157,0.0449916611712264
DTC,HIV-1 IN,ECFP4,Validation,0.5193370165745856,0.4454976303317535,0.5650319829424307,0.4795918367346938,0.5541441640030861,0.1106616642928713
DTC,HIV-1 IN,ECFP4,Test,0.4751381215469613,0.3963133640552995,0.5191489361702127,0.4321608040201005,0.5104096464545272,0.0213288723014185
DTC,HIV-1 IN,ECFP4,Train,0.4472843450479233,0.4416403785488959,0.5028409090909091,0.4444444444444444,0.497305977388143,-0.0053945571502198
DTC,HIV-1 IN,ECFP4,Validation,0.3990147783251231,0.3820754716981132,0.4617021276595744,0.3903614457831325,0.4546036273219249,-0.0912063932941148
DTC,HIV-1 IN,ECFP4,Test,0.4256410256410256,0.3824884792626728,0.4765957446808511,0.4029126213592233,0.4699003661135498,-0.0609112740781729
DTC,HIV-1 IN,ECFP4,Train,0.4829268292682926,0.4684542586750788,0.5348011363636364,0.4755804643714972,0.5288007727483921,0.0577796748808274
DTC,HIV-1 IN,ECFP4,Validation,0.5,0.490566037735849,0.548936170212766,0.4952380952380952,0.5437326312710252,0.0876256140544777
DTC,HIV-1 IN,ECFP4,Test,0.455,0.4193548387096774,0.5,0.4364508393285372,0.4942623995919929,-0.011570537708054
DTC,HIV-1 IN,ECFP4,Train,0.4384,0.431496062992126,0.4946770759403832,0.4349206349206349,0.4890038454495514,-0.022025721006596
DTC,HIV-1 IN,ECFP4,Validation,0.4787234042553192,0.4265402843601896,0.5330490405117271,0.4511278195488721,0.5233476615599397,0.0474015323127084
DTC,HIV-1 IN,ECFP4,Test,0.4646464646464646,0.423963133640553,0.5085106382978724,0.4433734939759036,0.5024954008123713,0.0050389887431006
DTC,HIV-1 IN,ECFP4,Train,0.4685430463576159,0.4456692913385827,0.5223562810503903,0.45682001614205,0.51547030458402,0.0311078354817952
DTC,HIV-1 IN,ECFP4,Validation,0.5026178010471204,0.4549763033175355,0.5522388059701493,0.4776119402985074,0.5433796245269849,0.0878471716425394
DTC,HIV-1 IN,ECFP4,Test,0.4869109947643979,0.4285714285714285,0.5276595744680851,0.4558823529411764,0.5206098249576511,0.0418384552451335
DTC,HIV-1 IN,ECFP4,Train,0.4532258064516129,0.443217665615142,0.5085227272727273,0.4481658692185008,0.5026165847455555,0.0052447036867545
DTC,HIV-1 IN,ECFP4,Validation,0.4009661835748792,0.3915094339622642,0.4617021276595744,0.39618138424821,0.4554446394617523,-0.0893191732290515
DTC,HIV-1 IN,ECFP4,Test,0.4139784946236559,0.3548387096774194,0.4702127659574468,0.3821339950372208,0.4620043350758639,-0.0774708872990337
DTC,HIV-1 IN,ECFP4,Train,0.4751203852327448,0.4668769716088328,0.5276988636363636,0.4709626093874304,0.522198175726897,0.044471680233014
DTC,HIV-1 IN,ECFP4,Validation,0.4975609756097561,0.4811320754716981,0.5468085106382978,0.4892086330935252,0.5409536346350738,0.0821864767440474
DTC,HIV-1 IN,ECFP4,Test,0.4705882352941176,0.4423963133640553,0.5127659574468085,0.4560570071258907,0.5077594215041621,0.0156096643704563
DTC,HIV-1 IN,ECFP4,Train,0.4376947040498442,0.44251968503937,0.4925479063165365,0.4400939702427565,0.4880557081527599,-0.0238661600672944
DTC,HIV-1 IN,ECFP4,Validation,0.4595959595959596,0.4312796208530806,0.5159914712153518,0.4449877750611247,0.5082754693412689,0.016670801093461
DTC,HIV-1 IN,ECFP4,Test,0.4589371980676328,0.4377880184331797,0.502127659574468,0.4481132075471698,0.4975501356988032,-0.0049203852226632
DTC,HIV-1 IN,ECFP4,Train,0.4646302250803859,0.4551181102362204,0.518097941802697,0.4598249801113763,0.5124427760483428,0.0249357287273438
DTC,HIV-1 IN,ECFP4,Validation,0.5077720207253886,0.4644549763033175,0.5565031982942431,0.4851485148514851,0.5481189610198759,0.0972890857597712
DTC,HIV-1 IN,ECFP4,Test,0.4752475247524752,0.4423963133640553,0.5170212765957447,0.4582338902147971,0.5117119906741225,0.0235889038045417
DTC,HIV-1 IN,ECFP4,Train,0.4546925566343042,0.443217665615142,0.5099431818181818,0.4488817891373802,0.5039085744096381,0.0078371057331432
DTC,HIV-1 IN,ECFP4,Validation,0.4158415841584158,0.3962264150943396,0.4765957446808511,0.4057971014492754,0.4694310370045342,-0.0614533275106109
DTC,HIV-1 IN,ECFP4,Test,0.4205128205128205,0.3778801843317972,0.4723404255319149,0.3980582524271844,0.4656199340631318,-0.0695733917231778
DTC,HIV-1 IN,ECFP4,Train,0.489763779527559,0.4905362776025236,0.5404829545454546,0.4901497241922773,0.5359658132198665,0.07192144094298
DTC,HIV-1 IN,ECFP4,Validation,0.5046728971962616,0.5094339622641509,0.5531914893617021,0.5070422535211268,0.5492906245429282,0.0985020413202503
DTC,HIV-1 IN,ECFP4,Test,0.4466019417475728,0.423963133640553,0.4914893617021276,0.4349881796690307,0.4866851241325294,-0.0267560298311843
DTC,HIV-1 IN,ECFP4,Train,0.4387596899224806,0.4456692913385827,0.4932576295244854,0.4421875,0.4889845164703249,-0.0220021118183365
DTC,HIV-1 IN,ECFP4,Validation,0.4666666666666667,0.4312796208530806,0.5223880597014925,0.4482758620689655,0.514089422829641,0.0284434119893335
DTC,HIV-1 IN,ECFP4,Test,0.4589371980676328,0.4377880184331797,0.502127659574468,0.4481132075471698,0.4975501356988032,-0.0049203852226632
DTC,HIV-1 IN,ECFP4,Train,0.4706840390879478,0.4551181102362204,0.5237757274662882,0.4627702161729383,0.5176107347046736,0.0353424834652933
DTC,HIV-1 IN,ECFP4,Validation,0.5210526315789473,0.4691943127962085,0.5671641791044776,0.4937655860349127,0.5582405672508175,0.118039611226181
DTC,HIV-1 IN,ECFP4,Test,0.4776119402985074,0.4423963133640553,0.5191489361702127,0.4593301435406698,0.5136882752591028,0.0275863780995439
DTC,HIV-1 IN,ECFP4,Train,0.4546925566343042,0.443217665615142,0.5099431818181818,0.4488817891373802,0.5039085744096381,0.0078371057331432
DTC,HIV-1 IN,ECFP4,Validation,0.4158415841584158,0.3962264150943396,0.4765957446808511,0.4057971014492754,0.4694310370045342,-0.0614533275106109
DTC,HIV-1 IN,ECFP4,Test,0.4205128205128205,0.3778801843317972,0.4723404255319149,0.3980582524271844,0.4656199340631318,-0.0695733917231778
DTC,HIV-1 IN,ECFP4,Train,0.489763779527559,0.4905362776025236,0.5404829545454546,0.4901497241922773,0.5359658132198665,0.07192144094298
DTC,HIV-1 IN,ECFP4,Validation,0.5046728971962616,0.5094339622641509,0.5531914893617021,0.5070422535211268,0.5492906245429282,0.0985020413202503
DTC,HIV-1 IN,ECFP4,Test,0.4466019417475728,0.423963133640553,0.4914893617021276,0.4349881796690307,0.4866851241325294,-0.0267560298311843
DTC,HIV-1 IN,ECFP4,Train,0.4387596899224806,0.4456692913385827,0.4932576295244854,0.4421875,0.4889845164703249,-0.0220021118183365
DTC,HIV-1 IN,ECFP4,Validation,0.4666666666666667,0.4312796208530806,0.5223880597014925,0.4482758620689655,0.514089422829641,0.0284434119893335
DTC,HIV-1 IN,ECFP4,Test,0.4589371980676328,0.4377880184331797,0.502127659574468,0.4481132075471698,0.4975501356988032,-0.0049203852226632
DTC,HIV-1 IN,ECFP4,Train,0.4706840390879478,0.4551181102362204,0.5237757274662882,0.4627702161729383,0.5176107347046736,0.0353424834652933
DTC,HIV-1 IN,ECFP4,Validation,0.5210526315789473,0.4691943127962085,0.5671641791044776,0.4937655860349127,0.5582405672508175,0.118039611226181
DTC,HIV-1 IN,ECFP4,Test,0.4776119402985074,0.4423963133640553,0.5191489361702127,0.4593301435406698,0.5136882752591028,0.0275863780995439
DTC,HIV-1 IN,ECFP4,Train,0.4546925566343042,0.443217665615142,0.5099431818181818,0.4488817891373802,0.5039085744096381,0.0078371057331432
DTC,HIV-1 IN,ECFP4,Validation,0.4158415841584158,0.3962264150943396,0.4765957446808511,0.4057971014492754,0.4694310370045342,-0.0614533275106109
DTC,HIV-1 IN,ECFP4,Test,0.4205128205128205,0.3778801843317972,0.4723404255319149,0.3980582524271844,0.4656199340631318,-0.0695733917231778
DTC,HIV-1 IN,ECFP4,Train,0.489763779527559,0.4905362776025236,0.5404829545454546,0.4901497241922773,0.5359658132198665,0.07192144094298
DTC,HIV-1 IN,ECFP4,Validation,0.5046728971962616,0.5094339622641509,0.5531914893617021,0.5070422535211268,0.5492906245429282,0.0985020413202503
DTC,HIV-1 IN,ECFP4,Test,0.4466019417475728,0.423963133640553,0.4914893617021276,0.4349881796690307,0.4866851241325294,-0.0267560298311843
DTC,HIV-1 IN,ECFP4,Train,0.4387596899224806,0.4456692913385827,0.4932576295244854,0.4421875,0.4889845164703249,-0.0220021118183365
DTC,HIV-1 IN,ECFP4,Validation,0.4666666666666667,0.4312796208530806,0.5223880597014925,0.4482758620689655,0.514089422829641,0.0284434119893335
DTC,HIV-1 IN,ECFP4,Test,0.4589371980676328,0.4377880184331797,0.502127659574468,0.4481132075471698,0.4975501356988032,-0.0049203852226632
DTC,HIV-1 IN,ECFP4,Train,0.4706840390879478,0.4551181102362204,0.5237757274662882,0.4627702161729383,0.5176107347046736,0.0353424834652933
DTC,HIV-1 IN,ECFP4,Validation,0.5210526315789473,0.4691943127962085,0.5671641791044776,0.4937655860349127,0.5582405672508175,0.118039611226181
DTC,HIV-1 IN,ECFP4,Test,0.4776119402985074,0.4423963133640553,0.5191489361702127,0.4593301435406698,0.5136882752591028,0.0275863780995439
DTC,HIV-1 IN,ECFP4,Train,0.3947797716150081,0.3817034700315457,0.4580965909090909,0.38813151563753,0.4511876523284343,-0.0979627570352506
DTC,HIV-1 IN,ECFP4,Validation,0.4182692307692308,0.410377358490566,0.4765957446808511,0.4142857142857143,0.4706925552142753,-0.0587223492179464
DTC,HIV-1 IN,ECFP4,Test,0.4451219512195122,0.336405529953917,0.5,0.3832020997375328,0.488360867743757,-0.0243477082461322
DTC,HIV-1 IN,ECFP4,Train,0.3993399339933993,0.3817034700315457,0.4630681818181818,0.3903225806451613,0.4557096161527237,-0.0890084120056833
DTC,HIV-1 IN,ECFP4,Validation,0.4046511627906977,0.410377358490566,0.4617021276595744,0.4074941451990632,0.4571266637414071,-0.0856457346687576
DTC,HIV-1 IN,ECFP4,Test,0.4451219512195122,0.336405529953917,0.5,0.3832020997375328,0.488360867743757,-0.0243477082461322
DTC,HIV-1 IN,ECFP4,Train,0.4158964879852125,0.3543307086614173,0.4847409510290986,0.3826530612244898,0.4730309874056441,-0.0551815492819951
DTC,HIV-1 IN,ECFP4,Validation,0.4545454545454545,0.4028436018957346,0.5138592750533049,0.4271356783919598,0.5037473823432161,0.007614891593205
DTC,HIV-1 IN,ECFP4,Test,0.4266666666666667,0.2949308755760368,0.4914893617021276,0.3487738419618528,0.477504963479718,-0.0481156333764022
DTC,HIV-1 IN,ECFP4,Train,0.4459459459459459,0.415748031496063,0.5039034776437189,0.4303178484107579,0.4959877108384707,-0.0080892392725642
DTC,HIV-1 IN,ECFP4,Validation,0.3414634146341463,0.2654028436018957,0.4392324093816631,0.2986666666666667,0.4233990962195525,-0.1598244160432687
DTC,HIV-1 IN,ECFP4,Test,0.4551282051282051,0.3271889400921659,0.5085106382978724,0.3806970509383378,0.4956102803227628,-0.0092945803787633
DTC,HIV-1 IN,ECFP4,Train,0.4317460317460317,0.4290220820189274,0.4886363636363636,0.430379746835443,0.4832448911386626,-0.0335299021168959
DTC,HIV-1 IN,ECFP4,Validation,0.463768115942029,0.4528301886792453,0.5170212765957447,0.4582338902147971,0.5112988152698552,0.0226504920211546
DTC,HIV-1 IN,ECFP4,Test,0.44,0.3548387096774194,0.4936170212765957,0.3928571428571428,0.4837434655106465,-0.0335288038872732
DTC,HIV-1 IN,ECFP4,Train,0.4404761904761904,0.3501577287066246,0.5071022727272727,0.3901581722319859,0.4929083217176534,-0.0147195538548164
DTC,HIV-1 IN,ECFP4,Validation,0.4516129032258064,0.3962264150943396,0.5106382978723404,0.4221105527638191,0.5004387889425187,0.0008929925008511
DTC,HIV-1 IN,ECFP4,Test,0.5096774193548387,0.3640552995391705,0.5446808510638298,0.4247311827956989,0.5318300213110871,0.0675049976666497
DTC,HIV-1 IN,ECFP4,Train,0.467018469656992,0.2787401574803149,0.531582682753726,0.3491124260355029,0.5088791226678061,0.0199259564712644
DTC,HIV-1 IN,ECFP4,Validation,0.5538461538461539,0.3412322274881517,0.579957356076759,0.4222873900293255,0.558213012968882,0.129398615304394
DTC,HIV-1 IN,ECFP4,Test,0.4476190476190476,0.216589861751152,0.5148936170212766,0.2919254658385093,0.4936704249467222,-0.0151514290091421
DTC,HIV-1 IN,ECFP4,Train,0.4988290398126463,0.3354330708661417,0.5486160397444997,0.4011299435028249,0.5294736413762233,0.0638192141518118
DTC,HIV-1 IN,ECFP4,Validation,0.4899328859060403,0.3459715639810427,0.5437100213219617,0.4055555555555555,0.525698960285095,0.0549197442512997
DTC,HIV-1 IN,ECFP4,Test,0.4873949579831932,0.2672811059907834,0.5319148936170213,0.3452380952380952,0.5130871933115972,0.030008176233267
DTC,HIV-1 IN,ECFP4,Train,0.4561403508771929,0.3280757097791798,0.5213068181818182,0.381651376146789,0.5038311365433367,0.0081465145988575
DTC,HIV-1 IN,ECFP4,Validation,0.4259259259259259,0.3254716981132075,0.4978723404255319,0.3689839572192513,0.4825032909170689,-0.0366379600254715
DTC,HIV-1 IN,ECFP4,Test,0.4305555555555556,0.2857142857142857,0.4957446808510638,0.3434903047091412,0.4808018068887633,-0.0415231634537581
DTC,HIV-1 IN,ECFP4,Train,0.4430604982206406,0.3927444794952681,0.5042613636363636,0.4163879598662207,0.4941758573186935,-0.0118337876409405
DTC,HIV-1 IN,ECFP4,Validation,0.4973821989528796,0.4481132075471698,0.5468085106382978,0.4714640198511166,0.538010092145678,0.0770172338211146
DTC,HIV-1 IN,ECFP4,Test,0.5,0.4009216589861751,0.5382978723404256,0.4450127877237851,0.5285240705998069,0.0588994373623224
DTC,HIV-1 IN,ECFP4,Train,0.4457050243111831,0.4330708661417323,0.5017743080198722,0.4392971246006389,0.4956052005127266,-0.0088149779649018
DTC,HIV-1 IN,ECFP4,Validation,0.52,0.4928909952606635,0.5671641791044776,0.5060827250608273,0.5603989860024248,0.1215121166647789
DTC,HIV-1 IN,ECFP4,Test,0.4734042553191489,0.4101382488479262,0.5170212765957447,0.4395061728395061,0.5094169505109196,0.0191657991434983
DTC,HIV-1 IN,ECFP4,Train,0.5501165501165501,0.3716535433070866,0.5798438608942512,0.4436090225563909,0.5611497690695639,0.1322331902992896
DTC,HIV-1 IN,ECFP4,Validation,0.5136986301369864,0.3554502369668246,0.55863539445629,0.4201680672268907,0.5401282192586061,0.0862289851914017
DTC,HIV-1 IN,ECFP4,Test,0.4791666666666667,0.3179723502304147,0.5255319148936171,0.3822714681440443,0.5107648312416896,0.0232829123350768
DTC,HIV-1 IN,ECFP4,Train,0.4710280373831775,0.3974763406940063,0.5276988636363636,0.4311377245508982,0.5159216328793029,0.0326398908540344
DTC,HIV-1 IN,ECFP4,Validation,0.4076086956521739,0.3537735849056603,0.4765957446808511,0.3787878787878788,0.4656464823753108,-0.0700466007073797
DTC,HIV-1 IN,ECFP4,Test,0.4431137724550898,0.3410138248847926,0.4978723404255319,0.3854166666666667,0.4867124460392343,-0.0276812447050894
DTC,HIV-1 IN,ECFP4,Train,0.4753289473684211,0.4558359621451104,0.5284090909090909,0.465378421900161,0.5218456296513666,0.0438846752211431
DTC,HIV-1 IN,ECFP4,Validation,0.4901960784313725,0.4716981132075472,0.5404255319148936,0.4807692307692308,0.5342986690068744,0.0688698511336526
DTC,HIV-1 IN,ECFP4,Test,0.4438775510204081,0.4009216589861751,0.4914893617021276,0.4213075060532688,0.4850458097302417,-0.0302398552638407
DTC,HIV-1 IN,ECFP4,Train,0.438423645320197,0.4204724409448819,0.496096522356281,0.4292604501607717,0.4893059879143014,-0.0214819830421277
DTC,HIV-1 IN,ECFP4,Validation,0.4728260869565217,0.4123222748815165,0.5287846481876333,0.440506329113924,0.5181766413167272,0.0370393513119024
DTC,HIV-1 IN,ECFP4,Test,0.4635416666666667,0.4101382488479262,0.5085106382978724,0.4352078239608802,0.5015118121709987,0.0030665139748744
DTC,HIV-1 IN,ECFP4,Train,0.4779541446208112,0.4267716535433071,0.531582682753726,0.4509151414309484,0.5221713564874157,0.0449916611712264
DTC,HIV-1 IN,ECFP4,Validation,0.5193370165745856,0.4454976303317535,0.5650319829424307,0.4795918367346938,0.5541441640030861,0.1106616642928713
DTC,HIV-1 IN,ECFP4,Test,0.4751381215469613,0.3963133640552995,0.5191489361702127,0.4321608040201005,0.5104096464545272,0.0213288723014185
DTC,HIV-1 IN,ECFP4,Train,0.4472843450479233,0.4416403785488959,0.5028409090909091,0.4444444444444444,0.497305977388143,-0.0053945571502198
DTC,HIV-1 IN,ECFP4,Validation,0.3990147783251231,0.3820754716981132,0.4617021276595744,0.3903614457831325,0.4546036273219249,-0.0912063932941148
DTC,HIV-1 IN,ECFP4,Test,0.4256410256410256,0.3824884792626728,0.4765957446808511,0.4029126213592233,0.4699003661135498,-0.0609112740781729
DTC,HIV-1 IN,ECFP4,Train,0.4829268292682926,0.4684542586750788,0.5348011363636364,0.4755804643714972,0.5288007727483921,0.0577796748808274
DTC,HIV-1 IN,ECFP4,Validation,0.5,0.490566037735849,0.548936170212766,0.4952380952380952,0.5437326312710252,0.0876256140544777
DTC,HIV-1 IN,ECFP4,Test,0.455,0.4193548387096774,0.5,0.4364508393285372,0.4942623995919929,-0.011570537708054
DTC,HIV-1 IN,ECFP4,Train,0.4384,0.431496062992126,0.4946770759403832,0.4349206349206349,0.4890038454495514,-0.022025721006596
DTC,HIV-1 IN,ECFP4,Validation,0.4787234042553192,0.4265402843601896,0.5330490405117271,0.4511278195488721,0.5233476615599397,0.0474015323127084
DTC,HIV-1 IN,ECFP4,Test,0.4646464646464646,0.423963133640553,0.5085106382978724,0.4433734939759036,0.5024954008123713,0.0050389887431006
DTC,HIV-1 IN,ECFP4,Train,0.4685430463576159,0.4456692913385827,0.5223562810503903,0.45682001614205,0.51547030458402,0.0311078354817952
DTC,HIV-1 IN,ECFP4,Validation,0.5026178010471204,0.4549763033175355,0.5522388059701493,0.4776119402985074,0.5433796245269849,0.0878471716425394
DTC,HIV-1 IN,ECFP4,Test,0.4869109947643979,0.4285714285714285,0.5276595744680851,0.4558823529411764,0.5206098249576511,0.0418384552451335
DTC,HIV-1 IN,ECFP4,Train,0.4532258064516129,0.443217665615142,0.5085227272727273,0.4481658692185008,0.5026165847455555,0.0052447036867545
DTC,HIV-1 IN,ECFP4,Validation,0.4009661835748792,0.3915094339622642,0.4617021276595744,0.39618138424821,0.4554446394617523,-0.0893191732290515
DTC,HIV-1 IN,ECFP4,Test,0.4139784946236559,0.3548387096774194,0.4702127659574468,0.3821339950372208,0.4620043350758639,-0.0774708872990337
DTC,HIV-1 IN,ECFP4,Train,0.4751203852327448,0.4668769716088328,0.5276988636363636,0.4709626093874304,0.522198175726897,0.044471680233014
DTC,HIV-1 IN,ECFP4,Validation,0.4975609756097561,0.4811320754716981,0.5468085106382978,0.4892086330935252,0.5409536346350738,0.0821864767440474
DTC,HIV-1 IN,ECFP4,Test,0.4705882352941176,0.4423963133640553,0.5127659574468085,0.4560570071258907,0.5077594215041621,0.0156096643704563
DTC,HIV-1 IN,ECFP4,Train,0.4376947040498442,0.44251968503937,0.4925479063165365,0.4400939702427565,0.4880557081527599,-0.0238661600672944
DTC,HIV-1 IN,ECFP4,Validation,0.4595959595959596,0.4312796208530806,0.5159914712153518,0.4449877750611247,0.5082754693412689,0.016670801093461
DTC,HIV-1 IN,ECFP4,Test,0.4589371980676328,0.4377880184331797,0.502127659574468,0.4481132075471698,0.4975501356988032,-0.0049203852226632
DTC,HIV-1 IN,ECFP4,Train,0.4646302250803859,0.4551181102362204,0.518097941802697,0.4598249801113763,0.5124427760483428,0.0249357287273438
DTC,HIV-1 IN,ECFP4,Validation,0.5077720207253886,0.4644549763033175,0.5565031982942431,0.4851485148514851,0.5481189610198759,0.0972890857597712
DTC,HIV-1 IN,ECFP4,Test,0.4752475247524752,0.4423963133640553,0.5170212765957447,0.4582338902147971,0.5117119906741225,0.0235889038045417
DTC,HIV-1 IN,ECFP4,Train,0.4546925566343042,0.443217665615142,0.5099431818181818,0.4488817891373802,0.5039085744096381,0.0078371057331432
DTC,HIV-1 IN,ECFP4,Validation,0.4158415841584158,0.3962264150943396,0.4765957446808511,0.4057971014492754,0.4694310370045342,-0.0614533275106109
DTC,HIV-1 IN,ECFP4,Test,0.4205128205128205,0.3778801843317972,0.4723404255319149,0.3980582524271844,0.4656199340631318,-0.0695733917231778
DTC,HIV-1 IN,ECFP4,Train,0.489763779527559,0.4905362776025236,0.5404829545454546,0.4901497241922773,0.5359658132198665,0.07192144094298
DTC,HIV-1 IN,ECFP4,Validation,0.5046728971962616,0.5094339622641509,0.5531914893617021,0.5070422535211268,0.5492906245429282,0.0985020413202503
DTC,HIV-1 IN,ECFP4,Test,0.4466019417475728,0.423963133640553,0.4914893617021276,0.4349881796690307,0.4866851241325294,-0.0267560298311843
DTC,HIV-1 IN,ECFP4,Train,0.4387596899224806,0.4456692913385827,0.4932576295244854,0.4421875,0.4889845164703249,-0.0220021118183365
DTC,HIV-1 IN,ECFP4,Validation,0.4666666666666667,0.4312796208530806,0.5223880597014925,0.4482758620689655,0.514089422829641,0.0284434119893335
DTC,HIV-1 IN,ECFP4,Test,0.4589371980676328,0.4377880184331797,0.502127659574468,0.4481132075471698,0.4975501356988032,-0.0049203852226632
DTC,HIV-1 IN,ECFP4,Train,0.4706840390879478,0.4551181102362204,0.5237757274662882,0.4627702161729383,0.5176107347046736,0.0353424834652933
DTC,HIV-1 IN,ECFP4,Validation,0.5210526315789473,0.4691943127962085,0.5671641791044776,0.4937655860349127,0.5582405672508175,0.118039611226181
DTC,HIV-1 IN,ECFP4,Test,0.4776119402985074,0.4423963133640553,0.5191489361702127,0.4593301435406698,0.5136882752591028,0.0275863780995439
DTC,HIV-1 IN,ECFP4,Train,0.4546925566343042,0.443217665615142,0.5099431818181818,0.4488817891373802,0.5039085744096381,0.0078371057331432
DTC,HIV-1 IN,ECFP4,Validation,0.4158415841584158,0.3962264150943396,0.4765957446808511,0.4057971014492754,0.4694310370045342,-0.0614533275106109
DTC,HIV-1 IN,ECFP4,Test,0.4205128205128205,0.3778801843317972,0.4723404255319149,0.3980582524271844,0.4656199340631318,-0.0695733917231778
DTC,HIV-1 IN,ECFP4,Train,0.489763779527559,0.4905362776025236,0.5404829545454546,0.4901497241922773,0.5359658132198665,0.07192144094298
DTC,HIV-1 IN,ECFP4,Validation,0.5046728971962616,0.5094339622641509,0.5531914893617021,0.5070422535211268,0.5492906245429282,0.0985020413202503
DTC,HIV-1 IN,ECFP4,Test,0.4466019417475728,0.423963133640553,0.4914893617021276,0.4349881796690307,0.4866851241325294,-0.0267560298311843
DTC,HIV-1 IN,ECFP4,Train,0.4387596899224806,0.4456692913385827,0.4932576295244854,0.4421875,0.4889845164703249,-0.0220021118183365
DTC,HIV-1 IN,ECFP4,Validation,0.4666666666666667,0.4312796208530806,0.5223880597014925,0.4482758620689655,0.514089422829641,0.0284434119893335
DTC,HIV-1 IN,ECFP4,Test,0.4589371980676328,0.4377880184331797,0.502127659574468,0.4481132075471698,0.4975501356988032,-0.0049203852226632
DTC,HIV-1 IN,ECFP4,Train,0.4706840390879478,0.4551181102362204,0.5237757274662882,0.4627702161729383,0.5176107347046736,0.0353424834652933
DTC,HIV-1 IN,ECFP4,Validation,0.5210526315789473,0.4691943127962085,0.5671641791044776,0.4937655860349127,0.5582405672508175,0.118039611226181
DTC,HIV-1 IN,ECFP4,Test,0.4776119402985074,0.4423963133640553,0.5191489361702127,0.4593301435406698,0.5136882752591028,0.0275863780995439
DTC,HIV-1 IN,ECFP4,Train,0.4546925566343042,0.443217665615142,0.5099431818181818,0.4488817891373802,0.5039085744096381,0.0078371057331432
DTC,HIV-1 IN,ECFP4,Validation,0.4158415841584158,0.3962264150943396,0.4765957446808511,0.4057971014492754,0.4694310370045342,-0.0614533275106109
DTC,HIV-1 IN,ECFP4,Test,0.4205128205128205,0.3778801843317972,0.4723404255319149,0.3980582524271844,0.4656199340631318,-0.0695733917231778
DTC,HIV-1 IN,ECFP4,Train,0.489763779527559,0.4905362776025236,0.5404829545454546,0.4901497241922773,0.5359658132198665,0.07192144094298
DTC,HIV-1 IN,ECFP4,Validation,0.5046728971962616,0.5094339622641509,0.5531914893617021,0.5070422535211268,0.5492906245429282,0.0985020413202503
DTC,HIV-1 IN,ECFP4,Test,0.4466019417475728,0.423963133640553,0.4914893617021276,0.4349881796690307,0.4866851241325294,-0.0267560298311843
DTC,HIV-1 IN,ECFP4,Train,0.4387596899224806,0.4456692913385827,0.4932576295244854,0.4421875,0.4889845164703249,-0.0220021118183365
DTC,HIV-1 IN,ECFP4,Validation,0.4666666666666667,0.4312796208530806,0.5223880597014925,0.4482758620689655,0.514089422829641,0.0284434119893335
DTC,HIV-1 IN,ECFP4,Test,0.4589371980676328,0.4377880184331797,0.502127659574468,0.4481132075471698,0.4975501356988032,-0.0049203852226632
DTC,HIV-1 IN,ECFP4,Train,0.4706840390879478,0.4551181102362204,0.5237757274662882,0.4627702161729383,0.5176107347046736,0.0353424834652933
DTC,HIV-1 IN,ECFP4,Validation,0.5210526315789473,0.4691943127962085,0.5671641791044776,0.4937655860349127,0.5582405672508175,0.118039611226181
DTC,HIV-1 IN,ECFP4,Test,0.4776119402985074,0.4423963133640553,0.5191489361702127,0.4593301435406698,0.5136882752591028,0.0275863780995439
DTC,HIV-1 IN,MIX,Train,0.7094339622641509,0.5930599369085173,0.7073863636363636,0.6460481099656358,0.6970467643198915,0.4046962870979731
DTC,HIV-1 IN,MIX,Validation,0.5739130434782609,0.3113207547169811,0.5851063829787234,0.4036697247706422,0.560699137048413,0.1405164596908127
DTC,HIV-1 IN,MIX,Test,0.5681818181818182,0.4608294930875576,0.5893617021276596,0.5089058524173028,0.5802171180852806,0.1652559782467418
DTC,HIV-1 IN,MIX,Train,0.6920529801324503,0.6593059936908517,0.7144886363636364,0.6752827140549273,0.7094979580857359,0.4211903434537071
DTC,HIV-1 IN,MIX,Validation,0.6031746031746031,0.7169811320754716,0.6595744680851063,0.6551724137931034,0.6646921164253327,0.3286639515756805
DTC,HIV-1 IN,MIX,Test,0.8322981366459627,0.6175115207373272,0.7659574468085106,0.708994708994709,0.7553960765741972,0.5365894958118607
DTC,HIV-1 IN,MIX,Train,0.6858789625360231,0.3748031496062992,0.6408800567778566,0.4847250509164969,0.6169881381106432,0.2702104694771478
DTC,HIV-1 IN,MIX,Validation,0.7849462365591398,0.3459715639810427,0.6631130063965884,0.4802631578947368,0.6342260920680407,0.3349520388162427
DTC,HIV-1 IN,MIX,Test,0.9344262295081968,0.5253456221198156,0.7638297872340426,0.672566371681416,0.7468625343800659,0.5614431262948962
DTC,HIV-1 IN,MIX,Train,0.708029197080292,0.6110236220472441,0.7111426543647977,0.6559594251901945,0.7021526378970071,0.4126433936428734
DTC,HIV-1 IN,MIX,Validation,0.7315436241610739,0.5165876777251185,0.697228144989339,0.6055555555555555,0.6807744590175979,0.3863225183538536
DTC,HIV-1 IN,MIX,Test,0.8011049723756906,0.6682027649769585,0.7702127659574468,0.7286432160804021,0.7629551374291907,0.538782615887014
DTC,HIV-1 IN,MIX,Train,0.7688821752265861,0.8028391167192429,0.8025568181818182,0.7854938271604939,0.8025823490572958,0.60324021579264
DTC,HIV-1 IN,MIX,Validation,0.7077625570776256,0.7311320754716981,0.7425531914893617,0.7192575406032483,0.741535029983911,0.4818689986851104
DTC,HIV-1 IN,MIX,Test,0.6666666666666666,0.7004608294930875,0.7,0.6831460674157304,0.7000327862880458,0.3990673536130008
DTC,HIV-1 IN,MIX,Train,0.7286821705426356,0.7413249211356467,0.7592329545454546,0.7349491790461298,0.7576133649605883,0.5144834028859093
DTC,HIV-1 IN,MIX,Validation,0.5481481481481482,0.6981132075471698,0.6042553191489362,0.6141078838174274,0.6126224952464532,0.226691921912987
DTC,HIV-1 IN,MIX,Test,0.7450199203187251,0.8617511520737328,0.8,0.7991452991452992,0.8043933625981312,0.6084100555456902
DTC,HIV-1 IN,MIX,Train,0.8515625,0.5149606299212598,0.7409510290986515,0.6418056918547596,0.7206586095342733,0.4931518548583861
DTC,HIV-1 IN,MIX,Validation,0.723404255319149,0.4834123222748815,0.6844349680170576,0.5795454545454546,0.6661247657886035,0.3604698781793861
DTC,HIV-1 IN,MIX,Test,0.8171428571428572,0.6589861751152074,0.774468085106383,0.7295918367346939,0.7662519808382362,0.5491398216495424
DTC,HIV-1 IN,MIX,Train,0.8062283737024222,0.7338582677165354,0.8005677785663591,0.7683429513602638,0.7945777126696372,0.5959677967765208
DTC,HIV-1 IN,MIX,Validation,0.7272727272727273,0.5308056872037915,0.6993603411513859,0.6136986301369863,0.6840074947646865,0.3898530636793593
DTC,HIV-1 IN,MIX,Test,0.7487179487179487,0.6728110599078341,0.7446808510638298,0.7087378640776699,0.7395675852898854,0.4848021375571374
DTC,HIV-1 IN,MIX,Train,0.8853288364249579,0.8280757097791798,0.8742897727272727,0.8557457212713936,0.8701102063107785,0.7458818089704418
DTC,HIV-1 IN,MIX,Validation,0.802547770700637,0.5943396226415094,0.7510638297872341,0.6829268292682927,0.7370922919409097,0.5002685705014738
DTC,HIV-1 IN,MIX,Test,0.7582417582417582,0.6359447004608295,0.7382978723404255,0.6917293233082706,0.7310158284912843,0.4728571090730882
DTC,HIV-1 IN,MIX,Train,0.8428835489833642,0.7192429022082019,0.8132102272727273,0.7761702127659574,0.8047118903805867,0.6233419067486049
DTC,HIV-1 IN,MIX,Validation,0.6633165829145728,0.6226415094339622,0.6872340425531915,0.6423357664233577,0.6814757934766711,0.3655234965209304
DTC,HIV-1 IN,MIX,Test,0.8523809523809524,0.8248847926267281,0.8531914893617021,0.8384074941451991,0.8511775741789768,0.7042884664457791
DTC,HIV-1 IN,MIX,Train,0.9087837837837838,0.4236220472440944,0.7210787792760823,0.5778732545649838,0.694369163156931,0.4748115401418169
DTC,HIV-1 IN,MIX,Validation,0.8681318681318682,0.3744075829383886,0.6929637526652452,0.5231788079470199,0.6639479775157059,0.4124967619488109
DTC,HIV-1 IN,MIX,Test,0.8515625,0.5023041474654378,0.7297872340425532,0.6318840579710145,0.7136026666180944,0.4784193706845472
DTC,HIV-1 IN,MIX,Train,0.8697916666666666,0.7889763779527559,0.8516678495386799,0.8274153592072667,0.8460385765732772,0.7004515701002612
DTC,HIV-1 IN,MIX,Validation,0.6611111111111111,0.5639810426540285,0.673773987206823,0.6086956521739131,0.6637734670634483,0.3350730088064644
DTC,HIV-1 IN,MIX,Test,0.7563451776649747,0.6866359447004609,0.7531914893617021,0.7198067632850241,0.748456312271179,0.5020601152739003
DTC,HIV-1 IN,MIX,Train,0.9702970297029704,0.9274447949526814,0.9545454545454546,0.9483870967741936,0.9520944904995964,0.908554164141937
DTC,HIV-1 IN,MIX,Validation,0.7619047619047619,0.6792452830188679,0.7595744680851064,0.7182044887780549,0.7524133391838524,0.5123137584453276
DTC,HIV-1 IN,MIX,Test,0.7710280373831776,0.7603686635944701,0.7851063829787234,0.765661252900232,0.7833463871332035,0.5672975830805133
DTC,HIV-1 IN,MIX,Train,0.8953687821612349,0.8233438485804416,0.8771306818181818,0.8578471651602301,0.8722662395356989,0.7520340515123843
DTC,HIV-1 IN,MIX,Validation,0.7348066298342542,0.6273584905660378,0.7297872340425532,0.6768447837150128,0.7206559894690653,0.4512687818792671
DTC,HIV-1 IN,MIX,Test,0.7606837606837606,0.8202764976958525,0.7978723404255319,0.7893569844789357,0.799466312089033,0.5971785051058325
DTC,HIV-1 IN,MIX,Train,0.870253164556962,0.4330708661417323,0.7154009936124911,0.5783385909568874,0.6900496449571711,0.453420111059534
DTC,HIV-1 IN,MIX,Validation,0.6864406779661016,0.3838862559241706,0.6439232409381663,0.4924012158054711,0.6202377016054961,0.2756939148079004
DTC,HIV-1 IN,MIX,Test,0.8515625,0.5023041474654378,0.7297872340425532,0.6318840579710145,0.7136026666180944,0.4784193706845472
DTC,HIV-1 IN,MIX,Train,0.956081081081081,0.8913385826771654,0.9325762952448544,0.9225753871230644,0.9288734257055076,0.8646584576805323
DTC,HIV-1 IN,MIX,Validation,0.7,0.5639810426540285,0.6950959488272921,0.6246719160104987,0.6831533120246885,0.3790842998039257
DTC,HIV-1 IN,MIX,Test,0.7475247524752475,0.695852534562212,0.7510638297872341,0.720763723150358,0.7471357534471139,0.4977515502644206
DTC,HIV-1 IN,MIX,Train,0.988673139158576,0.9637223974763408,0.9786931818181818,0.9760383386581468,0.977339234913881,0.9571157313451594
DTC,HIV-1 IN,MIX,Validation,0.7076923076923077,0.6509433962264151,0.7212765957446808,0.6781326781326781,0.7150065818341378,0.4342860520462495
DTC,HIV-1 IN,MIX,Test,0.7916666666666666,0.7880184331797235,0.8063829787234043,0.789838337182448,0.8050764102657512,0.6103585278205825
DTC,HIV-1 IN,MIX,Train,0.8986486486486487,0.8391167192429022,0.8849431818181818,0.867862969004894,0.8807986696989705,0.7675993436941067
DTC,HIV-1 IN,MIX,Validation,0.6914893617021277,0.6132075471698113,0.7021276595744681,0.65,0.6942006728097119,0.3945072878858099
DTC,HIV-1 IN,MIX,Test,0.7535545023696683,0.7327188940092166,0.7659574468085106,0.7429906542056075,0.7635926485856359,0.5283993897911163
DTC,HIV-1 IN,MIX,Train,0.8878787878787879,0.4614173228346456,0.7310149041873669,0.6072538860103627,0.7068068526317931,0.4859421508021779
DTC,HIV-1 IN,MIX,Validation,0.7008547008547008,0.3886255924170616,0.650319829424307,0.5,0.6264833388441897,0.2908373206577525
DTC,HIV-1 IN,MIX,Test,0.8373983739837398,0.4746543778801843,0.7148936170212766,0.6058823529411764,0.6978014972404875,0.4486755508590457
DTC,HIV-1 IN,MIX,Train,0.9705882352941176,0.9354330708661416,0.9581263307310148,0.9526864474739376,0.9560886284563266,0.9156546623566016
DTC,HIV-1 IN,MIX,Validation,0.7068965517241379,0.5829383886255924,0.7036247334754797,0.638961038961039,0.6926319850104706,0.3967563114617953
DTC,HIV-1 IN,MIX,Test,0.7257383966244726,0.7926267281105991,0.7659574468085106,0.7577092511013216,0.7678548660315841,0.5341552855023306
DTC,HIV-1 IN,MIX,Train,0.984251968503937,0.9858044164037856,0.9865056818181818,0.9850275807722616,0.9864422598814794,0.97274675960644
DTC,HIV-1 IN,MIX,Validation,0.7403314917127072,0.6320754716981132,0.7340425531914894,0.6819338422391857,0.7249524645312271,0.460055604626937
DTC,HIV-1 IN,MIX,Test,0.7688679245283019,0.7511520737327189,0.7808510638297872,0.7599067599067599,0.7787380922023278,0.5585199146181157
DTC,HIV-1 IN,MIX,Train,0.8920265780730897,0.8470031545741324,0.8849431818181818,0.8689320388349514,0.8815119132043789,0.7673393013385178
DTC,HIV-1 IN,MIX,Validation,0.678391959798995,0.6367924528301887,0.7,0.656934306569343,0.6943652186631564,0.3914850182867229
DTC,HIV-1 IN,MIX,Test,0.7542372881355932,0.8202764976958525,0.7936170212765957,0.7858719646799117,0.7955137429190725,0.5892965188757999
DTC,HIV-1 IN,MIX,Train,0.8328840970350404,0.4866141732283464,0.7246273953158269,0.614314115308151,0.7032554070276099,0.4592443422839124
DTC,HIV-1 IN,MIX,Validation,0.6903225806451613,0.5071090047393365,0.67590618336887,0.5846994535519126,0.6605312465557147,0.3395548837818325
DTC,HIV-1 IN,MIX,Test,0.7375,0.543778801843318,0.7,0.6259946949602122,0.688885448352489,0.3974456850105343
DTC,HIV-1 IN,MIX,Train,0.968,0.952755905511811,0.964513839602555,0.9603174603174603,0.9634580561150786,0.9283243333310158
DTC,HIV-1 IN,MIX,Validation,0.6910994764397905,0.6255924170616114,0.7057569296375267,0.6567164179104478,0.698455123259488,0.4018873253610733
DTC,HIV-1 IN,MIX,Test,0.7276595744680852,0.7880184331797235,0.7659574468085106,0.7566371681415929,0.7675270031511265,0.5334821410709304
DTC,HIV-1 IN,MIX,Train,0.9842271293375394,0.9842271293375394,0.9857954545454546,0.9842271293375394,0.9856536163483564,0.9713072326967126
DTC,HIV-1 IN,MIX,Validation,0.6666666666666666,0.6509433962264151,0.6957446808510638,0.6587112171837709,0.6917507678806494,0.3843986412910517
DTC,HIV-1 IN,MIX,Test,0.7130044843049327,0.7327188940092166,0.7404255319148936,0.7227272727272728,0.7398772335658732,0.4789699273590169
DTC,HIV-1 IN,MIX,Train,0.90302066772655,0.8958990536277602,0.9098011363636364,0.89944576405384,0.908543842059358,0.8176919499170683
DTC,HIV-1 IN,MIX,Validation,0.6714285714285714,0.6650943396226415,0.7021276595744681,0.6682464454976303,0.6988262395787626,0.3980019102259682
DTC,HIV-1 IN,MIX,Test,0.7174887892376681,0.7373271889400922,0.7446808510638298,0.7272727272727273,0.744157665616291,0.4875167919270999
DTC,HIV-1 IN,MIX,Train,0.8895184135977338,0.494488188976378,0.7444996451383961,0.6356275303643725,0.7220502960385765,0.5099403566556617
DTC,HIV-1 IN,MIX,Validation,0.6616541353383458,0.4170616113744075,0.6417910447761194,0.5116279069767442,0.6213215033616223,0.2678079100872862
DTC,HIV-1 IN,MIX,Test,0.7297297297297297,0.4976958525345622,0.6829787234042554,0.5917808219178082,0.6697965428680717,0.364493823322014
DTC,HIV-1 IN,MIX,Train,0.9622641509433962,0.9637795275590552,0.9666430092264016,0.963021243115657,0.9663858878105354,0.932640851894791
DTC,HIV-1 IN,MIX,Validation,0.6994818652849741,0.6398104265402843,0.7142857142857143,0.6683168316831684,0.7075021124949483,0.4195371302700422
DTC,HIV-1 IN,MIX,Test,0.717948717948718,0.7741935483870968,0.7553191489361702,0.7450110864745011,0.7566619915848527,0.5118205897114705
DTC,HIV-1 IN,MIX,Train,0.9842271293375394,0.9842271293375394,0.9857954545454546,0.9842271293375394,0.9856536163483564,0.9713072326967126
DTC,HIV-1 IN,MIX,Validation,0.6666666666666666,0.6509433962264151,0.6957446808510638,0.6587112171837709,0.6917507678806494,0.3843986412910517
DTC,HIV-1 IN,MIX,Test,0.7130044843049327,0.7327188940092166,0.7404255319148936,0.7227272727272728,0.7398772335658732,0.4789699273590169
DTC,HIV-1 IN,MIX,Train,0.90302066772655,0.8958990536277602,0.9098011363636364,0.89944576405384,0.908543842059358,0.8176919499170683
DTC,HIV-1 IN,MIX,Validation,0.6714285714285714,0.6650943396226415,0.7021276595744681,0.6682464454976303,0.6988262395787626,0.3980019102259682
DTC,HIV-1 IN,MIX,Test,0.7174887892376681,0.7373271889400922,0.7446808510638298,0.7272727272727273,0.744157665616291,0.4875167919270999
DTC,HIV-1 IN,MIX,Train,0.8895184135977338,0.494488188976378,0.7444996451383961,0.6356275303643725,0.7220502960385765,0.5099403566556617
DTC,HIV-1 IN,MIX,Validation,0.6616541353383458,0.4170616113744075,0.6417910447761194,0.5116279069767442,0.6213215033616223,0.2678079100872862
DTC,HIV-1 IN,MIX,Test,0.7297297297297297,0.4976958525345622,0.6829787234042554,0.5917808219178082,0.6697965428680717,0.364493823322014
DTC,HIV-1 IN,MIX,Train,0.9622641509433962,0.9637795275590552,0.9666430092264016,0.963021243115657,0.9663858878105354,0.932640851894791
DTC,HIV-1 IN,MIX,Validation,0.6994818652849741,0.6398104265402843,0.7142857142857143,0.6683168316831684,0.7075021124949483,0.4195371302700422
DTC,HIV-1 IN,MIX,Test,0.717948717948718,0.7741935483870968,0.7553191489361702,0.7450110864745011,0.7566619915848527,0.5118205897114705
DTC,HIV-1 IN,MIX,Train,0.9842271293375394,0.9842271293375394,0.9857954545454546,0.9842271293375394,0.9856536163483564,0.9713072326967126
DTC,HIV-1 IN,MIX,Validation,0.6666666666666666,0.6509433962264151,0.6957446808510638,0.6587112171837709,0.6917507678806494,0.3843986412910517
DTC,HIV-1 IN,MIX,Test,0.7130044843049327,0.7327188940092166,0.7404255319148936,0.7227272727272728,0.7398772335658732,0.4789699273590169
DTC,HIV-1 IN,MIX,Train,0.90302066772655,0.8958990536277602,0.9098011363636364,0.89944576405384,0.908543842059358,0.8176919499170683
DTC,HIV-1 IN,MIX,Validation,0.6714285714285714,0.6650943396226415,0.7021276595744681,0.6682464454976303,0.6988262395787626,0.3980019102259682
DTC,HIV-1 IN,MIX,Test,0.7174887892376681,0.7373271889400922,0.7446808510638298,0.7272727272727273,0.744157665616291,0.4875167919270999
DTC,HIV-1 IN,MIX,Train,0.8895184135977338,0.494488188976378,0.7444996451383961,0.6356275303643725,0.7220502960385765,0.5099403566556617
DTC,HIV-1 IN,MIX,Validation,0.6616541353383458,0.4170616113744075,0.6417910447761194,0.5116279069767442,0.6213215033616223,0.2678079100872862
DTC,HIV-1 IN,MIX,Test,0.7297297297297297,0.4976958525345622,0.6829787234042554,0.5917808219178082,0.6697965428680717,0.364493823322014
DTC,HIV-1 IN,MIX,Train,0.9622641509433962,0.9637795275590552,0.9666430092264016,0.963021243115657,0.9663858878105354,0.932640851894791
DTC,HIV-1 IN,MIX,Validation,0.6994818652849741,0.6398104265402843,0.7142857142857143,0.6683168316831684,0.7075021124949483,0.4195371302700422
DTC,HIV-1 IN,MIX,Test,0.717948717948718,0.7741935483870968,0.7553191489361702,0.7450110864745011,0.7566619915848527,0.5118205897114705
DTC,HIV-1 IN,MIX,Train,0.7007434944237918,0.5946372239747634,0.703125,0.643344709897611,0.6933134440287253,0.3958734710055215
DTC,HIV-1 IN,MIX,Validation,0.5739130434782609,0.3113207547169811,0.5851063829787234,0.4036697247706422,0.560699137048413,0.1405164596908127
DTC,HIV-1 IN,MIX,Test,0.5649717514124294,0.4608294930875576,0.5872340425531914,0.5076142131979695,0.5782408335003004,0.1610026959202842
DTC,HIV-1 IN,MIX,Train,0.6980108499095841,0.6088328075709779,0.7052556818181818,0.6503791069924179,0.6965352668345846,0.4004423253551691
DTC,HIV-1 IN,MIX,Validation,0.6283185840707964,0.6698113207547169,0.6723404255319149,0.6484018264840182,0.6721149627029399,0.3428287801936259
DTC,HIV-1 IN,MIX,Test,0.9361702127659576,0.6082949308755761,0.8,0.7374301675977654,0.7863609041729659,0.623054938766076
DTC,HIV-1 IN,MIX,Train,0.6226415094339622,0.831496062992126,0.6969481902058198,0.7120701281186783,0.709029685242833,0.4249285863455854
DTC,HIV-1 IN,MIX,Validation,0.5458333333333333,0.6208530805687204,0.5970149253731343,0.5809312638580931,0.5991862302068408,0.1974281602436526
DTC,HIV-1 IN,MIX,Test,0.7360406091370558,0.6682027649769585,0.7361702127659574,0.7004830917874396,0.731334584069507,0.467461932776377
DTC,HIV-1 IN,MIX,Train,0.708029197080292,0.6110236220472441,0.7111426543647977,0.6559594251901945,0.7021526378970071,0.4126433936428734
DTC,HIV-1 IN,MIX,Validation,0.7315436241610739,0.5165876777251185,0.697228144989339,0.6055555555555555,0.6807744590175979,0.3863225183538536
DTC,HIV-1 IN,MIX,Test,0.8011049723756906,0.6682027649769585,0.7702127659574468,0.7286432160804021,0.7629551374291907,0.538782615887014
DTC,HIV-1 IN,MIX,Train,0.7633587786259542,0.7886435331230284,0.7947443181818182,0.7757951900698216,0.7941925675951059,0.586892640341748
DTC,HIV-1 IN,MIX,Validation,0.7,0.7264150943396226,0.7361702127659574,0.7129629629629629,0.7353005704256252,0.4692987682898659
DTC,HIV-1 IN,MIX,Test,0.6637554585152838,0.7004608294930875,0.6978723404255319,0.6816143497757847,0.6980565017030655,0.3950781072769047
DTC,HIV-1 IN,MIX,Train,0.7357259380097879,0.7113564668769716,0.7549715909090909,0.723336006415397,0.7510270706477881,0.5037926898456676
DTC,HIV-1 IN,MIX,Validation,0.5632183908045977,0.6933962264150944,0.6191489361702127,0.6215644820295984,0.6257678806494076,0.251874455680221
DTC,HIV-1 IN,MIX,Test,0.7974137931034483,0.8525345622119815,0.8319148936170213,0.8240534521158129,0.8333819056119196,0.6648591911204291
DTC,HIV-1 IN,MIX,Train,0.8695652173913043,0.6929133858267716,0.8147622427253371,0.7712532865907099,0.8038210339986571,0.630211091760021
DTC,HIV-1 IN,MIX,Validation,0.6482412060301508,0.6113744075829384,0.67590618336887,0.6292682926829268,0.670028289062787,0.3422897078164396
DTC,HIV-1 IN,MIX,Test,0.8159203980099502,0.7557603686635944,0.8085106382978723,0.784688995215311,0.8047576546875284,0.6141869396839919
DTC,HIV-1 IN,MIX,Train,0.7758620689655172,0.7086614173228346,0.7764371894960965,0.7407407407407407,0.7703513804960427,0.5466692783494574
DTC,HIV-1 IN,MIX,Validation,0.7733333333333333,0.5497630331753555,0.7249466950959488,0.6426592797783933,0.7089900437194606,0.4458263179069378
DTC,HIV-1 IN,MIX,Test,0.782608695652174,0.663594470046083,0.7595744680851064,0.7182044887780549,0.752745851623832,0.5163120146461301
DTC,HIV-1 IN,MIX,Train,0.8662207357859532,0.8170347003154574,0.8607954545454546,0.8409090909090909,0.8568377635944211,0.7183280282247956
DTC,HIV-1 IN,MIX,Validation,0.7875,0.5943396226415094,0.7446808510638298,0.6774193548387096,0.7312783384525376,0.4857377977668645
DTC,HIV-1 IN,MIX,Test,0.7379679144385026,0.6359447004608295,0.7276595744680852,0.6831683168316832,0.7211344055663831,0.4504664182956446
DTC,HIV-1 IN,MIX,Train,0.7868852459016393,0.7570977917981072,0.7982954545454546,0.7717041800643086,0.7945695677336789,0.5915161672444951
DTC,HIV-1 IN,MIX,Validation,0.6386554621848739,0.7169811320754716,0.6893617021276596,0.6755555555555556,0.6918238993710691,0.3818370122532509
DTC,HIV-1 IN,MIX,Test,0.8708133971291866,0.8387096774193549,0.8680851063829788,0.8544600938967136,0.865995154915211,0.7343482472756869
DTC,HIV-1 IN,MIX,Train,0.8597662771285476,0.8110236220472441,0.8552164655784245,0.8346839546191248,0.8512482451321491,0.7070425998602753
DTC,HIV-1 IN,MIX,Validation,0.6683168316831684,0.6398104265402843,0.6950959488272921,0.6537530266343826,0.690060252029832,0.3818924405411097
DTC,HIV-1 IN,MIX,Test,0.7708333333333334,0.6820276497695853,0.7595744680851064,0.7237163814180929,0.7540573031456622,0.5153221315849303
DTC,HIV-1 IN,MIX,Train,0.864,0.6803149606299213,0.8076650106458482,0.7612334801762115,0.7962298317361493,0.6160971314973976
DTC,HIV-1 IN,MIX,Validation,0.6708074534161491,0.5118483412322274,0.6673773987206824,0.5806451612903226,0.65321099232154,0.3210574156080935
DTC,HIV-1 IN,MIX,Test,0.8242424242424242,0.6267281105990783,0.7659574468085106,0.7120418848167539,0.7560518023351123,0.5348796419774775
DTC,HIV-1 IN,MIX,Train,0.9502407704654896,0.9337539432176656,0.9481534090909092,0.9419252187748608,0.9468511318155513,0.8952186382497596
DTC,HIV-1 IN,MIX,Validation,0.7461139896373057,0.6792452830188679,0.7510638297872341,0.7111111111111111,0.7446614011993563,0.4949424442381339
DTC,HIV-1 IN,MIX,Test,0.7616822429906542,0.7511520737327189,0.776595744680851,0.7563805104408353,0.7747855230323674,0.5501575815346248
DTC,HIV-1 IN,MIX,Train,0.8691275167785235,0.8170347003154574,0.8622159090909091,0.8422764227642277,0.8581297532585039,0.7212475716582003
DTC,HIV-1 IN,MIX,Validation,0.7548076923076923,0.7405660377358491,0.774468085106383,0.7476190476190476,0.7714458095655988,0.5438869113155649
DTC,HIV-1 IN,MIX,Test,0.8046511627906977,0.7972350230414746,0.8170212765957446,0.8009259259259259,0.8156135589515673,0.6316644790248285
DTC,HIV-1 IN,MIX,Train,0.9211822660098522,0.8834645669291339,0.9134137686302342,0.9019292604501608,0.9107245315265824,0.8250577379690264
DTC,HIV-1 IN,MIX,Validation,0.6634146341463415,0.6445497630331753,0.6929637526652452,0.6538461538461539,0.6885539512840295,0.3782141911007005
DTC,HIV-1 IN,MIX,Test,0.8144329896907216,0.728110599078341,0.7978723404255319,0.7688564476885644,0.7929090544798819,0.5931950441954269
DTC,HIV-1 IN,MIX,Train,0.9211409395973156,0.8645669291338582,0.9056068133427964,0.8919577579203899,0.901921707460986,0.8095811705850292
DTC,HIV-1 IN,MIX,Validation,0.7167630057803468,0.5876777251184834,0.7100213219616205,0.6458333333333334,0.698877622249164,0.4101078555139363
DTC,HIV-1 IN,MIX,Test,0.7772020725388601,0.6912442396313364,0.7659574468085106,0.7317073170731707,0.7606418826615179,0.5282576415638812
DTC,HIV-1 IN,MIX,Train,0.9741100323624596,0.9495268138801262,0.9659090909090908,0.9616613418530352,0.9644274896274015,0.9312263142830136
DTC,HIV-1 IN,MIX,Validation,0.6919191919191919,0.6462264150943396,0.7106382978723405,0.6682926829268293,0.704896153283604,0.4129757371035569
DTC,HIV-1 IN,MIX,Test,0.784037558685446,0.7695852534562212,0.7957446808510639,0.7767441860465116,0.7938835358190196,0.5886254238182266
DTC,HIV-1 IN,MIX,Train,0.8905723905723906,0.8343848580441641,0.8792613636363636,0.8615635179153095,0.8752027649393948,0.7559719998341361
DTC,HIV-1 IN,MIX,Validation,0.7156398104265402,0.7122641509433962,0.7425531914893617,0.7139479905437353,0.7398530057042563,0.4799122488236395
DTC,HIV-1 IN,MIX,Test,0.8,0.7188940092165899,0.7872340425531915,0.7572815533980582,0.7823719057940657,0.5714233140071867
DTC,HIV-1 IN,MIX,Train,0.9335443037974684,0.9291338582677166,0.9382540809084458,0.9313338595106552,0.937435146188122,0.8752496868656019
DTC,HIV-1 IN,MIX,Validation,0.6604651162790698,0.6729857819905213,0.697228144989339,0.6666666666666666,0.6950200227782064,0.389425324850417
DTC,HIV-1 IN,MIX,Test,0.7755102040816326,0.7004608294930875,0.7680851063829788,0.7360774818401937,0.7632738930074133,0.5323835176413578
DTC,HIV-1 IN,MIX,Train,0.91869918699187,0.889763779527559,0.914833215046132,0.904,0.9125821481617123,0.8278467769602185
DTC,HIV-1 IN,MIX,Validation,0.6966292134831461,0.5876777251184834,0.6993603411513859,0.6375321336760925,0.689187699768544,0.3878979438605571
DTC,HIV-1 IN,MIX,Test,0.7702702702702703,0.7880184331797235,0.7936170212765957,0.7790432801822323,0.7932187027558697,0.5856113205749414
DTC,HIV-1 IN,MIX,Train,0.9595015576323987,0.9716088328075708,0.96875,0.9655172413793104,0.9690085507707104,0.9370094410911796
DTC,HIV-1 IN,MIX,Validation,0.7282608695652174,0.6320754716981132,0.7276595744680852,0.6767676767676768,0.7191385110428551,0.4468220096214227
DTC,HIV-1 IN,MIX,Test,0.7582938388625592,0.7373271889400922,0.7702127659574468,0.7476635514018691,0.7678730806360541,0.5369799693164532
DTC,HIV-1 IN,MIX,Train,0.9013157894736842,0.8643533123028391,0.8963068181818182,0.8824476650563607,0.8934169662289388,0.7903171510721084
DTC,HIV-1 IN,MIX,Validation,0.7314814814814815,0.7452830188679245,0.7617021276595745,0.7383177570093458,0.7602384086587685,0.5196793258299017
DTC,HIV-1 IN,MIX,Test,0.8046511627906977,0.7972350230414746,0.8170212765957446,0.8009259259259259,0.8156135589515673,0.6316644790248285
DTC,HIV-1 IN,MIX,Train,0.9440894568690096,0.9307086614173228,0.9439318665720368,0.9373513084853292,0.9427445115872144,0.8866913611603887
DTC,HIV-1 IN,MIX,Validation,0.6465116279069767,0.6587677725118484,0.6844349680170576,0.6525821596244131,0.6820970645504978,0.3636201427252092
DTC,HIV-1 IN,MIX,Test,0.7638888888888888,0.7603686635944701,0.7808510638297872,0.7621247113163973,0.779393817963243,0.5589760259263189
DTC,HIV-1 IN,MIX,Train,0.915824915824916,0.8566929133858268,0.8999290276792051,0.8852725793327909,0.8960467150908462,0.7981081161719192
DTC,HIV-1 IN,MIX,Validation,0.6770833333333334,0.6161137440758294,0.6950959488272921,0.6451612903225806,0.6879018332782247,0.3802083012399269
DTC,HIV-1 IN,MIX,Test,0.7351598173515982,0.7419354838709677,0.7574468085106383,0.7385321100917431,0.7563432360066301,0.5123692616893918
DTC,HIV-1 IN,MIX,Train,0.9568567026194144,0.9794952681388012,0.9708806818181818,0.9680436477007016,0.9716597787722432,0.9415225185194884
DTC,HIV-1 IN,MIX,Validation,0.6587677725118484,0.6556603773584906,0.6914893617021277,0.6572104018912529,0.688295304958315,0.3767525154840051
DTC,HIV-1 IN,MIX,Test,0.7255813953488373,0.7188940092165899,0.7446808510638298,0.7222222222222222,0.742846214094461,0.4860289520472385
DTC,HIV-1 IN,MIX,Train,0.9104477611940298,0.8659305993690851,0.9012784090909092,0.8876313662085691,0.8980815787543099,0.8004986240128273
DTC,HIV-1 IN,MIX,Validation,0.7117903930131004,0.7688679245283019,0.7553191489361702,0.7392290249433107,0.7565269855199649,0.510757290456204
DTC,HIV-1 IN,MIX,Test,0.78,0.7188940092165899,0.776595744680851,0.7482014388489209,0.7724904828691646,0.5495087114682162
DTC,HIV-1 IN,MIX,Train,0.9448818897637796,0.9448818897637796,0.950319375443577,0.9448818897637796,0.9498311257604428,0.8996622515208855
DTC,HIV-1 IN,MIX,Validation,0.6217391304347826,0.6777251184834123,0.6695095948827292,0.6485260770975056,0.6702579080789155,0.3388640529101565
DTC,HIV-1 IN,MIX,Test,0.746606334841629,0.7603686635944701,0.7702127659574468,0.7534246575342466,0.7695123950383418,0.5383975268032167
DTC,HIV-1 IN,MIX,Train,0.9147157190635452,0.8614173228346457,0.9013484740951028,0.8872668288726683,0.8977629249832143,0.800848967775127
DTC,HIV-1 IN,MIX,Validation,0.6910994764397905,0.6255924170616114,0.7057569296375267,0.6567164179104478,0.698455123259488,0.4018873253610733
DTC,HIV-1 IN,MIX,Test,0.7302325581395349,0.7235023041474654,0.7489361702127659,0.7268518518518519,0.7471266461448789,0.4945957477518026
DTC,HIV-1 IN,MIX,Train,0.9568567026194144,0.9794952681388012,0.9708806818181818,0.9680436477007016,0.9716597787722432,0.9415225185194884
DTC,HIV-1 IN,MIX,Validation,0.6587677725118484,0.6556603773584906,0.6914893617021277,0.6572104018912529,0.688295304958315,0.3767525154840051
DTC,HIV-1 IN,MIX,Test,0.7255813953488373,0.7188940092165899,0.7446808510638298,0.7222222222222222,0.742846214094461,0.4860289520472385
DTC,HIV-1 IN,MIX,Train,0.9104477611940298,0.8659305993690851,0.9012784090909092,0.8876313662085691,0.8980815787543099,0.8004986240128273
DTC,HIV-1 IN,MIX,Validation,0.7117903930131004,0.7688679245283019,0.7553191489361702,0.7392290249433107,0.7565269855199649,0.510757290456204
DTC,HIV-1 IN,MIX,Test,0.78,0.7188940092165899,0.776595744680851,0.7482014388489209,0.7724904828691646,0.5495087114682162
DTC,HIV-1 IN,MIX,Train,0.9448818897637796,0.9448818897637796,0.950319375443577,0.9448818897637796,0.9498311257604428,0.8996622515208855
DTC,HIV-1 IN,MIX,Validation,0.6217391304347826,0.6777251184834123,0.6695095948827292,0.6485260770975056,0.6702579080789155,0.3388640529101565
DTC,HIV-1 IN,MIX,Test,0.746606334841629,0.7603686635944701,0.7702127659574468,0.7534246575342466,0.7695123950383418,0.5383975268032167
DTC,HIV-1 IN,MIX,Train,0.9147157190635452,0.8614173228346457,0.9013484740951028,0.8872668288726683,0.8977629249832143,0.800848967775127
DTC,HIV-1 IN,MIX,Validation,0.6910994764397905,0.6255924170616114,0.7057569296375267,0.6567164179104478,0.698455123259488,0.4018873253610733
DTC,HIV-1 IN,MIX,Test,0.7302325581395349,0.7235023041474654,0.7489361702127659,0.7268518518518519,0.7471266461448789,0.4945957477518026
DTC,HIV-1 IN,MIX,Train,0.9568567026194144,0.9794952681388012,0.9708806818181818,0.9680436477007016,0.9716597787722432,0.9415225185194884
DTC,HIV-1 IN,MIX,Validation,0.6587677725118484,0.6556603773584906,0.6914893617021277,0.6572104018912529,0.688295304958315,0.3767525154840051
DTC,HIV-1 IN,MIX,Test,0.7255813953488373,0.7188940092165899,0.7446808510638298,0.7222222222222222,0.742846214094461,0.4860289520472385
DTC,HIV-1 IN,MIX,Train,0.9104477611940298,0.8659305993690851,0.9012784090909092,0.8876313662085691,0.8980815787543099,0.8004986240128273
DTC,HIV-1 IN,MIX,Validation,0.7117903930131004,0.7688679245283019,0.7553191489361702,0.7392290249433107,0.7565269855199649,0.510757290456204
DTC,HIV-1 IN,MIX,Test,0.78,0.7188940092165899,0.776595744680851,0.7482014388489209,0.7724904828691646,0.5495087114682162
DTC,HIV-1 IN,MIX,Train,0.9448818897637796,0.9448818897637796,0.950319375443577,0.9448818897637796,0.9498311257604428,0.8996622515208855
DTC,HIV-1 IN,MIX,Validation,0.6217391304347826,0.6777251184834123,0.6695095948827292,0.6485260770975056,0.6702579080789155,0.3388640529101565
DTC,HIV-1 IN,MIX,Test,0.746606334841629,0.7603686635944701,0.7702127659574468,0.7534246575342466,0.7695123950383418,0.5383975268032167
DTC,HIV-1 IN,MIX,Train,0.9147157190635452,0.8614173228346457,0.9013484740951028,0.8872668288726683,0.8977629249832143,0.800848967775127
DTC,HIV-1 IN,MIX,Validation,0.6910994764397905,0.6255924170616114,0.7057569296375267,0.6567164179104478,0.698455123259488,0.4018873253610733
DTC,HIV-1 IN,MIX,Test,0.7302325581395349,0.7235023041474654,0.7489361702127659,0.7268518518518519,0.7471266461448789,0.4945957477518026
DTC,HIV-1 PR,PC,Train,0.929853181076672,0.9878682842287696,0.91941982272361,0.957983193277311,0.4996812685511663,-0.0014894522287923
DTC,HIV-1 PR,PC,Validation,0.9296116504854368,0.9948051948051948,0.92512077294686,0.961104140526976,0.4974025974025974,-0.0191220752982519
DTC,HIV-1 PR,PC,Test,0.9172749391727494,0.9921052631578948,0.9106280193236715,0.9532237673830596,0.4960526315789473,-0.0255556761890249
DTC,HIV-1 PR,PC,Train,0.9298952457695407,1.0,0.9298952457695407,0.9636743215031316,0.5,0.0
DTC,HIV-1 PR,PC,Validation,0.929951690821256,1.0,0.929951690821256,0.9637046307884856,0.5,0.0
DTC,HIV-1 PR,PC,Test,0.9178743961352656,1.0,0.9178743961352656,0.9571788413098236,0.5,0.0
DTC,HIV-1 PR,PC,Train,0.9292682926829268,0.9904679376083187,0.9210314262691378,0.9588926174496644,0.4952339688041594,-0.0259657283205472
DTC,HIV-1 PR,PC,Validation,0.929951690821256,1.0,0.929951690821256,0.9637046307884856,0.5,0.0
DTC,HIV-1 PR,PC,Test,0.9176755447941888,0.9973684210526316,0.9154589371980676,0.9558638083228248,0.4986842105263158,-0.0147188078040711
DTC,HIV-1 PR,PC,Train,0.9302514193025142,0.9930735930735932,0.924315619967794,0.9606365159128978,0.5022839229735782,0.0137454598654976
DTC,HIV-1 PR,PC,Validation,0.9287469287469288,0.984375,0.9152542372881356,0.9557522123893806,0.4921875,-0.033366588652861
DTC,HIV-1 PR,PC,Test,0.9174757281553398,0.9947368421052633,0.9130434782608696,0.9545454545454546,0.4973684210526315,-0.0208407838832092
DTC,HIV-1 PR,PC,Train,0.9355385920271416,0.9558058925476604,0.8976631748589847,0.9455636519502786,0.5411213370784278,0.0963844573440948
DTC,HIV-1 PR,PC,Validation,0.9331683168316832,0.9792207792207792,0.9154589371980676,0.9556400506970848,0.5240931482310793,0.0801054804256122
DTC,HIV-1 PR,PC,Test,0.9193954659949622,0.9605263157894736,0.8864734299516909,0.9395109395109396,0.5096749226006192,0.0267725068139097
DTC,HIV-1 PR,PC,Train,0.9303691275167784,0.9610051993067592,0.8968573730862208,0.9454390451832908,0.503491105400506,0.0091541772969015
DTC,HIV-1 PR,PC,Validation,0.9319899244332494,0.961038961038961,0.8985507246376812,0.9462915601023018,0.5150022391401702,0.0385918616554013
DTC,HIV-1 PR,PC,Test,0.9185750636132316,0.95,0.8768115942028986,0.9340232858990944,0.5044117647058823,0.0110399643746734
DTC,HIV-1 PR,PC,Train,0.928921568627451,0.98526863084922,0.9161966156325544,0.9562657695542472,0.49263431542461,-0.0323586558930897
DTC,HIV-1 PR,PC,Validation,0.9287469287469288,0.9818181818181818,0.9130434782608696,0.9545454545454546,0.4909090909090909,-0.0359931991690024
DTC,HIV-1 PR,PC,Test,0.9166666666666666,0.9842105263157894,0.9033816425120772,0.949238578680203,0.4921052631578947,-0.0362738125055005
DTC,HIV-1 PR,PC,Train,0.9343986543313708,0.961904761904762,0.9017713365539451,0.947952218430034,0.5326765188834155,0.082525380565506
DTC,HIV-1 PR,PC,Validation,0.932642487046632,0.9375,0.8789346246973365,0.935064935064935,0.5204741379310345,0.0423277025991416
DTC,HIV-1 PR,PC,Test,0.918987341772152,0.9552631578947368,0.8816425120772947,0.9367741935483872,0.5070433436532508,0.018482673124683
DTC,HIV-1 PR,PC,Train,0.9339542760372566,0.9558058925476604,0.8960515713134569,0.9447537473233404,0.5296270842048647,0.0705311336292597
DTC,HIV-1 PR,PC,Validation,0.9326683291770572,0.9714285714285714,0.9082125603864736,0.9516539440203562,0.5201970443349754,0.0591157652278522
DTC,HIV-1 PR,PC,Test,0.9193954659949622,0.9605263157894736,0.8864734299516909,0.9395109395109396,0.5096749226006192,0.0267725068139097
DTC,HIV-1 PR,PC,Train,0.9276595744680852,0.9445407279029464,0.8799355358581789,0.936024044654358,0.4837646168250363,-0.0369457228706742
DTC,HIV-1 PR,PC,Validation,0.9309462915601024,0.9454545454545454,0.8840579710144928,0.9381443298969072,0.5072100313479624,0.0160673485743096
DTC,HIV-1 PR,PC,Test,0.917098445595855,0.9315789473684212,0.8599033816425121,0.9242819843342036,0.4952012383900929,-0.0104934370207573
DTC,HIV-1 PR,PC,Train,0.9305785123966942,0.975736568457539,0.9097502014504432,0.9526226734348562,0.5051096635391144,0.016719038504872
DTC,HIV-1 PR,PC,Validation,0.9280397022332506,0.9714285714285714,0.9033816425120772,0.949238578680203,0.4857142857142857,-0.0453432300086949
DTC,HIV-1 PR,PC,Test,0.915841584158416,0.9736842105263158,0.893719806763285,0.9438775510204082,0.4868421052631579,-0.0470605477414564
DTC,HIV-1 PR,PC,Train,0.9343434343434344,0.961038961038961,0.9009661835748792,0.9475032010243278,0.532243618450515,0.08070850211245
DTC,HIV-1 PR,PC,Validation,0.9322916666666666,0.9322916666666666,0.87409200968523,0.9322916666666666,0.5178699712643678,0.0357399425287356
DTC,HIV-1 PR,PC,Test,0.9183673469387756,0.9473684210526316,0.8743961352657005,0.932642487046632,0.5030959752321982,0.0075788682294944
DTC,HIV-1 PR,PC,Train,0.9316389132340052,0.9211438474870016,0.8638195004029009,0.9263616557734204,0.5122960616745353,0.0230683077704129
DTC,HIV-1 PR,PC,Validation,0.9309462915601024,0.9454545454545454,0.8840579710144928,0.9381443298969072,0.5072100313479624,0.0160673485743096
DTC,HIV-1 PR,PC,Test,0.91644908616188,0.9236842105263158,0.8526570048309179,0.9200524246395806,0.4912538699690402,-0.01824723009245
DTC,HIV-1 PR,PC,Train,0.932246998284734,0.9419410745233968,0.8823529411764706,0.9370689655172414,0.5169475487559514,0.0363177982272223
DTC,HIV-1 PR,PC,Validation,0.9331619537275064,0.9428571428571428,0.8840579710144928,0.937984496124031,0.5231527093596059,0.0496153859934954
DTC,HIV-1 PR,PC,Test,0.9184210526315788,0.9184210526315788,0.8502415458937198,0.9184210526315788,0.503328173374613,0.006656346749226
DTC,HIV-1 PR,PC,Train,0.931740614334471,0.9462738301559792,0.8855761482675262,0.938950988822012,0.5133668001354609,0.0297873336200131
DTC,HIV-1 PR,PC,Validation,0.9289340101522844,0.9506493506493506,0.8864734299516909,0.9396662387676508,0.4925660546350201,-0.0176976505552086
DTC,HIV-1 PR,PC,Test,0.9139240506329114,0.95,0.8719806763285024,0.9316129032258064,0.475,-0.0656033342777212
DTC,HIV-1 PR,PC,Train,0.928956834532374,0.8943722943722944,0.8381642512077294,0.9113365681517424,0.4931631586804,-0.0114001888189165
DTC,HIV-1 PR,PC,Validation,0.9324324324324323,0.8984375,0.8450363196125908,0.9151193633952256,0.5181842672413793,0.0304267329131972
DTC,HIV-1 PR,PC,Test,0.9142091152815014,0.8973684210526316,0.8285024154589372,0.905710491367862,0.4780959752321981,-0.0402660316063583
DTC,HIV-1 PR,PC,Train,0.931338028169014,0.9168110918544194,0.8597904915390814,0.9240174672489084,0.5101296838582442,0.0185867990084024
DTC,HIV-1 PR,PC,Validation,0.932642487046632,0.935064935064935,0.8768115942028986,0.933852140077821,0.5192566054635019,0.0391441100623485
DTC,HIV-1 PR,PC,Test,0.9155672823218998,0.913157894736842,0.8429951690821256,0.9143610013175232,0.4859907120743034,-0.0276518177952309
DTC,HIV-1 PR,PC,Train,0.9343257443082312,0.9246100519930676,0.8694601128122482,0.9294425087108014,0.5312705432379131,0.0589355448790555
DTC,HIV-1 PR,PC,Validation,0.93368700265252,0.9142857142857144,0.8599033816425121,0.9238845144356956,0.5261083743842365,0.0467162155823672
DTC,HIV-1 PR,PC,Test,0.9164420485175202,0.8947368421052632,0.8285024154589372,0.9054593874833556,0.4914860681114551,-0.0153239328914059
DTC,HIV-1 PR,PC,Train,0.9306759098786828,0.9306759098786828,0.871071716357776,0.9306759098786828,0.5055678399968128,0.0111356799936253
DTC,HIV-1 PR,PC,Validation,0.928388746803069,0.9428571428571428,0.8792270531400966,0.9355670103092784,0.4886699507389162,-0.0252486906167723
DTC,HIV-1 PR,PC,Test,0.9147286821705426,0.9315789473684212,0.857487922705314,0.9230769230769232,0.4804953560371517,-0.0433772399689102
DTC,HIV-1 PR,PC,Train,0.9324817518248176,0.8848484848484849,0.8333333333333334,0.9080408707241228,0.5171368861024034,0.0271600659018067
DTC,HIV-1 PR,PC,Validation,0.9342465753424658,0.8880208333333334,0.837772397094431,0.910547396528705,0.5302173132183908,0.0481818423376234
DTC,HIV-1 PR,PC,Test,0.9153005464480874,0.881578947368421,0.8164251207729468,0.8981233243967829,0.484907120743034,-0.0258864316594481
DTC,HIV-1 PR,PC,Train,0.9315789473684212,0.9202772963604852,0.863013698630137,0.925893635571055,0.5118627861112771,0.022154712258704
DTC,HIV-1 PR,PC,Validation,0.932642487046632,0.935064935064935,0.8768115942028986,0.933852140077821,0.5192566054635019,0.0391441100623485
DTC,HIV-1 PR,PC,Test,0.9157894736842104,0.9157894736842104,0.8454106280193237,0.9157894736842104,0.4873065015479876,-0.0253869969040247
DTC,HIV-1 PR,PC,Train,0.936265709156194,0.9038128249566724,0.8533440773569702,0.9197530864197532,0.543860435466842,0.0738960134611229
DTC,HIV-1 PR,PC,Validation,0.9327956989247312,0.9012987012987012,0.8478260869565217,0.916776750330251,0.51961486789073,0.0331626045110982
DTC,HIV-1 PR,PC,Test,0.9178082191780822,0.881578947368421,0.8188405797101449,0.8993288590604027,0.4996130030959752,-0.0006578460493802
DTC,HIV-1 PR,PC,Train,0.9309749784296808,0.9350086655112652,0.8751007252215954,0.9329874621703416,0.5077342178131039,0.0158986511766017
DTC,HIV-1 PR,PC,Validation,0.928388746803069,0.9428571428571428,0.8792270531400966,0.9355670103092784,0.4886699507389162,-0.0252486906167723
DTC,HIV-1 PR,PC,Test,0.9153846153846154,0.9394736842105263,0.8647342995169082,0.9272727272727272,0.4844427244582043,-0.0365558487603576
DTC,HIV-1 PR,PC,Train,0.9324817518248176,0.8848484848484849,0.8333333333333334,0.9080408707241228,0.5171368861024034,0.0271600659018067
DTC,HIV-1 PR,PC,Validation,0.9342465753424658,0.8880208333333334,0.837772397094431,0.910547396528705,0.5302173132183908,0.0481818423376234
DTC,HIV-1 PR,PC,Test,0.9153005464480874,0.881578947368421,0.8164251207729468,0.8981233243967829,0.484907120743034,-0.0258864316594481
DTC,HIV-1 PR,PC,Train,0.9315789473684212,0.9202772963604852,0.863013698630137,0.925893635571055,0.5118627861112771,0.022154712258704
DTC,HIV-1 PR,PC,Validation,0.932642487046632,0.935064935064935,0.8768115942028986,0.933852140077821,0.5192566054635019,0.0391441100623485
DTC,HIV-1 PR,PC,Test,0.9157894736842104,0.9157894736842104,0.8454106280193237,0.9157894736842104,0.4873065015479876,-0.0253869969040247
DTC,HIV-1 PR,PC,Train,0.936265709156194,0.9038128249566724,0.8533440773569702,0.9197530864197532,0.543860435466842,0.0738960134611229
DTC,HIV-1 PR,PC,Validation,0.9327956989247312,0.9012987012987012,0.8478260869565217,0.916776750330251,0.51961486789073,0.0331626045110982
DTC,HIV-1 PR,PC,Test,0.9178082191780822,0.881578947368421,0.8188405797101449,0.8993288590604027,0.4996130030959752,-0.0006578460493802
DTC,HIV-1 PR,PC,Train,0.9309749784296808,0.9350086655112652,0.8751007252215954,0.9329874621703416,0.5077342178131039,0.0158986511766017
DTC,HIV-1 PR,PC,Validation,0.928388746803069,0.9428571428571428,0.8792270531400966,0.9355670103092784,0.4886699507389162,-0.0252486906167723
DTC,HIV-1 PR,PC,Test,0.9153846153846154,0.9394736842105263,0.8647342995169082,0.9272727272727272,0.4844427244582043,-0.0365558487603576
DTC,HIV-1 PR,PC,Train,0.9324817518248176,0.8848484848484849,0.8333333333333334,0.9080408707241228,0.5171368861024034,0.0271600659018067
DTC,HIV-1 PR,PC,Validation,0.9342465753424658,0.8880208333333334,0.837772397094431,0.910547396528705,0.5302173132183908,0.0481818423376234
DTC,HIV-1 PR,PC,Test,0.9153005464480874,0.881578947368421,0.8164251207729468,0.8981233243967829,0.484907120743034,-0.0258864316594481
DTC,HIV-1 PR,PC,Train,0.9315789473684212,0.9202772963604852,0.863013698630137,0.925893635571055,0.5118627861112771,0.022154712258704
DTC,HIV-1 PR,PC,Validation,0.932642487046632,0.935064935064935,0.8768115942028986,0.933852140077821,0.5192566054635019,0.0391441100623485
DTC,HIV-1 PR,PC,Test,0.9157894736842104,0.9157894736842104,0.8454106280193237,0.9157894736842104,0.4873065015479876,-0.0253869969040247
DTC,HIV-1 PR,PC,Train,0.936265709156194,0.9038128249566724,0.8533440773569702,0.9197530864197532,0.543860435466842,0.0738960134611229
DTC,HIV-1 PR,PC,Validation,0.9327956989247312,0.9012987012987012,0.8478260869565217,0.916776750330251,0.51961486789073,0.0331626045110982
DTC,HIV-1 PR,PC,Test,0.9178082191780822,0.881578947368421,0.8188405797101449,0.8993288590604027,0.4996130030959752,-0.0006578460493802
DTC,HIV-1 PR,PC,Train,0.9309749784296808,0.9350086655112652,0.8751007252215954,0.9329874621703416,0.5077342178131039,0.0158986511766017
DTC,HIV-1 PR,PC,Validation,0.928388746803069,0.9428571428571428,0.8792270531400966,0.9355670103092784,0.4886699507389162,-0.0252486906167723
DTC,HIV-1 PR,PC,Test,0.9153846153846154,0.9394736842105263,0.8647342995169082,0.9272727272727272,0.4844427244582043,-0.0365558487603576
DTC,HIV-1 PR,PC,Train,0.9324817518248176,0.8848484848484849,0.8333333333333334,0.9080408707241228,0.5171368861024034,0.0271600659018067
DTC,HIV-1 PR,PC,Validation,0.9342465753424658,0.8880208333333334,0.837772397094431,0.910547396528705,0.5302173132183908,0.0481818423376234
DTC,HIV-1 PR,PC,Test,0.9153005464480874,0.881578947368421,0.8164251207729468,0.8981233243967829,0.484907120743034,-0.0258864316594481
DTC,HIV-1 PR,PC,Train,0.9315789473684212,0.9202772963604852,0.863013698630137,0.925893635571055,0.5118627861112771,0.022154712258704
DTC,HIV-1 PR,PC,Validation,0.932642487046632,0.935064935064935,0.8768115942028986,0.933852140077821,0.5192566054635019,0.0391441100623485
DTC,HIV-1 PR,PC,Test,0.9157894736842104,0.9157894736842104,0.8454106280193237,0.9157894736842104,0.4873065015479876,-0.0253869969040247
DTC,HIV-1 PR,PC,Train,0.936265709156194,0.9038128249566724,0.8533440773569702,0.9197530864197532,0.543860435466842,0.0738960134611229
DTC,HIV-1 PR,PC,Validation,0.9327956989247312,0.9012987012987012,0.8478260869565217,0.916776750330251,0.51961486789073,0.0331626045110982
DTC,HIV-1 PR,PC,Test,0.9178082191780822,0.881578947368421,0.8188405797101449,0.8993288590604027,0.4996130030959752,-0.0006578460493802
DTC,HIV-1 PR,PC,Train,0.9309749784296808,0.9350086655112652,0.8751007252215954,0.9329874621703416,0.5077342178131039,0.0158986511766017
DTC,HIV-1 PR,PC,Validation,0.928388746803069,0.9428571428571428,0.8792270531400966,0.9355670103092784,0.4886699507389162,-0.0252486906167723
DTC,HIV-1 PR,PC,Test,0.9153846153846154,0.9394736842105263,0.8647342995169082,0.9272727272727272,0.4844427244582043,-0.0365558487603576
DTC,HIV-1 PR,PC,Train,0.9324817518248176,0.8848484848484849,0.8333333333333334,0.9080408707241228,0.5171368861024034,0.0271600659018067
DTC,HIV-1 PR,PC,Validation,0.9342465753424658,0.8880208333333334,0.837772397094431,0.910547396528705,0.5302173132183908,0.0481818423376234
DTC,HIV-1 PR,PC,Test,0.9153005464480874,0.881578947368421,0.8164251207729468,0.8981233243967829,0.484907120743034,-0.0258864316594481
DTC,HIV-1 PR,PC,Train,0.9297385620915032,0.9861351819757366,0.9178082191780822,0.9571068124474348,0.4988147174246499,-0.005207140028773
DTC,HIV-1 PR,PC,Validation,0.929440389294404,0.9922077922077922,0.9227053140096618,0.9597989949748744,0.4961038961038961,-0.0234481374176136
DTC,HIV-1 PR,PC,Test,0.9166666666666666,0.9842105263157894,0.9033816425120772,0.949238578680203,0.4921052631578947,-0.0362738125055005
DTC,HIV-1 PR,PC,Train,0.9298952457695407,1.0,0.9298952457695407,0.9636743215031316,0.5,0.0
DTC,HIV-1 PR,PC,Validation,0.929951690821256,1.0,0.929951690821256,0.9637046307884856,0.5,0.0
DTC,HIV-1 PR,PC,Test,0.9178743961352656,1.0,0.9178743961352656,0.9571788413098236,0.5,0.0
DTC,HIV-1 PR,PC,Train,0.9292682926829268,0.9904679376083187,0.9210314262691378,0.9588926174496644,0.4952339688041594,-0.0259657283205472
DTC,HIV-1 PR,PC,Validation,0.929951690821256,1.0,0.929951690821256,0.9637046307884856,0.5,0.0
DTC,HIV-1 PR,PC,Test,0.9176755447941888,0.9973684210526316,0.9154589371980676,0.9558638083228248,0.4986842105263158,-0.0147188078040711
DTC,HIV-1 PR,PC,Train,0.9301948051948052,0.9922077922077922,0.923510466988728,0.9602010892333472,0.5018510225406777,0.0105727257627309
DTC,HIV-1 PR,PC,Validation,0.9285714285714286,0.9817708333333334,0.9128329297820824,0.9544303797468354,0.4908854166666667,-0.0360843918243516
DTC,HIV-1 PR,PC,Test,0.9172749391727494,0.9921052631578948,0.9106280193236715,0.9532237673830596,0.4960526315789473,-0.0255556761890249
DTC,HIV-1 PR,PC,Train,0.9366018596787828,0.9601386481802426,0.902497985495568,0.948224219084296,0.5490348413315007,0.1186290169769994
DTC,HIV-1 PR,PC,Validation,0.9331683168316832,0.9792207792207792,0.9154589371980676,0.9556400506970848,0.5240931482310793,0.0801054804256122
DTC,HIV-1 PR,PC,Test,0.9185750636132316,0.95,0.8768115942028986,0.9340232858990944,0.5044117647058823,0.0110399643746734
DTC,HIV-1 PR,PC,Train,0.931740614334471,0.9462738301559792,0.8855761482675262,0.938950988822012,0.5133668001354609,0.0297873336200131
DTC,HIV-1 PR,PC,Validation,0.9341772151898734,0.9584415584415584,0.8985507246376812,0.946153846153846,0.5309449171518137,0.0754872032550596
DTC,HIV-1 PR,PC,Test,0.9201030927835052,0.9394736842105263,0.8695652173913043,0.9296875,0.5138544891640867,0.0313580633417785
DTC,HIV-1 PR,PC,Train,0.92886345053148,0.9844020797227035,0.9153908138597904,0.9558266722759782,0.4922010398613518,-0.0333103921834001
DTC,HIV-1 PR,PC,Validation,0.928921568627451,0.9844155844155844,0.9154589371980676,0.9558638083228248,0.4922077922077922,-0.0332823649039272
DTC,HIV-1 PR,PC,Test,0.9166666666666666,0.9842105263157894,0.9033816425120772,0.949238578680203,0.4921052631578947,-0.0362738125055005
DTC,HIV-1 PR,PC,Train,0.9338487972508592,0.9411255411255413,0.8832528180354268,0.9374730487279,0.5280340349305866,0.0589851153056967
DTC,HIV-1 PR,PC,Validation,0.9308510638297872,0.9114583333333334,0.8547215496368039,0.9210526315789472,0.5074533045977012,0.0133367095285614
DTC,HIV-1 PR,PC,Test,0.917312661498708,0.9342105263157896,0.8623188405797102,0.9256844850065188,0.4965170278637771,-0.0077459357087339
DTC,HIV-1 PR,PC,Train,0.9319899244332494,0.9618717504332756,0.8992747784045125,0.9466950959488272,0.5154186338373274,0.0400403198805053
DTC,HIV-1 PR,PC,Validation,0.9328358208955224,0.974025974025974,0.9106280193236715,0.9529860228716646,0.5214957456336766,0.0654045894804774
DTC,HIV-1 PR,PC,Test,0.916030534351145,0.9473684210526316,0.8719806763285024,0.9314359637774904,0.4883900928792569,-0.0290525378280881
DTC,HIV-1 PR,PC,Train,0.9300937766410912,0.9454072790294628,0.8831587429492345,0.9376880103137086,0.5014392716986394,0.0032294744251355
DTC,HIV-1 PR,PC,Validation,0.9341772151898734,0.9584415584415584,0.8985507246376812,0.946153846153846,0.5309449171518137,0.0754872032550596
DTC,HIV-1 PR,PC,Test,0.9201030927835052,0.9394736842105263,0.8695652173913043,0.9296875,0.5138544891640867,0.0313580633417785
DTC,HIV-1 PR,PC,Train,0.9273984442523768,0.9298093587521664,0.8670427074939565,0.9286023366508004,0.482146058686428,-0.0362927859055512
DTC,HIV-1 PR,PC,Validation,0.926208651399491,0.9454545454545454,0.8792270531400966,0.93573264781491,0.4727272727272727,-0.0634427509723282
DTC,HIV-1 PR,PC,Test,0.9098143236074272,0.9026315789473685,0.8285024154589372,0.906208718626156,0.4513157894736842,-0.0937082542357311
DTC,HIV-1 PR,PC,Train,0.9334470989761092,0.9471861471861472,0.8880837359098228,0.9402664374731414,0.525317211524108,0.0560381330940768
DTC,HIV-1 PR,PC,Validation,0.9308510638297872,0.9114583333333334,0.8547215496368039,0.9210526315789472,0.5074533045977012,0.0133367095285614
DTC,HIV-1 PR,PC,Test,0.917312661498708,0.9342105263157896,0.8623188405797102,0.9256844850065188,0.4965170278637771,-0.0077459357087339
DTC,HIV-1 PR,PC,Train,0.9338624338624338,0.917677642980936,0.863013698630137,0.9256993006993008,0.5278043387318473,0.0505832443464469
DTC,HIV-1 PR,PC,Validation,0.9321148825065274,0.9272727272727272,0.8695652173913043,0.9296875,0.5153605015673981,0.0297909616502118
DTC,HIV-1 PR,PC,Test,0.9175531914893617,0.9078947368421052,0.8405797101449275,0.9126984126984128,0.4980650154798762,-0.0036800441308356
DTC,HIV-1 PR,PC,Train,0.9315424610051992,0.9315424610051992,0.8726833199033038,0.9315424610051992,0.5117482419968525,0.023496483993705
DTC,HIV-1 PR,PC,Validation,0.9331619537275064,0.9428571428571428,0.8840579710144928,0.937984496124031,0.5231527093596059,0.0496153859934954
DTC,HIV-1 PR,PC,Test,0.9214659685863874,0.9263157894736842,0.8599033816425121,0.9238845144356956,0.5219814241486068,0.0451970831796305
DTC,HIV-1 PR,PC,Train,0.9299474605954466,0.9202772963604852,0.8614020950846092,0.9250871080139372,0.5003685332377139,0.0006945740278786
DTC,HIV-1 PR,PC,Validation,0.9280205655526992,0.9376623376623376,0.8743961352657005,0.9328165374677002,0.4860725481415136,-0.02984600588777
DTC,HIV-1 PR,PC,Test,0.9126984126984128,0.9078947368421052,0.8357487922705314,0.9102902374670184,0.4686532507739938,-0.0610880991702871
DTC,HIV-1 PR,PC,Train,0.9303525365434222,0.9367965367965368,0.8760064412238325,0.9335634167385676,0.5028810270189581,0.0060259363811357
DTC,HIV-1 PR,PC,Validation,0.9308510638297872,0.9114583333333334,0.8547215496368039,0.9210526315789472,0.5074533045977012,0.0133367095285614
DTC,HIV-1 PR,PC,Test,0.9177377892030848,0.9394736842105263,0.8671497584541062,0.9284785435630688,0.4991486068111455,-0.001962666993785
DTC,HIV-1 PR,PC,Train,0.93051890941073,0.9168110918544194,0.8589846897663175,0.9236141422959406,0.5043825574214627,0.0080765007816069
DTC,HIV-1 PR,PC,Validation,0.9291338582677166,0.9194805194805196,0.8599033816425121,0.9242819843342036,0.4942230183609494,-0.0108878189075093
DTC,HIV-1 PR,PC,Test,0.9122340425531916,0.9026315789473685,0.8309178743961353,0.9074074074074074,0.4660216718266254,-0.0646215749374744
DTC,HIV-1 PR,PC,Train,0.9317980513728964,0.9116117850953206,0.8557614826752619,0.9215943933420936,0.5132771569154764,0.023661465086444
DTC,HIV-1 PR,PC,Validation,0.937007874015748,0.9272727272727272,0.8743961352657005,0.9321148825065274,0.5498432601880877,0.0939390887136272
DTC,HIV-1 PR,PC,Test,0.920424403183024,0.913157894736842,0.8478260869565217,0.916776750330251,0.5154024767801858,0.0296469675562964
DTC,HIV-1 PR,PC,Train,0.9315555555555556,0.9081455805892548,0.8525382755842063,0.9197016235190874,0.5115440546624435,0.0202509613631289
DTC,HIV-1 PR,PC,Validation,0.9272727272727272,0.9272727272727272,0.8647342995169082,0.9272727272727272,0.4808777429467084,-0.038244514106583
DTC,HIV-1 PR,PC,Test,0.9146666666666666,0.9026315789473685,0.8333333333333334,0.9086092715231788,0.4807275541795666,-0.0362284829505633
DTC,HIV-1 PR,PC,Train,0.929503916449086,0.9246753246753248,0.8647342995169082,0.9270833333333334,0.496820420958352,-0.0061666422074782
DTC,HIV-1 PR,PC,Validation,0.93048128342246,0.90625,0.8498789346246973,0.9182058047493404,0.5048491379310345,0.0084740503428514
DTC,HIV-1 PR,PC,Test,0.9166666666666666,0.9263157894736842,0.855072463768116,0.9214659685863874,0.4925696594427244,-0.0157377895072926
DTC,HIV-1 PR,PC,Train,0.931858407079646,0.912478336221837,0.8565672844480258,0.9220665499124344,0.5137104324787346,0.0245325656406078
DTC,HIV-1 PR,PC,Validation,0.9285714285714286,0.9116883116883115,0.8526570048309179,0.9200524246395806,0.4903269144648455,-0.0175237576016417
DTC,HIV-1 PR,PC,Test,0.9122340425531916,0.9026315789473685,0.8309178743961353,0.9074074074074074,0.4660216718266254,-0.0646215749374744
DTC,HIV-1 PR,PC,Train,0.9315555555555556,0.9081455805892548,0.8525382755842063,0.9197016235190874,0.5115440546624435,0.0202509613631289
DTC,HIV-1 PR,PC,Validation,0.93717277486911,0.9298701298701298,0.8768115942028986,0.9335071707953064,0.5511419614867891,0.0977529943719882
DTC,HIV-1 PR,PC,Test,0.920424403183024,0.913157894736842,0.8478260869565217,0.916776750330251,0.5154024767801858,0.0296469675562964
DTC,HIV-1 PR,PC,Train,0.9288888888888888,0.9055459272097054,0.8477034649476228,0.9170688898639754,0.493002848662324,-0.0122746336131131
DTC,HIV-1 PR,PC,Validation,0.9276485788113696,0.9324675324675324,0.8695652173913043,0.9300518134715026,0.483475145544111,-0.0341632860920735
DTC,HIV-1 PR,PC,Test,0.9146666666666666,0.9026315789473685,0.8333333333333334,0.9086092715231788,0.4807275541795666,-0.0362284829505633
DTC,HIV-1 PR,PC,Train,0.929503916449086,0.9246753246753248,0.8647342995169082,0.9270833333333334,0.496820420958352,-0.0061666422074782
DTC,HIV-1 PR,PC,Validation,0.93048128342246,0.90625,0.8498789346246973,0.9182058047493404,0.5048491379310345,0.0084740503428514
DTC,HIV-1 PR,PC,Test,0.9166666666666666,0.9263157894736842,0.855072463768116,0.9214659685863874,0.4925696594427244,-0.0157377895072926
DTC,HIV-1 PR,PC,Train,0.931858407079646,0.912478336221837,0.8565672844480258,0.9220665499124344,0.5137104324787346,0.0245325656406078
DTC,HIV-1 PR,PC,Validation,0.9285714285714286,0.9116883116883115,0.8526570048309179,0.9200524246395806,0.4903269144648455,-0.0175237576016417
DTC,HIV-1 PR,PC,Test,0.9122340425531916,0.9026315789473685,0.8309178743961353,0.9074074074074074,0.4660216718266254,-0.0646215749374744
DTC,HIV-1 PR,PC,Train,0.9315555555555556,0.9081455805892548,0.8525382755842063,0.9197016235190874,0.5115440546624435,0.0202509613631289
DTC,HIV-1 PR,PC,Validation,0.93717277486911,0.9298701298701298,0.8768115942028986,0.9335071707953064,0.5511419614867891,0.0977529943719882
DTC,HIV-1 PR,PC,Test,0.920424403183024,0.913157894736842,0.8478260869565217,0.916776750330251,0.5154024767801858,0.0296469675562964
DTC,HIV-1 PR,PC,Train,0.9288888888888888,0.9055459272097054,0.8477034649476228,0.9170688898639754,0.493002848662324,-0.0122746336131131
DTC,HIV-1 PR,PC,Validation,0.9276485788113696,0.9324675324675324,0.8695652173913043,0.9300518134715026,0.483475145544111,-0.0341632860920735
DTC,HIV-1 PR,PC,Test,0.9146666666666666,0.9026315789473685,0.8333333333333334,0.9086092715231788,0.4807275541795666,-0.0362284829505633
DTC,HIV-1 PR,PC,Train,0.929503916449086,0.9246753246753248,0.8647342995169082,0.9270833333333334,0.496820420958352,-0.0061666422074782
DTC,HIV-1 PR,PC,Validation,0.93048128342246,0.90625,0.8498789346246973,0.9182058047493404,0.5048491379310345,0.0084740503428514
DTC,HIV-1 PR,PC,Test,0.9166666666666666,0.9263157894736842,0.855072463768116,0.9214659685863874,0.4925696594427244,-0.0157377895072926
DTC,HIV-1 PR,PC,Train,0.931858407079646,0.912478336221837,0.8565672844480258,0.9220665499124344,0.5137104324787346,0.0245325656406078
DTC,HIV-1 PR,PC,Validation,0.9285714285714286,0.9116883116883115,0.8526570048309179,0.9200524246395806,0.4903269144648455,-0.0175237576016417
DTC,HIV-1 PR,PC,Test,0.9122340425531916,0.9026315789473685,0.8309178743961353,0.9074074074074074,0.4660216718266254,-0.0646215749374744
DTC,HIV-1 PR,PC,Train,0.9315555555555556,0.9081455805892548,0.8525382755842063,0.9197016235190874,0.5115440546624435,0.0202509613631289
DTC,HIV-1 PR,PC,Validation,0.93717277486911,0.9298701298701298,0.8768115942028986,0.9335071707953064,0.5511419614867891,0.0977529943719882
DTC,HIV-1 PR,PC,Test,0.920424403183024,0.913157894736842,0.8478260869565217,0.916776750330251,0.5154024767801858,0.0296469675562964
DTC,HIV-1 PR,PC,Train,0.9288888888888888,0.9055459272097054,0.8477034649476228,0.9170688898639754,0.493002848662324,-0.0122746336131131
DTC,HIV-1 PR,PC,Validation,0.9276485788113696,0.9324675324675324,0.8695652173913043,0.9300518134715026,0.483475145544111,-0.0341632860920735
DTC,HIV-1 PR,PC,Test,0.9146666666666666,0.9026315789473685,0.8333333333333334,0.9086092715231788,0.4807275541795666,-0.0362284829505633
DTC,HIV-1 PR,PC,Train,0.929503916449086,0.9246753246753248,0.8647342995169082,0.9270833333333334,0.496820420958352,-0.0061666422074782
DTC,HIV-1 PR,PC,Validation,0.93048128342246,0.90625,0.8498789346246973,0.9182058047493404,0.5048491379310345,0.0084740503428514
DTC,HIV-1 PR,PC,Test,0.9166666666666666,0.9263157894736842,0.855072463768116,0.9214659685863874,0.4925696594427244,-0.0157377895072926
DTC,HIV-1 PR,PC,Train,0.931858407079646,0.912478336221837,0.8565672844480258,0.9220665499124344,0.5137104324787346,0.0245325656406078
DTC,HIV-1 PR,PC,Validation,0.9285714285714286,0.9116883116883115,0.8526570048309179,0.9200524246395806,0.4903269144648455,-0.0175237576016417
DTC,HIV-1 PR,PC,Test,0.9122340425531916,0.9026315789473685,0.8309178743961353,0.9074074074074074,0.4660216718266254,-0.0646215749374744
DTC,HIV-1 PR,PC,Train,0.9315555555555556,0.9081455805892548,0.8525382755842063,0.9197016235190874,0.5115440546624435,0.0202509613631289
DTC,HIV-1 PR,PC,Validation,0.93717277486911,0.9298701298701298,0.8768115942028986,0.9335071707953064,0.5511419614867891,0.0977529943719882
DTC,HIV-1 PR,PC,Test,0.920424403183024,0.913157894736842,0.8478260869565217,0.916776750330251,0.5154024767801858,0.0296469675562964
DTC,HIV-1 PR,PC,Train,0.9288888888888888,0.9055459272097054,0.8477034649476228,0.9170688898639754,0.493002848662324,-0.0122746336131131
DTC,HIV-1 PR,PC,Validation,0.9276485788113696,0.9324675324675324,0.8695652173913043,0.9300518134715026,0.483475145544111,-0.0341632860920735
DTC,HIV-1 PR,PC,Test,0.9146666666666666,0.9026315789473685,0.8333333333333334,0.9086092715231788,0.4807275541795666,-0.0362284829505633
DTC,HIV-1 PR,PC,Train,0.929503916449086,0.9246753246753248,0.8647342995169082,0.9270833333333334,0.496820420958352,-0.0061666422074782
DTC,HIV-1 PR,PC,Validation,0.93048128342246,0.90625,0.8498789346246973,0.9182058047493404,0.5048491379310345,0.0084740503428514
DTC,HIV-1 PR,PC,Test,0.9166666666666666,0.9263157894736842,0.855072463768116,0.9214659685863874,0.4925696594427244,-0.0157377895072926
DTC,HIV-1 PR,ECFP4,Train,0.9298952457695407,1.0,0.9298952457695407,0.9636743215031316,0.5,0.0
DTC,HIV-1 PR,ECFP4,Validation,0.929951690821256,1.0,0.929951690821256,0.9637046307884856,0.5,0.0
DTC,HIV-1 PR,ECFP4,Test,0.9178743961352656,1.0,0.9178743961352656,0.9571788413098236,0.5,0.0
DTC,HIV-1 PR,ECFP4,Train,0.9298952457695407,1.0,0.9298952457695407,0.9636743215031316,0.5,0.0
DTC,HIV-1 PR,ECFP4,Validation,0.929951690821256,1.0,0.929951690821256,0.9637046307884856,0.5,0.0
DTC,HIV-1 PR,ECFP4,Test,0.9178743961352656,1.0,0.9178743961352656,0.9571788413098236,0.5,0.0
DTC,HIV-1 PR,ECFP4,Train,0.9298952457695407,1.0,0.9298952457695407,0.9636743215031316,0.5,0.0
DTC,HIV-1 PR,ECFP4,Validation,0.929951690821256,1.0,0.929951690821256,0.9637046307884856,0.5,0.0
DTC,HIV-1 PR,ECFP4,Test,0.9178743961352656,1.0,0.9178743961352656,0.9571788413098236,0.5,0.0
DTC,HIV-1 PR,ECFP4,Train,0.929951690821256,1.0,0.929951690821256,0.9637046307884856,0.5,0.0
DTC,HIV-1 PR,ECFP4,Validation,0.9297820823244553,1.0,0.9297820823244553,0.9636135508155584,0.5,0.0
DTC,HIV-1 PR,ECFP4,Test,0.9178743961352656,1.0,0.9178743961352656,0.9571788413098236,0.5,0.0
DTC,HIV-1 PR,ECFP4,Train,0.9291014014839242,0.9766031195840554,0.9089443996776791,0.9522602450359104,0.4940486862288093,-0.0204642559262326
DTC,HIV-1 PR,ECFP4,Validation,0.9296116504854368,0.9948051948051948,0.92512077294686,0.961104140526976,0.4974025974025974,-0.0191220752982519
DTC,HIV-1 PR,ECFP4,Test,0.9164619164619164,0.9815789473684212,0.9009661835748792,0.9479034307496824,0.4907894736842105,-0.0392282988873628
DTC,HIV-1 PR,ECFP4,Train,0.9295774647887324,0.9722703639514731,0.9057211925866236,0.9504447268106736,0.4976294348492998,-0.0074156859333538
DTC,HIV-1 PR,ECFP4,Validation,0.9282178217821784,0.974025974025974,0.9057971014492754,0.9505703422053232,0.487012987012987,-0.0431795340584155
DTC,HIV-1 PR,ECFP4,Test,0.914572864321608,0.9578947368421052,0.8792270531400966,0.93573264781491,0.4789473684210526,-0.0599744281220244
DTC,HIV-1 PR,ECFP4,Train,0.9286300246103364,0.9809358752166378,0.9121676067687348,0.9540665823851664,0.4904679376083189,-0.036886394735919
DTC,HIV-1 PR,ECFP4,Validation,0.928395061728395,0.9766233766233766,0.9082125603864736,0.9518987341772152,0.4883116883116883,-0.0409130990500802
DTC,HIV-1 PR,ECFP4,Test,0.9152119700748128,0.9657894736842104,0.8864734299516909,0.939820742637644,0.4828947368421052,-0.0538576190433587
DTC,HIV-1 PR,ECFP4,Train,0.9346186085498742,0.9653679653679652,0.9049919484702094,0.9497444633730836,0.5344081206150171,0.0902242548927832
DTC,HIV-1 PR,ECFP4,Validation,0.9335038363171356,0.9505208333333334,0.8910411622276029,0.9419354838709676,0.5269845545977011,0.0614059057608905
DTC,HIV-1 PR,ECFP4,Test,0.9195979899497488,0.963157894736842,0.8888888888888888,0.9408740359897172,0.5109907120743034,0.0313101793872333
DTC,HIV-1 PR,ECFP4,Train,0.9348392701998264,0.9324090121317158,0.8767123287671232,0.9336225596529284,0.5351700233072372,0.0692478455285976
DTC,HIV-1 PR,ECFP4,Validation,0.9291139240506328,0.9532467532467532,0.8888888888888888,0.941025641025641,0.4938647559337214,-0.014966348546951
DTC,HIV-1 PR,ECFP4,Test,0.918848167539267,0.9236842105263158,0.855072463768116,0.9212598425196852,0.5059597523219814,0.0122541387494068
DTC,HIV-1 PR,ECFP4,Train,0.932420872540633,0.9445407279029464,0.8847703464947623,0.938441670253982,0.518247375445726,0.039858360467801
DTC,HIV-1 PR,ECFP4,Validation,0.9325,0.9688311688311688,0.9057971014492754,0.9503184713375796,0.518898343036274,0.0533690010389513
DTC,HIV-1 PR,ECFP4,Test,0.9145077720207254,0.9289473684210526,0.855072463768116,0.9216710182767625,0.4791795665634675,-0.0455279767513505
DTC,HIV-1 PR,ECFP4,Train,0.9296939619520264,0.974003466204506,0.9073327961321516,0.951333051206094,0.4984959859758162,-0.004845697204214
DTC,HIV-1 PR,ECFP4,Validation,0.9321608040201004,0.9636363636363636,0.9009661835748792,0.9476372924648788,0.5163009404388715,0.0431688513113254
DTC,HIV-1 PR,ECFP4,Test,0.914141414141414,0.9526315789473684,0.8743961352657005,0.9329896907216496,0.4763157894736842,-0.0637729225136579
DTC,HIV-1 PR,ECFP4,Train,0.9341772151898734,0.9584415584415584,0.8985507246376812,0.946153846153846,0.5309449171518137,0.0754872032550596
DTC,HIV-1 PR,ECFP4,Validation,0.9347258485639688,0.9322916666666666,0.8765133171912833,0.9335071707953064,0.5351113505747127,0.0691324785527657
DTC,HIV-1 PR,ECFP4,Test,0.9185750636132316,0.95,0.8768115942028986,0.9340232858990944,0.5044117647058823,0.0110399643746734
DTC,HIV-1 PR,ECFP4,Train,0.9344405594405596,0.9263431542461004,0.871071716357776,0.9303742384682332,0.5321370943644296,0.0611364553506053
DTC,HIV-1 PR,ECFP4,Validation,0.9260204081632653,0.9428571428571428,0.8768115942028986,0.9343629343629344,0.4714285714285714,-0.0650184992737713
DTC,HIV-1 PR,ECFP4,Test,0.9184210526315788,0.9184210526315788,0.8502415458937198,0.9184210526315788,0.503328173374613,0.006656346749226
DTC,HIV-1 PR,ECFP4,Train,0.9309749784296808,0.9350086655112652,0.8751007252215954,0.9329874621703416,0.5077342178131039,0.0158986511766017
DTC,HIV-1 PR,ECFP4,Validation,0.9336734693877552,0.9506493506493506,0.8913043478260869,0.942084942084942,0.5270488132557098,0.0615535635757961
DTC,HIV-1 PR,ECFP4,Test,0.9138381201044388,0.9210526315789472,0.8478260869565217,0.9174311926605504,0.4752321981424148,-0.0516735719432212
DTC,HIV-1 PR,ECFP4,Train,0.9299743808710504,0.9436741767764298,0.8815471394037067,0.9367741935483872,0.500572720572123,0.0012676747561583
DTC,HIV-1 PR,ECFP4,Validation,0.93573264781491,0.9454545454545454,0.8888888888888888,0.9405684754521964,0.5416927899686521,0.0893460819341282
DTC,HIV-1 PR,ECFP4,Test,0.9149484536082474,0.9342105263157896,0.8599033816425121,0.9244791666666666,0.4818111455108359,-0.0411684071805472
DTC,HIV-1 PR,ECFP4,Train,0.9329320722269993,0.9393939393939394,0.8808373590982287,0.9361518550474548,0.5214211076280042,0.0448042420048175
DTC,HIV-1 PR,ECFP4,Validation,0.9310344827586208,0.9140625,0.8571428571428571,0.9224704336399474,0.5087553879310345,0.0158616394869393
DTC,HIV-1 PR,ECFP4,Test,0.917098445595855,0.9315789473684212,0.8599033816425121,0.9242819843342036,0.4952012383900929,-0.0104934370207573
DTC,HIV-1 PR,ECFP4,Train,0.9348591549295776,0.9202772963604852,0.8662369057211926,0.9275109170305676,0.5348512918584036,0.0639480921636186
DTC,HIV-1 PR,ECFP4,Validation,0.9252577319587628,0.9324675324675324,0.8671497584541062,0.9288486416558862,0.4662337662337662,-0.0710459695535069
DTC,HIV-1 PR,ECFP4,Test,0.916010498687664,0.9184210526315788,0.8478260869565217,0.9172141918528252,0.4886222910216718,-0.0230672921370495
DTC,HIV-1 PR,ECFP4,Train,0.931877729257642,0.9246100519930676,0.8670427074939565,0.9282296650717704,0.5140291639275683,0.0268155035323521
DTC,HIV-1 PR,ECFP4,Validation,0.9331619537275064,0.9428571428571428,0.8840579710144928,0.937984496124031,0.5231527093596059,0.0496153859934954
DTC,HIV-1 PR,ECFP4,Test,0.9149484536082474,0.9342105263157896,0.8599033816425121,0.9244791666666666,0.4818111455108359,-0.0411684071805472
DTC,HIV-1 PR,ECFP4,Train,0.9304721030042918,0.9393414211438474,0.878323932312651,0.9348857266062958,0.5041534691926134,0.008845731668536
DTC,HIV-1 PR,ECFP4,Validation,0.9348958333333334,0.9324675324675324,0.8768115942028986,0.9336801040312094,0.5351992834751456,0.0693053789943169
DTC,HIV-1 PR,ECFP4,Test,0.917312661498708,0.9342105263157896,0.8623188405797102,0.9256844850065188,0.4965170278637771,-0.0077459357087339
DTC,HIV-1 PR,ECFP4,Train,0.9341421143847488,0.9333333333333332,0.8768115942028986,0.9337375487223908,0.5298850574712644,0.0594552855070145
DTC,HIV-1 PR,ECFP4,Validation,0.9301075268817204,0.9010416666666666,0.8450363196125908,0.9153439153439152,0.5022449712643677,0.0038365600033248
DTC,HIV-1 PR,ECFP4,Test,0.9168831168831169,0.9289473684210526,0.857487922705314,0.922875816993464,0.4938854489164087,-0.0131551700519878
DTC,HIV-1 PR,ECFP4,Train,0.9348591549295776,0.9202772963604852,0.8662369057211926,0.9275109170305676,0.5348512918584036,0.0639480921636186
DTC,HIV-1 PR,ECFP4,Validation,0.9252577319587628,0.9324675324675324,0.8671497584541062,0.9288486416558862,0.4662337662337662,-0.0710459695535069
DTC,HIV-1 PR,ECFP4,Test,0.916010498687664,0.9184210526315788,0.8478260869565217,0.9172141918528252,0.4886222910216718,-0.0230672921370495
DTC,HIV-1 PR,ECFP4,Train,0.931877729257642,0.9246100519930676,0.8670427074939565,0.9282296650717704,0.5140291639275683,0.0268155035323521
DTC,HIV-1 PR,ECFP4,Validation,0.9331619537275064,0.9428571428571428,0.8840579710144928,0.937984496124031,0.5231527093596059,0.0496153859934954
DTC,HIV-1 PR,ECFP4,Test,0.9149484536082474,0.9342105263157896,0.8599033816425121,0.9244791666666666,0.4818111455108359,-0.0411684071805472
DTC,HIV-1 PR,ECFP4,Train,0.9304721030042918,0.9393414211438474,0.878323932312651,0.9348857266062958,0.5041534691926134,0.008845731668536
DTC,HIV-1 PR,ECFP4,Validation,0.9348958333333334,0.9324675324675324,0.8768115942028986,0.9336801040312094,0.5351992834751456,0.0693053789943169
DTC,HIV-1 PR,ECFP4,Test,0.917312661498708,0.9342105263157896,0.8623188405797102,0.9256844850065188,0.4965170278637771,-0.0077459357087339
DTC,HIV-1 PR,ECFP4,Train,0.9341421143847488,0.9333333333333332,0.8768115942028986,0.9337375487223908,0.5298850574712644,0.0594552855070145
DTC,HIV-1 PR,ECFP4,Validation,0.9301075268817204,0.9010416666666666,0.8450363196125908,0.9153439153439152,0.5022449712643677,0.0038365600033248
DTC,HIV-1 PR,ECFP4,Test,0.9168831168831169,0.9289473684210526,0.857487922705314,0.922875816993464,0.4938854489164087,-0.0131551700519878
DTC,HIV-1 PR,ECFP4,Train,0.9348591549295776,0.9202772963604852,0.8662369057211926,0.9275109170305676,0.5348512918584036,0.0639480921636186
DTC,HIV-1 PR,ECFP4,Validation,0.9252577319587628,0.9324675324675324,0.8671497584541062,0.9288486416558862,0.4662337662337662,-0.0710459695535069
DTC,HIV-1 PR,ECFP4,Test,0.916010498687664,0.9184210526315788,0.8478260869565217,0.9172141918528252,0.4886222910216718,-0.0230672921370495
DTC,HIV-1 PR,ECFP4,Train,0.931877729257642,0.9246100519930676,0.8670427074939565,0.9282296650717704,0.5140291639275683,0.0268155035323521
DTC,HIV-1 PR,ECFP4,Validation,0.9331619537275064,0.9428571428571428,0.8840579710144928,0.937984496124031,0.5231527093596059,0.0496153859934954
DTC,HIV-1 PR,ECFP4,Test,0.9149484536082474,0.9342105263157896,0.8599033816425121,0.9244791666666666,0.4818111455108359,-0.0411684071805472
DTC,HIV-1 PR,ECFP4,Train,0.9304721030042918,0.9393414211438474,0.878323932312651,0.9348857266062958,0.5041534691926134,0.008845731668536
DTC,HIV-1 PR,ECFP4,Validation,0.9348958333333334,0.9324675324675324,0.8768115942028986,0.9336801040312094,0.5351992834751456,0.0693053789943169
DTC,HIV-1 PR,ECFP4,Test,0.917312661498708,0.9342105263157896,0.8623188405797102,0.9256844850065188,0.4965170278637771,-0.0077459357087339
DTC,HIV-1 PR,ECFP4,Train,0.9341421143847488,0.9333333333333332,0.8768115942028986,0.9337375487223908,0.5298850574712644,0.0594552855070145
DTC,HIV-1 PR,ECFP4,Validation,0.9301075268817204,0.9010416666666666,0.8450363196125908,0.9153439153439152,0.5022449712643677,0.0038365600033248
DTC,HIV-1 PR,ECFP4,Test,0.9168831168831169,0.9289473684210526,0.857487922705314,0.922875816993464,0.4938854489164087,-0.0131551700519878
DTC,HIV-1 PR,ECFP4,Train,0.9348591549295776,0.9202772963604852,0.8662369057211926,0.9275109170305676,0.5348512918584036,0.0639480921636186
DTC,HIV-1 PR,ECFP4,Validation,0.9252577319587628,0.9324675324675324,0.8671497584541062,0.9288486416558862,0.4662337662337662,-0.0710459695535069
DTC,HIV-1 PR,ECFP4,Test,0.916010498687664,0.9184210526315788,0.8478260869565217,0.9172141918528252,0.4886222910216718,-0.0230672921370495
DTC,HIV-1 PR,ECFP4,Train,0.931877729257642,0.9246100519930676,0.8670427074939565,0.9282296650717704,0.5140291639275683,0.0268155035323521
DTC,HIV-1 PR,ECFP4,Validation,0.9331619537275064,0.9428571428571428,0.8840579710144928,0.937984496124031,0.5231527093596059,0.0496153859934954
DTC,HIV-1 PR,ECFP4,Test,0.9149484536082474,0.9342105263157896,0.8599033816425121,0.9244791666666666,0.4818111455108359,-0.0411684071805472
DTC,HIV-1 PR,ECFP4,Train,0.9304721030042918,0.9393414211438474,0.878323932312651,0.9348857266062958,0.5041534691926134,0.008845731668536
DTC,HIV-1 PR,ECFP4,Validation,0.9348958333333334,0.9324675324675324,0.8768115942028986,0.9336801040312094,0.5351992834751456,0.0693053789943169
DTC,HIV-1 PR,ECFP4,Test,0.917312661498708,0.9342105263157896,0.8623188405797102,0.9256844850065188,0.4965170278637771,-0.0077459357087339
DTC,HIV-1 PR,ECFP4,Train,0.9341421143847488,0.9333333333333332,0.8768115942028986,0.9337375487223908,0.5298850574712644,0.0594552855070145
DTC,HIV-1 PR,ECFP4,Validation,0.9301075268817204,0.9010416666666666,0.8450363196125908,0.9153439153439152,0.5022449712643677,0.0038365600033248
DTC,HIV-1 PR,ECFP4,Test,0.9168831168831169,0.9289473684210526,0.857487922705314,0.922875816993464,0.4938854489164087,-0.0131551700519878
DTC,HIV-1 PR,ECFP4,Train,0.9348591549295776,0.9202772963604852,0.8662369057211926,0.9275109170305676,0.5348512918584036,0.0639480921636186
DTC,HIV-1 PR,ECFP4,Validation,0.9252577319587628,0.9324675324675324,0.8671497584541062,0.9288486416558862,0.4662337662337662,-0.0710459695535069
DTC,HIV-1 PR,ECFP4,Test,0.916010498687664,0.9184210526315788,0.8478260869565217,0.9172141918528252,0.4886222910216718,-0.0230672921370495
DTC,HIV-1 PR,ECFP4,Train,0.931877729257642,0.9246100519930676,0.8670427074939565,0.9282296650717704,0.5140291639275683,0.0268155035323521
DTC,HIV-1 PR,ECFP4,Validation,0.9331619537275064,0.9428571428571428,0.8840579710144928,0.937984496124031,0.5231527093596059,0.0496153859934954
DTC,HIV-1 PR,ECFP4,Test,0.9149484536082474,0.9342105263157896,0.8599033816425121,0.9244791666666666,0.4818111455108359,-0.0411684071805472
DTC,HIV-1 PR,ECFP4,Train,0.9304721030042918,0.9393414211438474,0.878323932312651,0.9348857266062958,0.5041534691926134,0.008845731668536
DTC,HIV-1 PR,ECFP4,Validation,0.9348958333333334,0.9324675324675324,0.8768115942028986,0.9336801040312094,0.5351992834751456,0.0693053789943169
DTC,HIV-1 PR,ECFP4,Test,0.917312661498708,0.9342105263157896,0.8623188405797102,0.9256844850065188,0.4965170278637771,-0.0077459357087339
DTC,HIV-1 PR,ECFP4,Train,0.9341421143847488,0.9333333333333332,0.8768115942028986,0.9337375487223908,0.5298850574712644,0.0594552855070145
DTC,HIV-1 PR,ECFP4,Validation,0.9301075268817204,0.9010416666666666,0.8450363196125908,0.9153439153439152,0.5022449712643677,0.0038365600033248
DTC,HIV-1 PR,ECFP4,Test,0.9168831168831169,0.9289473684210526,0.857487922705314,0.922875816993464,0.4938854489164087,-0.0131551700519878
DTC,HIV-1 PR,ECFP4,Train,0.9298952457695407,1.0,0.9298952457695407,0.9636743215031316,0.5,0.0
DTC,HIV-1 PR,ECFP4,Validation,0.929951690821256,1.0,0.929951690821256,0.9637046307884856,0.5,0.0
DTC,HIV-1 PR,ECFP4,Test,0.9178743961352656,1.0,0.9178743961352656,0.9571788413098236,0.5,0.0
DTC,HIV-1 PR,ECFP4,Train,0.9298952457695407,1.0,0.9298952457695407,0.9636743215031316,0.5,0.0
DTC,HIV-1 PR,ECFP4,Validation,0.929951690821256,1.0,0.929951690821256,0.9637046307884856,0.5,0.0
DTC,HIV-1 PR,ECFP4,Test,0.9178743961352656,1.0,0.9178743961352656,0.9571788413098236,0.5,0.0
DTC,HIV-1 PR,ECFP4,Train,0.9298952457695407,1.0,0.9298952457695407,0.9636743215031316,0.5,0.0
DTC,HIV-1 PR,ECFP4,Validation,0.929951690821256,1.0,0.929951690821256,0.9637046307884856,0.5,0.0
DTC,HIV-1 PR,ECFP4,Test,0.9178743961352656,1.0,0.9178743961352656,0.9571788413098236,0.5,0.0
DTC,HIV-1 PR,ECFP4,Train,0.929951690821256,1.0,0.929951690821256,0.9637046307884856,0.5,0.0
DTC,HIV-1 PR,ECFP4,Validation,0.9297820823244553,1.0,0.9297820823244553,0.9636135508155584,0.5,0.0
DTC,HIV-1 PR,ECFP4,Test,0.9178743961352656,1.0,0.9178743961352656,0.9571788413098236,0.5,0.0
DTC,HIV-1 PR,ECFP4,Train,0.9291014014839242,0.9766031195840554,0.9089443996776791,0.9522602450359104,0.4940486862288093,-0.0204642559262326
DTC,HIV-1 PR,ECFP4,Validation,0.9296116504854368,0.9948051948051948,0.92512077294686,0.961104140526976,0.4974025974025974,-0.0191220752982519
DTC,HIV-1 PR,ECFP4,Test,0.9164619164619164,0.9815789473684212,0.9009661835748792,0.9479034307496824,0.4907894736842105,-0.0392282988873628
DTC,HIV-1 PR,ECFP4,Train,0.9295774647887324,0.9722703639514731,0.9057211925866236,0.9504447268106736,0.4976294348492998,-0.0074156859333538
DTC,HIV-1 PR,ECFP4,Validation,0.9282178217821784,0.974025974025974,0.9057971014492754,0.9505703422053232,0.487012987012987,-0.0431795340584155
DTC,HIV-1 PR,ECFP4,Test,0.914572864321608,0.9578947368421052,0.8792270531400966,0.93573264781491,0.4789473684210526,-0.0599744281220244
DTC,HIV-1 PR,ECFP4,Train,0.9286300246103364,0.9809358752166378,0.9121676067687348,0.9540665823851664,0.4904679376083189,-0.036886394735919
DTC,HIV-1 PR,ECFP4,Validation,0.928395061728395,0.9766233766233766,0.9082125603864736,0.9518987341772152,0.4883116883116883,-0.0409130990500802
DTC,HIV-1 PR,ECFP4,Test,0.9152119700748128,0.9657894736842104,0.8864734299516909,0.939820742637644,0.4828947368421052,-0.0538576190433587
DTC,HIV-1 PR,ECFP4,Train,0.9346186085498742,0.9653679653679652,0.9049919484702094,0.9497444633730836,0.5344081206150171,0.0902242548927832
DTC,HIV-1 PR,ECFP4,Validation,0.9335038363171356,0.9505208333333334,0.8910411622276029,0.9419354838709676,0.5269845545977011,0.0614059057608905
DTC,HIV-1 PR,ECFP4,Test,0.9195979899497488,0.963157894736842,0.8888888888888888,0.9408740359897172,0.5109907120743034,0.0313101793872333
DTC,HIV-1 PR,ECFP4,Train,0.9348392701998264,0.9324090121317158,0.8767123287671232,0.9336225596529284,0.5351700233072372,0.0692478455285976
DTC,HIV-1 PR,ECFP4,Validation,0.9291139240506328,0.9532467532467532,0.8888888888888888,0.941025641025641,0.4938647559337214,-0.014966348546951
DTC,HIV-1 PR,ECFP4,Test,0.918848167539267,0.9236842105263158,0.855072463768116,0.9212598425196852,0.5059597523219814,0.0122541387494068
DTC,HIV-1 PR,ECFP4,Train,0.932420872540633,0.9445407279029464,0.8847703464947623,0.938441670253982,0.518247375445726,0.039858360467801
DTC,HIV-1 PR,ECFP4,Validation,0.9325,0.9688311688311688,0.9057971014492754,0.9503184713375796,0.518898343036274,0.0533690010389513
DTC,HIV-1 PR,ECFP4,Test,0.9145077720207254,0.9289473684210526,0.855072463768116,0.9216710182767625,0.4791795665634675,-0.0455279767513505
DTC,HIV-1 PR,ECFP4,Train,0.9296939619520264,0.974003466204506,0.9073327961321516,0.951333051206094,0.4984959859758162,-0.004845697204214
DTC,HIV-1 PR,ECFP4,Validation,0.9321608040201004,0.9636363636363636,0.9009661835748792,0.9476372924648788,0.5163009404388715,0.0431688513113254
DTC,HIV-1 PR,ECFP4,Test,0.914141414141414,0.9526315789473684,0.8743961352657005,0.9329896907216496,0.4763157894736842,-0.0637729225136579
DTC,HIV-1 PR,ECFP4,Train,0.9341772151898734,0.9584415584415584,0.8985507246376812,0.946153846153846,0.5309449171518137,0.0754872032550596
DTC,HIV-1 PR,ECFP4,Validation,0.9347258485639688,0.9322916666666666,0.8765133171912833,0.9335071707953064,0.5351113505747127,0.0691324785527657
DTC,HIV-1 PR,ECFP4,Test,0.9185750636132316,0.95,0.8768115942028986,0.9340232858990944,0.5044117647058823,0.0110399643746734
DTC,HIV-1 PR,ECFP4,Train,0.9344405594405596,0.9263431542461004,0.871071716357776,0.9303742384682332,0.5321370943644296,0.0611364553506053
DTC,HIV-1 PR,ECFP4,Validation,0.9260204081632653,0.9428571428571428,0.8768115942028986,0.9343629343629344,0.4714285714285714,-0.0650184992737713
DTC,HIV-1 PR,ECFP4,Test,0.9184210526315788,0.9184210526315788,0.8502415458937198,0.9184210526315788,0.503328173374613,0.006656346749226
DTC,HIV-1 PR,ECFP4,Train,0.9309749784296808,0.9350086655112652,0.8751007252215954,0.9329874621703416,0.5077342178131039,0.0158986511766017
DTC,HIV-1 PR,ECFP4,Validation,0.9336734693877552,0.9506493506493506,0.8913043478260869,0.942084942084942,0.5270488132557098,0.0615535635757961
DTC,HIV-1 PR,ECFP4,Test,0.9138381201044388,0.9210526315789472,0.8478260869565217,0.9174311926605504,0.4752321981424148,-0.0516735719432212
DTC,HIV-1 PR,ECFP4,Train,0.9299743808710504,0.9436741767764298,0.8815471394037067,0.9367741935483872,0.500572720572123,0.0012676747561583
DTC,HIV-1 PR,ECFP4,Validation,0.93573264781491,0.9454545454545454,0.8888888888888888,0.9405684754521964,0.5416927899686521,0.0893460819341282
DTC,HIV-1 PR,ECFP4,Test,0.9149484536082474,0.9342105263157896,0.8599033816425121,0.9244791666666666,0.4818111455108359,-0.0411684071805472
DTC,HIV-1 PR,ECFP4,Train,0.9329320722269993,0.9393939393939394,0.8808373590982287,0.9361518550474548,0.5214211076280042,0.0448042420048175
DTC,HIV-1 PR,ECFP4,Validation,0.9310344827586208,0.9140625,0.8571428571428571,0.9224704336399474,0.5087553879310345,0.0158616394869393
DTC,HIV-1 PR,ECFP4,Test,0.917098445595855,0.9315789473684212,0.8599033816425121,0.9242819843342036,0.4952012383900929,-0.0104934370207573
DTC,HIV-1 PR,ECFP4,Train,0.9348591549295776,0.9202772963604852,0.8662369057211926,0.9275109170305676,0.5348512918584036,0.0639480921636186
DTC,HIV-1 PR,ECFP4,Validation,0.9252577319587628,0.9324675324675324,0.8671497584541062,0.9288486416558862,0.4662337662337662,-0.0710459695535069
DTC,HIV-1 PR,ECFP4,Test,0.916010498687664,0.9184210526315788,0.8478260869565217,0.9172141918528252,0.4886222910216718,-0.0230672921370495
DTC,HIV-1 PR,ECFP4,Train,0.931877729257642,0.9246100519930676,0.8670427074939565,0.9282296650717704,0.5140291639275683,0.0268155035323521
DTC,HIV-1 PR,ECFP4,Validation,0.9331619537275064,0.9428571428571428,0.8840579710144928,0.937984496124031,0.5231527093596059,0.0496153859934954
DTC,HIV-1 PR,ECFP4,Test,0.9149484536082474,0.9342105263157896,0.8599033816425121,0.9244791666666666,0.4818111455108359,-0.0411684071805472
DTC,HIV-1 PR,ECFP4,Train,0.9304721030042918,0.9393414211438474,0.878323932312651,0.9348857266062958,0.5041534691926134,0.008845731668536
DTC,HIV-1 PR,ECFP4,Validation,0.9348958333333334,0.9324675324675324,0.8768115942028986,0.9336801040312094,0.5351992834751456,0.0693053789943169
DTC,HIV-1 PR,ECFP4,Test,0.917312661498708,0.9342105263157896,0.8623188405797102,0.9256844850065188,0.4965170278637771,-0.0077459357087339
DTC,HIV-1 PR,ECFP4,Train,0.9341421143847488,0.9333333333333332,0.8768115942028986,0.9337375487223908,0.5298850574712644,0.0594552855070145
DTC,HIV-1 PR,ECFP4,Validation,0.9301075268817204,0.9010416666666666,0.8450363196125908,0.9153439153439152,0.5022449712643677,0.0038365600033248
DTC,HIV-1 PR,ECFP4,Test,0.9168831168831169,0.9289473684210526,0.857487922705314,0.922875816993464,0.4938854489164087,-0.0131551700519878
DTC,HIV-1 PR,ECFP4,Train,0.9348591549295776,0.9202772963604852,0.8662369057211926,0.9275109170305676,0.5348512918584036,0.0639480921636186
DTC,HIV-1 PR,ECFP4,Validation,0.9252577319587628,0.9324675324675324,0.8671497584541062,0.9288486416558862,0.4662337662337662,-0.0710459695535069
DTC,HIV-1 PR,ECFP4,Test,0.916010498687664,0.9184210526315788,0.8478260869565217,0.9172141918528252,0.4886222910216718,-0.0230672921370495
DTC,HIV-1 PR,ECFP4,Train,0.931877729257642,0.9246100519930676,0.8670427074939565,0.9282296650717704,0.5140291639275683,0.0268155035323521
DTC,HIV-1 PR,ECFP4,Validation,0.9331619537275064,0.9428571428571428,0.8840579710144928,0.937984496124031,0.5231527093596059,0.0496153859934954
DTC,HIV-1 PR,ECFP4,Test,0.9149484536082474,0.9342105263157896,0.8599033816425121,0.9244791666666666,0.4818111455108359,-0.0411684071805472
DTC,HIV-1 PR,ECFP4,Train,0.9304721030042918,0.9393414211438474,0.878323932312651,0.9348857266062958,0.5041534691926134,0.008845731668536
DTC,HIV-1 PR,ECFP4,Validation,0.9348958333333334,0.9324675324675324,0.8768115942028986,0.9336801040312094,0.5351992834751456,0.0693053789943169
DTC,HIV-1 PR,ECFP4,Test,0.917312661498708,0.9342105263157896,0.8623188405797102,0.9256844850065188,0.4965170278637771,-0.0077459357087339
DTC,HIV-1 PR,ECFP4,Train,0.9341421143847488,0.9333333333333332,0.8768115942028986,0.9337375487223908,0.5298850574712644,0.0594552855070145
DTC,HIV-1 PR,ECFP4,Validation,0.9301075268817204,0.9010416666666666,0.8450363196125908,0.9153439153439152,0.5022449712643677,0.0038365600033248
DTC,HIV-1 PR,ECFP4,Test,0.9168831168831169,0.9289473684210526,0.857487922705314,0.922875816993464,0.4938854489164087,-0.0131551700519878
DTC,HIV-1 PR,ECFP4,Train,0.9348591549295776,0.9202772963604852,0.8662369057211926,0.9275109170305676,0.5348512918584036,0.0639480921636186
DTC,HIV-1 PR,ECFP4,Validation,0.9252577319587628,0.9324675324675324,0.8671497584541062,0.9288486416558862,0.4662337662337662,-0.0710459695535069
DTC,HIV-1 PR,ECFP4,Test,0.916010498687664,0.9184210526315788,0.8478260869565217,0.9172141918528252,0.4886222910216718,-0.0230672921370495
DTC,HIV-1 PR,ECFP4,Train,0.931877729257642,0.9246100519930676,0.8670427074939565,0.9282296650717704,0.5140291639275683,0.0268155035323521
DTC,HIV-1 PR,ECFP4,Validation,0.9331619537275064,0.9428571428571428,0.8840579710144928,0.937984496124031,0.5231527093596059,0.0496153859934954
DTC,HIV-1 PR,ECFP4,Test,0.9149484536082474,0.9342105263157896,0.8599033816425121,0.9244791666666666,0.4818111455108359,-0.0411684071805472
DTC,HIV-1 PR,ECFP4,Train,0.9304721030042918,0.9393414211438474,0.878323932312651,0.9348857266062958,0.5041534691926134,0.008845731668536
DTC,HIV-1 PR,ECFP4,Validation,0.9348958333333334,0.9324675324675324,0.8768115942028986,0.9336801040312094,0.5351992834751456,0.0693053789943169
DTC,HIV-1 PR,ECFP4,Test,0.917312661498708,0.9342105263157896,0.8623188405797102,0.9256844850065188,0.4965170278637771,-0.0077459357087339
DTC,HIV-1 PR,ECFP4,Train,0.9341421143847488,0.9333333333333332,0.8768115942028986,0.9337375487223908,0.5298850574712644,0.0594552855070145
DTC,HIV-1 PR,ECFP4,Validation,0.9301075268817204,0.9010416666666666,0.8450363196125908,0.9153439153439152,0.5022449712643677,0.0038365600033248
DTC,HIV-1 PR,ECFP4,Test,0.9168831168831169,0.9289473684210526,0.857487922705314,0.922875816993464,0.4938854489164087,-0.0131551700519878
DTC,HIV-1 PR,ECFP4,Train,0.9348591549295776,0.9202772963604852,0.8662369057211926,0.9275109170305676,0.5348512918584036,0.0639480921636186
DTC,HIV-1 PR,ECFP4,Validation,0.9252577319587628,0.9324675324675324,0.8671497584541062,0.9288486416558862,0.4662337662337662,-0.0710459695535069
DTC,HIV-1 PR,ECFP4,Test,0.916010498687664,0.9184210526315788,0.8478260869565217,0.9172141918528252,0.4886222910216718,-0.0230672921370495
DTC,HIV-1 PR,ECFP4,Train,0.931877729257642,0.9246100519930676,0.8670427074939565,0.9282296650717704,0.5140291639275683,0.0268155035323521
DTC,HIV-1 PR,ECFP4,Validation,0.9331619537275064,0.9428571428571428,0.8840579710144928,0.937984496124031,0.5231527093596059,0.0496153859934954
DTC,HIV-1 PR,ECFP4,Test,0.9149484536082474,0.9342105263157896,0.8599033816425121,0.9244791666666666,0.4818111455108359,-0.0411684071805472
DTC,HIV-1 PR,ECFP4,Train,0.9304721030042918,0.9393414211438474,0.878323932312651,0.9348857266062958,0.5041534691926134,0.008845731668536
DTC,HIV-1 PR,ECFP4,Validation,0.9348958333333334,0.9324675324675324,0.8768115942028986,0.9336801040312094,0.5351992834751456,0.0693053789943169
DTC,HIV-1 PR,ECFP4,Test,0.917312661498708,0.9342105263157896,0.8623188405797102,0.9256844850065188,0.4965170278637771,-0.0077459357087339
DTC,HIV-1 PR,ECFP4,Train,0.9341421143847488,0.9333333333333332,0.8768115942028986,0.9337375487223908,0.5298850574712644,0.0594552855070145
DTC,HIV-1 PR,ECFP4,Validation,0.9301075268817204,0.9010416666666666,0.8450363196125908,0.9153439153439152,0.5022449712643677,0.0038365600033248
DTC,HIV-1 PR,ECFP4,Test,0.9168831168831169,0.9289473684210526,0.857487922705314,0.922875816993464,0.4938854489164087,-0.0131551700519878
DTC,HIV-1 PR,ECFP4,Train,0.9348591549295776,0.9202772963604852,0.8662369057211926,0.9275109170305676,0.5348512918584036,0.0639480921636186
DTC,HIV-1 PR,ECFP4,Validation,0.9252577319587628,0.9324675324675324,0.8671497584541062,0.9288486416558862,0.4662337662337662,-0.0710459695535069
DTC,HIV-1 PR,ECFP4,Test,0.916010498687664,0.9184210526315788,0.8478260869565217,0.9172141918528252,0.4886222910216718,-0.0230672921370495
DTC,HIV-1 PR,ECFP4,Train,0.931877729257642,0.9246100519930676,0.8670427074939565,0.9282296650717704,0.5140291639275683,0.0268155035323521
DTC,HIV-1 PR,ECFP4,Validation,0.9331619537275064,0.9428571428571428,0.8840579710144928,0.937984496124031,0.5231527093596059,0.0496153859934954
DTC,HIV-1 PR,ECFP4,Test,0.9149484536082474,0.9342105263157896,0.8599033816425121,0.9244791666666666,0.4818111455108359,-0.0411684071805472
DTC,HIV-1 PR,ECFP4,Train,0.9304721030042918,0.9393414211438474,0.878323932312651,0.9348857266062958,0.5041534691926134,0.008845731668536
DTC,HIV-1 PR,ECFP4,Validation,0.9348958333333334,0.9324675324675324,0.8768115942028986,0.9336801040312094,0.5351992834751456,0.0693053789943169
DTC,HIV-1 PR,ECFP4,Test,0.917312661498708,0.9342105263157896,0.8623188405797102,0.9256844850065188,0.4965170278637771,-0.0077459357087339
DTC,HIV-1 PR,ECFP4,Train,0.9341421143847488,0.9333333333333332,0.8768115942028986,0.9337375487223908,0.5298850574712644,0.0594552855070145
DTC,HIV-1 PR,ECFP4,Validation,0.9301075268817204,0.9010416666666666,0.8450363196125908,0.9153439153439152,0.5022449712643677,0.0038365600033248
DTC,HIV-1 PR,ECFP4,Test,0.9168831168831169,0.9289473684210526,0.857487922705314,0.922875816993464,0.4938854489164087,-0.0131551700519878
DTC,HIV-1 PR,MIX,Train,0.951735817104149,0.974003466204506,0.9298952457695407,0.9627408993576018,0.6594155262057013,0.3795094280505304
DTC,HIV-1 PR,MIX,Validation,0.953846153846154,0.9662337662337662,0.92512077294686,0.96,0.6727720555306762,0.3773939513229644
DTC,HIV-1 PR,MIX,Test,0.968481375358166,0.8894736842105263,0.8719806763285024,0.9272976680384089,0.7829721362229102,0.4271058639316461
DTC,HIV-1 PR,MIX,Train,0.9298952457695407,1.0,0.9298952457695407,0.9636743215031316,0.5,0.0
DTC,HIV-1 PR,MIX,Validation,0.929951690821256,1.0,0.929951690821256,0.9637046307884856,0.5,0.0
DTC,HIV-1 PR,MIX,Test,0.9178743961352656,1.0,0.9178743961352656,0.9571788413098236,0.5,0.0
DTC,HIV-1 PR,MIX,Train,0.9389747762408462,1.0,0.9395648670427076,0.9685270667226186,0.5689655172413793,0.3598802054019041
DTC,HIV-1 PR,MIX,Validation,0.929951690821256,1.0,0.929951690821256,0.9637046307884856,0.5,0.0
DTC,HIV-1 PR,MIX,Test,0.9178743961352656,1.0,0.9178743961352656,0.9571788413098236,0.5,0.0
DTC,HIV-1 PR,MIX,Train,0.9550466497031382,0.9748917748917748,0.9339774557165862,0.9648671808054842,0.6828481862964622,0.4253477047947717
DTC,HIV-1 PR,MIX,Validation,0.9438775510204082,0.9635416666666666,0.9128329297820824,0.9536082474226804,0.6024604885057472,0.2383407754875129
DTC,HIV-1 PR,MIX,Test,0.968481375358166,0.8894736842105263,0.8719806763285024,0.9272976680384089,0.7829721362229102,0.4271058639316461
DTC,HIV-1 PR,MIX,Train,0.9686174724342664,0.9896013864818024,0.9605157131345688,0.9789969995713672,0.7821570150799816,0.6613488937007431
DTC,HIV-1 PR,MIX,Validation,0.9536082474226804,0.961038961038961,0.9202898550724636,0.9573091849935316,0.6701746529332736,0.358056610481865
DTC,HIV-1 PR,MIX,Test,0.9626666666666668,0.95,0.9202898550724636,0.9562913907284768,0.7691176470588235,0.5058892980687104
DTC,HIV-1 PR,MIX,Train,0.9680207433016422,0.9705372616984402,0.9427880741337632,0.969277369104284,0.7726249526883004,0.5541812234425902
DTC,HIV-1 PR,MIX,Validation,0.947103274559194,0.9766233766233766,0.927536231884058,0.9616368286445012,0.6262427227944469,0.3247476358405265
DTC,HIV-1 PR,MIX,Test,0.9715099715099716,0.8973684210526316,0.8816425120772947,0.93296853625171,0.8016253869969039,0.4611108184879124
DTC,HIV-1 PR,MIX,Train,0.9513201320132012,0.9991334488734837,0.951651893634166,0.9746407438715132,0.6604862646666269,0.5424754471172416
DTC,HIV-1 PR,MIX,Validation,0.9297820823244553,0.9974025974025974,0.927536231884058,0.962406015037594,0.4987012987012987,-0.0135049695206861
DTC,HIV-1 PR,MIX,Test,0.9178743961352656,1.0,0.9178743961352656,0.9571788413098236,0.5,0.0
DTC,HIV-1 PR,MIX,Train,0.9639865996649916,0.9965367965367964,0.962157809983897,0.9799914857386122,0.751141961486789,0.6650849399832781
DTC,HIV-1 PR,MIX,Validation,0.9455445544554456,0.9947916666666666,0.9418886198547216,0.9695431472081218,0.6180854885057471,0.4133131281459046
DTC,HIV-1 PR,MIX,Test,0.9662337662337662,0.9789473684210528,0.9492753623188406,0.9725490196078432,0.798297213622291,0.6417724731691296
DTC,HIV-1 PR,MIX,Train,0.979539641943734,0.9956672443674176,0.9766317485898468,0.9875376020627418,0.8599025877009502,0.8075585753677138
DTC,HIV-1 PR,MIX,Validation,0.9560723514211886,0.961038961038961,0.9227053140096618,0.9585492227979274,0.6874160322436185,0.3874616593369316
DTC,HIV-1 PR,MIX,Test,0.970509383378016,0.9526315789473684,0.929951690821256,0.9614873837981408,0.8145510835913313,0.5782372878029689
DTC,HIV-1 PR,MIX,Train,0.9709897610921502,0.9861351819757366,0.959709911361805,0.9785038693035254,0.7976652921372936,0.6633341767765213
DTC,HIV-1 PR,MIX,Validation,0.959079283887468,0.974025974025974,0.9371980676328504,0.9664948453608248,0.7111509180474698,0.4705437796762125
DTC,HIV-1 PR,MIX,Test,0.9719887955182072,0.913157894736842,0.8961352657004831,0.9416553595658074,0.8095201238390092,0.4932630762361444
DTC,HIV-1 PR,MIX,Train,0.9737954353338968,0.9982668977469672,0.9734085414987912,0.9858793324775352,0.8209725293332536,0.7765224603054659
DTC,HIV-1 PR,MIX,Validation,0.9478908188585607,0.9922077922077922,0.9420289855072465,0.9695431472081218,0.6340349305866547,0.42543036807531
DTC,HIV-1 PR,MIX,Test,0.9545454545454546,0.9394736842105263,0.9033816425120772,0.946949602122016,0.7197368421052632,0.4084118500171729
DTC,HIV-1 PR,MIX,Train,0.96964586846543,0.9956709956709956,0.966988727858293,0.9824861170439982,0.79093894611136,0.7157248849320258
DTC,HIV-1 PR,MIX,Validation,0.945137157107232,0.9869791666666666,0.9346246973365616,0.9656050955414012,0.6141792385057471,0.3473913014779226
DTC,HIV-1 PR,MIX,Test,0.9561855670103092,0.9763157894736842,0.9371980676328504,0.9661458333333334,0.7381578947368421,0.5390433569980586
DTC,HIV-1 PR,MIX,Train,0.987146529562982,0.9982668977469672,0.9863013698630136,0.992675570874623,0.9129265523217592,0.8904592478031262
DTC,HIV-1 PR,MIX,Validation,0.96875,0.9662337662337662,0.9396135265700484,0.9674902470741222,0.7762203313927452,0.5438620580622731
DTC,HIV-1 PR,MIX,Test,0.9704301075268816,0.95,0.927536231884058,0.9601063829787234,0.8132352941176471,0.5696863689426556
DTC,HIV-1 PR,MIX,Train,0.9773519163763066,0.9722703639514731,0.9532634971796938,0.9748045178105996,0.8367098946194147,0.6530342911793534
DTC,HIV-1 PR,MIX,Validation,0.9553805774278216,0.9454545454545454,0.9082125603864736,0.9503916449086162,0.6796238244514106,0.3385352064962793
DTC,HIV-1 PR,MIX,Test,0.9770773638968482,0.8973684210526316,0.8864734299516909,0.935528120713306,0.8310371517027864,0.4996531127012173
DTC,HIV-1 PR,MIX,Train,0.9897084048027444,1.0,0.9903303787268332,0.9948275862068966,0.9310344827586208,0.9236865814181892
DTC,HIV-1 PR,MIX,Validation,0.9516539440203562,0.9714285714285714,0.927536231884058,0.961439588688946,0.6581280788177339,0.36784294529276
DTC,HIV-1 PR,MIX,Test,0.9567567567567568,0.9315789473684212,0.8985507246376812,0.944,0.7304953560371518,0.4106730767774256
DTC,HIV-1 PR,MIX,Train,0.993103448275862,0.9974025974025974,0.9911433172302736,0.9952483801295896,0.9527242872070458,0.9306330824393064
DTC,HIV-1 PR,MIX,Validation,0.9493670886075948,0.9765625,0.9297820823244553,0.962772785622593,0.6434536637931034,0.3590636580017522
DTC,HIV-1 PR,MIX,Test,0.97289972899729,0.9447368421052632,0.92512077294686,0.958611481975968,0.8253095975232198,0.5739032562370109
DTC,HIV-1 PR,MIX,Train,0.996542783059637,0.9991334488734837,0.9959709911361804,0.9978364344439636,0.9765782186896154,0.9687693576657532
DTC,HIV-1 PR,MIX,Validation,0.9709762532981532,0.9558441558441558,0.932367149758454,0.9633507853403142,0.7882669055082847,0.5289328232512387
DTC,HIV-1 PR,MIX,Test,0.9701897018970188,0.9421052631578948,0.9202898550724636,0.9559412550066756,0.8092879256965946,0.5456382136386142
DTC,HIV-1 PR,MIX,Train,0.987676056338028,0.9722703639514731,0.9629331184528606,0.9799126637554584,0.905675411860794,0.7443674894918619
DTC,HIV-1 PR,MIX,Validation,0.9425587467362924,0.9376623376623376,0.8888888888888888,0.9401041666666666,0.5895208240035826,0.1736213770809725
DTC,HIV-1 PR,MIX,Test,0.9798270893371758,0.8947368421052632,0.8864734299516909,0.9353507565337,0.8444272445820434,0.5135191112833566
DTC,HIV-1 PR,MIX,Train,0.994823123382226,0.9991334488734837,0.9943593875906528,0.996973627323822,0.965083965816052,0.9560382082609814
DTC,HIV-1 PR,MIX,Validation,0.9561855670103092,0.9636363636363636,0.92512077294686,0.959896507115136,0.6887147335423198,0.3970659359396261
DTC,HIV-1 PR,MIX,Test,0.9607843137254902,0.9026315789473685,0.8768115942028986,0.9308005427408412,0.7454334365325077,0.3911320867078805
DTC,HIV-1 PR,MIX,Train,0.9956896551724138,1.0,0.99597423510467,0.9978401727861772,0.971264367816092,0.9687446060606996
DTC,HIV-1 PR,MIX,Validation,0.9493670886075948,0.9765625,0.9297820823244553,0.962772785622593,0.6434536637931034,0.3590636580017522
DTC,HIV-1 PR,MIX,Test,0.9680851063829788,0.9578947368421052,0.932367149758454,0.9629629629629628,0.8024767801857584,0.5752644985322325
DTC,HIV-1 PR,MIX,Train,0.9974048442906576,0.9991334488734837,0.9967767929089444,0.9982683982683984,0.982325345126397,0.9750889394595912
DTC,HIV-1 PR,MIX,Validation,0.9710526315789474,0.9584415584415584,0.9347826086956522,0.9647058823529412,0.7895656068069861,0.538362845292111
DTC,HIV-1 PR,MIX,Test,0.9699453551912568,0.9342105263157896,0.9130434782608696,0.9517426273458444,0.8053405572755419,0.5237024251103745
DTC,HIV-1 PR,MIX,Train,0.9894086496028244,0.9714038128249568,0.9637389202256244,0.980323567993004,0.916736389171099,0.7549655212481465
DTC,HIV-1 PR,MIX,Validation,0.9425587467362924,0.9376623376623376,0.8888888888888888,0.9401041666666666,0.5895208240035826,0.1736213770809725
DTC,HIV-1 PR,MIX,Test,0.982608695652174,0.8921052631578947,0.8864734299516909,0.9351724137931036,0.8578173374613003,0.5272159484943046
DTC,HIV-1 PR,MIX,Train,0.996545768566494,1.0,0.9967767929089444,0.9982698961937716,0.9770114942528736,0.9750525997660656
DTC,HIV-1 PR,MIX,Validation,0.9536082474226804,0.961038961038961,0.9202898550724636,0.9573091849935316,0.6701746529332736,0.358056610481865
DTC,HIV-1 PR,MIX,Test,0.9598930481283422,0.9447368421052632,0.9130434782608696,0.9522546419098143,0.7517801857585139,0.4679689144437702
DTC,HIV-1 PR,MIX,Train,0.9956896551724138,1.0,0.99597423510467,0.9978401727861772,0.971264367816092,0.9687446060606996
DTC,HIV-1 PR,MIX,Validation,0.9493670886075948,0.9765625,0.9297820823244553,0.962772785622593,0.6434536637931034,0.3590636580017522
DTC,HIV-1 PR,MIX,Test,0.9680851063829788,0.9578947368421052,0.932367149758454,0.9629629629629628,0.8024767801857584,0.5752644985322325
DTC,HIV-1 PR,MIX,Train,0.9974048442906576,0.9991334488734837,0.9967767929089444,0.9982683982683984,0.982325345126397,0.9750889394595912
DTC,HIV-1 PR,MIX,Validation,0.9710526315789474,0.9584415584415584,0.9347826086956522,0.9647058823529412,0.7895656068069861,0.538362845292111
DTC,HIV-1 PR,MIX,Test,0.9699453551912568,0.9342105263157896,0.9130434782608696,0.9517426273458444,0.8053405572755419,0.5237024251103745
DTC,HIV-1 PR,MIX,Train,0.9894086496028244,0.9714038128249568,0.9637389202256244,0.980323567993004,0.916736389171099,0.7549655212481465
DTC,HIV-1 PR,MIX,Validation,0.9425587467362924,0.9376623376623376,0.8888888888888888,0.9401041666666666,0.5895208240035826,0.1736213770809725
DTC,HIV-1 PR,MIX,Test,0.982608695652174,0.8921052631578947,0.8864734299516909,0.9351724137931036,0.8578173374613003,0.5272159484943046
DTC,HIV-1 PR,MIX,Train,0.996545768566494,1.0,0.9967767929089444,0.9982698961937716,0.9770114942528736,0.9750525997660656
DTC,HIV-1 PR,MIX,Validation,0.9536082474226804,0.961038961038961,0.9202898550724636,0.9573091849935316,0.6701746529332736,0.358056610481865
DTC,HIV-1 PR,MIX,Test,0.9598930481283422,0.9447368421052632,0.9130434782608696,0.9522546419098143,0.7517801857585139,0.4679689144437702
DTC,HIV-1 PR,MIX,Train,0.9956896551724138,1.0,0.99597423510467,0.9978401727861772,0.971264367816092,0.9687446060606996
DTC,HIV-1 PR,MIX,Validation,0.9493670886075948,0.9765625,0.9297820823244553,0.962772785622593,0.6434536637931034,0.3590636580017522
DTC,HIV-1 PR,MIX,Test,0.9680851063829788,0.9578947368421052,0.932367149758454,0.9629629629629628,0.8024767801857584,0.5752644985322325
DTC,HIV-1 PR,MIX,Train,0.9974048442906576,0.9991334488734837,0.9967767929089444,0.9982683982683984,0.982325345126397,0.9750889394595912
DTC,HIV-1 PR,MIX,Validation,0.9710526315789474,0.9584415584415584,0.9347826086956522,0.9647058823529412,0.7895656068069861,0.538362845292111
DTC,HIV-1 PR,MIX,Test,0.9699453551912568,0.9342105263157896,0.9130434782608696,0.9517426273458444,0.8053405572755419,0.5237024251103745
DTC,HIV-1 PR,MIX,Train,0.9894086496028244,0.9714038128249568,0.9637389202256244,0.980323567993004,0.916736389171099,0.7549655212481465
DTC,HIV-1 PR,MIX,Validation,0.9425587467362924,0.9376623376623376,0.8888888888888888,0.9401041666666666,0.5895208240035826,0.1736213770809725
DTC,HIV-1 PR,MIX,Test,0.982608695652174,0.8921052631578947,0.8864734299516909,0.9351724137931036,0.8578173374613003,0.5272159484943046
DTC,HIV-1 PR,MIX,Train,0.996545768566494,1.0,0.9967767929089444,0.9982698961937716,0.9770114942528736,0.9750525997660656
DTC,HIV-1 PR,MIX,Validation,0.9536082474226804,0.961038961038961,0.9202898550724636,0.9573091849935316,0.6701746529332736,0.358056610481865
DTC,HIV-1 PR,MIX,Test,0.9598930481283422,0.9447368421052632,0.9130434782608696,0.9522546419098143,0.7517801857585139,0.4679689144437702
DTC,HIV-1 PR,MIX,Train,0.9956896551724138,1.0,0.99597423510467,0.9978401727861772,0.971264367816092,0.9687446060606996
DTC,HIV-1 PR,MIX,Validation,0.9493670886075948,0.9765625,0.9297820823244553,0.962772785622593,0.6434536637931034,0.3590636580017522
DTC,HIV-1 PR,MIX,Test,0.9680851063829788,0.9578947368421052,0.932367149758454,0.9629629629629628,0.8024767801857584,0.5752644985322325
DTC,HIV-1 PR,MIX,Train,0.9974048442906576,0.9991334488734837,0.9967767929089444,0.9982683982683984,0.982325345126397,0.9750889394595912
DTC,HIV-1 PR,MIX,Validation,0.9710526315789474,0.9584415584415584,0.9347826086956522,0.9647058823529412,0.7895656068069861,0.538362845292111
DTC,HIV-1 PR,MIX,Test,0.9699453551912568,0.9342105263157896,0.9130434782608696,0.9517426273458444,0.8053405572755419,0.5237024251103745
DTC,HIV-1 PR,MIX,Train,0.9894086496028244,0.9714038128249568,0.9637389202256244,0.980323567993004,0.916736389171099,0.7549655212481465
DTC,HIV-1 PR,MIX,Validation,0.9425587467362924,0.9376623376623376,0.8888888888888888,0.9401041666666666,0.5895208240035826,0.1736213770809725
DTC,HIV-1 PR,MIX,Test,0.982608695652174,0.8921052631578947,0.8864734299516909,0.9351724137931036,0.8578173374613003,0.5272159484943046
DTC,HIV-1 PR,MIX,Train,0.996545768566494,1.0,0.9967767929089444,0.9982698961937716,0.9770114942528736,0.9750525997660656
DTC,HIV-1 PR,MIX,Validation,0.9536082474226804,0.961038961038961,0.9202898550724636,0.9573091849935316,0.6701746529332736,0.358056610481865
DTC,HIV-1 PR,MIX,Test,0.9598930481283422,0.9447368421052632,0.9130434782608696,0.9522546419098143,0.7517801857585139,0.4679689144437702
DTC,HIV-1 PR,MIX,Train,0.9956896551724138,1.0,0.99597423510467,0.9978401727861772,0.971264367816092,0.9687446060606996
DTC,HIV-1 PR,MIX,Validation,0.9493670886075948,0.9765625,0.9297820823244553,0.962772785622593,0.6434536637931034,0.3590636580017522
DTC,HIV-1 PR,MIX,Test,0.9680851063829788,0.9578947368421052,0.932367149758454,0.9629629629629628,0.8024767801857584,0.5752644985322325
DTC,HIV-1 PR,MIX,Train,0.951735817104149,0.974003466204506,0.9298952457695407,0.9627408993576018,0.6594155262057013,0.3795094280505304
DTC,HIV-1 PR,MIX,Validation,0.953846153846154,0.9662337662337662,0.92512077294686,0.96,0.6727720555306762,0.3773939513229644
DTC,HIV-1 PR,MIX,Test,0.968481375358166,0.8894736842105263,0.8719806763285024,0.9272976680384089,0.7829721362229102,0.4271058639316461
DTC,HIV-1 PR,MIX,Train,0.9298952457695407,1.0,0.9298952457695407,0.9636743215031316,0.5,0.0
DTC,HIV-1 PR,MIX,Validation,0.929951690821256,1.0,0.929951690821256,0.9637046307884856,0.5,0.0
DTC,HIV-1 PR,MIX,Test,0.9178743961352656,1.0,0.9178743961352656,0.9571788413098236,0.5,0.0
DTC,HIV-1 PR,MIX,Train,0.9389747762408462,1.0,0.9395648670427076,0.9685270667226186,0.5689655172413793,0.3598802054019041
DTC,HIV-1 PR,MIX,Validation,0.929951690821256,1.0,0.929951690821256,0.9637046307884856,0.5,0.0
DTC,HIV-1 PR,MIX,Test,0.9178743961352656,1.0,0.9178743961352656,0.9571788413098236,0.5,0.0
DTC,HIV-1 PR,MIX,Train,0.9550466497031382,0.9748917748917748,0.9339774557165862,0.9648671808054842,0.6828481862964622,0.4253477047947717
DTC,HIV-1 PR,MIX,Validation,0.9438775510204082,0.9635416666666666,0.9128329297820824,0.9536082474226804,0.6024604885057472,0.2383407754875129
DTC,HIV-1 PR,MIX,Test,0.968481375358166,0.8894736842105263,0.8719806763285024,0.9272976680384089,0.7829721362229102,0.4271058639316461
DTC,HIV-1 PR,MIX,Train,0.9685106382978724,0.9861351819757366,0.9572925060435132,0.9772434521253756,0.7804239128269488,0.6381410317183814
DTC,HIV-1 PR,MIX,Validation,0.9534883720930232,0.9584415584415584,0.9178743961352656,0.955958549222798,0.6688759516345724,0.3491321188433857
DTC,HIV-1 PR,MIX,Test,0.9627659574468084,0.9526315789473684,0.9227053140096618,0.9576719576719576,0.7704334365325078,0.5143229677255937
DTC,HIV-1 PR,MIX,Train,0.9683219178082192,0.9800693240901212,0.951651893634166,0.9741602067183462,0.7773909838841411,0.602007658076603
DTC,HIV-1 PR,MIX,Validation,0.9472361809045228,0.9792207792207792,0.929951690821256,0.9629629629629628,0.6275414240931483,0.3377606827875136
DTC,HIV-1 PR,MIX,Test,0.9725274725274724,0.9315789473684212,0.9130434782608696,0.9516129032258064,0.8187306501547987,0.5370928700543123
DTC,HIV-1 PR,MIX,Train,0.9505358615004122,0.9991334488734837,0.950846091861402,0.9742289818335446,0.6547391382298452,0.5320877789824048
DTC,HIV-1 PR,MIX,Validation,0.9297820823244553,0.9974025974025974,0.927536231884058,0.962406015037594,0.4987012987012987,-0.0135049695206861
DTC,HIV-1 PR,MIX,Test,0.9176755447941888,0.9973684210526316,0.9154589371980676,0.9558638083228248,0.4986842105263158,-0.0147188078040711
DTC,HIV-1 PR,MIX,Train,0.9639865996649916,0.9965367965367964,0.962157809983897,0.9799914857386122,0.751141961486789,0.6650849399832781
DTC,HIV-1 PR,MIX,Validation,0.9455445544554456,0.9947916666666666,0.9418886198547216,0.9695431472081218,0.6180854885057471,0.4133131281459046
DTC,HIV-1 PR,MIX,Test,0.9662337662337662,0.9789473684210528,0.9492753623188406,0.9725490196078432,0.798297213622291,0.6417724731691296
DTC,HIV-1 PR,MIX,Train,0.976962457337884,0.9922010398613518,0.9709911361804996,0.9845227858985384,0.8409281061375725,0.7597434789959899
DTC,HIV-1 PR,MIX,Validation,0.9534883720930232,0.9584415584415584,0.9178743961352656,0.955958549222798,0.6688759516345724,0.3491321188433857
DTC,HIV-1 PR,MIX,Test,0.9705882352941176,0.9552631578947368,0.932367149758454,0.9628647214854112,0.8158668730650156,0.5870830432969647
DTC,HIV-1 PR,MIX,Train,0.9729501267962808,0.9974003466204506,0.9717969379532636,0.9850235344458708,0.8147921273332138,0.7615703365934553
DTC,HIV-1 PR,MIX,Validation,0.9615384615384616,0.974025974025974,0.9396135265700484,0.967741935483871,0.7283922973578145,0.4988878050148052
DTC,HIV-1 PR,MIX,Test,0.9732620320855616,0.9578947368421052,0.9371980676328504,0.9655172413793104,0.8318885448916408,0.6168615755102633
DTC,HIV-1 PR,MIX,Train,0.9747974797479748,0.938474870017331,0.920225624496374,0.9562913907284768,0.8083178947787804,0.5141176960970487
DTC,HIV-1 PR,MIX,Validation,0.9464285714285714,0.9636363636363636,0.9154589371980676,0.954954954954955,0.6197492163009404,0.2725070016584086
DTC,HIV-1 PR,MIX,Test,0.9517426273458444,0.9342105263157896,0.8961352657004831,0.9428950863213812,0.7023993808049536,0.3720695146665265
DTC,HIV-1 PR,MIX,Train,0.9753401360544216,0.9930735930735932,0.9702093397745571,0.984126984126984,0.82987012987013,0.750668127978997
DTC,HIV-1 PR,MIX,Validation,0.9475,0.9869791666666666,0.937046004842615,0.9668367346938777,0.6314206178160919,0.3846417655768012
DTC,HIV-1 PR,MIX,Test,0.9561855670103092,0.9763157894736842,0.9371980676328504,0.9661458333333334,0.7381578947368421,0.5390433569980586
DTC,HIV-1 PR,MIX,Train,0.9828767123287672,0.9948006932409011,0.9790491539081386,0.9888027562446168,0.8824578178848185,0.8300289073349755
DTC,HIV-1 PR,MIX,Validation,0.9661458333333334,0.9636363636363636,0.9347826086956522,0.964889466840052,0.757680250783699,0.5073576981339688
DTC,HIV-1 PR,MIX,Test,0.970509383378016,0.9526315789473684,0.929951690821256,0.9614873837981408,0.8145510835913313,0.5782372878029689
DTC,HIV-1 PR,MIX,Train,0.9779474130619168,0.9991334488734837,0.9782433521353748,0.9884269181311616,0.8501414370804199,0.8206978372885158
DTC,HIV-1 PR,MIX,Validation,0.958974358974359,0.9714285714285714,0.9347826086956522,0.9651612903225808,0.7098522167487684,0.4583898537841916
DTC,HIV-1 PR,MIX,Test,0.9783783783783784,0.9526315789473684,0.9371980676328504,0.9653333333333334,0.8586687306501548,0.639039300801407
DTC,HIV-1 PR,MIX,Train,0.9837883959044368,0.9991334488734837,0.983883964544722,0.99140154772141,0.890371322137891,0.8699255386753827
DTC,HIV-1 PR,MIX,Validation,0.951530612244898,0.9688311688311688,0.92512077294686,0.96010296010296,0.6568293775190327,0.3568883768914536
DTC,HIV-1 PR,MIX,Test,0.9517426273458444,0.9342105263157896,0.8961352657004831,0.9428950863213812,0.7023993808049536,0.3720695146665265
DTC,HIV-1 PR,MIX,Train,0.9939707149009476,0.9991341991341992,0.9935587761674718,0.996545768566494,0.9593372145096284,0.9496282532422718
DTC,HIV-1 PR,MIX,Validation,0.9517766497461928,0.9765625,0.9322033898305084,0.9640102827763496,0.6606950431034483,0.3919874618603786
DTC,HIV-1 PR,MIX,Test,0.972972972972973,0.9473684210526316,0.927536231884058,0.96,0.8266253869969038,0.5819477447954117
DTC,HIV-1 PR,MIX,Train,0.99137187230371,0.9956672443674176,0.9879129734085416,0.993514915693904,0.9403623578158928,0.905219853823988
DTC,HIV-1 PR,MIX,Validation,0.9683377308707124,0.9532467532467532,0.927536231884058,0.9607329842931938,0.7697268248992388,0.4949141516921253
DTC,HIV-1 PR,MIX,Test,0.9702702702702702,0.9447368421052632,0.9227053140096618,0.9573333333333334,0.8106037151702786,0.5534019667924139
DTC,HIV-1 PR,MIX,Train,0.987146529562982,0.9982668977469672,0.9863013698630136,0.992675570874623,0.9129265523217592,0.8904592478031262
DTC,HIV-1 PR,MIX,Validation,0.9462915601023018,0.961038961038961,0.9130434782608696,0.9536082474226804,0.6184505150022391,0.2639635837208021
DTC,HIV-1 PR,MIX,Test,0.978319783197832,0.95,0.9347826086956522,0.9639519359145527,0.8573529411764704,0.6304333414338043
DTC,HIV-1 PR,MIX,Train,0.992248062015504,0.9982668977469672,0.9911361804995972,0.9952483801295896,0.9474093109424492,0.9303287472036708
DTC,HIV-1 PR,MIX,Validation,0.9561855670103092,0.9636363636363636,0.92512077294686,0.959896507115136,0.6887147335423198,0.3970659359396261
DTC,HIV-1 PR,MIX,Test,0.9586776859504132,0.9157894736842104,0.8864734299516909,0.936742934051144,0.7373065015479876,0.3964902286697497
DTC,HIV-1 PR,MIX,Train,0.9974093264248703,1.0,0.997584541062802,0.9987029831387808,0.9827586206896552,0.9813337359816676
DTC,HIV-1 PR,MIX,Validation,0.9517766497461928,0.9765625,0.9322033898305084,0.9640102827763496,0.6606950431034483,0.3919874618603786
DTC,HIV-1 PR,MIX,Test,0.9680851063829788,0.9578947368421052,0.932367149758454,0.9629629629629628,0.8024767801857584,0.5752644985322325
DTC,HIV-1 PR,MIX,Train,0.9922346850733392,0.9965337954939342,0.9895245769540691,0.9943795936013836,0.9465427598159326,0.9179244424332365
DTC,HIV-1 PR,MIX,Validation,0.968421052631579,0.9558441558441558,0.929951690821256,0.962091503267974,0.77102552619794,0.5038929693331048
DTC,HIV-1 PR,MIX,Test,0.9700272479564032,0.936842105263158,0.9154589371980676,0.9531459170013388,0.806656346749226,0.5308004091365064
DTC,HIV-1 PR,MIX,Train,0.9888412017167382,0.9982668977469672,0.9879129734085416,0.9935316946959896,0.9244208051953224,0.9038980146954156
DTC,HIV-1 PR,MIX,Validation,0.9467005076142132,0.9688311688311688,0.9202898550724636,0.957637997432606,0.6223466188983431,0.2912649476917475
DTC,HIV-1 PR,MIX,Test,0.9809264305177112,0.9473684210526316,0.9347826086956522,0.963855421686747,0.8707430340557276,0.6417299242210665
DTC,HIV-1 PR,MIX,Train,0.9948186528497408,0.9982668977469672,0.9935535858178888,0.9965397923875432,0.9646506902527938,0.9497860512222956
DTC,HIV-1 PR,MIX,Validation,0.9537275064267352,0.9636363636363636,0.9227053140096618,0.958656330749354,0.6714733542319749,0.3674609535185575
DTC,HIV-1 PR,MIX,Test,0.9551451187335092,0.9526315789473684,0.9154589371980676,0.9538866930171278,0.7263157894736842,0.4467067139958856
DTC,HIV-1 PR,MIX,Train,0.9974093264248703,1.0,0.997584541062802,0.9987029831387808,0.9827586206896552,0.9813337359816676
DTC,HIV-1 PR,MIX,Validation,0.9517766497461928,0.9765625,0.9322033898305084,0.9640102827763496,0.6606950431034483,0.3919874618603786
DTC,HIV-1 PR,MIX,Test,0.9680851063829788,0.9578947368421052,0.932367149758454,0.9629629629629628,0.8024767801857584,0.5752644985322325
DTC,HIV-1 PR,MIX,Train,0.9922346850733392,0.9965337954939342,0.9895245769540691,0.9943795936013836,0.9465427598159326,0.9179244424332365
DTC,HIV-1 PR,MIX,Validation,0.968421052631579,0.9558441558441558,0.929951690821256,0.962091503267974,0.77102552619794,0.5038929693331048
DTC,HIV-1 PR,MIX,Test,0.9700272479564032,0.936842105263158,0.9154589371980676,0.9531459170013388,0.806656346749226,0.5308004091365064
DTC,HIV-1 PR,MIX,Train,0.9888412017167382,0.9982668977469672,0.9879129734085416,0.9935316946959896,0.9244208051953224,0.9038980146954156
DTC,HIV-1 PR,MIX,Validation,0.9467005076142132,0.9688311688311688,0.9202898550724636,0.957637997432606,0.6223466188983431,0.2912649476917475
DTC,HIV-1 PR,MIX,Test,0.9809264305177112,0.9473684210526316,0.9347826086956522,0.963855421686747,0.8707430340557276,0.6417299242210665
DTC,HIV-1 PR,MIX,Train,0.9948186528497408,0.9982668977469672,0.9935535858178888,0.9965397923875432,0.9646506902527938,0.9497860512222956
DTC,HIV-1 PR,MIX,Validation,0.9537275064267352,0.9636363636363636,0.9227053140096618,0.958656330749354,0.6714733542319749,0.3674609535185575
DTC,HIV-1 PR,MIX,Test,0.9551451187335092,0.9526315789473684,0.9154589371980676,0.9538866930171278,0.7263157894736842,0.4467067139958856
DTC,HIV-1 PR,MIX,Train,0.9974093264248703,1.0,0.997584541062802,0.9987029831387808,0.9827586206896552,0.9813337359816676
DTC,HIV-1 PR,MIX,Validation,0.9517766497461928,0.9765625,0.9322033898305084,0.9640102827763496,0.6606950431034483,0.3919874618603786
DTC,HIV-1 PR,MIX,Test,0.9680851063829788,0.9578947368421052,0.932367149758454,0.9629629629629628,0.8024767801857584,0.5752644985322325
DTC,HIV-1 PR,MIX,Train,0.9922346850733392,0.9965337954939342,0.9895245769540691,0.9943795936013836,0.9465427598159326,0.9179244424332365
DTC,HIV-1 PR,MIX,Validation,0.968421052631579,0.9558441558441558,0.929951690821256,0.962091503267974,0.77102552619794,0.5038929693331048
DTC,HIV-1 PR,MIX,Test,0.9700272479564032,0.936842105263158,0.9154589371980676,0.9531459170013388,0.806656346749226,0.5308004091365064
DTC,HIV-1 PR,MIX,Train,0.9888412017167382,0.9982668977469672,0.9879129734085416,0.9935316946959896,0.9244208051953224,0.9038980146954156
DTC,HIV-1 PR,MIX,Validation,0.9467005076142132,0.9688311688311688,0.9202898550724636,0.957637997432606,0.6223466188983431,0.2912649476917475
DTC,HIV-1 PR,MIX,Test,0.9809264305177112,0.9473684210526316,0.9347826086956522,0.963855421686747,0.8707430340557276,0.6417299242210665
DTC,HIV-1 PR,MIX,Train,0.9948186528497408,0.9982668977469672,0.9935535858178888,0.9965397923875432,0.9646506902527938,0.9497860512222956
DTC,HIV-1 PR,MIX,Validation,0.9537275064267352,0.9636363636363636,0.9227053140096618,0.958656330749354,0.6714733542319749,0.3674609535185575
DTC,HIV-1 PR,MIX,Test,0.9551451187335092,0.9526315789473684,0.9154589371980676,0.9538866930171278,0.7263157894736842,0.4467067139958856
DTC,HIV-1 PR,MIX,Train,0.9974093264248703,1.0,0.997584541062802,0.9987029831387808,0.9827586206896552,0.9813337359816676
DTC,HIV-1 PR,MIX,Validation,0.9517766497461928,0.9765625,0.9322033898305084,0.9640102827763496,0.6606950431034483,0.3919874618603786
DTC,HIV-1 PR,MIX,Test,0.9680851063829788,0.9578947368421052,0.932367149758454,0.9629629629629628,0.8024767801857584,0.5752644985322325
DTC,HIV-1 PR,MIX,Train,0.9922346850733392,0.9965337954939342,0.9895245769540691,0.9943795936013836,0.9465427598159326,0.9179244424332365
DTC,HIV-1 PR,MIX,Validation,0.968421052631579,0.9558441558441558,0.929951690821256,0.962091503267974,0.77102552619794,0.5038929693331048
DTC,HIV-1 PR,MIX,Test,0.9700272479564032,0.936842105263158,0.9154589371980676,0.9531459170013388,0.806656346749226,0.5308004091365064
DTC,HIV-1 PR,MIX,Train,0.9888412017167382,0.9982668977469672,0.9879129734085416,0.9935316946959896,0.9244208051953224,0.9038980146954156
DTC,HIV-1 PR,MIX,Validation,0.9467005076142132,0.9688311688311688,0.9202898550724636,0.957637997432606,0.6223466188983431,0.2912649476917475
DTC,HIV-1 PR,MIX,Test,0.9809264305177112,0.9473684210526316,0.9347826086956522,0.963855421686747,0.8707430340557276,0.6417299242210665
DTC,HIV-1 PR,MIX,Train,0.9948186528497408,0.9982668977469672,0.9935535858178888,0.9965397923875432,0.9646506902527938,0.9497860512222956
DTC,HIV-1 PR,MIX,Validation,0.9537275064267352,0.9636363636363636,0.9227053140096618,0.958656330749354,0.6714733542319749,0.3674609535185575
DTC,HIV-1 PR,MIX,Test,0.9551451187335092,0.9526315789473684,0.9154589371980676,0.9538866930171278,0.7263157894736842,0.4467067139958856
DTC,HIV-1 PR,MIX,Train,0.9974093264248703,1.0,0.997584541062802,0.9987029831387808,0.9827586206896552,0.9813337359816676
DTC,HIV-1 PR,MIX,Validation,0.9517766497461928,0.9765625,0.9322033898305084,0.9640102827763496,0.6606950431034483,0.3919874618603786
DTC,HIV-1 PR,MIX,Test,0.9680851063829788,0.9578947368421052,0.932367149758454,0.9629629629629628,0.8024767801857584,0.5752644985322325
DTC,HIV-1 RT,PC,Train,0.7107892107892108,1.0,0.7107892107892108,0.830948905109489,0.5,0.0
DTC,HIV-1 RT,PC,Validation,0.7110778443113772,1.0,0.7110778443113772,0.8311461067366579,0.5,0.0
DTC,HIV-1 RT,PC,Test,0.7529940119760479,1.0,0.7529940119760479,0.8590947907771136,0.5,0.0
DTC,HIV-1 RT,PC,Train,0.6886930983847284,0.6591707659873507,0.545954045954046,0.6736086175942549,0.4634368510420346,-0.0710946267610234
DTC,HIV-1 RT,PC,Validation,0.6889400921658986,0.6294736842105263,0.5344311377245509,0.6578657865786579,0.4649959094627761,-0.0665152855706101
DTC,HIV-1 RT,PC,Test,0.7079439252336449,0.6023856858846919,0.5134730538922155,0.6509129967776585,0.4224049641544671,-0.1394962050820413
DTC,HIV-1 RT,PC,Train,0.7109335996005991,1.0,0.7109335996005991,0.8310475634665888,0.5,0.0
DTC,HIV-1 RT,PC,Validation,0.7106446776611695,1.0,0.7106446776611695,0.8308501314636284,0.5,0.0
DTC,HIV-1 RT,PC,Test,0.7529940119760479,1.0,0.7529940119760479,0.8590947907771136,0.5,0.0
DTC,HIV-1 RT,PC,Train,0.7109335996005991,1.0,0.7109335996005991,0.8310475634665888,0.5,0.0
DTC,HIV-1 RT,PC,Validation,0.7106446776611695,1.0,0.7106446776611695,0.8308501314636284,0.5,0.0
DTC,HIV-1 RT,PC,Test,0.7529940119760479,1.0,0.7529940119760479,0.8590947907771136,0.5,0.0
DTC,HIV-1 RT,PC,Train,0.712,0.8130709768095573,0.6333666333666333,0.7591863517060368,0.5023904106845714,0.0055443021624881
DTC,HIV-1 RT,PC,Validation,0.707089552238806,0.7978947368421052,0.6212574850299402,0.7497527200791295,0.4922116171257158,-0.0177310064453697
DTC,HIV-1 RT,PC,Test,0.7403314917127072,0.7992047713717694,0.6377245508982036,0.768642447418738,0.4723296584131574,-0.0611949465067415
DTC,HIV-1 RT,PC,Train,0.7244640605296343,0.8074490513000703,0.6448551448551448,0.7637088733798604,0.5263497415394996,0.0588911222419998
DTC,HIV-1 RT,PC,Validation,0.7142857142857143,0.8,0.6302395209580839,0.7547169811320755,0.506217616580311,0.013997617497204
DTC,HIV-1 RT,PC,Test,0.7288461538461538,0.7534791252485089,0.6032934131736527,0.7409579667644184,0.4494668353515272,-0.104954225379125
DTC,HIV-1 RT,PC,Train,0.6984343090537781,0.7205056179775281,0.5801298052920619,0.7092983062564812,0.4776966777279695,-0.0457311692520939
DTC,HIV-1 RT,PC,Validation,0.6989898989898989,0.729957805907173,0.5847076461769115,0.7141382868937048,0.478968540259286,-0.0436013980748006
DTC,HIV-1 RT,PC,Test,0.7274549098196392,0.7216699801192843,0.5868263473053892,0.7245508982035929,0.44871377793843,-0.1017567068897478
DTC,HIV-1 RT,PC,Train,0.7155612244897959,0.7879213483146067,0.6265601597603595,0.75,0.5088138693213794,0.0193808679125031
DTC,HIV-1 RT,PC,Validation,0.6937984496124031,0.7552742616033755,0.5892053973013494,0.7232323232323232,0.4683107059312214,-0.068674745905317
DTC,HIV-1 RT,PC,Test,0.7461538461538462,0.7713717693836978,0.6302395209580839,0.7585532746823069,0.4856858846918489,-0.029729523068765
DTC,HIV-1 RT,PC,Train,0.6942148760330579,0.708362614195362,0.570929070929071,0.7012173913043478,0.47076161797851,-0.0593964393229586
DTC,HIV-1 RT,PC,Validation,0.7016806722689075,0.7031578947368421,0.5763473053892215,0.7024185068349106,0.4837032997000273,-0.032643825160134
DTC,HIV-1 RT,PC,Test,0.7263581488933601,0.7176938369781312,0.5838323353293413,0.722,0.4467257063678534,-0.1052924935483064
DTC,HIV-1 RT,PC,Train,0.7244039270687237,0.7259311314125088,0.6088911088911089,0.7251667251667252,0.5235873273642855,0.047247567884686
DTC,HIV-1 RT,PC,Validation,0.711453744493392,0.68,0.5763473053892215,0.6953713670613563,0.5006217616580312,0.0012079378196344
DTC,HIV-1 RT,PC,Test,0.7297872340425532,0.6819085487077535,0.5703592814371258,0.7050359712230215,0.4561057895053919,-0.0829051822169198
DTC,HIV-1 RT,PC,Train,0.7051546391752578,0.7205056179775281,0.5871193210184723,0.7127474817645015,0.4897864877452407,-0.0207719663606194
DTC,HIV-1 RT,PC,Validation,0.7033398821218074,0.7552742616033755,0.5997001499250375,0.728382502543235,0.4864454209571281,-0.028913217342332
DTC,HIV-1 RT,PC,Test,0.7327935222672065,0.7196819085487077,0.5913173652694611,0.7261785356068204,0.4598409542743538,-0.0789225749249133
DTC,HIV-1 RT,PC,Train,0.6934919524142757,0.6959269662921348,0.565152271592611,0.6947073256221521,0.4697251411771554,-0.0607063802944445
DTC,HIV-1 RT,PC,Validation,0.692929292929293,0.7236286919831224,0.5757121439280359,0.7079463364293086,0.4680319625718721,-0.0662745783106831
DTC,HIV-1 RT,PC,Test,0.7560483870967742,0.7455268389662028,0.6272455089820359,0.7507507507507507,0.5060967528164347,0.0120267833082664
DTC,HIV-1 RT,PC,Train,0.6978319783197832,0.7238229093464511,0.580919080919081,0.7105898585719214,0.4767646498373015,-0.0478723667008187
DTC,HIV-1 RT,PC,Validation,0.7069672131147541,0.7263157894736842,0.5913173652694611,0.7165109034267912,0.4926915734933188,-0.0149325224205881
DTC,HIV-1 RT,PC,Test,0.7244897959183674,0.705765407554672,0.5763473053892215,0.7150050352467271,0.4437917946864268,-0.1096598475890546
DTC,HIV-1 RT,PC,Train,0.7325102880658436,0.6254392129304287,0.5714285714285714,0.6747536012130402,0.5320633024928483,0.0595256949915811
DTC,HIV-1 RT,PC,Validation,0.7223650385604113,0.5915789473684211,0.5479041916167665,0.6504629629629629,0.515996727570221,0.0294042225673068
DTC,HIV-1 RT,PC,Test,0.7541766109785203,0.6282306163021869,0.5658682634730539,0.6854663774403471,0.5019940960298813,0.0035570940170183
DTC,HIV-1 RT,PC,Train,0.7093772369362921,0.6959269662921348,0.5811283075386919,0.7025877348457994,0.4973589926452039,-0.0052126596285233
DTC,HIV-1 RT,PC,Validation,0.7163561076604554,0.729957805907173,0.6026986506746627,0.723092998955068,0.5100566231608403,0.0204064528835723
DTC,HIV-1 RT,PC,Test,0.7230769230769231,0.6540755467196819,0.5508982035928144,0.6868475991649269,0.4452195915416591,-0.101387806290198
DTC,HIV-1 RT,PC,Train,0.7069805194805194,0.6116573033707865,0.5436844732900649,0.6558734939759037,0.4940842648114727,-0.0110230164183002
DTC,HIV-1 RT,PC,Validation,0.7071428571428572,0.6265822784810127,0.5502248875562219,0.6644295302013423,0.4946382894995736,-0.0100699672983761
DTC,HIV-1 RT,PC,Test,0.7654028436018957,0.6421471172962226,0.5823353293413174,0.6983783783783784,0.5210735586481113,0.0376851337925733
DTC,HIV-1 RT,PC,Train,0.6991701244813278,0.7104708362614195,0.5769230769230769,0.704775182990589,0.4795877497369273,-0.0413276841422702
DTC,HIV-1 RT,PC,Validation,0.7037815126050421,0.7052631578947368,0.5793413173652695,0.704521556256572,0.4873466048541041,-0.0253459418914026
DTC,HIV-1 RT,PC,Test,0.7265135699373695,0.6918489065606361,0.5718562874251497,0.7087576374745418,0.4489547563106211,-0.0977490584843237
DTC,HIV-1 RT,PC,Train,0.7072394590294352,0.6247364722417428,0.5494505494505495,0.6634328358208955,0.4945789442383153,-0.0101697394612313
DTC,HIV-1 RT,PC,Validation,0.6780487804878049,0.5852631578947368,0.5074850299401198,0.6282485875706215,0.4506626670302699,-0.091860613750175
DTC,HIV-1 RT,PC,Test,0.719047619047619,0.6003976143141153,0.5224550898203593,0.6543878656554712,0.4426230495813,-0.102433718012114
DTC,HIV-1 RT,PC,Train,0.7007874015748031,0.6875,0.5691462805791313,0.6940801134349521,0.4827828151986183,-0.033982231805604
DTC,HIV-1 RT,PC,Validation,0.7200811359026369,0.7489451476793249,0.6146926536731634,0.734229576008273,0.5169596204717868,0.0350280423783694
DTC,HIV-1 RT,PC,Test,0.7286324786324786,0.6779324055666004,0.5673652694610778,0.7023686920700309,0.4541177179348153,-0.0864098092386455
DTC,HIV-1 RT,PC,Train,0.6943493150684932,0.5695224719101124,0.5157264103844234,0.6257716049382716,0.4764710805146417,-0.0432674795066347
DTC,HIV-1 RT,PC,Validation,0.7023498694516971,0.5675105485232067,0.5217391304347826,0.6277712952158693,0.4884184866968365,-0.0212424485163988
DTC,HIV-1 RT,PC,Test,0.7322274881516587,0.614314115308151,0.5404191616766467,0.6681081081081081,0.4647328152298331,-0.0630671164155873
DTC,HIV-1 RT,PC,Train,0.7040673211781207,0.7055516514406184,0.5799200799200799,0.7048087048087048,0.4883544094854214,-0.0233271798833777
DTC,HIV-1 RT,PC,Validation,0.7066381156316917,0.6947368421052632,0.5778443113772455,0.7006369426751592,0.4924461412598855,-0.0149302763078673
DTC,HIV-1 RT,PC,Test,0.7188841201716738,0.6660039761431411,0.5523952095808383,0.6914344685242518,0.4360322911018736,-0.1201290695521712
DTC,HIV-1 RT,PC,Train,0.7046178343949044,0.6219255094869993,0.545954045954046,0.6606942889137738,0.490582789285814,-0.0176615893269269
DTC,HIV-1 RT,PC,Validation,0.6731707317073171,0.5810526315789474,0.5014970059880239,0.6237288135593221,0.4433760567221161,-0.1054274698158653
DTC,HIV-1 RT,PC,Test,0.7132701421800948,0.5984095427435387,0.5164670658682635,0.6508108108108108,0.4325381047051027,-0.1206398308202506
DTC,HIV-1 RT,PC,Train,0.7065139584824625,0.6931179775280899,0.5771342985521717,0.6997518610421837,0.4925002668296754,-0.0148025170208835
DTC,HIV-1 RT,PC,Validation,0.7244897959183674,0.7489451476793249,0.6191904047976012,0.7365145228215768,0.5247316411971754,0.0508002775410969
DTC,HIV-1 RT,PC,Test,0.7292110874200426,0.679920477137177,0.5688622754491018,0.7037037037037037,0.4551117537201036,-0.0846594883044458
DTC,HIV-1 RT,PC,Train,0.6878710771840543,0.5695224719101124,0.510234648027958,0.6231271609681137,0.4669719440725001,-0.0608536700085584
DTC,HIV-1 RT,PC,Validation,0.6894736842105263,0.5527426160337553,0.5052473763118441,0.6135831381733021,0.4706718261515927,-0.0537217431763492
DTC,HIV-1 RT,PC,Test,0.7379807692307693,0.610337972166998,0.5434131736526946,0.6681175190424374,0.4748659557804686,-0.0447271678653048
DTC,HIV-1 RT,PC,Train,0.6954674220963173,0.6900913562895291,0.564935064935065,0.6927689594356261,0.4737157990428647,-0.0522785041218568
DTC,HIV-1 RT,PC,Validation,0.7045951859956237,0.6778947368421052,0.5688622754491018,0.6909871244635193,0.4892064357785655,-0.0210484929960667
DTC,HIV-1 RT,PC,Test,0.723175965665236,0.6699801192842942,0.5583832335329342,0.695562435500516,0.4440809687330562,-0.1050139408159026
DTC,HIV-1 RT,PC,Train,0.7046178343949044,0.6219255094869993,0.545954045954046,0.6606942889137738,0.490582789285814,-0.0176615893269269
DTC,HIV-1 RT,PC,Validation,0.6731707317073171,0.5810526315789474,0.5014970059880239,0.6237288135593221,0.4433760567221161,-0.1054274698158653
DTC,HIV-1 RT,PC,Test,0.7132701421800948,0.5984095427435387,0.5164670658682635,0.6508108108108108,0.4325381047051027,-0.1206398308202506
DTC,HIV-1 RT,PC,Train,0.7065139584824625,0.6931179775280899,0.5771342985521717,0.6997518610421837,0.4925002668296754,-0.0148025170208835
DTC,HIV-1 RT,PC,Validation,0.7244897959183674,0.7489451476793249,0.6191904047976012,0.7365145228215768,0.5247316411971754,0.0508002775410969
DTC,HIV-1 RT,PC,Test,0.7292110874200426,0.679920477137177,0.5688622754491018,0.7037037037037037,0.4551117537201036,-0.0846594883044458
DTC,HIV-1 RT,PC,Train,0.6932305055698372,0.5681179775280899,0.5142286570144783,0.6244693168660749,0.4749052754652539,-0.0461389958222686
DTC,HIV-1 RT,PC,Validation,0.6955380577427821,0.5590717299578059,0.512743628185907,0.6198830409356725,0.479017730263877,-0.0384507470814538
DTC,HIV-1 RT,PC,Test,0.7380952380952381,0.6163021868787276,0.5464071856287425,0.6717226435536294,0.4748177601060305,-0.044957259690323
DTC,HIV-1 RT,PC,Train,0.6954674220963173,0.6900913562895291,0.564935064935065,0.6927689594356261,0.4737157990428647,-0.0522785041218568
DTC,HIV-1 RT,PC,Validation,0.7045951859956237,0.6778947368421052,0.5688622754491018,0.6909871244635193,0.4892064357785655,-0.0210484929960667
DTC,HIV-1 RT,PC,Test,0.723175965665236,0.6699801192842942,0.5583832335329342,0.695562435500516,0.4440809687330562,-0.1050139408159026
DTC,HIV-1 RT,PC,Train,0.7046178343949044,0.6219255094869993,0.545954045954046,0.6606942889137738,0.490582789285814,-0.0176615893269269
DTC,HIV-1 RT,PC,Validation,0.6731707317073171,0.5810526315789474,0.5014970059880239,0.6237288135593221,0.4433760567221161,-0.1054274698158653
DTC,HIV-1 RT,PC,Test,0.7132701421800948,0.5984095427435387,0.5164670658682635,0.6508108108108108,0.4325381047051027,-0.1206398308202506
DTC,HIV-1 RT,PC,Train,0.7065139584824625,0.6931179775280899,0.5771342985521717,0.6997518610421837,0.4925002668296754,-0.0148025170208835
DTC,HIV-1 RT,PC,Validation,0.7244897959183674,0.7489451476793249,0.6191904047976012,0.7365145228215768,0.5247316411971754,0.0508002775410969
DTC,HIV-1 RT,PC,Test,0.7292110874200426,0.679920477137177,0.5688622754491018,0.7037037037037037,0.4551117537201036,-0.0846594883044458
DTC,HIV-1 RT,PC,Train,0.6932305055698372,0.5681179775280899,0.5142286570144783,0.6244693168660749,0.4749052754652539,-0.0461389958222686
DTC,HIV-1 RT,PC,Validation,0.6955380577427821,0.5590717299578059,0.512743628185907,0.6198830409356725,0.479017730263877,-0.0384507470814538
DTC,HIV-1 RT,PC,Test,0.7380952380952381,0.6163021868787276,0.5464071856287425,0.6717226435536294,0.4748177601060305,-0.044957259690323
DTC,HIV-1 RT,PC,Train,0.6954674220963173,0.6900913562895291,0.564935064935065,0.6927689594356261,0.4737157990428647,-0.0522785041218568
DTC,HIV-1 RT,PC,Validation,0.7045951859956237,0.6778947368421052,0.5688622754491018,0.6909871244635193,0.4892064357785655,-0.0210484929960667
DTC,HIV-1 RT,PC,Test,0.723175965665236,0.6699801192842942,0.5583832335329342,0.695562435500516,0.4440809687330562,-0.1050139408159026
DTC,HIV-1 RT,PC,Train,0.7046178343949044,0.6219255094869993,0.545954045954046,0.6606942889137738,0.490582789285814,-0.0176615893269269
DTC,HIV-1 RT,PC,Validation,0.6731707317073171,0.5810526315789474,0.5014970059880239,0.6237288135593221,0.4433760567221161,-0.1054274698158653
DTC,HIV-1 RT,PC,Test,0.7132701421800948,0.5984095427435387,0.5164670658682635,0.6508108108108108,0.4325381047051027,-0.1206398308202506
DTC,HIV-1 RT,PC,Train,0.7065139584824625,0.6931179775280899,0.5771342985521717,0.6997518610421837,0.4925002668296754,-0.0148025170208835
DTC,HIV-1 RT,PC,Validation,0.7244897959183674,0.7489451476793249,0.6191904047976012,0.7365145228215768,0.5247316411971754,0.0508002775410969
DTC,HIV-1 RT,PC,Test,0.7292110874200426,0.679920477137177,0.5688622754491018,0.7037037037037037,0.4551117537201036,-0.0846594883044458
DTC,HIV-1 RT,PC,Train,0.6932305055698372,0.5681179775280899,0.5142286570144783,0.6244693168660749,0.4749052754652539,-0.0461389958222686
DTC,HIV-1 RT,PC,Validation,0.6955380577427821,0.5590717299578059,0.512743628185907,0.6198830409356725,0.479017730263877,-0.0384507470814538
DTC,HIV-1 RT,PC,Test,0.7380952380952381,0.6163021868787276,0.5464071856287425,0.6717226435536294,0.4748177601060305,-0.044957259690323
DTC,HIV-1 RT,PC,Train,0.7107892107892108,1.0,0.7107892107892108,0.830948905109489,0.5,0.0
DTC,HIV-1 RT,PC,Validation,0.7110778443113772,1.0,0.7110778443113772,0.8311461067366579,0.5,0.0
DTC,HIV-1 RT,PC,Test,0.7529940119760479,1.0,0.7529940119760479,0.8590947907771136,0.5,0.0
DTC,HIV-1 RT,PC,Train,0.695024077046549,0.6085734364019677,0.531968031968032,0.6489321843387036,0.4761347320179095,-0.0446393769207325
DTC,HIV-1 RT,PC,Validation,0.6884422110552764,0.5768421052631579,0.5134730538922155,0.6277205040091638,0.4671775293155167,-0.0606321971180585
DTC,HIV-1 RT,PC,Test,0.7142857142857143,0.5666003976143141,0.5029940119760479,0.6319290465631929,0.4378456533526116,-0.1093112543974645
DTC,HIV-1 RT,PC,Train,0.7109335996005991,1.0,0.7109335996005991,0.8310475634665888,0.5,0.0
DTC,HIV-1 RT,PC,Validation,0.7106446776611695,1.0,0.7106446776611695,0.8308501314636284,0.5,0.0
DTC,HIV-1 RT,PC,Test,0.7529940119760479,1.0,0.7529940119760479,0.8590947907771136,0.5,0.0
DTC,HIV-1 RT,PC,Train,0.7109335996005991,1.0,0.7109335996005991,0.8310475634665888,0.5,0.0
DTC,HIV-1 RT,PC,Validation,0.7106446776611695,1.0,0.7106446776611695,0.8308501314636284,0.5,0.0
DTC,HIV-1 RT,PC,Test,0.7529940119760479,1.0,0.7529940119760479,0.8590947907771136,0.5,0.0
DTC,HIV-1 RT,PC,Train,0.7039434961742201,0.8404778636683063,0.6353646353646354,0.766175528507367,0.4858693290707681,-0.0357533307623066
DTC,HIV-1 RT,PC,Validation,0.7062937062937062,0.8505263157894737,0.6422155688622755,0.7717287488061128,0.4900299972729752,-0.0257642260650973
DTC,HIV-1 RT,PC,Test,0.7381370826010545,0.8349900596421471,0.6526946107784432,0.7835820895522388,0.465979878305922,-0.0825882174546323
DTC,HIV-1 RT,PC,Train,0.7098657326328079,0.8545326774420239,0.6483516483516484,0.7755102040816326,0.4980780831078858,-0.0049588243898643
DTC,HIV-1 RT,PC,Validation,0.7040280210157618,0.8463157894736842,0.6377245508982036,0.768642447418738,0.4853340605399509,-0.0377364829755728
DTC,HIV-1 RT,PC,Test,0.7380952380952381,0.8011928429423459,0.6362275449101796,0.7683508102955195,0.4672630881378396,-0.0730831794305929
DTC,HIV-1 RT,PC,Train,0.6876854599406528,0.6509831460674157,0.5416874687968047,0.6688311688311688,0.4619337146571965,-0.073569732137543
DTC,HIV-1 RT,PC,Validation,0.6651785714285714,0.6286919831223629,0.5112443778110944,0.6464208242950108,0.4257449552917514,-0.143404480481411
DTC,HIV-1 RT,PC,Test,0.7097457627118644,0.6660039761431411,0.5434131736526946,0.6871794871794872,0.4178504729200554,-0.1556187752198556
DTC,HIV-1 RT,PC,Train,0.7135036496350365,0.8237359550561798,0.6395406889665501,0.7646675358539765,0.5051322262327531,0.0121319869217261
DTC,HIV-1 RT,PC,Validation,0.70018281535649,0.8080168776371308,0.6176911544227887,0.7502448579823702,0.4791379724973219,-0.0492572371398941
DTC,HIV-1 RT,PC,Test,0.7362637362637363,0.7992047713717694,0.6332335329341318,0.7664442326024785,0.4632387493222483,-0.0820672728902241
DTC,HIV-1 RT,PC,Train,0.6864516129032258,0.7477160927617709,0.577922077922078,0.7157753111335351,0.454168927209901,-0.0994023574117715
DTC,HIV-1 RT,PC,Validation,0.6998087954110899,0.7705263157894737,0.6017964071856288,0.7334669338677354,0.4785274065994001,-0.04721773059315
DTC,HIV-1 RT,PC,Test,0.7274436090225563,0.7693836978131213,0.6092814371257484,0.7478260869565218,0.4452979095126212,-0.1171749059354276
DTC,HIV-1 RT,PC,Train,0.7091968911917098,0.769501054111033,0.6118881118881119,0.7381193124368048,0.4970130486444629,-0.0064482741073911
DTC,HIV-1 RT,PC,Validation,0.7073170731707317,0.7326315789473684,0.594311377245509,0.7197518097207859,0.4932587946550313,-0.0138724805999723
DTC,HIV-1 RT,PC,Test,0.7373737373737373,0.7256461232604374,0.5988023952095808,0.7314629258517034,0.4688836676908248,-0.0612658848323442
DTC,HIV-1 RT,PC,Train,0.6905582356995176,0.7036516853932584,0.565152271592611,0.6970434782608695,0.4640883642855756,-0.0728712491233194
DTC,HIV-1 RT,PC,Validation,0.6804123711340206,0.6962025316455697,0.5517241379310345,0.6882168925964547,0.4465468616777071,-0.108833968666695
DTC,HIV-1 RT,PC,Test,0.7213114754098361,0.6998011928429424,0.5703592814371258,0.7103935418768921,0.4377793843002591,-0.120960646981154
DTC,HIV-1 RT,PC,Train,0.6909927679158449,0.738061797752809,0.5791313030454318,0.7137521222410866,0.4631587054394442,-0.0781395720596848
DTC,HIV-1 RT,PC,Validation,0.6765285996055227,0.7236286919831224,0.5577211394302849,0.6992864424057085,0.4369438796703176,-0.1339248276962124
DTC,HIV-1 RT,PC,Test,0.7262135922330097,0.7435387673956262,0.5958083832335329,0.7347740667976425,0.4444966564250858,-0.1139267678919414
DTC,HIV-1 RT,PC,Train,0.702113606340819,0.7470133520730851,0.5949050949050949,0.7238678924072183,0.484042081908736,-0.0337035083260206
DTC,HIV-1 RT,PC,Validation,0.706,0.7431578947368421,0.5973053892215568,0.7241025641025641,0.4907499318243796,-0.019326835295006
DTC,HIV-1 RT,PC,Test,0.7407407407407407,0.7554671968190855,0.6167664670658682,0.7480314960629921,0.4747032953792397,-0.0516886724841361
DTC,HIV-1 RT,PC,Train,0.7144818119423473,0.7315530569219958,0.6013986013986014,0.7229166666666667,0.5065364593763693,0.0133163826721773
DTC,HIV-1 RT,PC,Validation,0.7136752136752137,0.7031578947368421,0.5883233532934131,0.7083775185577943,0.5044286883010635,0.0087658219594793
DTC,HIV-1 RT,PC,Test,0.7293868921775899,0.6858846918489065,0.5718562874251497,0.7069672131147541,0.4550635580456654,-0.0852524299363241
DTC,HIV-1 RT,PC,Train,0.699638989169675,0.6804775280898876,0.565152271592611,0.6899252402990388,0.4809986949603151,-0.0372982605084338
DTC,HIV-1 RT,PC,Validation,0.6916299559471366,0.6624472573839663,0.5502248875562219,0.6767241379310345,0.4685293281738484,-0.0612189824990963
DTC,HIV-1 RT,PC,Test,0.7199124726477024,0.6540755467196819,0.5479041916167665,0.6854166666666667,0.439158985481053,-0.112889377927007
DTC,HIV-1 RT,PC,Train,0.7097722263041881,0.6783707865168539,0.5741387918122816,0.6937163375224417,0.498080039199705,-0.0037300964136302
DTC,HIV-1 RT,PC,Validation,0.6884531590413944,0.6666666666666666,0.5487256371814093,0.677384780278671,0.4628670120898099,-0.0726975386364792
DTC,HIV-1 RT,PC,Test,0.7456140350877193,0.6759443339960238,0.5823353293413174,0.7090719499478624,0.4864570154828604,-0.0250968948141831
DTC,HIV-1 RT,PC,Train,0.6979166666666666,0.7062543921293043,0.573926073926074,0.7020607754104087,0.4774795276708697,-0.0454464347396007
DTC,HIV-1 RT,PC,Validation,0.6940928270042194,0.6926315789473684,0.5643712574850299,0.6933614330874605,0.4706681210799017,-0.0585740566319244
DTC,HIV-1 RT,PC,Test,0.7353535353535353,0.7236580516898609,0.5958083832335329,0.7294589178356713,0.4648593288752334,-0.0691895268590637
DTC,HIV-1 RT,PC,Train,0.7166427546628408,0.702037947997189,0.5909090909090909,0.7092651757188498,0.5099136199398726,0.0195488320881798
DTC,HIV-1 RT,PC,Validation,0.7232142857142857,0.6821052631578948,0.5883233532934131,0.7020585048754063,0.5198091082628852,0.0382093837308228
DTC,HIV-1 RT,PC,Test,0.7253218884120172,0.6719681908548708,0.561377245508982,0.6976264189886481,0.4481053075486475,-0.0974563764477682
DTC,HIV-1 RT,PC,Train,0.6858475894245724,0.6193820224719101,0.527708437343984,0.6509225092250922,0.4608136364518445,-0.0741104027353713
DTC,HIV-1 RT,PC,Validation,0.6774941995359629,0.6160337552742616,0.5187406296851574,0.6453038674033149,0.4479132506941256,-0.0987939702235825
DTC,HIV-1 RT,PC,Test,0.7264367816091954,0.6282306163021869,0.5419161676646707,0.673773987206823,0.4535092475450328,-0.084139503823677
DTC,HIV-1 RT,PC,Train,0.6983372921615202,0.6193820224719101,0.5391912131802297,0.6564942314849275,0.4806754671945042,-0.0363007618838288
DTC,HIV-1 RT,PC,Validation,0.7093821510297483,0.6540084388185654,0.5637181409295352,0.6805708013172338,0.497988675367832,-0.0038377383043615
DTC,HIV-1 RT,PC,Test,0.738498789346247,0.6063618290258449,0.5419161676646707,0.665938864628821,0.4759081872401952,-0.0427740451439395
DTC,HIV-1 RT,PC,Train,0.7040454222853088,0.6971187631763879,0.5764235764235764,0.7005649717514124,0.4884557546451887,-0.0229273801954059
DTC,HIV-1 RT,PC,Validation,0.6997792494481236,0.6673684210526316,0.5598802395209581,0.6831896551724138,0.4813526043086992,-0.0361830615139424
DTC,HIV-1 RT,PC,Test,0.7398720682302772,0.6898608349900597,0.5838323353293413,0.7139917695473251,0.4752334477980601,-0.0467098585987889
DTC,HIV-1 RT,PC,Train,0.7146974063400576,0.6971187631763879,0.586913086913087,0.7057986481679118,0.5065904696710954,0.0129601245346323
DTC,HIV-1 RT,PC,Validation,0.7175398633257403,0.6631578947368421,0.5748502994011976,0.6892778993435449,0.5103354240523589,0.0197393911825615
DTC,HIV-1 RT,PC,Test,0.7290322580645161,0.6739562624254473,0.5658682634730539,0.7004132231404959,0.4551599493945418,-0.0840906208541091
DTC,HIV-1 RT,PC,Train,0.6911196911196911,0.6285112359550562,0.5361957064403395,0.6583302684810592,0.4688324746269236,-0.059111922046496
DTC,HIV-1 RT,PC,Validation,0.6830985915492958,0.6139240506329114,0.5232383808095952,0.6466666666666666,0.4572210926739687,-0.0807633244861753
DTC,HIV-1 RT,PC,Test,0.728310502283105,0.6341948310139165,0.5464071856287425,0.6780021253985122,0.4564913549008976,-0.0789824399913967
DTC,HIV-1 RT,PC,Train,0.7004950495049505,0.5962078651685393,0.5317024463305042,0.6441578148710166,0.484632429993596,-0.0285029572031797
DTC,HIV-1 RT,PC,Validation,0.6980676328502415,0.609704641350211,0.5352323838080959,0.6509009009009009,0.4810181237839138,-0.0354794212446156
DTC,HIV-1 RT,PC,Test,0.7406483790523691,0.5904572564612326,0.5359281437125748,0.6570796460176991,0.4800771130791011,-0.0350816824633365
DTC,HIV-1 RT,PC,Train,0.6925845932325414,0.6760365425158117,0.5564435564435565,0.6842105263157895,0.4692790657311355,-0.0604400460466248
DTC,HIV-1 RT,PC,Validation,0.6919739696312365,0.671578947368421,0.5538922155688623,0.6816239316239316,0.4679138260158167,-0.0628981328751423
DTC,HIV-1 RT,PC,Test,0.7366167023554604,0.68389662027833,0.5778443113772455,0.709278350515464,0.4692210374118922,-0.0578833248202477
DTC,HIV-1 RT,PC,Train,0.7146974063400576,0.6971187631763879,0.586913086913087,0.7057986481679118,0.5065904696710954,0.0129601245346323
DTC,HIV-1 RT,PC,Validation,0.7175398633257403,0.6631578947368421,0.5748502994011976,0.6892778993435449,0.5103354240523589,0.0197393911825615
DTC,HIV-1 RT,PC,Test,0.7290322580645161,0.6739562624254473,0.5658682634730539,0.7004132231404959,0.4551599493945418,-0.0840906208541091
DTC,HIV-1 RT,PC,Train,0.6911196911196911,0.6285112359550562,0.5361957064403395,0.6583302684810592,0.4688324746269236,-0.059111922046496
DTC,HIV-1 RT,PC,Validation,0.6830985915492958,0.6139240506329114,0.5232383808095952,0.6466666666666666,0.4572210926739687,-0.0807633244861753
DTC,HIV-1 RT,PC,Test,0.728310502283105,0.6341948310139165,0.5464071856287425,0.6780021253985122,0.4564913549008976,-0.0789824399913967
DTC,HIV-1 RT,PC,Train,0.6983870967741935,0.6081460674157303,0.5346979530703944,0.6501501501501501,0.48110239467505,-0.0352823850406
DTC,HIV-1 RT,PC,Validation,0.7007125890736342,0.6223628691983122,0.5427286356821589,0.659217877094972,0.4847565641328349,-0.0286531311388222
DTC,HIV-1 RT,PC,Test,0.7412935323383084,0.5924453280318092,0.5374251497005988,0.6585635359116022,0.4810711488643894,-0.033352344745353
DTC,HIV-1 RT,PC,Train,0.6925845932325414,0.6760365425158117,0.5564435564435565,0.6842105263157895,0.4692790657311355,-0.0604400460466248
DTC,HIV-1 RT,PC,Validation,0.6919739696312365,0.671578947368421,0.5538922155688623,0.6816239316239316,0.4679138260158167,-0.0628981328751423
DTC,HIV-1 RT,PC,Test,0.7366167023554604,0.68389662027833,0.5778443113772455,0.709278350515464,0.4692210374118922,-0.0578833248202477
DTC,HIV-1 RT,PC,Train,0.7146974063400576,0.6971187631763879,0.586913086913087,0.7057986481679118,0.5065904696710954,0.0129601245346323
DTC,HIV-1 RT,PC,Validation,0.7175398633257403,0.6631578947368421,0.5748502994011976,0.6892778993435449,0.5103354240523589,0.0197393911825615
DTC,HIV-1 RT,PC,Test,0.7290322580645161,0.6739562624254473,0.5658682634730539,0.7004132231404959,0.4551599493945418,-0.0840906208541091
DTC,HIV-1 RT,PC,Train,0.6911196911196911,0.6285112359550562,0.5361957064403395,0.6583302684810592,0.4688324746269236,-0.059111922046496
DTC,HIV-1 RT,PC,Validation,0.6830985915492958,0.6139240506329114,0.5232383808095952,0.6466666666666666,0.4572210926739687,-0.0807633244861753
DTC,HIV-1 RT,PC,Test,0.728310502283105,0.6341948310139165,0.5464071856287425,0.6780021253985122,0.4564913549008976,-0.0789824399913967
DTC,HIV-1 RT,PC,Train,0.6983870967741935,0.6081460674157303,0.5346979530703944,0.6501501501501501,0.48110239467505,-0.0352823850406
DTC,HIV-1 RT,PC,Validation,0.7007125890736342,0.6223628691983122,0.5427286356821589,0.659217877094972,0.4847565641328349,-0.0286531311388222
DTC,HIV-1 RT,PC,Test,0.7412935323383084,0.5924453280318092,0.5374251497005988,0.6585635359116022,0.4810711488643894,-0.033352344745353
DTC,HIV-1 RT,PC,Train,0.6925845932325414,0.6760365425158117,0.5564435564435565,0.6842105263157895,0.4692790657311355,-0.0604400460466248
DTC,HIV-1 RT,PC,Validation,0.6919739696312365,0.671578947368421,0.5538922155688623,0.6816239316239316,0.4679138260158167,-0.0628981328751423
DTC,HIV-1 RT,PC,Test,0.7366167023554604,0.68389662027833,0.5778443113772455,0.709278350515464,0.4692210374118922,-0.0578833248202477
DTC,HIV-1 RT,PC,Train,0.7146974063400576,0.6971187631763879,0.586913086913087,0.7057986481679118,0.5065904696710954,0.0129601245346323
DTC,HIV-1 RT,PC,Validation,0.7175398633257403,0.6631578947368421,0.5748502994011976,0.6892778993435449,0.5103354240523589,0.0197393911825615
DTC,HIV-1 RT,PC,Test,0.7290322580645161,0.6739562624254473,0.5658682634730539,0.7004132231404959,0.4551599493945418,-0.0840906208541091
DTC,HIV-1 RT,PC,Train,0.6911196911196911,0.6285112359550562,0.5361957064403395,0.6583302684810592,0.4688324746269236,-0.059111922046496
DTC,HIV-1 RT,PC,Validation,0.6830985915492958,0.6139240506329114,0.5232383808095952,0.6466666666666666,0.4572210926739687,-0.0807633244861753
DTC,HIV-1 RT,PC,Test,0.728310502283105,0.6341948310139165,0.5464071856287425,0.6780021253985122,0.4564913549008976,-0.0789824399913967
DTC,HIV-1 RT,PC,Train,0.6983870967741935,0.6081460674157303,0.5346979530703944,0.6501501501501501,0.48110239467505,-0.0352823850406
DTC,HIV-1 RT,PC,Validation,0.7007125890736342,0.6223628691983122,0.5427286356821589,0.659217877094972,0.4847565641328349,-0.0286531311388222
DTC,HIV-1 RT,PC,Test,0.7412935323383084,0.5924453280318092,0.5374251497005988,0.6585635359116022,0.4810711488643894,-0.033352344745353
DTC,HIV-1 RT,ECFP4,Train,0.7107892107892108,1.0,0.7107892107892108,0.830948905109489,0.5,0.0
DTC,HIV-1 RT,ECFP4,Validation,0.7110778443113772,1.0,0.7110778443113772,0.8311461067366579,0.5,0.0
DTC,HIV-1 RT,ECFP4,Test,0.7529940119760479,1.0,0.7529940119760479,0.8590947907771136,0.5,0.0
DTC,HIV-1 RT,ECFP4,Train,0.7107892107892108,1.0,0.7107892107892108,0.830948905109489,0.5,0.0
DTC,HIV-1 RT,ECFP4,Validation,0.7110778443113772,1.0,0.7110778443113772,0.8311461067366579,0.5,0.0
DTC,HIV-1 RT,ECFP4,Test,0.7529940119760479,1.0,0.7529940119760479,0.8590947907771136,0.5,0.0
DTC,HIV-1 RT,ECFP4,Train,0.7109335996005991,1.0,0.7109335996005991,0.8310475634665888,0.5,0.0
DTC,HIV-1 RT,ECFP4,Validation,0.7106446776611695,1.0,0.7106446776611695,0.8308501314636284,0.5,0.0
DTC,HIV-1 RT,ECFP4,Test,0.7529940119760479,1.0,0.7529940119760479,0.8590947907771136,0.5,0.0
DTC,HIV-1 RT,ECFP4,Train,0.7109335996005991,1.0,0.7109335996005991,0.8310475634665888,0.5,0.0
DTC,HIV-1 RT,ECFP4,Validation,0.7106446776611695,1.0,0.7106446776611695,0.8308501314636284,0.5,0.0
DTC,HIV-1 RT,ECFP4,Test,0.7529940119760479,1.0,0.7529940119760479,0.8590947907771136,0.5,0.0
DTC,HIV-1 RT,ECFP4,Train,0.7162709901563404,0.8692902319044272,0.6623376623376623,0.7853968253968254,0.5115017653477231,0.0302986804654015
DTC,HIV-1 RT,ECFP4,Validation,0.7086206896551724,0.8652631578947368,0.6511976047904192,0.7791469194312797,0.4948077447504772,-0.0139173374058435
DTC,HIV-1 RT,ECFP4,Test,0.75,0.8707753479125249,0.6841317365269461,0.8058877644894205,0.49296343153202,-0.0183050454506791
DTC,HIV-1 RT,ECFP4,Train,0.6958608278344331,0.8151791988756149,0.6153846153846154,0.7508090614886731,0.4697657652409162,-0.0734480897458903
DTC,HIV-1 RT,ECFP4,Validation,0.6948529411764706,0.7957894736842105,0.6062874251497006,0.7419038272816487,0.4678429233706027,-0.0749759061170363
DTC,HIV-1 RT,ECFP4,Test,0.7351851851851852,0.7892644135188867,0.6272455089820359,0.7612655800575263,0.46129887342611,-0.0848159835986359
DTC,HIV-1 RT,ECFP4,Train,0.7213525360050094,0.8089887640449438,0.6420369445831253,0.76266137040715,0.5202111350449243,0.0455826428043086
DTC,HIV-1 RT,ECFP4,Validation,0.726605504587156,0.8354430379746836,0.6596701649175413,0.7772325809617272,0.5317111562930412,0.0743929417706935
DTC,HIV-1 RT,ECFP4,Test,0.7518248175182481,0.8190854870775348,0.6601796407185628,0.7840152235965747,0.4974215314175553,-0.0057934451835745
DTC,HIV-1 RT,ECFP4,Train,0.7086167800453514,0.8778089887640449,0.6565152271592611,0.7841907151819323,0.4950357551764957,-0.0138844673296064
DTC,HIV-1 RT,ECFP4,Validation,0.71,0.8987341772151899,0.6671664167916042,0.7932960893854749,0.4985898865350561,-0.0042544052320371
DTC,HIV-1 RT,ECFP4,Test,0.7529215358931552,0.8966202783300199,0.7005988023952096,0.8185117967332124,0.4998252906801614,-0.00049514691405
DTC,HIV-1 RT,ECFP4,Train,0.7096424702058505,0.920590302178496,0.6758241758241759,0.8014683389415723,0.497428138999438,-0.0087004371264928
DTC,HIV-1 RT,ECFP4,Validation,0.7039473684210527,0.9010526315789472,0.6601796407185628,0.7903970452446907,0.4842050722661576,-0.0500778509696816
DTC,HIV-1 RT,ECFP4,Test,0.7516233766233766,0.9204771371769384,0.7110778443113772,0.8275245755138516,0.4966022049521055,-0.0109385841321198
DTC,HIV-1 RT,ECFP4,Train,0.7111390811831341,0.7940969782150387,0.6243756243756243,0.750332005312085,0.5006754321127007,0.0015136186073469
DTC,HIV-1 RT,ECFP4,Validation,0.7161410018552876,0.8126315789473684,0.6377245508982036,0.7613412228796844,0.5099427324788655,0.0228334729129135
DTC,HIV-1 RT,ECFP4,Test,0.7471698113207547,0.7872763419483101,0.6392215568862275,0.7666989351403679,0.487577564913549,-0.0264658117045106
DTC,HIV-1 RT,ECFP4,Train,0.7378174330816747,0.7549157303370787,0.635047428856715,0.746268656716418,0.5475787632687121,0.0968749126725352
DTC,HIV-1 RT,ECFP4,Validation,0.7401574803149606,0.7932489451476793,0.6551724137931034,0.7657841140529531,0.5546555606567412,0.1163326861989359
DTC,HIV-1 RT,ECFP4,Test,0.7669322709163346,0.7654075546719682,0.6482035928143712,0.7661691542288557,0.5281583227905295,0.0562026561397889
DTC,HIV-1 RT,ECFP4,Train,0.7110980622431005,0.8504213483146067,0.6480279580629057,0.7745442916533418,0.5003402078360598,0.0008643718870766
DTC,HIV-1 RT,ECFP4,Validation,0.7092198581560284,0.8438818565400844,0.6431784107946027,0.7707129094412332,0.4970704619487986,-0.0073525637717669
DTC,HIV-1 RT,ECFP4,Test,0.7491103202846975,0.8369781312127237,0.6661676646706587,0.7906103286384977,0.4912163383336345,-0.0207353069600885
DTC,HIV-1 RT,ECFP4,Train,0.7122074636306135,0.7912860154602952,0.6243756243756243,0.7496671105193076,0.502724182168835,0.0060617900514251
DTC,HIV-1 RT,ECFP4,Validation,0.7109826589595376,0.7768421052631579,0.6167664670658682,0.7424547283702213,0.4998200163621489,-0.0003919328516888
DTC,HIV-1 RT,ECFP4,Test,0.7415730337078652,0.7872763419483101,0.6332335329341318,0.76374156219865,0.4754563527923369,-0.0528654620489221
DTC,HIV-1 RT,ECFP4,Train,0.7138830162085976,0.7118763176387913,0.5924075924075924,0.712878254750176,0.5053336683185321,0.0106456518092027
DTC,HIV-1 RT,ECFP4,Validation,0.7294372294372294,0.7094736842105264,0.6062874251497006,0.7193169690501601,0.5309026452140715,0.0606591768922553
DTC,HIV-1 RT,ECFP4,Test,0.7313432835820896,0.6819085487077535,0.5718562874251497,0.7057613168724279,0.4591360925356949,-0.0770695623633144
DTC,HIV-1 RT,ECFP4,Train,0.709526982011992,0.7478932584269663,0.6030953569645532,0.7282051282051282,0.4974354029613242,-0.0053653888689539
DTC,HIV-1 RT,ECFP4,Validation,0.7265469061876247,0.7679324894514767,0.6296851574212894,0.7466666666666667,0.5290439649329923,0.0609229350290291
DTC,HIV-1 RT,ECFP4,Test,0.7400793650793651,0.7415506958250497,0.6092814371257484,0.7408142999006951,0.4738056509428279,-0.0524960200039483
DTC,HIV-1 RT,ECFP4,Train,0.7110125646711013,0.675561797752809,0.5741387918122816,0.6928339935181851,0.5001297762511886,0.000251312401492
DTC,HIV-1 RT,ECFP4,Validation,0.7205240174672489,0.6962025316455697,0.5922038980509745,0.7081545064377682,0.5164950482062045,0.0322511739771169
DTC,HIV-1 RT,ECFP4,Test,0.7304347826086957,0.6679920477137177,0.5643712574850299,0.6978193146417445,0.4582384480992831,-0.0777896837848031
DTC,HIV-1 RT,ECFP4,Train,0.7231075697211156,0.7652846099789178,0.6248751248751249,0.7435984977808126,0.5225386780464537,0.047342026405047
DTC,HIV-1 RT,ECFP4,Validation,0.7063655030800822,0.7242105263157895,0.5898203592814372,0.7151767151767152,0.4916389419143714,-0.0170534765165766
DTC,HIV-1 RT,ECFP4,Test,0.762,0.757455268389662,0.6392215568862275,0.7597208374875374,0.5181215735887704,0.0360256830856296
DTC,HIV-1 RT,ECFP4,Train,0.7118055555555556,0.7203092059030218,0.593906093906094,0.7160321341250436,0.5017780917252588,0.0035881987008092
DTC,HIV-1 RT,ECFP4,Validation,0.7274678111587983,0.7136842105263158,0.6062874251497006,0.720510095642933,0.5278265612217071,0.0549220010219902
DTC,HIV-1 RT,ECFP4,Test,0.7261146496815286,0.679920477137177,0.5658682634730539,0.702258726899384,0.4490511476594976,-0.0963710962654639
DTC,HIV-1 RT,ECFP4,Train,0.7178423236514523,0.7289325842696629,0.6035946080878682,0.7233449477351916,0.5121346859172149,0.0245550638669812
DTC,HIV-1 RT,ECFP4,Validation,0.7341513292433538,0.7573839662447257,0.6326836581709145,0.7455867082035307,0.5419044183555235,0.0859197900630722
DTC,HIV-1 RT,ECFP4,Test,0.740041928721174,0.7017892644135189,0.5898203592814372,0.7204081632653061,0.4751370564491837,-0.0474605351742911
DTC,HIV-1 RT,ECFP4,Train,0.7178545187362234,0.6860955056179775,0.5851223165252122,0.7016157989228007,0.5114415351924084,0.022228594136438
DTC,HIV-1 RT,ECFP4,Validation,0.7155172413793104,0.70042194092827,0.5892053973013494,0.7078891257995735,0.5082420585470366,0.016245254033092
DTC,HIV-1 RT,ECFP4,Test,0.7466666666666667,0.6679920477137177,0.5793413173652695,0.7051416579223505,0.4885414784023134,-0.0210790019623038
DTC,HIV-1 RT,ECFP4,Train,0.7173601147776184,0.7027406886858749,0.5919080919080919,0.7099751508697195,0.511128548142592,0.0219445692233743
DTC,HIV-1 RT,ECFP4,Validation,0.714902807775378,0.6968421052631579,0.5868263473053892,0.7057569296375267,0.5064521407144805,0.0126821200306328
DTC,HIV-1 RT,ECFP4,Test,0.7315010570824524,0.6878727634194831,0.5748502994011976,0.7090163934426229,0.4590878968612567,-0.0776175427936153
DTC,HIV-1 RT,ECFP4,Train,0.7148876404494382,0.7153900210822206,0.5949050949050949,0.7151387425360028,0.5070905200402467,0.0141883176363388
DTC,HIV-1 RT,ECFP4,Validation,0.7308533916849015,0.7031578947368421,0.6047904191616766,0.7167381974248928,0.5329260976274883,0.0642090713578853
DTC,HIV-1 RT,ECFP4,Test,0.7180043383947939,0.658051689860835,0.5479041916167665,0.6867219917012448,0.4350864509910235,-0.1210753348374465
DTC,HIV-1 RT,ECFP4,Train,0.7105444521019986,0.7240168539325843,0.5941088367448827,0.7172173913043478,0.4993141264481574,-0.0013917623485844
DTC,HIV-1 RT,ECFP4,Validation,0.733739837398374,0.7616033755274262,0.6341829085457271,0.7474120082815735,0.5414234494217443,0.0853969787288397
DTC,HIV-1 RT,ECFP4,Test,0.735966735966736,0.7037773359840954,0.5868263473053892,0.7195121951219512,0.4670401831435629,-0.0633209480691419
DTC,HIV-1 RT,ECFP4,Train,0.7239583333333334,0.6832865168539326,0.5896155766350474,0.7030346820809249,0.5212632929692806,0.0410310332458852
DTC,HIV-1 RT,ECFP4,Validation,0.737885462555066,0.7067510548523207,0.6131934032983508,0.7219827586206896,0.5450853719857458,0.0877032627014668
DTC,HIV-1 RT,ECFP4,Test,0.7651006711409396,0.679920477137177,0.6017964071856288,0.72,0.5217784203867704,0.0399238521491193
DTC,HIV-1 RT,ECFP4,Train,0.7138945927446955,0.7329585382993675,0.6013986013986014,0.7233009708737864,0.5055120843483021,0.0112554753649143
DTC,HIV-1 RT,ECFP4,Validation,0.7091295116772823,0.7031578947368421,0.5838323353293413,0.7061310782241015,0.4966566675756749,-0.0066464761174793
DTC,HIV-1 RT,ECFP4,Test,0.7322175732217573,0.6958250497017893,0.5793413173652695,0.7135575942915392,0.4600337369721067,-0.0764115050246564
DTC,HIV-1 RT,ECFP4,Train,0.7139845397048489,0.7139845397048489,0.5934065934065934,0.7139845397048489,0.5055242214931843,0.0110484429863687
DTC,HIV-1 RT,ECFP4,Validation,0.7286652078774617,0.7010526315789474,0.6017964071856288,0.7145922746781116,0.5292827924734116,0.0571042743283893
DTC,HIV-1 RT,ECFP4,Test,0.7149122807017544,0.6481113320079522,0.5404191616766467,0.6798748696558915,0.4301162720645822,-0.1295035497529022
DTC,HIV-1 RT,ECFP4,Train,0.7047353760445683,0.7106741573033708,0.582626060908637,0.7076923076923077,0.4891885467000446,-0.0217590334340081
DTC,HIV-1 RT,ECFP4,Validation,0.7329192546583851,0.7468354430379747,0.6266866566716641,0.7398119122257053,0.5392208303272775,0.079585166245932
DTC,HIV-1 RT,ECFP4,Test,0.7389473684210527,0.6978131212723658,0.5868263473053892,0.7177914110429447,0.4731489848786072,-0.0510965067317373
DTC,HIV-1 RT,ECFP4,Train,0.7143879742304939,0.7008426966292135,0.5881178232651023,0.7075505140021269,0.5058617628223787,0.011569590808107
DTC,HIV-1 RT,ECFP4,Validation,0.722457627118644,0.7194092827004219,0.6041979010494752,0.7209302325581395,0.5203264030082421,0.0405293881999048
DTC,HIV-1 RT,ECFP4,Test,0.746268656716418,0.6958250497017893,0.592814371257485,0.720164609053498,0.487306464244834,-0.0239400807753948
DTC,HIV-1 RT,ECFP4,Train,0.7138945927446955,0.7329585382993675,0.6013986013986014,0.7233009708737864,0.5055120843483021,0.0112554753649143
DTC,HIV-1 RT,ECFP4,Validation,0.7091295116772823,0.7031578947368421,0.5838323353293413,0.7061310782241015,0.4966566675756749,-0.0066464761174793
DTC,HIV-1 RT,ECFP4,Test,0.7322175732217573,0.6958250497017893,0.5793413173652695,0.7135575942915392,0.4600337369721067,-0.0764115050246564
DTC,HIV-1 RT,ECFP4,Train,0.7139845397048489,0.7139845397048489,0.5934065934065934,0.7139845397048489,0.5055242214931843,0.0110484429863687
DTC,HIV-1 RT,ECFP4,Validation,0.7286652078774617,0.7010526315789474,0.6017964071856288,0.7145922746781116,0.5292827924734116,0.0571042743283893
DTC,HIV-1 RT,ECFP4,Test,0.7149122807017544,0.6481113320079522,0.5404191616766467,0.6798748696558915,0.4301162720645822,-0.1295035497529022
DTC,HIV-1 RT,ECFP4,Train,0.7047353760445683,0.7106741573033708,0.582626060908637,0.7076923076923077,0.4891885467000446,-0.0217590334340081
DTC,HIV-1 RT,ECFP4,Validation,0.7329192546583851,0.7468354430379747,0.6266866566716641,0.7398119122257053,0.5392208303272775,0.079585166245932
DTC,HIV-1 RT,ECFP4,Test,0.7389473684210527,0.6978131212723658,0.5868263473053892,0.7177914110429447,0.4731489848786072,-0.0510965067317373
DTC,HIV-1 RT,ECFP4,Train,0.7143879742304939,0.7008426966292135,0.5881178232651023,0.7075505140021269,0.5058617628223787,0.011569590808107
DTC,HIV-1 RT,ECFP4,Validation,0.722457627118644,0.7194092827004219,0.6041979010494752,0.7209302325581395,0.5203264030082421,0.0405293881999048
DTC,HIV-1 RT,ECFP4,Test,0.746268656716418,0.6958250497017893,0.592814371257485,0.720164609053498,0.487306464244834,-0.0239400807753948
DTC,HIV-1 RT,ECFP4,Train,0.7138945927446955,0.7329585382993675,0.6013986013986014,0.7233009708737864,0.5055120843483021,0.0112554753649143
DTC,HIV-1 RT,ECFP4,Validation,0.7091295116772823,0.7031578947368421,0.5838323353293413,0.7061310782241015,0.4966566675756749,-0.0066464761174793
DTC,HIV-1 RT,ECFP4,Test,0.7322175732217573,0.6958250497017893,0.5793413173652695,0.7135575942915392,0.4600337369721067,-0.0764115050246564
DTC,HIV-1 RT,ECFP4,Train,0.7139845397048489,0.7139845397048489,0.5934065934065934,0.7139845397048489,0.5055242214931843,0.0110484429863687
DTC,HIV-1 RT,ECFP4,Validation,0.7286652078774617,0.7010526315789474,0.6017964071856288,0.7145922746781116,0.5292827924734116,0.0571042743283893
DTC,HIV-1 RT,ECFP4,Test,0.7149122807017544,0.6481113320079522,0.5404191616766467,0.6798748696558915,0.4301162720645822,-0.1295035497529022
DTC,HIV-1 RT,ECFP4,Train,0.7047353760445683,0.7106741573033708,0.582626060908637,0.7076923076923077,0.4891885467000446,-0.0217590334340081
DTC,HIV-1 RT,ECFP4,Validation,0.7329192546583851,0.7468354430379747,0.6266866566716641,0.7398119122257053,0.5392208303272775,0.079585166245932
DTC,HIV-1 RT,ECFP4,Test,0.7389473684210527,0.6978131212723658,0.5868263473053892,0.7177914110429447,0.4731489848786072,-0.0510965067317373
DTC,HIV-1 RT,ECFP4,Train,0.7143879742304939,0.7008426966292135,0.5881178232651023,0.7075505140021269,0.5058617628223787,0.011569590808107
DTC,HIV-1 RT,ECFP4,Validation,0.722457627118644,0.7194092827004219,0.6041979010494752,0.7209302325581395,0.5203264030082421,0.0405293881999048
DTC,HIV-1 RT,ECFP4,Test,0.746268656716418,0.6958250497017893,0.592814371257485,0.720164609053498,0.487306464244834,-0.0239400807753948
DTC,HIV-1 RT,ECFP4,Train,0.7107892107892108,1.0,0.7107892107892108,0.830948905109489,0.5,0.0
DTC,HIV-1 RT,ECFP4,Validation,0.7110778443113772,1.0,0.7110778443113772,0.8311461067366579,0.5,0.0
DTC,HIV-1 RT,ECFP4,Test,0.7529940119760479,1.0,0.7529940119760479,0.8590947907771136,0.5,0.0
DTC,HIV-1 RT,ECFP4,Train,0.7107892107892108,1.0,0.7107892107892108,0.830948905109489,0.5,0.0
DTC,HIV-1 RT,ECFP4,Validation,0.7110778443113772,1.0,0.7110778443113772,0.8311461067366579,0.5,0.0
DTC,HIV-1 RT,ECFP4,Test,0.7529940119760479,1.0,0.7529940119760479,0.8590947907771136,0.5,0.0
DTC,HIV-1 RT,ECFP4,Train,0.7109335996005991,1.0,0.7109335996005991,0.8310475634665888,0.5,0.0
DTC,HIV-1 RT,ECFP4,Validation,0.7106446776611695,1.0,0.7106446776611695,0.8308501314636284,0.5,0.0
DTC,HIV-1 RT,ECFP4,Test,0.7529940119760479,1.0,0.7529940119760479,0.8590947907771136,0.5,0.0
DTC,HIV-1 RT,ECFP4,Train,0.7109335996005991,1.0,0.7109335996005991,0.8310475634665888,0.5,0.0
DTC,HIV-1 RT,ECFP4,Validation,0.7106446776611695,1.0,0.7106446776611695,0.8308501314636284,0.5,0.0
DTC,HIV-1 RT,ECFP4,Test,0.7529940119760479,1.0,0.7529940119760479,0.8590947907771136,0.5,0.0
DTC,HIV-1 RT,ECFP4,Train,0.7162709901563404,0.8692902319044272,0.6623376623376623,0.7853968253968254,0.5115017653477231,0.0302986804654015
DTC,HIV-1 RT,ECFP4,Validation,0.7086206896551724,0.8652631578947368,0.6511976047904192,0.7791469194312797,0.4948077447504772,-0.0139173374058435
DTC,HIV-1 RT,ECFP4,Test,0.75,0.8707753479125249,0.6841317365269461,0.8058877644894205,0.49296343153202,-0.0183050454506791
DTC,HIV-1 RT,ECFP4,Train,0.6958608278344331,0.8151791988756149,0.6153846153846154,0.7508090614886731,0.4697657652409162,-0.0734480897458903
DTC,HIV-1 RT,ECFP4,Validation,0.6948529411764706,0.7957894736842105,0.6062874251497006,0.7419038272816487,0.4678429233706027,-0.0749759061170363
DTC,HIV-1 RT,ECFP4,Test,0.7351851851851852,0.7892644135188867,0.6272455089820359,0.7612655800575263,0.46129887342611,-0.0848159835986359
DTC,HIV-1 RT,ECFP4,Train,0.7213525360050094,0.8089887640449438,0.6420369445831253,0.76266137040715,0.5202111350449243,0.0455826428043086
DTC,HIV-1 RT,ECFP4,Validation,0.726605504587156,0.8354430379746836,0.6596701649175413,0.7772325809617272,0.5317111562930412,0.0743929417706935
DTC,HIV-1 RT,ECFP4,Test,0.7518248175182481,0.8190854870775348,0.6601796407185628,0.7840152235965747,0.4974215314175553,-0.0057934451835745
DTC,HIV-1 RT,ECFP4,Train,0.7086167800453514,0.8778089887640449,0.6565152271592611,0.7841907151819323,0.4950357551764957,-0.0138844673296064
DTC,HIV-1 RT,ECFP4,Validation,0.71,0.8987341772151899,0.6671664167916042,0.7932960893854749,0.4985898865350561,-0.0042544052320371
DTC,HIV-1 RT,ECFP4,Test,0.7529215358931552,0.8966202783300199,0.7005988023952096,0.8185117967332124,0.4998252906801614,-0.00049514691405
DTC,HIV-1 RT,ECFP4,Train,0.7096424702058505,0.920590302178496,0.6758241758241759,0.8014683389415723,0.497428138999438,-0.0087004371264928
DTC,HIV-1 RT,ECFP4,Validation,0.7039473684210527,0.9010526315789472,0.6601796407185628,0.7903970452446907,0.4842050722661576,-0.0500778509696816
DTC,HIV-1 RT,ECFP4,Test,0.7516233766233766,0.9204771371769384,0.7110778443113772,0.8275245755138516,0.4966022049521055,-0.0109385841321198
DTC,HIV-1 RT,ECFP4,Train,0.7111390811831341,0.7940969782150387,0.6243756243756243,0.750332005312085,0.5006754321127007,0.0015136186073469
DTC,HIV-1 RT,ECFP4,Validation,0.7161410018552876,0.8126315789473684,0.6377245508982036,0.7613412228796844,0.5099427324788655,0.0228334729129135
DTC,HIV-1 RT,ECFP4,Test,0.7471698113207547,0.7872763419483101,0.6392215568862275,0.7666989351403679,0.487577564913549,-0.0264658117045106
DTC,HIV-1 RT,ECFP4,Train,0.7378174330816747,0.7549157303370787,0.635047428856715,0.746268656716418,0.5475787632687121,0.0968749126725352
DTC,HIV-1 RT,ECFP4,Validation,0.7401574803149606,0.7932489451476793,0.6551724137931034,0.7657841140529531,0.5546555606567412,0.1163326861989359
DTC,HIV-1 RT,ECFP4,Test,0.7669322709163346,0.7654075546719682,0.6482035928143712,0.7661691542288557,0.5281583227905295,0.0562026561397889
DTC,HIV-1 RT,ECFP4,Train,0.7110980622431005,0.8504213483146067,0.6480279580629057,0.7745442916533418,0.5003402078360598,0.0008643718870766
DTC,HIV-1 RT,ECFP4,Validation,0.7092198581560284,0.8438818565400844,0.6431784107946027,0.7707129094412332,0.4970704619487986,-0.0073525637717669
DTC,HIV-1 RT,ECFP4,Test,0.7491103202846975,0.8369781312127237,0.6661676646706587,0.7906103286384977,0.4912163383336345,-0.0207353069600885
DTC,HIV-1 RT,ECFP4,Train,0.7122074636306135,0.7912860154602952,0.6243756243756243,0.7496671105193076,0.502724182168835,0.0060617900514251
DTC,HIV-1 RT,ECFP4,Validation,0.7109826589595376,0.7768421052631579,0.6167664670658682,0.7424547283702213,0.4998200163621489,-0.0003919328516888
DTC,HIV-1 RT,ECFP4,Test,0.7415730337078652,0.7872763419483101,0.6332335329341318,0.76374156219865,0.4754563527923369,-0.0528654620489221
DTC,HIV-1 RT,ECFP4,Train,0.7138830162085976,0.7118763176387913,0.5924075924075924,0.712878254750176,0.5053336683185321,0.0106456518092027
DTC,HIV-1 RT,ECFP4,Validation,0.7294372294372294,0.7094736842105264,0.6062874251497006,0.7193169690501601,0.5309026452140715,0.0606591768922553
DTC,HIV-1 RT,ECFP4,Test,0.7313432835820896,0.6819085487077535,0.5718562874251497,0.7057613168724279,0.4591360925356949,-0.0770695623633144
DTC,HIV-1 RT,ECFP4,Train,0.709526982011992,0.7478932584269663,0.6030953569645532,0.7282051282051282,0.4974354029613242,-0.0053653888689539
DTC,HIV-1 RT,ECFP4,Validation,0.7265469061876247,0.7679324894514767,0.6296851574212894,0.7466666666666667,0.5290439649329923,0.0609229350290291
DTC,HIV-1 RT,ECFP4,Test,0.7400793650793651,0.7415506958250497,0.6092814371257484,0.7408142999006951,0.4738056509428279,-0.0524960200039483
DTC,HIV-1 RT,ECFP4,Train,0.7110125646711013,0.675561797752809,0.5741387918122816,0.6928339935181851,0.5001297762511886,0.000251312401492
DTC,HIV-1 RT,ECFP4,Validation,0.7205240174672489,0.6962025316455697,0.5922038980509745,0.7081545064377682,0.5164950482062045,0.0322511739771169
DTC,HIV-1 RT,ECFP4,Test,0.7304347826086957,0.6679920477137177,0.5643712574850299,0.6978193146417445,0.4582384480992831,-0.0777896837848031
DTC,HIV-1 RT,ECFP4,Train,0.7231075697211156,0.7652846099789178,0.6248751248751249,0.7435984977808126,0.5225386780464537,0.047342026405047
DTC,HIV-1 RT,ECFP4,Validation,0.7063655030800822,0.7242105263157895,0.5898203592814372,0.7151767151767152,0.4916389419143714,-0.0170534765165766
DTC,HIV-1 RT,ECFP4,Test,0.762,0.757455268389662,0.6392215568862275,0.7597208374875374,0.5181215735887704,0.0360256830856296
DTC,HIV-1 RT,ECFP4,Train,0.7118055555555556,0.7203092059030218,0.593906093906094,0.7160321341250436,0.5017780917252588,0.0035881987008092
DTC,HIV-1 RT,ECFP4,Validation,0.7274678111587983,0.7136842105263158,0.6062874251497006,0.720510095642933,0.5278265612217071,0.0549220010219902
DTC,HIV-1 RT,ECFP4,Test,0.7261146496815286,0.679920477137177,0.5658682634730539,0.702258726899384,0.4490511476594976,-0.0963710962654639
DTC,HIV-1 RT,ECFP4,Train,0.7178423236514523,0.7289325842696629,0.6035946080878682,0.7233449477351916,0.5121346859172149,0.0245550638669812
DTC,HIV-1 RT,ECFP4,Validation,0.7341513292433538,0.7573839662447257,0.6326836581709145,0.7455867082035307,0.5419044183555235,0.0859197900630722
DTC,HIV-1 RT,ECFP4,Test,0.740041928721174,0.7017892644135189,0.5898203592814372,0.7204081632653061,0.4751370564491837,-0.0474605351742911
DTC,HIV-1 RT,ECFP4,Train,0.7178545187362234,0.6860955056179775,0.5851223165252122,0.7016157989228007,0.5114415351924084,0.022228594136438
DTC,HIV-1 RT,ECFP4,Validation,0.7155172413793104,0.70042194092827,0.5892053973013494,0.7078891257995735,0.5082420585470366,0.016245254033092
DTC,HIV-1 RT,ECFP4,Test,0.7466666666666667,0.6679920477137177,0.5793413173652695,0.7051416579223505,0.4885414784023134,-0.0210790019623038
DTC,HIV-1 RT,ECFP4,Train,0.7173601147776184,0.7027406886858749,0.5919080919080919,0.7099751508697195,0.511128548142592,0.0219445692233743
DTC,HIV-1 RT,ECFP4,Validation,0.714902807775378,0.6968421052631579,0.5868263473053892,0.7057569296375267,0.5064521407144805,0.0126821200306328
DTC,HIV-1 RT,ECFP4,Test,0.7315010570824524,0.6878727634194831,0.5748502994011976,0.7090163934426229,0.4590878968612567,-0.0776175427936153
DTC,HIV-1 RT,ECFP4,Train,0.7148876404494382,0.7153900210822206,0.5949050949050949,0.7151387425360028,0.5070905200402467,0.0141883176363388
DTC,HIV-1 RT,ECFP4,Validation,0.7308533916849015,0.7031578947368421,0.6047904191616766,0.7167381974248928,0.5329260976274883,0.0642090713578853
DTC,HIV-1 RT,ECFP4,Test,0.7180043383947939,0.658051689860835,0.5479041916167665,0.6867219917012448,0.4350864509910235,-0.1210753348374465
DTC,HIV-1 RT,ECFP4,Train,0.7105444521019986,0.7240168539325843,0.5941088367448827,0.7172173913043478,0.4993141264481574,-0.0013917623485844
DTC,HIV-1 RT,ECFP4,Validation,0.733739837398374,0.7616033755274262,0.6341829085457271,0.7474120082815735,0.5414234494217443,0.0853969787288397
DTC,HIV-1 RT,ECFP4,Test,0.735966735966736,0.7037773359840954,0.5868263473053892,0.7195121951219512,0.4670401831435629,-0.0633209480691419
DTC,HIV-1 RT,ECFP4,Train,0.7239583333333334,0.6832865168539326,0.5896155766350474,0.7030346820809249,0.5212632929692806,0.0410310332458852
DTC,HIV-1 RT,ECFP4,Validation,0.737885462555066,0.7067510548523207,0.6131934032983508,0.7219827586206896,0.5450853719857458,0.0877032627014668
DTC,HIV-1 RT,ECFP4,Test,0.7651006711409396,0.679920477137177,0.6017964071856288,0.72,0.5217784203867704,0.0399238521491193
DTC,HIV-1 RT,ECFP4,Train,0.7138945927446955,0.7329585382993675,0.6013986013986014,0.7233009708737864,0.5055120843483021,0.0112554753649143
DTC,HIV-1 RT,ECFP4,Validation,0.7091295116772823,0.7031578947368421,0.5838323353293413,0.7061310782241015,0.4966566675756749,-0.0066464761174793
DTC,HIV-1 RT,ECFP4,Test,0.7322175732217573,0.6958250497017893,0.5793413173652695,0.7135575942915392,0.4600337369721067,-0.0764115050246564
DTC,HIV-1 RT,ECFP4,Train,0.7139845397048489,0.7139845397048489,0.5934065934065934,0.7139845397048489,0.5055242214931843,0.0110484429863687
DTC,HIV-1 RT,ECFP4,Validation,0.7286652078774617,0.7010526315789474,0.6017964071856288,0.7145922746781116,0.5292827924734116,0.0571042743283893
DTC,HIV-1 RT,ECFP4,Test,0.7149122807017544,0.6481113320079522,0.5404191616766467,0.6798748696558915,0.4301162720645822,-0.1295035497529022
DTC,HIV-1 RT,ECFP4,Train,0.7047353760445683,0.7106741573033708,0.582626060908637,0.7076923076923077,0.4891885467000446,-0.0217590334340081
DTC,HIV-1 RT,ECFP4,Validation,0.7329192546583851,0.7468354430379747,0.6266866566716641,0.7398119122257053,0.5392208303272775,0.079585166245932
DTC,HIV-1 RT,ECFP4,Test,0.7389473684210527,0.6978131212723658,0.5868263473053892,0.7177914110429447,0.4731489848786072,-0.0510965067317373
DTC,HIV-1 RT,ECFP4,Train,0.7143879742304939,0.7008426966292135,0.5881178232651023,0.7075505140021269,0.5058617628223787,0.011569590808107
DTC,HIV-1 RT,ECFP4,Validation,0.722457627118644,0.7194092827004219,0.6041979010494752,0.7209302325581395,0.5203264030082421,0.0405293881999048
DTC,HIV-1 RT,ECFP4,Test,0.746268656716418,0.6958250497017893,0.592814371257485,0.720164609053498,0.487306464244834,-0.0239400807753948
DTC,HIV-1 RT,ECFP4,Train,0.7138945927446955,0.7329585382993675,0.6013986013986014,0.7233009708737864,0.5055120843483021,0.0112554753649143
DTC,HIV-1 RT,ECFP4,Validation,0.7091295116772823,0.7031578947368421,0.5838323353293413,0.7061310782241015,0.4966566675756749,-0.0066464761174793
DTC,HIV-1 RT,ECFP4,Test,0.7322175732217573,0.6958250497017893,0.5793413173652695,0.7135575942915392,0.4600337369721067,-0.0764115050246564
DTC,HIV-1 RT,ECFP4,Train,0.7139845397048489,0.7139845397048489,0.5934065934065934,0.7139845397048489,0.5055242214931843,0.0110484429863687
DTC,HIV-1 RT,ECFP4,Validation,0.7286652078774617,0.7010526315789474,0.6017964071856288,0.7145922746781116,0.5292827924734116,0.0571042743283893
DTC,HIV-1 RT,ECFP4,Test,0.7149122807017544,0.6481113320079522,0.5404191616766467,0.6798748696558915,0.4301162720645822,-0.1295035497529022
DTC,HIV-1 RT,ECFP4,Train,0.7047353760445683,0.7106741573033708,0.582626060908637,0.7076923076923077,0.4891885467000446,-0.0217590334340081
DTC,HIV-1 RT,ECFP4,Validation,0.7329192546583851,0.7468354430379747,0.6266866566716641,0.7398119122257053,0.5392208303272775,0.079585166245932
DTC,HIV-1 RT,ECFP4,Test,0.7389473684210527,0.6978131212723658,0.5868263473053892,0.7177914110429447,0.4731489848786072,-0.0510965067317373
DTC,HIV-1 RT,ECFP4,Train,0.7143879742304939,0.7008426966292135,0.5881178232651023,0.7075505140021269,0.5058617628223787,0.011569590808107
DTC,HIV-1 RT,ECFP4,Validation,0.722457627118644,0.7194092827004219,0.6041979010494752,0.7209302325581395,0.5203264030082421,0.0405293881999048
DTC,HIV-1 RT,ECFP4,Test,0.746268656716418,0.6958250497017893,0.592814371257485,0.720164609053498,0.487306464244834,-0.0239400807753948
DTC,HIV-1 RT,ECFP4,Train,0.7138945927446955,0.7329585382993675,0.6013986013986014,0.7233009708737864,0.5055120843483021,0.0112554753649143
DTC,HIV-1 RT,ECFP4,Validation,0.7091295116772823,0.7031578947368421,0.5838323353293413,0.7061310782241015,0.4966566675756749,-0.0066464761174793
DTC,HIV-1 RT,ECFP4,Test,0.7322175732217573,0.6958250497017893,0.5793413173652695,0.7135575942915392,0.4600337369721067,-0.0764115050246564
DTC,HIV-1 RT,ECFP4,Train,0.7139845397048489,0.7139845397048489,0.5934065934065934,0.7139845397048489,0.5055242214931843,0.0110484429863687
DTC,HIV-1 RT,ECFP4,Validation,0.7286652078774617,0.7010526315789474,0.6017964071856288,0.7145922746781116,0.5292827924734116,0.0571042743283893
DTC,HIV-1 RT,ECFP4,Test,0.7149122807017544,0.6481113320079522,0.5404191616766467,0.6798748696558915,0.4301162720645822,-0.1295035497529022
DTC,HIV-1 RT,ECFP4,Train,0.7047353760445683,0.7106741573033708,0.582626060908637,0.7076923076923077,0.4891885467000446,-0.0217590334340081
DTC,HIV-1 RT,ECFP4,Validation,0.7329192546583851,0.7468354430379747,0.6266866566716641,0.7398119122257053,0.5392208303272775,0.079585166245932
DTC,HIV-1 RT,ECFP4,Test,0.7389473684210527,0.6978131212723658,0.5868263473053892,0.7177914110429447,0.4731489848786072,-0.0510965067317373
DTC,HIV-1 RT,ECFP4,Train,0.7143879742304939,0.7008426966292135,0.5881178232651023,0.7075505140021269,0.5058617628223787,0.011569590808107
DTC,HIV-1 RT,ECFP4,Validation,0.722457627118644,0.7194092827004219,0.6041979010494752,0.7209302325581395,0.5203264030082421,0.0405293881999048
DTC,HIV-1 RT,ECFP4,Test,0.746268656716418,0.6958250497017893,0.592814371257485,0.720164609053498,0.487306464244834,-0.0239400807753948
DTC,HIV-1 RT,MIX,Train,0.7107892107892108,1.0,0.7107892107892108,0.830948905109489,0.5,0.0
DTC,HIV-1 RT,MIX,Validation,0.7110778443113772,1.0,0.7110778443113772,0.8311461067366579,0.5,0.0
DTC,HIV-1 RT,MIX,Test,0.7529940119760479,1.0,0.7529940119760479,0.8590947907771136,0.5,0.0
DTC,HIV-1 RT,MIX,Train,0.8069164265129684,0.7870695713281799,0.7147852147852148,0.7968694414799004,0.662101279619185,0.3187713282866354
DTC,HIV-1 RT,MIX,Validation,0.7763496143958869,0.6357894736842106,0.6107784431137725,0.6990740740740741,0.5925061358058358,0.1700392154667887
DTC,HIV-1 RT,MIX,Test,0.8277404921700223,0.73558648111332,0.6856287425149701,0.7789473684210526,0.6344599072233267,0.246489752729238
DTC,HIV-1 RT,MIX,Train,0.7109335996005991,1.0,0.7109335996005991,0.8310475634665888,0.5,0.0
DTC,HIV-1 RT,MIX,Validation,0.7106446776611695,1.0,0.7106446776611695,0.8308501314636284,0.5,0.0
DTC,HIV-1 RT,MIX,Test,0.7529940119760479,1.0,0.7529940119760479,0.8590947907771136,0.5,0.0
DTC,HIV-1 RT,MIX,Train,0.7109335996005991,1.0,0.7109335996005991,0.8310475634665888,0.5,0.0
DTC,HIV-1 RT,MIX,Validation,0.7106446776611695,1.0,0.7106446776611695,0.8308501314636284,0.5,0.0
DTC,HIV-1 RT,MIX,Test,0.7529940119760479,1.0,0.7529940119760479,0.8590947907771136,0.5,0.0
DTC,HIV-1 RT,MIX,Train,0.8488372093023255,0.8721011946591708,0.7987012987012987,0.860311958405546,0.7452043106283764,0.5009902362717149
DTC,HIV-1 RT,MIX,Validation,0.8084632516703786,0.7642105263157895,0.7035928143712575,0.7857142857142857,0.6593073356967548,0.3076422659273271
DTC,HIV-1 RT,MIX,Test,0.8136272545090181,0.8071570576540755,0.7155688622754491,0.810379241516966,0.621760347008856,0.241584024779595
DTC,HIV-1 RT,MIX,Train,0.8006211180124223,0.9058327477160928,0.7727272727272727,0.849983514671942,0.6757143013191863,0.4015345000643701
DTC,HIV-1 RT,MIX,Validation,0.7604562737642585,0.8421052631578947,0.6991017964071856,0.7992007992007992,0.594627761112626,0.2096703284610489
DTC,HIV-1 RT,MIX,Test,0.8187250996015937,0.8170974155069582,0.7260479041916168,0.817910447761194,0.6327911319959033,0.2650447040293599
DTC,HIV-1 RT,MIX,Train,0.8564527260179434,0.8714887640449438,0.8047928107838243,0.863905325443787,0.7561243474801576,0.5191418758556869
DTC,HIV-1 RT,MIX,Validation,0.8147410358565738,0.8628691983122363,0.7631184407796102,0.8381147540983607,0.6905019566690715,0.4004086316621577
DTC,HIV-1 RT,MIX,Test,0.847870182555781,0.831013916500994,0.7604790419161677,0.8393574297188755,0.6882342309777697,0.3692428380782039
DTC,HIV-1 RT,MIX,Train,0.7863192182410423,0.8476123595505618,0.72790813779331,0.815816154106117,0.6405592022277853,0.3011663456807575
DTC,HIV-1 RT,MIX,Validation,0.7456140350877193,0.8966244725738397,0.7091454272863568,0.814176245210728,0.5726645678931375,0.186937840470162
DTC,HIV-1 RT,MIX,Test,0.7935871743486974,0.7872763419483101,0.6856287425149701,0.7904191616766467,0.5815169588529429,0.1617373429960269
DTC,HIV-1 RT,MIX,Train,0.8919298245614035,0.893183415319747,0.8471528471528471,0.8925561797752809,0.8136037974698909,0.6278526068592654
DTC,HIV-1 RT,MIX,Validation,0.8602941176470589,0.7389473684210527,0.7290419161676647,0.7950169875424689,0.721805290428143,0.4123923496611502
DTC,HIV-1 RT,MIX,Test,0.8365180467091295,0.7833001988071571,0.7215568862275449,0.8090349075975359,0.6583167660702451,0.2994603333049694
DTC,HIV-1 RT,MIX,Train,0.8442513368983957,0.8875614898102601,0.8036963036963037,0.8653648509763617,0.7425717639034028,0.5061403005662525
DTC,HIV-1 RT,MIX,Validation,0.7925311203319502,0.8042105263157895,0.7110778443113772,0.7983281086729362,0.6430379056449415,0.2892854603613893
DTC,HIV-1 RT,MIX,Test,0.8558951965065502,0.7793240556660039,0.7350299401197605,0.8158168574401665,0.689662027833002,0.3523659733416781
DTC,HIV-1 RT,MIX,Train,0.8820375335120644,0.9241573033707864,0.8582126809785322,0.9026063100137174,0.8100924686111272,0.6449419538350373
DTC,HIV-1 RT,MIX,Validation,0.8248031496062992,0.8839662447257384,0.7841079460269865,0.8533604887983707,0.7114131741763406,0.449986463486104
DTC,HIV-1 RT,MIX,Test,0.8343558282208589,0.8111332007952287,0.7365269461077845,0.8225806451612904,0.6601120549430689,0.3118164671480261
DTC,HIV-1 RT,MIX,Train,0.8426501035196687,0.8574438202247191,0.7848227658512231,0.8499825965889314,0.7318307184025149,0.4699007931753818
DTC,HIV-1 RT,MIX,Validation,0.7690476190476191,0.6814345991561181,0.6281859070464768,0.7225950782997763,0.5894219627904943,0.1679457033320406
DTC,HIV-1 RT,MIX,Test,0.8004158004158004,0.7654075546719682,0.6796407185628742,0.782520325203252,0.5917946864268931,0.176351907462898
DTC,HIV-1 RT,MIX,Train,0.9348404255319148,0.98805340829234,0.9425574425574426,0.9607106252135292,0.909398034025272,0.8587740068768612
DTC,HIV-1 RT,MIX,Validation,0.840958605664488,0.8126315789473684,0.7574850299401198,0.8265524625267666,0.7171966184892282,0.4246479468560316
DTC,HIV-1 RT,MIX,Test,0.83984375,0.8548707753479126,0.7679640718562875,0.8472906403940886,0.6789505391891077,0.3648309649887943
DTC,HIV-1 RT,MIX,Train,0.8941088739746458,0.842586085734364,0.8171828171828172,0.8675832127351665,0.7986678269777173,0.5758973114639868
DTC,HIV-1 RT,MIX,Validation,0.7918454935622318,0.7768421052631579,0.6961077844311377,0.7842720510095643,0.6371257158440142,0.270648559328671
DTC,HIV-1 RT,MIX,Test,0.8158567774936062,0.6341948310139165,0.6167664670658682,0.7136465324384788,0.5989155973251401,0.1731779024025108
DTC,HIV-1 RT,MIX,Train,0.9389574759945132,0.961376404494382,0.928107838242636,0.9500346981263011,0.9038315528516816,0.8227113863855596
DTC,HIV-1 RT,MIX,Validation,0.8192307692307692,0.8987341772151899,0.7871064467766117,0.8571428571428571,0.7058437725454189,0.4503759741542432
DTC,HIV-1 RT,MIX,Test,0.8586278586278586,0.8210735586481114,0.7634730538922155,0.8394308943089431,0.7044761732634497,0.3928306156853858
DTC,HIV-1 RT,MIX,Train,0.9113924050632912,0.7584269662921348,0.7758362456315526,0.8279034112686853,0.7885399080165337,0.5322238523713259
DTC,HIV-1 RT,MIX,Validation,0.7572815533980582,0.4936708860759494,0.527736131934033,0.5977011494252874,0.5525349249032596,0.0955487882619812
DTC,HIV-1 RT,MIX,Test,0.8283582089552238,0.6620278330019881,0.6422155688622755,0.7359116022099448,0.6219230074100849,0.2148264649765926
DTC,HIV-1 RT,MIX,Train,0.9576213260423788,0.9845397048489108,0.958041958041958,0.9708939708939708,0.9387292652051116,0.8969160314903175
DTC,HIV-1 RT,MIX,Validation,0.8374164810690423,0.791578947368421,0.7425149700598802,0.8138528138528138,0.7066703026997545,0.3991060420686845
DTC,HIV-1 RT,MIX,Test,0.8585858585858586,0.8449304174950298,0.7784431137724551,0.8517034068136272,0.7103439966263028,0.4141526367708229
DTC,HIV-1 RT,MIX,Train,0.912280701754386,0.8404778636683063,0.8291708291708292,0.8749085588880761,0.8209297781208543,0.6121267715251831
DTC,HIV-1 RT,MIX,Validation,0.7973273942093542,0.7536842105263157,0.688622754491018,0.7748917748917749,0.6410908099263702,0.2724638904883434
DTC,HIV-1 RT,MIX,Test,0.8582278481012658,0.6739562624254473,0.6706586826347305,0.755011135857461,0.6672811615157539,0.2935101499594748
DTC,HIV-1 RT,MIX,Train,0.9715099715099716,0.9578651685393258,0.9500748876684972,0.9646393210749646,0.9443902699346024,0.8800185938912921
DTC,HIV-1 RT,MIX,Validation,0.813141683778234,0.8354430379746836,0.7466266866566716,0.8241415192507804,0.6819702236505543,0.3717897536909985
DTC,HIV-1 RT,MIX,Test,0.8451025056947609,0.7375745526838966,0.7005988023952096,0.7876857749469215,0.6627266702813424,0.2957091051083231
DTC,HIV-1 RT,MIX,Train,0.9343696027633852,0.7598314606741573,0.7913130304543186,0.8381099922540666,0.8142853331004638,0.5769866330886283
DTC,HIV-1 RT,MIX,Validation,0.7633333333333333,0.4831223628691983,0.5262368815592204,0.5917312661498708,0.5576233576004023,0.1050516121740359
DTC,HIV-1 RT,MIX,Test,0.8269720101781171,0.6461232604373758,0.6317365269461078,0.7254464285714286,0.6170010241580819,0.2050609672287902
DTC,HIV-1 RT,MIX,Train,0.9754730203223546,0.978215038650738,0.967032967032967,0.9768421052631578,0.958882994282191,0.9196610262317788
DTC,HIV-1 RT,MIX,Validation,0.8317972350230415,0.76,0.7200598802395209,0.7942794279427943,0.690880829015544,0.3627145472733272
DTC,HIV-1 RT,MIX,Test,0.8553459119496856,0.8111332007952287,0.7544910179640718,0.8326530612244898,0.6964756913067053,0.3750497779595729
DTC,HIV-1 RT,MIX,Train,0.913570887035633,0.8468025298664793,0.8341658341658341,0.8789204959883297,0.8249556690783174,0.6215314309736888
DTC,HIV-1 RT,MIX,Validation,0.7893518518518519,0.7178947368421053,0.6631736526946108,0.7519294377067255,0.6231960730842651,0.2336438988995949
DTC,HIV-1 RT,MIX,Test,0.8631840796019901,0.6898608349900597,0.6841317365269461,0.7668508287292818,0.6782637508283632,0.3140979888653709
DTC,HIV-1 RT,MIX,Train,0.9826589595375722,0.9550561797752808,0.9560659011482776,0.9686609686609686,0.9568027012866042,0.8962714572090273
DTC,HIV-1 RT,MIX,Validation,0.8181818181818182,0.8164556962025317,0.7406296851574213,0.8173178458289335,0.6854299206401258,0.3702935933190062
DTC,HIV-1 RT,MIX,Test,0.8540145985401459,0.6978131212723658,0.6826347305389222,0.7680525164113785,0.6670883788180011,0.2962202423900405
DTC,HIV-1 RT,MIX,Train,0.9360210341805434,0.75,0.7858212680978532,0.8327485380116959,0.8119602763385148,0.5712511842807063
DTC,HIV-1 RT,MIX,Validation,0.7679738562091504,0.4957805907172996,0.5352323838080959,0.6025641025641025,0.5639524715244529,0.1163967461371576
DTC,HIV-1 RT,MIX,Test,0.8271276595744681,0.6182902584493042,0.6152694610778443,0.7076222980659841,0.6121754322549552,0.1950600646507123
DTC,HIV-1 RT,MIX,Train,0.9809859154929578,0.9789177793394236,0.9715284715284715,0.9799507562434048,0.966142827493546,0.9308615016000992
DTC,HIV-1 RT,MIX,Validation,0.8459821428571429,0.7978947368421052,0.7529940119760479,0.8212351029252438,0.7201908917371148,0.4247217070431657
DTC,HIV-1 RT,MIX,Test,0.8710359408033826,0.8190854870775348,0.7724550898203593,0.8442622950819673,0.7246942586902827,0.4262850086251616
DTC,HIV-1 RT,MIX,Train,0.9180834621329212,0.8348559381588194,0.8296703296703297,0.8744939271255061,0.8258908360914995,0.6181019433235903
DTC,HIV-1 RT,MIX,Validation,0.7872340425531915,0.7010526315789474,0.6526946107784432,0.7416481069042317,0.6173656940278156,0.2207716992522117
DTC,HIV-1 RT,MIX,Test,0.8491048593350383,0.6600397614314115,0.655688622754491,0.7427293064876958,0.6512320019278269,0.2647715990017802
DTC,HIV-1 RT,MIX,Train,0.9832970225127088,0.9508426966292136,0.9535696455317024,0.9667975722956088,0.9555595175719472,0.8910770528904247
DTC,HIV-1 RT,MIX,Validation,0.8158995815899581,0.8227848101265823,0.7421289355322339,0.819327731092437,0.6834131304518921,0.3691334434220112
DTC,HIV-1 RT,MIX,Test,0.8653846153846154,0.805168986083499,0.7589820359281437,0.8341915550978373,0.7116754021326586,0.3986469350589612
DTC,HIV-1 RT,MIX,Train,0.9326334208223972,0.7485955056179775,0.782825761357963,0.8305414881184262,0.8078037977139975,0.5638010823346509
DTC,HIV-1 RT,MIX,Validation,0.7656765676567657,0.4894514767932489,0.5307346326836582,0.5971685971685972,0.5607879145624276,0.1107243295673973
DTC,HIV-1 RT,MIX,Test,0.8455056179775281,0.5984095427435387,0.6152694610778443,0.7008149010477299,0.6325381047051027,0.2291365765654059
DTC,HIV-1 RT,MIX,Train,0.9809859154929578,0.9789177793394236,0.9715284715284715,0.9799507562434048,0.966142827493546,0.9308615016000992
DTC,HIV-1 RT,MIX,Validation,0.8459821428571429,0.7978947368421052,0.7529940119760479,0.8212351029252438,0.7201908917371148,0.4247217070431657
DTC,HIV-1 RT,MIX,Test,0.8710359408033826,0.8190854870775348,0.7724550898203593,0.8442622950819673,0.7246942586902827,0.4262850086251616
DTC,HIV-1 RT,MIX,Train,0.9180834621329212,0.8348559381588194,0.8296703296703297,0.8744939271255061,0.8258908360914995,0.6181019433235903
DTC,HIV-1 RT,MIX,Validation,0.7872340425531915,0.7010526315789474,0.6526946107784432,0.7416481069042317,0.6173656940278156,0.2207716992522117
DTC,HIV-1 RT,MIX,Test,0.8491048593350383,0.6600397614314115,0.655688622754491,0.7427293064876958,0.6512320019278269,0.2647715990017802
DTC,HIV-1 RT,MIX,Train,0.9832970225127088,0.9508426966292136,0.9535696455317024,0.9667975722956088,0.9555595175719472,0.8910770528904247
DTC,HIV-1 RT,MIX,Validation,0.8158995815899581,0.8227848101265823,0.7421289355322339,0.819327731092437,0.6834131304518921,0.3691334434220112
DTC,HIV-1 RT,MIX,Test,0.8653846153846154,0.805168986083499,0.7589820359281437,0.8341915550978373,0.7116754021326586,0.3986469350589612
DTC,HIV-1 RT,MIX,Train,0.9326334208223972,0.7485955056179775,0.782825761357963,0.8305414881184262,0.8078037977139975,0.5638010823346509
DTC,HIV-1 RT,MIX,Validation,0.7656765676567657,0.4894514767932489,0.5307346326836582,0.5971685971685972,0.5607879145624276,0.1107243295673973
DTC,HIV-1 RT,MIX,Test,0.8455056179775281,0.5984095427435387,0.6152694610778443,0.7008149010477299,0.6325381047051027,0.2291365765654059
DTC,HIV-1 RT,MIX,Train,0.9809859154929578,0.9789177793394236,0.9715284715284715,0.9799507562434048,0.966142827493546,0.9308615016000992
DTC,HIV-1 RT,MIX,Validation,0.8459821428571429,0.7978947368421052,0.7529940119760479,0.8212351029252438,0.7201908917371148,0.4247217070431657
DTC,HIV-1 RT,MIX,Test,0.8710359408033826,0.8190854870775348,0.7724550898203593,0.8442622950819673,0.7246942586902827,0.4262850086251616
DTC,HIV-1 RT,MIX,Train,0.9180834621329212,0.8348559381588194,0.8296703296703297,0.8744939271255061,0.8258908360914995,0.6181019433235903
DTC,HIV-1 RT,MIX,Validation,0.7872340425531915,0.7010526315789474,0.6526946107784432,0.7416481069042317,0.6173656940278156,0.2207716992522117
DTC,HIV-1 RT,MIX,Test,0.8491048593350383,0.6600397614314115,0.655688622754491,0.7427293064876958,0.6512320019278269,0.2647715990017802
DTC,HIV-1 RT,MIX,Train,0.9832970225127088,0.9508426966292136,0.9535696455317024,0.9667975722956088,0.9555595175719472,0.8910770528904247
DTC,HIV-1 RT,MIX,Validation,0.8158995815899581,0.8227848101265823,0.7421289355322339,0.819327731092437,0.6834131304518921,0.3691334434220112
DTC,HIV-1 RT,MIX,Test,0.8653846153846154,0.805168986083499,0.7589820359281437,0.8341915550978373,0.7116754021326586,0.3986469350589612
DTC,HIV-1 RT,MIX,Train,0.9326334208223972,0.7485955056179775,0.782825761357963,0.8305414881184262,0.8078037977139975,0.5638010823346509
DTC,HIV-1 RT,MIX,Validation,0.7656765676567657,0.4894514767932489,0.5307346326836582,0.5971685971685972,0.5607879145624276,0.1107243295673973
DTC,HIV-1 RT,MIX,Test,0.8455056179775281,0.5984095427435387,0.6152694610778443,0.7008149010477299,0.6325381047051027,0.2291365765654059
DTC,HIV-1 RT,MIX,Train,0.7107892107892108,1.0,0.7107892107892108,0.830948905109489,0.5,0.0
DTC,HIV-1 RT,MIX,Validation,0.7110778443113772,1.0,0.7110778443113772,0.8311461067366579,0.5,0.0
DTC,HIV-1 RT,MIX,Test,0.7529940119760479,1.0,0.7529940119760479,0.8590947907771136,0.5,0.0
DTC,HIV-1 RT,MIX,Train,0.8171959721146398,0.741391426563598,0.6983016983016983,0.7774502579218865,0.6668960587049423,0.3162422468163994
DTC,HIV-1 RT,MIX,Validation,0.8044692737430168,0.6063157894736843,0.6152694610778443,0.6914765906362546,0.6218107444777747,0.221420941069514
DTC,HIV-1 RT,MIX,Test,0.850253807106599,0.6660039761431411,0.6601796407185628,0.7469342251950948,0.6542141092836917,0.2704311268285778
DTC,HIV-1 RT,MIX,Train,0.7109335996005991,1.0,0.7109335996005991,0.8310475634665888,0.5,0.0
DTC,HIV-1 RT,MIX,Validation,0.7106446776611695,1.0,0.7106446776611695,0.8308501314636284,0.5,0.0
DTC,HIV-1 RT,MIX,Test,0.7529940119760479,1.0,0.7529940119760479,0.8590947907771136,0.5,0.0
DTC,HIV-1 RT,MIX,Train,0.7109335996005991,1.0,0.7109335996005991,0.8310475634665888,0.5,0.0
DTC,HIV-1 RT,MIX,Validation,0.7106446776611695,1.0,0.7106446776611695,0.8308501314636284,0.5,0.0
DTC,HIV-1 RT,MIX,Test,0.7529940119760479,1.0,0.7529940119760479,0.8590947907771136,0.5,0.0
DTC,HIV-1 RT,MIX,Train,0.8092783505154639,0.8826423049894588,0.7687312687312687,0.8443697478991596,0.6857080264152821,0.4034133693114664
DTC,HIV-1 RT,MIX,Validation,0.79375,0.8021052631578948,0.7110778443113772,0.7979057591623037,0.6445759476411235,0.2914418796932934
DTC,HIV-1 RT,MIX,Test,0.8089887640449438,0.8588469184890656,0.7410179640718563,0.8331726133076182,0.6203325501536237,0.2591886939040674
DTC,HIV-1 RT,MIX,Train,0.7989386792452831,0.9522136331693604,0.7957042957042957,0.868868226995832,0.6816335868782899,0.4577140563732725
DTC,HIV-1 RT,MIX,Validation,0.763986013986014,0.92,0.7410179640718563,0.8347659980897804,0.610259067357513,0.2849286619978161
DTC,HIV-1 RT,MIX,Test,0.8309608540925267,0.9284294234592444,0.8038922155688623,0.8769953051643192,0.6763359238508344,0.4162705313592528
DTC,HIV-1 RT,MIX,Train,0.8528329654157468,0.8139044943820225,0.7678482276585122,0.8329141214516709,0.7342406755157089,0.4547093891990304
DTC,HIV-1 RT,MIX,Validation,0.8114754098360656,0.8354430379746836,0.7451274362818591,0.8232848232848233,0.6793795500754247,0.3671422159817755
DTC,HIV-1 RT,MIX,Test,0.8481012658227848,0.7992047713717694,0.7410179640718563,0.8229273285568065,0.6814205675040665,0.3447088595804805
DTC,HIV-1 RT,MIX,Train,0.7932960893854749,0.8974719101123596,0.7608587119321019,0.8421746293245469,0.6611711882168015,0.3683162465682104
DTC,HIV-1 RT,MIX,Validation,0.7470288624787776,0.9282700421940928,0.7256371814092953,0.8278457196613358,0.5781246584027459,0.2204859923896588
DTC,HIV-1 RT,MIX,Test,0.7988826815642458,0.852882703777336,0.7275449101796407,0.825,0.5991686246159407,0.2154306340251498
DTC,HIV-1 RT,MIX,Train,0.8557887610020312,0.8882642304989459,0.8141858141858141,0.8717241379310345,0.7601942914152761,0.5364133678131283
DTC,HIV-1 RT,MIX,Validation,0.8416075650118203,0.7494736842105263,0.7215568862275449,0.7928730512249443,0.7011617125715844,0.3783968857065535
DTC,HIV-1 RT,MIX,Test,0.8267716535433071,0.8349900596421471,0.7440119760479041,0.8308605341246291,0.6508283631544068,0.3048225773135934
DTC,HIV-1 RT,MIX,Train,0.8532289628180039,0.9191848208011244,0.8301698301698301,0.8849797023004059,0.7652918922658472,0.5679867521574835
DTC,HIV-1 RT,MIX,Validation,0.8031189083820662,0.8673684210526316,0.7544910179640718,0.8340080971659919,0.672026179438233,0.36942430713022
DTC,HIV-1 RT,MIX,Test,0.8678861788617886,0.8489065606361829,0.7889221556886228,0.8582914572864322,0.7274835833483945,0.4454173560853612
DTC,HIV-1 RT,MIX,Train,0.8745519713261649,0.8567415730337079,0.8107838242636046,0.8655551614047534,0.7772481613009644,0.5467062682859868
DTC,HIV-1 RT,MIX,Validation,0.8043478260869565,0.8586497890295358,0.7511244377811095,0.8306122448979592,0.672848210576944,0.3663317093228367
DTC,HIV-1 RT,MIX,Test,0.83125,0.7932405566600398,0.7230538922155688,0.8118006103763988,0.6511657328754744,0.2899410924408653
DTC,HIV-1 RT,MIX,Train,0.8560053085600531,0.9058988764044944,0.8247628557164254,0.8802456499488229,0.7655573829345442,0.5578085770064863
DTC,HIV-1 RT,MIX,Validation,0.765375854214123,0.7088607594936709,0.638680659670165,0.7360350492880613,0.5875910015084935,0.1674779473533175
DTC,HIV-1 RT,MIX,Test,0.8229571984435797,0.8409542743538767,0.7440119760479041,0.831858407079646,0.6447195614193626,0.2963748028444348
DTC,HIV-1 RT,MIX,Train,0.8825031928480205,0.9711876317638792,0.8876123876123876,0.924723987955838,0.8266991699406614,0.717762286051092
DTC,HIV-1 RT,MIX,Validation,0.8084210526315789,0.8084210526315789,0.7275449101796407,0.8084210526315789,0.6684592309790018,0.3369184619580038
DTC,HIV-1 RT,MIX,Test,0.828996282527881,0.8866799204771372,0.7769461077844312,0.8568683957732949,0.6645520814506898,0.3585060808826792
DTC,HIV-1 RT,MIX,Train,0.9282296650717704,0.954321855235418,0.9150849150849152,0.9410949410949412,0.8864873524881755,0.7901152941161376
DTC,HIV-1 RT,MIX,Validation,0.8075396825396826,0.8568421052631578,0.7529940119760479,0.8314606741573034,0.6771257158440142,0.3730782072386051
DTC,HIV-1 RT,MIX,Test,0.8350951374207188,0.7852882703777336,0.7215568862275449,0.8094262295081968,0.6562804988252304,0.296491927199113
DTC,HIV-1 RT,MIX,Train,0.9259786476868328,0.913623595505618,0.8866699950074888,0.9197596323789324,0.8670017804816519,0.7271159798766782
DTC,HIV-1 RT,MIX,Validation,0.807843137254902,0.869198312236287,0.760119940029985,0.8373983739837398,0.6807131457554492,0.3863248571450097
DTC,HIV-1 RT,MIX,Test,0.854122621564482,0.8031809145129225,0.7485029940119761,0.8278688524590164,0.6924995481655521,0.3652059114834917
DTC,HIV-1 RT,MIX,Train,0.9289232934553132,0.9269662921348316,0.8976535197204194,0.9279437609841829,0.8762638023713882,0.7513774911823873
DTC,HIV-1 RT,MIX,Validation,0.7656675749318801,0.5928270042194093,0.5817091454272864,0.6682520808561236,0.5736155746485647,0.1342065981572692
DTC,HIV-1 RT,MIX,Test,0.8428874734607219,0.7892644135188867,0.7305389221556886,0.8151950718685832,0.6703897825170191,0.3222967619340328
DTC,HIV-1 RT,MIX,Train,0.9016501650165016,0.9599437807449052,0.8971028971028971,0.9298842750170184,0.8513017694743524,0.742474030323457
DTC,HIV-1 RT,MIX,Validation,0.8094218415417559,0.7957894736842105,0.7215568862275449,0.802547770700637,0.6673247886555768,0.3307190951978793
DTC,HIV-1 RT,MIX,Test,0.8557504873294347,0.8727634194831014,0.7934131736526946,0.8641732283464567,0.7121392854991265,0.4334634970668935
DTC,HIV-1 RT,MIX,Train,0.9449093444909344,0.9522136331693604,0.9265734265734266,0.9485474273713684,0.9078857457729358,0.8204677453330191
DTC,HIV-1 RT,MIX,Validation,0.8123711340206186,0.8294736842105264,0.7425149700598802,0.8208333333333333,0.6789855467684756,0.3638119864349493
DTC,HIV-1 RT,MIX,Test,0.844017094017094,0.7852882703777336,0.7290419161676647,0.8135942327497425,0.6714320139767456,0.3228568187624602
DTC,HIV-1 RT,MIX,Train,0.9550224887556222,0.8946629213483146,0.8951572641038442,0.9238578680203046,0.8955179891715666,0.7603254709331605
DTC,HIV-1 RT,MIX,Validation,0.7983367983367984,0.810126582278481,0.719640179910045,0.8041884816753927,0.6537679543516757,0.3109815669266352
DTC,HIV-1 RT,MIX,Test,0.8302752293577982,0.7196819085487077,0.6781437125748503,0.7710330138445154,0.6355985300319297,0.2456539234088897
DTC,HIV-1 RT,MIX,Train,0.9405940594059404,0.9339887640449438,0.9111333000499252,0.9372797744890768,0.8944555219188449,0.7849463242987842
DTC,HIV-1 RT,MIX,Validation,0.7530120481927711,0.5274261603375527,0.5412293853073463,0.6203473945409429,0.5512778470081546,0.093011394969363
DTC,HIV-1 RT,MIX,Test,0.821917808219178,0.7157057654075547,0.6691616766467066,0.7651434643995749,0.621489246340141,0.2205427699898236
DTC,HIV-1 RT,MIX,Train,0.9163265306122448,0.9465917076598735,0.9005994005994006,0.9312132734185966,0.867078237249626,0.7535566062661653
DTC,HIV-1 RT,MIX,Validation,0.8104575163398693,0.783157894736842,0.7155688622754491,0.7965738758029979,0.6661903463321516,0.3249239783203209
DTC,HIV-1 RT,MIX,Test,0.8562753036437247,0.8409542743538767,0.7739520958083832,0.8485456369107321,0.7053256220254233,0.4035162314117757
DTC,HIV-1 RT,MIX,Train,0.95374912403644,0.9564300773014758,0.936063936063936,0.9550877192982457,0.9212202199978882,0.844179942642663
DTC,HIV-1 RT,MIX,Validation,0.8179824561403509,0.7852631578947369,0.7230538922155688,0.8012889366272825,0.6776056722116172,0.3459090582606798
DTC,HIV-1 RT,MIX,Test,0.8446389496717724,0.7673956262425448,0.718562874251497,0.8041666666666667,0.6685462979697572,0.3127345406737177
DTC,HIV-1 RT,MIX,Train,0.970014992503748,0.9087078651685392,0.9151273090364452,0.9383611312545322,0.9198116182492092,0.8070264187404215
DTC,HIV-1 RT,MIX,Validation,0.8038379530916845,0.7953586497890295,0.7166416791604198,0.799575821845175,0.6593373559825977,0.3162979744957023
DTC,HIV-1 RT,MIX,Test,0.8531073446327684,0.6003976143141153,0.6212574850299402,0.704784130688448,0.6426230495813,0.246478602878021
DTC,HIV-1 RT,MIX,Train,0.9557971014492752,0.9262640449438202,0.9171243135297056,0.9407988587731811,0.9104549931109428,0.803907811708699
DTC,HIV-1 RT,MIX,Validation,0.7538461538461538,0.5168776371308017,0.5367316341829086,0.6132665832290363,0.5511849325550382,0.0928720908129271
DTC,HIV-1 RT,MIX,Test,0.8337129840546698,0.7276341948310139,0.6856287425149701,0.7770700636942676,0.6426049762033857,0.2591436906082379
DTC,HIV-1 RT,MIX,Train,0.9252912954078136,0.9486999297259312,0.9090909090909092,0.9368494101318527,0.8802221582999258,0.7754996204270158
DTC,HIV-1 RT,MIX,Validation,0.8195991091314031,0.7747368421052632,0.718562874251497,0.7965367965367965,0.6775238614671395,0.3428206413663107
DTC,HIV-1 RT,MIX,Test,0.864476386036961,0.8369781312127237,0.7784431137724551,0.8505050505050505,0.7184890656063618,0.4240156630383652
DTC,HIV-1 RT,MIX,Train,0.9548978153629316,0.9522136331693604,0.934065934065934,0.9535538353272344,0.9208391136485836,0.8399672428129766
DTC,HIV-1 RT,MIX,Validation,0.8172043010752689,0.8,0.7305389221556886,0.8085106382978723,0.6797927461139897,0.3543668803919129
DTC,HIV-1 RT,MIX,Test,0.8432203389830508,0.7912524850894632,0.7320359281437125,0.8164102564102564,0.6713838183023074,0.3246584715059001
DTC,HIV-1 RT,MIX,Train,0.9717557251908396,0.8939606741573034,0.9061407888167748,0.9312362838332114,0.9150286963187207,0.7910430754482263
DTC,HIV-1 RT,MIX,Validation,0.809322033898305,0.8059071729957806,0.7271364317841079,0.8076109936575053,0.6697929647362323,0.3385549808599744
DTC,HIV-1 RT,MIX,Test,0.8625,0.6858846918489065,0.6811377245508982,0.7641196013289037,0.6762756792577866,0.3102065505638774
DTC,HIV-1 RT,MIX,Train,0.9570200573065902,0.9382022471910112,0.926110833749376,0.947517730496454,0.9172876520929149,0.8232329622309682
DTC,HIV-1 RT,MIX,Validation,0.7359050445103857,0.5232067510548524,0.527736131934033,0.6115906288532675,0.5310334273408978,0.0562931618323897
DTC,HIV-1 RT,MIX,Test,0.847255369928401,0.705765407554672,0.6826347305389222,0.7700650759219089,0.658943309837942,0.2835251101238558
DTC,HIV-1 RT,MIX,Train,0.9252912954078136,0.9486999297259312,0.9090909090909092,0.9368494101318527,0.8802221582999258,0.7754996204270158
DTC,HIV-1 RT,MIX,Validation,0.8195991091314031,0.7747368421052632,0.718562874251497,0.7965367965367965,0.6775238614671395,0.3428206413663107
DTC,HIV-1 RT,MIX,Test,0.864476386036961,0.8369781312127237,0.7784431137724551,0.8505050505050505,0.7184890656063618,0.4240156630383652
DTC,HIV-1 RT,MIX,Train,0.9548978153629316,0.9522136331693604,0.934065934065934,0.9535538353272344,0.9208391136485836,0.8399672428129766
DTC,HIV-1 RT,MIX,Validation,0.8172043010752689,0.8,0.7305389221556886,0.8085106382978723,0.6797927461139897,0.3543668803919129
DTC,HIV-1 RT,MIX,Test,0.8432203389830508,0.7912524850894632,0.7320359281437125,0.8164102564102564,0.6713838183023074,0.3246584715059001
DTC,HIV-1 RT,MIX,Train,0.9717557251908396,0.8939606741573034,0.9061407888167748,0.9312362838332114,0.9150286963187207,0.7910430754482263
DTC,HIV-1 RT,MIX,Validation,0.809322033898305,0.8059071729957806,0.7271364317841079,0.8076109936575053,0.6697929647362323,0.3385549808599744
DTC,HIV-1 RT,MIX,Test,0.8625,0.6858846918489065,0.6811377245508982,0.7641196013289037,0.6762756792577866,0.3102065505638774
DTC,HIV-1 RT,MIX,Train,0.9570200573065902,0.9382022471910112,0.926110833749376,0.947517730496454,0.9172876520929149,0.8232329622309682
DTC,HIV-1 RT,MIX,Validation,0.7359050445103857,0.5232067510548524,0.527736131934033,0.6115906288532675,0.5310334273408978,0.0562931618323897
DTC,HIV-1 RT,MIX,Test,0.847255369928401,0.705765407554672,0.6826347305389222,0.7700650759219089,0.658943309837942,0.2835251101238558
DTC,HIV-1 RT,MIX,Train,0.9252912954078136,0.9486999297259312,0.9090909090909092,0.9368494101318527,0.8802221582999258,0.7754996204270158
DTC,HIV-1 RT,MIX,Validation,0.8195991091314031,0.7747368421052632,0.718562874251497,0.7965367965367965,0.6775238614671395,0.3428206413663107
DTC,HIV-1 RT,MIX,Test,0.864476386036961,0.8369781312127237,0.7784431137724551,0.8505050505050505,0.7184890656063618,0.4240156630383652
DTC,HIV-1 RT,MIX,Train,0.9548978153629316,0.9522136331693604,0.934065934065934,0.9535538353272344,0.9208391136485836,0.8399672428129766
DTC,HIV-1 RT,MIX,Validation,0.8172043010752689,0.8,0.7305389221556886,0.8085106382978723,0.6797927461139897,0.3543668803919129
DTC,HIV-1 RT,MIX,Test,0.8432203389830508,0.7912524850894632,0.7320359281437125,0.8164102564102564,0.6713838183023074,0.3246584715059001
DTC,HIV-1 RT,MIX,Train,0.9717557251908396,0.8939606741573034,0.9061407888167748,0.9312362838332114,0.9150286963187207,0.7910430754482263
DTC,HIV-1 RT,MIX,Validation,0.809322033898305,0.8059071729957806,0.7271364317841079,0.8076109936575053,0.6697929647362323,0.3385549808599744
DTC,HIV-1 RT,MIX,Test,0.8625,0.6858846918489065,0.6811377245508982,0.7641196013289037,0.6762756792577866,0.3102065505638774
DTC,HIV-1 RT,MIX,Train,0.9570200573065902,0.9382022471910112,0.926110833749376,0.947517730496454,0.9172876520929149,0.8232329622309682
DTC,HIV-1 RT,MIX,Validation,0.7359050445103857,0.5232067510548524,0.527736131934033,0.6115906288532675,0.5310334273408978,0.0562931618323897
DTC,HIV-1 RT,MIX,Test,0.847255369928401,0.705765407554672,0.6826347305389222,0.7700650759219089,0.658943309837942,0.2835251101238558
