model,enzyme,descriptor,scaler,split,signature,phase,precision,recall,accuracy,f1 score,auc,mcc,descriptor_int,phase_int
gpc,IN,PC,minmax,1,DotProduct(sigma_0=1),train,0.4650698602794411,0.3675078864353312,0.5248579545454546,0.4105726872246696,0.5106273282305855,0.0220875066200148,1,1
gpc,IN,PC,minmax,1,DotProduct(sigma_0=1),validation,0.4431818181818182,0.3679245283018867,0.5063829787234042,0.4020618556701031,0.4940397835307883,-0.0122557477364329,1,2
gpc,IN,PC,minmax,1,DotProduct(sigma_0=1),test,0.4895104895104895,0.3225806451612903,0.5319148936170213,0.3888888888888889,0.5170215478770879,0.0368873349087427,1,3
gpc,IN,PC,minmax,2,DotProduct(sigma_0=1),train,0.4358452138492871,0.3375394321766561,0.5049715909090909,0.3804444444444444,0.4898291476128759,-0.0212362115169499,1,1
gpc,IN,PC,minmax,2,DotProduct(sigma_0=1),validation,0.489247311827957,0.4292452830188679,0.5404255319148936,0.457286432160804,0.5305141143776511,0.0621001868300229,1,2
gpc,IN,PC,minmax,2,DotProduct(sigma_0=1),test,0.4615384615384615,0.304147465437788,0.5148936170212766,0.3666666666666666,0.4998998196754157,-0.0002171004194736,1,3
gpc,IN,PC,minmax,3,DotProduct(sigma_0=1),train,0.4461538461538462,0.5937007874015748,0.4847409510290986,0.5094594594594595,0.4945248123054386,-0.0111203496825463,1,1
gpc,IN,PC,minmax,3,DotProduct(sigma_0=1),validation,0.4598540145985401,0.5971563981042654,0.5031982942430704,0.5195876288659794,0.511756493625776,0.0237337466403825,1,2
gpc,IN,PC,minmax,3,DotProduct(sigma_0=1),test,0.4541984732824427,0.5483870967741935,0.4872340425531914,0.4968684759916493,0.4915848527349229,-0.0168927179368598,1,3
gpc,IN,PC,minmax,4,DotProduct(sigma_0=1),train,0.4981132075471698,0.415748031496063,0.5479063165365508,0.4532188841201717,0.536039390425034,0.0740342025790187,1,1
gpc,IN,PC,minmax,4,DotProduct(sigma_0=1),validation,0.3975155279503105,0.3033175355450237,0.4797441364605543,0.3440860215053763,0.4636742716484808,-0.0761214602679701,1,2
gpc,IN,PC,minmax,4,DotProduct(sigma_0=1),test,0.4520547945205479,0.304147465437788,0.5085106382978724,0.3636363636363636,0.493970965920475,-0.0129902924647288,1,3
gpc,IN,PC,minmax,1,"Matern(length_scale=1, nu=0.5)",train,0.4869215291750503,0.3817034700315457,0.5404829545454546,0.4279398762157382,0.5261230528452303,0.0543915770460958,1,1
gpc,IN,PC,minmax,1,"Matern(length_scale=1, nu=0.5)",validation,0.4712643678160919,0.3867924528301887,0.5276595744680851,0.4248704663212435,0.5151016527716835,0.0311251734200215,1,2
gpc,IN,PC,minmax,1,"Matern(length_scale=1, nu=0.5)",test,0.4328358208955223,0.2672811059907834,0.5,0.3304843304843304,0.4834429245368936,-0.0365663585577959,1,3
gpc,IN,PC,minmax,2,"Matern(length_scale=1, nu=0.5)",train,0.4567627494456763,0.3249211356466877,0.5220170454545454,0.3797235023041475,0.5041918339732147,0.00893932935099,1,1
gpc,IN,PC,minmax,2,"Matern(length_scale=1, nu=0.5)",validation,0.5,0.3867924528301887,0.548936170212766,0.4361702127659574,0.5344814977329237,0.0719964799365217,1,2
gpc,IN,PC,minmax,2,"Matern(length_scale=1, nu=0.5)",test,0.464,0.2672811059907834,0.5191489361702127,0.3391812865497076,0.5012294858017158,0.0027744639548621,1,3
gpc,IN,PC,minmax,3,"Matern(length_scale=1, nu=0.5)",train,0.4557823129251701,0.3165354330708661,0.5216465578424414,0.3736059479553903,0.5032289568455106,0.0069293517237216,1,1
gpc,IN,PC,minmax,3,"Matern(length_scale=1, nu=0.5)",validation,0.4928571428571429,0.3270142180094786,0.5458422174840085,0.3931623931623931,0.5259102097799331,0.0563365228954472,1,2
gpc,IN,PC,minmax,3,"Matern(length_scale=1, nu=0.5)",test,0.4285714285714285,0.2350230414746544,0.502127659574468,0.3035714285714285,0.483124168958671,-0.0386953031038578,1,3
gpc,IN,PC,minmax,4,"Matern(length_scale=1, nu=0.5)",train,0.4832089552238806,0.4078740157480315,0.5365507452093683,0.4423569598633646,0.5249964393985636,0.0512360891017633,1,1
gpc,IN,PC,minmax,4,"Matern(length_scale=1, nu=0.5)",validation,0.4719101123595505,0.3981042654028436,0.5287846481876333,0.4318766066838046,0.516881590065763,0.0346128954663415,1,2
gpc,IN,PC,minmax,4,"Matern(length_scale=1, nu=0.5)",test,0.4802631578947368,0.336405529953917,0.5255319148936171,0.3956639566395664,0.5120762827635198,0.0257405630586904,1,3
gpc,IN,PC,minmax,1,"Matern(length_scale=1, nu=1.5)",train,0.4892787524366471,0.3958990536277602,0.5419034090909091,0.4376634699215344,0.528698880819048,0.0593389511238068,1,1
gpc,IN,PC,minmax,1,"Matern(length_scale=1, nu=1.5)",validation,0.48,0.3962264150943396,0.5340425531914894,0.4341085271317829,0.5217566183998831,0.0447887705537674,1,2
gpc,IN,PC,minmax,1,"Matern(length_scale=1, nu=1.5)",test,0.4275862068965517,0.2857142857142857,0.4936170212765957,0.3425414364640884,0.4788255223037831,-0.0457095712948132,1,3
gpc,IN,PC,minmax,2,"Matern(length_scale=1, nu=1.5)",train,0.4621848739495798,0.3470031545741325,0.5241477272727273,0.3963963963963964,0.5081269002844823,0.0170945866318381,1,1
gpc,IN,PC,minmax,2,"Matern(length_scale=1, nu=1.5)",validation,0.4913294797687861,0.4009433962264151,0.5425531914893617,0.4415584415584415,0.5299290624542928,0.0617589090037742,1,2
gpc,IN,PC,minmax,2,"Matern(length_scale=1, nu=1.5)",test,0.4586466165413533,0.2811059907834101,0.5148936170212766,0.3485714285714286,0.498260505273128,-0.0038503700347673,1,3
gpc,IN,PC,minmax,3,"Matern(length_scale=1, nu=1.5)",train,0.4583333333333333,0.3291338582677165,0.5223562810503903,0.383134738771769,0.5050062056196464,0.0106479781282829,1,1
gpc,IN,PC,minmax,3,"Matern(length_scale=1, nu=1.5)",validation,0.5,0.3507109004739336,0.5501066098081023,0.4122562674094707,0.5319445975237885,0.0683903967411463,1,2
gpc,IN,PC,minmax,3,"Matern(length_scale=1, nu=1.5)",test,0.4263565891472868,0.2534562211981567,0.4978723404255319,0.3179190751445087,0.4804830513105408,-0.0436073804540826,1,3
gpc,IN,PC,minmax,4,"Matern(length_scale=1, nu=1.5)",train,0.4808743169398907,0.415748031496063,0.5344215755855216,0.4459459459459459,0.5237654886162485,0.0484951926109794,1,1
gpc,IN,PC,minmax,4,"Matern(length_scale=1, nu=1.5)",validation,0.4607329842931937,0.4170616113744075,0.5181236673773987,0.4378109452736318,0.5089184025864285,0.0180604708161985,1,2
gpc,IN,PC,minmax,4,"Matern(length_scale=1, nu=1.5)",test,0.4787878787878787,0.3640552995391705,0.5234042553191489,0.4136125654450261,0.5120671754612848,0.0252077369952039,1,3
gpc,IN,PC,minmax,1,"Matern(length_scale=1, nu=2.5)",train,0.4884615384615384,0.4006309148264984,0.5411931818181818,0.4402079722703639,0.5284808320902518,0.0587204836053733,1,1
gpc,IN,PC,minmax,1,"Matern(length_scale=1, nu=2.5)",validation,0.4636871508379888,0.3915094339622642,0.5212765957446809,0.4245524296675191,0.5097082053532251,0.019896364258904,1,2
gpc,IN,PC,minmax,1,"Matern(length_scale=1, nu=2.5)",test,0.4121621621621621,0.2811059907834101,0.4829787234042553,0.3342465753424657,0.4686162364984244,-0.067369969704337,1,3
gpc,IN,PC,minmax,2,"Matern(length_scale=1, nu=2.5)",train,0.4699792960662526,0.3580441640378549,0.5291193181818182,0.4064458370635631,0.5136474050163434,0.028605579718685,1,1
gpc,IN,PC,minmax,2,"Matern(length_scale=1, nu=2.5)",validation,0.4944444444444444,0.419811320754717,0.5446808510638298,0.4540816326530612,0.5335490712300717,0.0686835966782287,1,2
gpc,IN,PC,minmax,2,"Matern(length_scale=1, nu=2.5)",test,0.4518518518518518,0.2811059907834101,0.5106382978723404,0.3465909090909091,0.4943079361031675,-0.0125429763114412,1,3
gpc,IN,PC,minmax,3,"Matern(length_scale=1, nu=2.5)",train,0.4553376906318083,0.3291338582677165,0.5202271114265437,0.3820840950639854,0.5030682211235223,0.0065148714209968,1,1
gpc,IN,PC,minmax,3,"Matern(length_scale=1, nu=2.5)",validation,0.4966887417218543,0.3554502369668246,0.5479744136460555,0.4143646408839779,0.5304382967779859,0.0648185616769368,1,2
gpc,IN,PC,minmax,3,"Matern(length_scale=1, nu=2.5)",test,0.4384615384615384,0.2626728110599078,0.5042553191489362,0.3285302593659942,0.4870676308263966,-0.0288261792045823,1,3
gpc,IN,PC,minmax,4,"Matern(length_scale=1, nu=2.5)",train,0.4800724637681159,0.4173228346456692,0.5337118523775728,0.4465037910699241,0.5232609005269689,0.0474191661625939,1,1
gpc,IN,PC,minmax,4,"Matern(length_scale=1, nu=2.5)",validation,0.4631578947368421,0.4170616113744075,0.5202558635394456,0.4389027431421446,0.5108563870825525,0.0220032834678041,1,2
gpc,IN,PC,minmax,4,"Matern(length_scale=1, nu=2.5)",test,0.4912280701754385,0.3870967741935484,0.5319148936170213,0.4329896907216495,0.5216116282034936,0.0447892676499838,1,3
gpc,IN,PC,minmax,1,RBF(length_scale=0.5),train,0.4771480804387568,0.4116719242902208,0.5319602272727273,0.4419983065198984,0.5210814401812861,0.0430378078749682,1,1
gpc,IN,PC,minmax,1,RBF(length_scale=0.5),validation,0.4550561797752809,0.3820754716981132,0.5148936170212766,0.4153846153846154,0.5030532397250256,0.0062642236738524,1,2
gpc,IN,PC,minmax,1,RBF(length_scale=0.5),test,0.432258064516129,0.3087557603686636,0.4936170212765957,0.3602150537634409,0.480464836706071,-0.0414301058640812,1,3
gpc,IN,PC,minmax,2,RBF(length_scale=0.5),train,0.4681274900398406,0.3706624605678233,0.5269886363636364,0.4137323943661972,0.5128506101288729,0.026696411957622,1,1
gpc,IN,PC,minmax,2,RBF(length_scale=0.5),validation,0.483695652173913,0.419811320754717,0.5361702127659574,0.4494949494949495,0.5257971332455755,0.0526001881842005,1,2
gpc,IN,PC,minmax,2,RBF(length_scale=0.5),test,0.4428571428571428,0.2857142857142857,0.5042553191489362,0.3473389355742297,0.4887069452286843,-0.024621276756285,1,3
gpc,IN,PC,minmax,3,RBF(length_scale=0.5),train,0.4446764091858037,0.3354330708661417,0.5117104329311568,0.3824057450628366,0.4958819101100734,-0.0086511517461937,1,1
gpc,IN,PC,minmax,3,RBF(length_scale=0.5),validation,0.487012987012987,0.3554502369668246,0.5415778251599147,0.410958904109589,0.5246243432896139,0.052171112295316,1,2
gpc,IN,PC,minmax,3,RBF(length_scale=0.5),test,0.4285714285714285,0.2903225806451613,0.4936170212765957,0.3461538461538461,0.4791533851842406,-0.0448327869271058,1,3
gpc,IN,PC,minmax,4,RBF(length_scale=0.5),train,0.4766839378238341,0.4346456692913386,0.5301632363378282,0.4546952224052718,0.5215864005371421,0.0436605539677683,1,1
gpc,IN,PC,minmax,4,RBF(length_scale=0.5),validation,0.4739583333333333,0.4312796208530806,0.5287846481876333,0.4516129032258064,0.5199033763180131,0.0402733106260104,1,2
gpc,IN,PC,minmax,4,RBF(length_scale=0.5),test,0.5,0.4101382488479262,0.5382978723404256,0.4506329113924051,0.529179796360722,0.0599792392446168,1,3
gpc,IN,PC,minmax,1,RBF(length_scale=1),train,0.4771480804387568,0.4116719242902208,0.5319602272727273,0.4419983065198984,0.5210814401812861,0.0430378078749682,1,1
gpc,IN,PC,minmax,1,RBF(length_scale=1),validation,0.4550561797752809,0.3820754716981132,0.5148936170212766,0.4153846153846154,0.5030532397250256,0.0062642236738524,1,2
gpc,IN,PC,minmax,1,RBF(length_scale=1),test,0.432258064516129,0.3087557603686636,0.4936170212765957,0.3602150537634409,0.480464836706071,-0.0414301058640812,1,3
gpc,IN,PC,minmax,2,RBF(length_scale=1),train,0.4681274900398406,0.3706624605678233,0.5269886363636364,0.4137323943661972,0.5128506101288729,0.026696411957622,1,1
gpc,IN,PC,minmax,2,RBF(length_scale=1),validation,0.483695652173913,0.419811320754717,0.5361702127659574,0.4494949494949495,0.5257971332455755,0.0526001881842005,1,2
gpc,IN,PC,minmax,2,RBF(length_scale=1),test,0.4428571428571428,0.2857142857142857,0.5042553191489362,0.3473389355742297,0.4887069452286843,-0.024621276756285,1,3
gpc,IN,PC,minmax,3,RBF(length_scale=1),train,0.4446764091858037,0.3354330708661417,0.5117104329311568,0.3824057450628366,0.4958819101100734,-0.0086511517461937,1,1
gpc,IN,PC,minmax,3,RBF(length_scale=1),validation,0.487012987012987,0.3554502369668246,0.5415778251599147,0.410958904109589,0.5246243432896139,0.052171112295316,1,2
gpc,IN,PC,minmax,3,RBF(length_scale=1),test,0.4285714285714285,0.2903225806451613,0.4936170212765957,0.3461538461538461,0.4791533851842406,-0.0448327869271058,1,3
gpc,IN,PC,minmax,4,RBF(length_scale=1),train,0.4766839378238341,0.4346456692913386,0.5301632363378282,0.4546952224052718,0.5215864005371421,0.0436605539677683,1,1
gpc,IN,PC,minmax,4,RBF(length_scale=1),validation,0.4739583333333333,0.4312796208530806,0.5287846481876333,0.4516129032258064,0.5199033763180131,0.0402733106260104,1,2
gpc,IN,PC,minmax,4,RBF(length_scale=1),test,0.5,0.4101382488479262,0.5382978723404256,0.4506329113924051,0.529179796360722,0.0599792392446168,1,3
gpc,IN,PC,minmax,1,RBF(length_scale=1) + WhiteKernel(noise_level=1),train,0.4771480804387568,0.4116719242902208,0.5319602272727273,0.4419983065198984,0.5210814401812861,0.0430378078749682,1,1
gpc,IN,PC,minmax,1,RBF(length_scale=1) + WhiteKernel(noise_level=1),validation,0.4550561797752809,0.3820754716981132,0.5148936170212766,0.4153846153846154,0.5030532397250256,0.0062642236738524,1,2
gpc,IN,PC,minmax,1,RBF(length_scale=1) + WhiteKernel(noise_level=1),test,0.432258064516129,0.3087557603686636,0.4936170212765957,0.3602150537634409,0.480464836706071,-0.0414301058640812,1,3
gpc,IN,PC,minmax,2,RBF(length_scale=1) + WhiteKernel(noise_level=1),train,0.4681274900398406,0.3706624605678233,0.5269886363636364,0.4137323943661972,0.5128506101288729,0.026696411957622,1,1
gpc,IN,PC,minmax,2,RBF(length_scale=1) + WhiteKernel(noise_level=1),validation,0.483695652173913,0.419811320754717,0.5361702127659574,0.4494949494949495,0.5257971332455755,0.0526001881842005,1,2
gpc,IN,PC,minmax,2,RBF(length_scale=1) + WhiteKernel(noise_level=1),test,0.4428571428571428,0.2857142857142857,0.5042553191489362,0.3473389355742297,0.4887069452286843,-0.024621276756285,1,3
gpc,IN,PC,minmax,3,RBF(length_scale=1) + WhiteKernel(noise_level=1),train,0.4446764091858037,0.3354330708661417,0.5117104329311568,0.3824057450628366,0.4958819101100734,-0.0086511517461937,1,1
gpc,IN,PC,minmax,3,RBF(length_scale=1) + WhiteKernel(noise_level=1),validation,0.487012987012987,0.3554502369668246,0.5415778251599147,0.410958904109589,0.5246243432896139,0.052171112295316,1,2
gpc,IN,PC,minmax,3,RBF(length_scale=1) + WhiteKernel(noise_level=1),test,0.4285714285714285,0.2903225806451613,0.4936170212765957,0.3461538461538461,0.4791533851842406,-0.0448327869271058,1,3
gpc,IN,PC,minmax,4,RBF(length_scale=1) + WhiteKernel(noise_level=1),train,0.4766839378238341,0.4346456692913386,0.5301632363378282,0.4546952224052718,0.5215864005371421,0.0436605539677683,1,1
gpc,IN,PC,minmax,4,RBF(length_scale=1) + WhiteKernel(noise_level=1),validation,0.4739583333333333,0.4312796208530806,0.5287846481876333,0.4516129032258064,0.5199033763180131,0.0402733106260104,1,2
gpc,IN,PC,minmax,4,RBF(length_scale=1) + WhiteKernel(noise_level=1),test,0.5,0.4101382488479262,0.5382978723404256,0.4506329113924051,0.529179796360722,0.0599792392446168,1,3
gpc,IN,PC,minmax,1,RBF(length_scale=2),train,0.4771480804387568,0.4116719242902208,0.5319602272727273,0.4419983065198984,0.5210814401812861,0.0430378078749682,1,1
gpc,IN,PC,minmax,1,RBF(length_scale=2),validation,0.4550561797752809,0.3820754716981132,0.5148936170212766,0.4153846153846154,0.5030532397250256,0.0062642236738524,1,2
gpc,IN,PC,minmax,1,RBF(length_scale=2),test,0.432258064516129,0.3087557603686636,0.4936170212765957,0.3602150537634409,0.480464836706071,-0.0414301058640812,1,3
gpc,IN,PC,minmax,2,RBF(length_scale=2),train,0.4681274900398406,0.3706624605678233,0.5269886363636364,0.4137323943661972,0.5128506101288729,0.026696411957622,1,1
gpc,IN,PC,minmax,2,RBF(length_scale=2),validation,0.483695652173913,0.419811320754717,0.5361702127659574,0.4494949494949495,0.5257971332455755,0.0526001881842005,1,2
gpc,IN,PC,minmax,2,RBF(length_scale=2),test,0.4428571428571428,0.2857142857142857,0.5042553191489362,0.3473389355742297,0.4887069452286843,-0.024621276756285,1,3
gpc,IN,PC,minmax,3,RBF(length_scale=2),train,0.4446764091858037,0.3354330708661417,0.5117104329311568,0.3824057450628366,0.4958819101100734,-0.0086511517461937,1,1
gpc,IN,PC,minmax,3,RBF(length_scale=2),validation,0.487012987012987,0.3554502369668246,0.5415778251599147,0.410958904109589,0.5246243432896139,0.052171112295316,1,2
gpc,IN,PC,minmax,3,RBF(length_scale=2),test,0.4285714285714285,0.2903225806451613,0.4936170212765957,0.3461538461538461,0.4791533851842406,-0.0448327869271058,1,3
gpc,IN,PC,minmax,4,RBF(length_scale=2),train,0.4766839378238341,0.4346456692913386,0.5301632363378282,0.4546952224052718,0.5215864005371421,0.0436605539677683,1,1
gpc,IN,PC,minmax,4,RBF(length_scale=2),validation,0.4739583333333333,0.4312796208530806,0.5287846481876333,0.4516129032258064,0.5199033763180131,0.0402733106260104,1,2
gpc,IN,PC,minmax,4,RBF(length_scale=2),test,0.5,0.4101382488479262,0.5382978723404256,0.4506329113924051,0.529179796360722,0.0599792392446168,1,3
gpc,IN,PC,minmax,1,"RationalQuadratic(alpha=1, length_scale=1)",train,0.476,0.3753943217665615,0.5326704545454546,0.419753086419753,0.5184465148884486,0.0383558406111621,1,1
gpc,IN,PC,minmax,1,"RationalQuadratic(alpha=1, length_scale=1)",validation,0.4674556213017751,0.3726415094339622,0.5255319148936171,0.4146981627296588,0.5119021500658184,0.0246834920494581,1,2
gpc,IN,PC,minmax,1,"RationalQuadratic(alpha=1, length_scale=1)",test,0.4113475177304964,0.2672811059907834,0.4851063829787234,0.3240223463687151,0.469608932442032,-0.0661239172681485,1,3
gpc,IN,PC,minmax,2,"RationalQuadratic(alpha=1, length_scale=1)",train,0.4646680942184154,0.3422712933753943,0.5262784090909091,0.3941871026339691,0.5096369386773613,0.020367182194989,1,1
gpc,IN,PC,minmax,2,"RationalQuadratic(alpha=1, length_scale=1)",validation,0.4855491329479768,0.3962264150943396,0.5382978723404256,0.4363636363636363,0.5256325873921311,0.0528930912787364,1,2
gpc,IN,PC,minmax,2,"RationalQuadratic(alpha=1, length_scale=1)",test,0.4496124031007752,0.2672811059907834,0.5106382978723404,0.3352601156069364,0.4933243474617949,-0.0149156368981999,1,3
gpc,IN,PC,minmax,3,"RationalQuadratic(alpha=1, length_scale=1)",train,0.4387254901960784,0.2818897637795275,0.5138396025550035,0.3432406519654842,0.4930120653522961,-0.0153316555333372,1,1
gpc,IN,PC,minmax,3,"RationalQuadratic(alpha=1, length_scale=1)",validation,0.5075757575757576,0.3175355450236967,0.5543710021321961,0.39067055393586,0.5327987802637864,0.0725666130643011,1,2
gpc,IN,PC,minmax,3,"RationalQuadratic(alpha=1, length_scale=1)",test,0.3883495145631068,0.184331797235023,0.4893617021276595,0.25,0.4676599697637566,-0.0779487042592492,1,3
gpc,IN,PC,minmax,4,"RationalQuadratic(alpha=1, length_scale=1)",train,0.490530303030303,0.4078740157480315,0.5422285308729595,0.4453998280309544,0.5301643980548942,0.062012192478449,1,1
gpc,IN,PC,minmax,4,"RationalQuadratic(alpha=1, length_scale=1)",validation,0.4699453551912568,0.4075829383886256,0.5266524520255863,0.4365482233502538,0.5158069730702818,0.0322419446634379,1,2
gpc,IN,PC,minmax,4,"RationalQuadratic(alpha=1, length_scale=1)",test,0.487012987012987,0.3456221198156682,0.5297872340425532,0.4043126684636118,0.5166845776943954,0.0354430787833133,1,3
gpc,IN,PC,std,1,DotProduct(sigma_0=1),train,0.4347079037800687,0.3990536277602524,0.4957386363636363,0.4161184210526316,0.4869945141385242,-0.0262796859065803,1,1
gpc,IN,PC,std,1,DotProduct(sigma_0=1),validation,0.435,0.410377358490566,0.4936170212765957,0.4223300970873786,0.4861964311832675,-0.0277844806890105,1,2
gpc,IN,PC,std,1,DotProduct(sigma_0=1),test,0.4261363636363636,0.3456221198156682,0.4829787234042553,0.3816793893129771,0.4732063168248301,-0.0551978982745134,1,3
gpc,IN,PC,std,2,DotProduct(sigma_0=1),train,0.4474123539232053,0.4227129337539432,0.5049715909090909,0.4347120843471208,0.4975321774712868,-0.0049667392163466,1,1
gpc,IN,PC,std,2,DotProduct(sigma_0=1),validation,0.4401913875598086,0.4339622641509434,0.4957446808510638,0.4370546318289786,0.4902369460289602,-0.0195523999612208,1,2
gpc,IN,PC,std,2,DotProduct(sigma_0=1),test,0.4491978609625668,0.3870967741935484,0.4978723404255319,0.4158415841584158,0.4899910748438098,-0.0203888881721063,1,3
gpc,IN,PC,std,3,DotProduct(sigma_0=1),train,0.4290220820189274,0.4283464566929134,0.4854506742370476,0.4286840031520882,0.4803230991474903,-0.0393594078308338,1,1
gpc,IN,PC,std,3,DotProduct(sigma_0=1),validation,0.4540816326530612,0.4218009478672986,0.511727078891258,0.4373464373464373,0.503536132848378,0.0071334609748013,1,2
gpc,IN,PC,std,3,DotProduct(sigma_0=1),test,0.4462365591397849,0.3824884792626728,0.4957446808510638,0.4119106699751861,0.487686927378372,-0.0251056183193417,1,3
gpc,IN,PC,std,4,DotProduct(sigma_0=1),train,0.4724919093851132,0.4598425196850393,0.525195173882186,0.4660814046288906,0.5193269445970417,0.0387585981752138,1,1
gpc,IN,PC,std,4,DotProduct(sigma_0=1),validation,0.4356435643564356,0.4170616113744075,0.4946695095948827,0.4261501210653753,0.4876005731290642,-0.0249144539085921,1,2
gpc,IN,PC,std,4,DotProduct(sigma_0=1),test,0.4371584699453552,0.3686635944700461,0.4893617021276595,0.4,0.4807744849820586,-0.0393125859739875,1,3
gpc,IN,PC,std,1,"Matern(length_scale=1, nu=0.5)",train,0.471042471042471,0.3848580441640378,0.5284090909090909,0.4236111111111111,0.5154264381026907,0.0318310439829752,1,1
gpc,IN,PC,std,1,"Matern(length_scale=1, nu=0.5)",validation,0.4469273743016759,0.3773584905660377,0.5085106382978724,0.4092071611253197,0.4968187801667397,-0.0065197125820137,1,2
gpc,IN,PC,std,1,"Matern(length_scale=1, nu=0.5)",test,0.4285714285714285,0.2764976958525346,0.4957446808510638,0.3361344537815126,0.4801460811278484,-0.0432857930070173,1,3
gpc,IN,PC,std,2,"Matern(length_scale=1, nu=0.5)",train,0.4260450160771704,0.417981072555205,0.484375,0.4219745222929936,0.4783703812388429,-0.0433398600217359,1,1
gpc,IN,PC,std,2,"Matern(length_scale=1, nu=0.5)",validation,0.4409090909090909,0.4575471698113207,0.4936170212765957,0.449074074074074,0.4904014918824045,-0.0191438891493535,1,2
gpc,IN,PC,std,2,"Matern(length_scale=1, nu=0.5)",test,0.4462365591397849,0.3824884792626728,0.4957446808510638,0.4119106699751861,0.487686927378372,-0.0251056183193417,1,3
gpc,IN,PC,std,3,"Matern(length_scale=1, nu=0.5)",train,0.4333333333333333,0.3889763779527559,0.4953867991483321,0.4099585062240664,0.485831858227024,-0.0287264410663108,1,1
gpc,IN,PC,std,3,"Matern(length_scale=1, nu=0.5)",validation,0.4431818181818182,0.3696682464454976,0.5074626865671642,0.4031007751937984,0.4949116426025938,-0.0104560713957047,1,2
gpc,IN,PC,std,3,"Matern(length_scale=1, nu=0.5)",test,0.4473684210526316,0.3133640552995391,0.5042553191489362,0.3685636856368564,0.4906741225114296,-0.019878081879411,1,3
gpc,IN,PC,std,4,"Matern(length_scale=1, nu=0.5)",train,0.4824902723735408,0.3905511811023622,0.5365507452093683,0.4316797214969539,0.5234409652281837,0.0484584760580276,1,1
gpc,IN,PC,std,4,"Matern(length_scale=1, nu=0.5)",validation,0.4470588235294118,0.3601895734597156,0.511727078891258,0.3989501312335958,0.4979242440941989,-0.0042963267517018,1,2
gpc,IN,PC,std,4,"Matern(length_scale=1, nu=0.5)",test,0.4680851063829787,0.304147465437788,0.5191489361702127,0.3687150837988827,0.5038523888453762,0.0083819050058216,1,3
gpc,IN,PC,std,1,"Matern(length_scale=1, nu=1.5)",train,0.4795539033457249,0.4069400630914827,0.5340909090909091,0.4402730375426621,0.5225914785741651,0.0462635544218676,1,1
gpc,IN,PC,std,1,"Matern(length_scale=1, nu=1.5)",validation,0.4408602150537634,0.3867924528301887,0.502127659574468,0.4120603015075377,0.4918458388181951,-0.0165947773074836,1,2
gpc,IN,PC,std,1,"Matern(length_scale=1, nu=1.5)",test,0.432258064516129,0.3087557603686636,0.4936170212765957,0.3602150537634409,0.480464836706071,-0.0414301058640812,1,3
gpc,IN,PC,std,2,"Matern(length_scale=1, nu=1.5)",train,0.4330708661417323,0.4337539432176656,0.4893465909090909,0.4334121355397951,0.4843188320739491,-0.0313578949547414,1,1
gpc,IN,PC,std,2,"Matern(length_scale=1, nu=1.5)",validation,0.4545454545454545,0.4716981132075472,0.5063829787234042,0.4629629629629629,0.50329091706889,0.0065636191369212,1,2
gpc,IN,PC,std,2,"Matern(length_scale=1, nu=1.5)",test,0.4414893617021276,0.3824884792626728,0.4914893617021276,0.4098765432098765,0.4837343582084115,-0.0331045621569517,1,3
gpc,IN,PC,std,3,"Matern(length_scale=1, nu=1.5)",train,0.4388984509466437,0.4015748031496063,0.4989354151880766,0.4194078947368421,0.4901930863293251,-0.019825148830918,1,1
gpc,IN,PC,std,3,"Matern(length_scale=1, nu=1.5)",validation,0.45,0.3838862559241706,0.511727078891258,0.4143222506393862,0.5000826628458063,0.000169124394552,1,2
gpc,IN,PC,std,3,"Matern(length_scale=1, nu=1.5)",test,0.4596273291925465,0.3410138248847926,0.5106382978723404,0.3915343915343915,0.4985701535491157,-0.00300412048791,1,3
gpc,IN,PC,std,4,"Matern(length_scale=1, nu=1.5)",train,0.4814126394052044,0.4078740157480315,0.5351312987934705,0.4416027280477408,0.5237044497344808,0.0485531042203988,1,1
gpc,IN,PC,std,4,"Matern(length_scale=1, nu=1.5)",validation,0.4590163934426229,0.3981042654028436,0.5181236673773987,0.4263959390862944,0.5071916675851428,0.0146690544285135,1,2
gpc,IN,PC,std,4,"Matern(length_scale=1, nu=1.5)",test,0.4933333333333333,0.3410138248847926,0.5340425531914894,0.4032697547683924,0.5203092839838983,0.043440430133351,1,3
gpc,IN,PC,std,1,"Matern(length_scale=1, nu=2.5)",train,0.4725274725274725,0.4069400630914827,0.5284090909090909,0.4372881355932203,0.5174235199178344,0.0355820566552187,1,1
gpc,IN,PC,std,1,"Matern(length_scale=1, nu=2.5)",validation,0.4402173913043478,0.3820754716981132,0.502127659574468,0.4090909090909091,0.4914253327482814,-0.0174836911824167,1,2
gpc,IN,PC,std,1,"Matern(length_scale=1, nu=2.5)",test,0.4367088607594936,0.3179723502304147,0.4957446808510638,0.368,0.4830968470519663,-0.035676480450932,1,3
gpc,IN,PC,std,2,"Matern(length_scale=1, nu=2.5)",train,0.4362204724409448,0.4369085173501577,0.4921875,0.4365642237982663,0.4871881088042777,-0.0256201540715346,1,1
gpc,IN,PC,std,2,"Matern(length_scale=1, nu=2.5)",validation,0.4618834080717489,0.4858490566037736,0.5127659574468085,0.4735632183908046,0.5103663887670031,0.0206601924640327,1,2
gpc,IN,PC,std,2,"Matern(length_scale=1, nu=2.5)",test,0.4473684210526316,0.391705069124424,0.4957446808510638,0.4176904176904177,0.488342653139287,-0.0236844893739866,1,3
gpc,IN,PC,std,3,"Matern(length_scale=1, nu=2.5)",train,0.4417808219178082,0.4062992125984252,0.5010645848119234,0.4232977850697292,0.4925552910537346,-0.0150384011106569,1,1
gpc,IN,PC,std,3,"Matern(length_scale=1, nu=2.5)",validation,0.445054945054945,0.3838862559241706,0.5074626865671642,0.4122137404580153,0.4962066938535581,-0.0077450161673735,1,2
gpc,IN,PC,std,3,"Matern(length_scale=1, nu=2.5)",test,0.4601226993865031,0.3456221198156682,0.5106382978723404,0.3947368421052631,0.4988980164295732,-0.0023085126189487,1,3
gpc,IN,PC,std,4,"Matern(length_scale=1, nu=2.5)",train,0.4789762340036563,0.4125984251968504,0.5330021291696239,0.4433164128595601,0.5221906854666423,0.0453117421503056,1,1
gpc,IN,PC,std,4,"Matern(length_scale=1, nu=2.5)",validation,0.4590163934426229,0.3981042654028436,0.5181236673773987,0.4263959390862944,0.5071916675851428,0.0146690544285135,1,2
gpc,IN,PC,std,4,"Matern(length_scale=1, nu=2.5)",test,0.4967741935483871,0.3548387096774194,0.5361702127659574,0.4139784946236559,0.5232691572102512,0.0493491470781946,1,3
gpc,IN,PC,std,1,RBF(length_scale=0.5),train,0.4697754749568221,0.4290220820189274,0.5248579545454546,0.448474855729596,0.5161906275727712,0.0327410226892352,1,1
gpc,IN,PC,std,1,RBF(length_scale=0.5),validation,0.4414893617021276,0.3915094339622642,0.502127659574468,0.415,0.4922663448881088,-0.0157104672166915,1,2
gpc,IN,PC,std,1,RBF(length_scale=0.5),test,0.422360248447205,0.3133640552995391,0.4851063829787234,0.3597883597883597,0.4728875612466075,-0.0569634821178871,1,3
gpc,IN,PC,std,2,RBF(length_scale=0.5),train,0.4449760765550239,0.4400630914826498,0.5007102272727273,0.4425059476605868,0.4952253441909373,-0.009559339539019,1,1
gpc,IN,PC,std,2,RBF(length_scale=0.5),validation,0.4753363228699551,0.5,0.5255319148936171,0.4873563218390804,0.5232558139534884,0.0463487915595232,1,2
gpc,IN,PC,std,2,RBF(length_scale=0.5),test,0.4598930481283422,0.3963133640552995,0.5063829787234042,0.4257425742574257,0.4985519389446458,-0.0029498027473747,1,3
gpc,IN,PC,std,3,RBF(length_scale=0.5),train,0.4370860927152318,0.415748031496063,0.4953867991483321,0.4261501210653753,0.4882357728539745,-0.0236556197482396,1,1
gpc,IN,PC,std,3,RBF(length_scale=0.5),validation,0.4421052631578947,0.3981042654028436,0.5031982942430704,0.4189526184538653,0.4936257761122745,-0.012919017535242,1,2
gpc,IN,PC,std,3,RBF(length_scale=0.5),test,0.4514285714285714,0.3640552995391705,0.502127659574468,0.4030612244897959,0.4923043296114824,-0.0158721788710061,1,3
gpc,IN,PC,std,4,RBF(length_scale=0.5),train,0.4756097560975609,0.4299212598425196,0.5294535131298793,0.4516129032258064,0.5205161854768154,0.0415513148703093,1,1
gpc,IN,PC,std,4,RBF(length_scale=0.5),validation,0.450261780104712,0.4075829383886256,0.509594882729211,0.4278606965174129,0.5003030971012895,0.0006137956096133,1,2
gpc,IN,PC,std,4,RBF(length_scale=0.5),test,0.5028571428571429,0.4055299539170507,0.5404255319148936,0.4489795918367347,0.5308282180652447,0.063582633702196,1,3
gpc,IN,PC,std,1,RBF(length_scale=1),train,0.4697754749568221,0.4290220820189274,0.5248579545454546,0.448474855729596,0.5161906275727712,0.0327410226892352,1,1
gpc,IN,PC,std,1,RBF(length_scale=1),validation,0.4414893617021276,0.3915094339622642,0.502127659574468,0.415,0.4922663448881088,-0.0157104672166915,1,2
gpc,IN,PC,std,1,RBF(length_scale=1),test,0.422360248447205,0.3133640552995391,0.4851063829787234,0.3597883597883597,0.4728875612466075,-0.0569634821178871,1,3
gpc,IN,PC,std,2,RBF(length_scale=1),train,0.4449760765550239,0.4400630914826498,0.5007102272727273,0.4425059476605868,0.4952253441909373,-0.009559339539019,1,1
gpc,IN,PC,std,2,RBF(length_scale=1),validation,0.4753363228699551,0.5,0.5255319148936171,0.4873563218390804,0.5232558139534884,0.0463487915595232,1,2
gpc,IN,PC,std,2,RBF(length_scale=1),test,0.4598930481283422,0.3963133640552995,0.5063829787234042,0.4257425742574257,0.4985519389446458,-0.0029498027473747,1,3
gpc,IN,PC,std,3,RBF(length_scale=1),train,0.4370860927152318,0.415748031496063,0.4953867991483321,0.4261501210653753,0.4882357728539745,-0.0236556197482396,1,1
gpc,IN,PC,std,3,RBF(length_scale=1),validation,0.4421052631578947,0.3981042654028436,0.5031982942430704,0.4189526184538653,0.4936257761122745,-0.012919017535242,1,2
gpc,IN,PC,std,3,RBF(length_scale=1),test,0.4514285714285714,0.3640552995391705,0.502127659574468,0.4030612244897959,0.4923043296114824,-0.0158721788710061,1,3
gpc,IN,PC,std,4,RBF(length_scale=1),train,0.4756097560975609,0.4299212598425196,0.5294535131298793,0.4516129032258064,0.5205161854768154,0.0415513148703093,1,1
gpc,IN,PC,std,4,RBF(length_scale=1),validation,0.450261780104712,0.4075829383886256,0.509594882729211,0.4278606965174129,0.5003030971012895,0.0006137956096133,1,2
gpc,IN,PC,std,4,RBF(length_scale=1),test,0.5028571428571429,0.4055299539170507,0.5404255319148936,0.4489795918367347,0.5308282180652447,0.063582633702196,1,3
gpc,IN,PC,std,1,RBF(length_scale=1) + WhiteKernel(noise_level=1),train,0.4697754749568221,0.4290220820189274,0.5248579545454546,0.448474855729596,0.5161906275727712,0.0327410226892352,1,1
gpc,IN,PC,std,1,RBF(length_scale=1) + WhiteKernel(noise_level=1),validation,0.4414893617021276,0.3915094339622642,0.502127659574468,0.415,0.4922663448881088,-0.0157104672166915,1,2
gpc,IN,PC,std,1,RBF(length_scale=1) + WhiteKernel(noise_level=1),test,0.422360248447205,0.3133640552995391,0.4851063829787234,0.3597883597883597,0.4728875612466075,-0.0569634821178871,1,3
gpc,IN,PC,std,2,RBF(length_scale=1) + WhiteKernel(noise_level=1),train,0.4449760765550239,0.4400630914826498,0.5007102272727273,0.4425059476605868,0.4952253441909373,-0.009559339539019,1,1
gpc,IN,PC,std,2,RBF(length_scale=1) + WhiteKernel(noise_level=1),validation,0.4753363228699551,0.5,0.5255319148936171,0.4873563218390804,0.5232558139534884,0.0463487915595232,1,2
gpc,IN,PC,std,2,RBF(length_scale=1) + WhiteKernel(noise_level=1),test,0.4598930481283422,0.3963133640552995,0.5063829787234042,0.4257425742574257,0.4985519389446458,-0.0029498027473747,1,3
gpc,IN,PC,std,3,RBF(length_scale=1) + WhiteKernel(noise_level=1),train,0.4370860927152318,0.415748031496063,0.4953867991483321,0.4261501210653753,0.4882357728539745,-0.0236556197482396,1,1
gpc,IN,PC,std,3,RBF(length_scale=1) + WhiteKernel(noise_level=1),validation,0.4421052631578947,0.3981042654028436,0.5031982942430704,0.4189526184538653,0.4936257761122745,-0.012919017535242,1,2
gpc,IN,PC,std,3,RBF(length_scale=1) + WhiteKernel(noise_level=1),test,0.4514285714285714,0.3640552995391705,0.502127659574468,0.4030612244897959,0.4923043296114824,-0.0158721788710061,1,3
gpc,IN,PC,std,4,RBF(length_scale=1) + WhiteKernel(noise_level=1),train,0.4756097560975609,0.4299212598425196,0.5294535131298793,0.4516129032258064,0.5205161854768154,0.0415513148703093,1,1
gpc,IN,PC,std,4,RBF(length_scale=1) + WhiteKernel(noise_level=1),validation,0.450261780104712,0.4075829383886256,0.509594882729211,0.4278606965174129,0.5003030971012895,0.0006137956096133,1,2
gpc,IN,PC,std,4,RBF(length_scale=1) + WhiteKernel(noise_level=1),test,0.5028571428571429,0.4055299539170507,0.5404255319148936,0.4489795918367347,0.5308282180652447,0.063582633702196,1,3
gpc,IN,PC,std,1,RBF(length_scale=2),train,0.4697754749568221,0.4290220820189274,0.5248579545454546,0.448474855729596,0.5161906275727712,0.0327410226892352,1,1
gpc,IN,PC,std,1,RBF(length_scale=2),validation,0.4414893617021276,0.3915094339622642,0.502127659574468,0.415,0.4922663448881088,-0.0157104672166915,1,2
gpc,IN,PC,std,1,RBF(length_scale=2),test,0.422360248447205,0.3133640552995391,0.4851063829787234,0.3597883597883597,0.4728875612466075,-0.0569634821178871,1,3
gpc,IN,PC,std,2,RBF(length_scale=2),train,0.4449760765550239,0.4400630914826498,0.5007102272727273,0.4425059476605868,0.4952253441909373,-0.009559339539019,1,1
gpc,IN,PC,std,2,RBF(length_scale=2),validation,0.4753363228699551,0.5,0.5255319148936171,0.4873563218390804,0.5232558139534884,0.0463487915595232,1,2
gpc,IN,PC,std,2,RBF(length_scale=2),test,0.4598930481283422,0.3963133640552995,0.5063829787234042,0.4257425742574257,0.4985519389446458,-0.0029498027473747,1,3
gpc,IN,PC,std,3,RBF(length_scale=2),train,0.4370860927152318,0.415748031496063,0.4953867991483321,0.4261501210653753,0.4882357728539745,-0.0236556197482396,1,1
gpc,IN,PC,std,3,RBF(length_scale=2),validation,0.4421052631578947,0.3981042654028436,0.5031982942430704,0.4189526184538653,0.4936257761122745,-0.012919017535242,1,2
gpc,IN,PC,std,3,RBF(length_scale=2),test,0.4514285714285714,0.3640552995391705,0.502127659574468,0.4030612244897959,0.4923043296114824,-0.0158721788710061,1,3
gpc,IN,PC,std,4,RBF(length_scale=2),train,0.4756097560975609,0.4299212598425196,0.5294535131298793,0.4516129032258064,0.5205161854768154,0.0415513148703093,1,1
gpc,IN,PC,std,4,RBF(length_scale=2),validation,0.450261780104712,0.4075829383886256,0.509594882729211,0.4278606965174129,0.5003030971012895,0.0006137956096133,1,2
gpc,IN,PC,std,4,RBF(length_scale=2),test,0.5028571428571429,0.4055299539170507,0.5404255319148936,0.4489795918367347,0.5308282180652447,0.063582633702196,1,3
gpc,IN,PC,std,1,"RationalQuadratic(alpha=1, length_scale=1)",train,0.4642166344294003,0.3785488958990536,0.5234375,0.417028670721112,0.5103338794740746,0.0213316462670832,1,1
gpc,IN,PC,std,1,"RationalQuadratic(alpha=1, length_scale=1)",validation,0.4431818181818182,0.3679245283018867,0.5063829787234042,0.4020618556701031,0.4940397835307883,-0.0122557477364329,1,2
gpc,IN,PC,std,1,"RationalQuadratic(alpha=1, length_scale=1)",test,0.3971631205673759,0.2580645161290322,0.4765957446808511,0.3128491620111732,0.4610480683411959,-0.0847503728366411,1,3
gpc,IN,PC,std,2,"RationalQuadratic(alpha=1, length_scale=1)",train,0.434715821812596,0.446372239747634,0.4893465909090909,0.4404669260700389,0.4854600216826025,-0.0290181973382485,1,1
gpc,IN,PC,std,2,"RationalQuadratic(alpha=1, length_scale=1)",validation,0.4557522123893805,0.4858490566037736,0.5063829787234042,0.4703196347031963,0.504552435278631,0.0090678103110487,1,2
gpc,IN,PC,std,2,"RationalQuadratic(alpha=1, length_scale=1)",test,0.4583333333333333,0.4055299539170507,0.5042553191489362,0.4303178484107579,0.4972313801205806,-0.0056157846286857,1,3
gpc,IN,PC,std,3,"RationalQuadratic(alpha=1, length_scale=1)",train,0.4385964912280701,0.3937007874015748,0.4996451383960255,0.4149377593360996,0.4901320474475574,-0.0200076454615649,1,1
gpc,IN,PC,std,3,"RationalQuadratic(alpha=1, length_scale=1)",validation,0.4438202247191011,0.3744075829383886,0.5074626865671642,0.4061696658097686,0.4953433263529152,-0.0095477355829353,1,2
gpc,IN,PC,std,3,"RationalQuadratic(alpha=1, length_scale=1)",test,0.4615384615384615,0.3317972350230415,0.5127659574468085,0.3860589812332439,0.4998907123731807,-0.00023140034138,1,3
gpc,IN,PC,std,4,"RationalQuadratic(alpha=1, length_scale=1)",train,0.48046875,0.3874015748031496,0.5351312987934705,0.4289450741063644,0.5218661620785774,0.0452406357777931,1,1
gpc,IN,PC,std,4,"RationalQuadratic(alpha=1, length_scale=1)",validation,0.4624277456647399,0.3791469194312796,0.5223880597014925,0.4166666666666667,0.5093409015761049,0.0192619816680216,1,2
gpc,IN,PC,std,4,"RationalQuadratic(alpha=1, length_scale=1)",test,0.4929577464788732,0.3225806451612903,0.5340425531914894,0.3899721448467966,0.5189978324620681,0.0412518170049803,1,3
gpc,IN,ECFP4,minmax,1,DotProduct(sigma_0=1),train,0.4597156398104265,0.4589905362776025,0.5134943181818182,0.4593528018942384,0.5085650355806617,0.0171325327283679,2,1
gpc,IN,ECFP4,minmax,1,DotProduct(sigma_0=1),validation,0.4423963133640553,0.4528301886792453,0.4957446808510638,0.4475524475524475,0.4919189703086148,-0.016131856646488,2,2
gpc,IN,ECFP4,minmax,1,DotProduct(sigma_0=1),test,0.4224598930481283,0.3640552995391705,0.4765957446808511,0.3910891089108911,0.4685889145917196,-0.0639866017339351,2,3
gpc,IN,ECFP4,minmax,2,DotProduct(sigma_0=1),train,0.4523809523809524,0.4495268138801261,0.5071022727272727,0.4509493670886076,0.5018951898857995,0.003792606296365,2,1
gpc,IN,ECFP4,minmax,2,DotProduct(sigma_0=1),validation,0.4703196347031963,0.4858490566037736,0.5212765957446809,0.4779582366589327,0.5181183267514992,0.0361465579968923,2,2
gpc,IN,ECFP4,minmax,2,DotProduct(sigma_0=1),test,0.4685990338164251,0.4470046082949309,0.5106382978723404,0.4575471698113207,0.5061109997996394,0.0122735259643384,2,3
gpc,IN,ECFP4,minmax,3,DotProduct(sigma_0=1),train,0.4363057324840764,0.431496062992126,0.4925479063165365,0.4338875692794933,0.4870658609534274,-0.0258952152455073,2,1
gpc,IN,ECFP4,minmax,3,DotProduct(sigma_0=1),validation,0.4147465437788018,0.4265402843601896,0.4712153518123667,0.4205607476635514,0.4671461111723428,-0.0655598154253069,2,2
gpc,IN,ECFP4,minmax,3,DotProduct(sigma_0=1),test,0.473170731707317,0.4470046082949309,0.5148936170212766,0.4597156398104265,0.5100635689695998,0.0202335591353628,2,3
gpc,IN,ECFP4,minmax,4,DotProduct(sigma_0=1),train,0.4682926829268293,0.4535433070866141,0.5216465578424414,0.4608,0.5155313434657878,0.03116366688986,2,1
gpc,IN,ECFP4,minmax,4,DotProduct(sigma_0=1),validation,0.49,0.4644549763033175,0.5415778251599147,0.4768856447688564,0.5345530695470077,0.069514687179577,2,2
gpc,IN,ECFP4,minmax,4,DotProduct(sigma_0=1),test,0.4923076923076923,0.4423963133640553,0.5319148936170213,0.4660194174757281,0.5255459827689842,0.0516962553068911,2,3
gpc,IN,ECFP4,minmax,1,"Matern(length_scale=1, nu=0.5)",train,0.4949698189134809,0.3880126182965299,0.5461647727272727,0.4350132625994695,0.5318616063058877,0.0663399880736179,2,1
gpc,IN,ECFP4,minmax,1,"Matern(length_scale=1, nu=0.5)",validation,0.4787234042553192,0.4245283018867924,0.5319148936170213,0.45,0.5223416703232412,0.0453857941815533,2,2
gpc,IN,ECFP4,minmax,1,"Matern(length_scale=1, nu=0.5)",test,0.437037037037037,0.271889400921659,0.502127659574468,0.3352272727272727,0.4857470720023314,-0.031407612683849,2,3
gpc,IN,ECFP4,minmax,2,"Matern(length_scale=1, nu=0.5)",train,0.4600389863547758,0.3722397476340694,0.5205965909090909,0.4115082824760244,0.5071793053415825,0.0148442181927978,2,1
gpc,IN,ECFP4,minmax,2,"Matern(length_scale=1, nu=0.5)",validation,0.4808743169398907,0.4150943396226415,0.5340425531914894,0.4455696202531645,0.5234386426795378,0.0478380803763723,2,2
gpc,IN,ECFP4,minmax,2,"Matern(length_scale=1, nu=0.5)",test,0.4807692307692308,0.3456221198156682,0.5255319148936171,0.4021447721179624,0.5127320085244349,0.02695813977077,2,3
gpc,IN,ECFP4,minmax,3,"Matern(length_scale=1, nu=0.5)",train,0.4588665447897623,0.3952755905511811,0.517388218594748,0.4247038917089678,0.5064233249913529,0.0131159556199069,2,1
gpc,IN,ECFP4,minmax,3,"Matern(length_scale=1, nu=0.5)",validation,0.4550561797752809,0.3838862559241706,0.5159914712153518,0.416452442159383,0.5039586318380543,0.0081165168367754,2,2
gpc,IN,ECFP4,minmax,3,"Matern(length_scale=1, nu=0.5)",test,0.4777070063694267,0.3456221198156682,0.5234042553191489,0.4010695187165775,0.5107557239394547,0.0227372415274135,2,3
gpc,IN,ECFP4,minmax,4,"Matern(length_scale=1, nu=0.5)",train,0.5056390977443609,0.4236220472440944,0.553584102200142,0.4610111396743787,0.5419143827951738,0.0860388904673386,2,1
gpc,IN,ECFP4,minmax,4,"Matern(length_scale=1, nu=0.5)",validation,0.48125,0.3649289099526066,0.5373134328358209,0.4150943396226415,0.5216117417980087,0.0453556729996256,2,2
gpc,IN,ECFP4,minmax,4,"Matern(length_scale=1, nu=0.5)",test,0.5096774193548387,0.3640552995391705,0.5446808510638298,0.4247311827956989,0.5318300213110871,0.0675049976666497,2,3
gpc,IN,ECFP4,minmax,1,"Matern(length_scale=1, nu=1.5)",train,0.4970873786407767,0.4037854889589905,0.5475852272727273,0.4456048738033072,0.5345800829807872,0.0714400569493524,2,1
gpc,IN,ECFP4,minmax,1,"Matern(length_scale=1, nu=1.5)",validation,0.4684210526315789,0.419811320754717,0.5234042553191489,0.4427860696517413,0.5141692262688313,0.0287341330630146,2,2
gpc,IN,ECFP4,minmax,1,"Matern(length_scale=1, nu=1.5)",test,0.4577464788732394,0.2995391705069124,0.5127659574468085,0.362116991643454,0.4975956722099779,-0.005220747693823,2,3
gpc,IN,ECFP4,minmax,2,"Matern(length_scale=1, nu=1.5)",train,0.457089552238806,0.3864353312302839,0.5170454545454546,0.4188034188034188,0.505233169491111,0.0107243077561362,2,1
gpc,IN,ECFP4,minmax,2,"Matern(length_scale=1, nu=1.5)",validation,0.4708994708994709,0.419811320754717,0.5255319148936171,0.4438902743142144,0.5161072107649554,0.0326921933355304,2,2
gpc,IN,ECFP4,minmax,2,"Matern(length_scale=1, nu=1.5)",test,0.4904458598726114,0.3548387096774194,0.5319148936170213,0.4117647058823529,0.5193165880402908,0.0408346225907232,2,3
gpc,IN,ECFP4,minmax,3,"Matern(length_scale=1, nu=1.5)",train,0.4525939177101968,0.3984251968503937,0.5117104329311568,0.423785594639866,0.5015381798205457,0.0031288092102668,2,1
gpc,IN,ECFP4,minmax,3,"Matern(length_scale=1, nu=1.5)",validation,0.4432432432432432,0.3886255924170616,0.5053304904051172,0.4141414141414141,0.4947003931077556,-0.0107889628654309,2,2
gpc,IN,ECFP4,minmax,3,"Matern(length_scale=1, nu=1.5)",test,0.4746835443037974,0.3456221198156682,0.5212765957446809,0.4,0.5087794393544744,0.0185302409238677,2,3
gpc,IN,ECFP4,minmax,4,"Matern(length_scale=1, nu=1.5)",train,0.503731343283582,0.4251968503937008,0.5521646557842441,0.4611443210930828,0.540763799873853,0.0835550075417222,2,1
gpc,IN,ECFP4,minmax,4,"Matern(length_scale=1, nu=1.5)",validation,0.4938271604938271,0.3791469194312796,0.5458422174840085,0.4289544235924933,0.5306587310334693,0.0641517571909489,2,2
gpc,IN,ECFP4,minmax,4,"Matern(length_scale=1, nu=1.5)",test,0.5095541401273885,0.3686635944700461,0.5446808510638298,0.427807486631016,0.5321578841915447,0.0679806941856877,2,3
gpc,IN,ECFP4,minmax,1,"Matern(length_scale=1, nu=2.5)",train,0.4980694980694981,0.4069400630914827,0.5482954545454546,0.4479166666666667,0.535511375214992,0.0732744745637156,2,1
gpc,IN,ECFP4,minmax,1,"Matern(length_scale=1, nu=2.5)",validation,0.4659685863874345,0.419811320754717,0.5212765957446809,0.4416873449131513,0.5122312417727073,0.024783323437386,2,2
gpc,IN,ECFP4,minmax,1,"Matern(length_scale=1, nu=2.5)",test,0.4545454545454545,0.2995391705069124,0.5106382978723404,0.3611111111111111,0.4956193876249977,-0.0094932092515277,2,3
gpc,IN,ECFP4,minmax,2,"Matern(length_scale=1, nu=2.5)",train,0.4570383912248629,0.3943217665615142,0.5163352272727273,0.4233700254022015,0.505300418164478,0.0108208156870751,2,1
gpc,IN,ECFP4,minmax,2,"Matern(length_scale=1, nu=2.5)",validation,0.4769230769230769,0.4386792452830189,0.5297872340425532,0.457002457002457,0.5216652040368582,0.0437609669791501,2,2
gpc,IN,ECFP4,minmax,2,"Matern(length_scale=1, nu=2.5)",test,0.490566037735849,0.3594470046082949,0.5319148936170213,0.4148936170212766,0.5196444509207483,0.041398181180895,2,3
gpc,IN,ECFP4,minmax,3,"Matern(length_scale=1, nu=2.5)",train,0.4527629233511586,0.4,0.5117104329311568,0.4247491638795986,0.5016795865633075,0.0034143683619011,2,1
gpc,IN,ECFP4,minmax,3,"Matern(length_scale=1, nu=2.5)",validation,0.4432432432432432,0.3886255924170616,0.5053304904051172,0.4141414141414141,0.4947003931077556,-0.0107889628654309,2,2
gpc,IN,ECFP4,minmax,3,"Matern(length_scale=1, nu=2.5)",test,0.475,0.3502304147465437,0.5212765957446809,0.403183023872679,0.509107302234932,0.0191632442145869,2,3
gpc,IN,ECFP4,minmax,4,"Matern(length_scale=1, nu=2.5)",train,0.5009310986964618,0.4236220472440944,0.5500354861603974,0.4590443686006826,0.5386844086349671,0.0792643523684662,2,1
gpc,IN,ECFP4,minmax,4,"Matern(length_scale=1, nu=2.5)",validation,0.4906832298136646,0.3744075829383886,0.5437100213219617,0.4247311827956989,0.5282890627870238,0.0592804292352333,2,2
gpc,IN,ECFP4,minmax,4,"Matern(length_scale=1, nu=2.5)",test,0.5095541401273885,0.3686635944700461,0.5446808510638298,0.427807486631016,0.5321578841915447,0.0679806941856877,2,3
gpc,IN,ECFP4,minmax,1,RBF(length_scale=0.5),train,0.494296577946768,0.4100946372239747,0.5454545454545454,0.4482758620689655,0.53321269328899,0.0683159379198836,2,1
gpc,IN,ECFP4,minmax,1,RBF(length_scale=0.5),validation,0.4607329842931937,0.4150943396226415,0.5170212765957447,0.4367245657568238,0.5079347667105455,0.0160776717067646,2,2
gpc,IN,ECFP4,minmax,1,RBF(length_scale=0.5),test,0.4513888888888889,0.2995391705069124,0.5085106382978724,0.3601108033240997,0.4936431030400174,-0.0137491309728288,2,3
gpc,IN,ECFP4,minmax,2,RBF(length_scale=0.5),train,0.4558558558558558,0.3990536277602524,0.5149147727272727,0.4255677039529016,0.5044363746036404,0.0090334221940069,2,1
gpc,IN,ECFP4,minmax,2,RBF(length_scale=0.5),validation,0.4723618090452261,0.4433962264150943,0.5255319148936171,0.4574209245742092,0.5182097411145239,0.0366775541542259,2,2
gpc,IN,ECFP4,minmax,2,RBF(length_scale=0.5),test,0.4907975460122699,0.3686635944700461,0.5319148936170213,0.4210526315789473,0.5203001766816633,0.0425262365920402,2,3
gpc,IN,ECFP4,minmax,3,RBF(length_scale=0.5),train,0.4481546572934973,0.4015748031496063,0.5074520936834634,0.4235880398671096,0.4979450243138212,-0.0041677172762405,2,1
gpc,IN,ECFP4,minmax,3,RBF(length_scale=0.5),validation,0.4361702127659574,0.3886255924170616,0.4989339019189765,0.4110275689223057,0.4888864396193835,-0.0225632785595504,2,2
gpc,IN,ECFP4,minmax,3,RBF(length_scale=0.5),test,0.4695121951219512,0.3548387096774194,0.5170212765957447,0.4041994750656168,0.5054825959454291,0.0114689517716523,2,3
gpc,IN,ECFP4,minmax,4,RBF(length_scale=0.5),train,0.4981617647058823,0.4267716535433071,0.5479063165365508,0.4597116200169635,0.5370292376243667,0.0756875775989283,2,1
gpc,IN,ECFP4,minmax,4,RBF(length_scale=0.5),validation,0.4846625766871165,0.3744075829383886,0.5394456289978679,0.4224598930481283,0.5244130937947757,0.0510093019707794,2,2
gpc,IN,ECFP4,minmax,4,RBF(length_scale=0.5),test,0.5094339622641509,0.3732718894009216,0.5446808510638298,0.4308510638297872,0.5324857470720024,0.0684595791711879,2,3
gpc,IN,ECFP4,minmax,1,RBF(length_scale=1),train,0.494296577946768,0.4100946372239747,0.5454545454545454,0.4482758620689655,0.53321269328899,0.0683159379198836,2,1
gpc,IN,ECFP4,minmax,1,RBF(length_scale=1),validation,0.4607329842931937,0.4150943396226415,0.5170212765957447,0.4367245657568238,0.5079347667105455,0.0160776717067646,2,2
gpc,IN,ECFP4,minmax,1,RBF(length_scale=1),test,0.4513888888888889,0.2995391705069124,0.5085106382978724,0.3601108033240997,0.4936431030400174,-0.0137491309728288,2,3
gpc,IN,ECFP4,minmax,2,RBF(length_scale=1),train,0.4558558558558558,0.3990536277602524,0.5149147727272727,0.4255677039529016,0.5044363746036404,0.0090334221940069,2,1
gpc,IN,ECFP4,minmax,2,RBF(length_scale=1),validation,0.4723618090452261,0.4433962264150943,0.5255319148936171,0.4574209245742092,0.5182097411145239,0.0366775541542259,2,2
gpc,IN,ECFP4,minmax,2,RBF(length_scale=1),test,0.4907975460122699,0.3686635944700461,0.5319148936170213,0.4210526315789473,0.5203001766816633,0.0425262365920402,2,3
gpc,IN,ECFP4,minmax,3,RBF(length_scale=1),train,0.4481546572934973,0.4015748031496063,0.5074520936834634,0.4235880398671096,0.4979450243138212,-0.0041677172762405,2,1
gpc,IN,ECFP4,minmax,3,RBF(length_scale=1),validation,0.4361702127659574,0.3886255924170616,0.4989339019189765,0.4110275689223057,0.4888864396193835,-0.0225632785595504,2,2
gpc,IN,ECFP4,minmax,3,RBF(length_scale=1),test,0.4695121951219512,0.3548387096774194,0.5170212765957447,0.4041994750656168,0.5054825959454291,0.0114689517716523,2,3
gpc,IN,ECFP4,minmax,4,RBF(length_scale=1),train,0.4981617647058823,0.4267716535433071,0.5479063165365508,0.4597116200169635,0.5370292376243667,0.0756875775989283,2,1
gpc,IN,ECFP4,minmax,4,RBF(length_scale=1),validation,0.4846625766871165,0.3744075829383886,0.5394456289978679,0.4224598930481283,0.5244130937947757,0.0510093019707794,2,2
gpc,IN,ECFP4,minmax,4,RBF(length_scale=1),test,0.5094339622641509,0.3732718894009216,0.5446808510638298,0.4308510638297872,0.5324857470720024,0.0684595791711879,2,3
gpc,IN,ECFP4,minmax,1,RBF(length_scale=1) + WhiteKernel(noise_level=1),train,0.494296577946768,0.4100946372239747,0.5454545454545454,0.4482758620689655,0.53321269328899,0.0683159379198836,2,1
gpc,IN,ECFP4,minmax,1,RBF(length_scale=1) + WhiteKernel(noise_level=1),validation,0.4607329842931937,0.4150943396226415,0.5170212765957447,0.4367245657568238,0.5079347667105455,0.0160776717067646,2,2
gpc,IN,ECFP4,minmax,1,RBF(length_scale=1) + WhiteKernel(noise_level=1),test,0.4513888888888889,0.2995391705069124,0.5085106382978724,0.3601108033240997,0.4936431030400174,-0.0137491309728288,2,3
gpc,IN,ECFP4,minmax,2,RBF(length_scale=1) + WhiteKernel(noise_level=1),train,0.4558558558558558,0.3990536277602524,0.5149147727272727,0.4255677039529016,0.5044363746036404,0.0090334221940069,2,1
gpc,IN,ECFP4,minmax,2,RBF(length_scale=1) + WhiteKernel(noise_level=1),validation,0.4723618090452261,0.4433962264150943,0.5255319148936171,0.4574209245742092,0.5182097411145239,0.0366775541542259,2,2
gpc,IN,ECFP4,minmax,2,RBF(length_scale=1) + WhiteKernel(noise_level=1),test,0.4907975460122699,0.3686635944700461,0.5319148936170213,0.4210526315789473,0.5203001766816633,0.0425262365920402,2,3
gpc,IN,ECFP4,minmax,3,RBF(length_scale=1) + WhiteKernel(noise_level=1),train,0.4481546572934973,0.4015748031496063,0.5074520936834634,0.4235880398671096,0.4979450243138212,-0.0041677172762405,2,1
gpc,IN,ECFP4,minmax,3,RBF(length_scale=1) + WhiteKernel(noise_level=1),validation,0.4361702127659574,0.3886255924170616,0.4989339019189765,0.4110275689223057,0.4888864396193835,-0.0225632785595504,2,2
gpc,IN,ECFP4,minmax,3,RBF(length_scale=1) + WhiteKernel(noise_level=1),test,0.4695121951219512,0.3548387096774194,0.5170212765957447,0.4041994750656168,0.5054825959454291,0.0114689517716523,2,3
gpc,IN,ECFP4,minmax,4,RBF(length_scale=1) + WhiteKernel(noise_level=1),train,0.4981617647058823,0.4267716535433071,0.5479063165365508,0.4597116200169635,0.5370292376243667,0.0756875775989283,2,1
gpc,IN,ECFP4,minmax,4,RBF(length_scale=1) + WhiteKernel(noise_level=1),validation,0.4846625766871165,0.3744075829383886,0.5394456289978679,0.4224598930481283,0.5244130937947757,0.0510093019707794,2,2
gpc,IN,ECFP4,minmax,4,RBF(length_scale=1) + WhiteKernel(noise_level=1),test,0.5094339622641509,0.3732718894009216,0.5446808510638298,0.4308510638297872,0.5324857470720024,0.0684595791711879,2,3
gpc,IN,ECFP4,minmax,1,RBF(length_scale=2),train,0.494296577946768,0.4100946372239747,0.5454545454545454,0.4482758620689655,0.53321269328899,0.0683159379198836,2,1
gpc,IN,ECFP4,minmax,1,RBF(length_scale=2),validation,0.4607329842931937,0.4150943396226415,0.5170212765957447,0.4367245657568238,0.5079347667105455,0.0160776717067646,2,2
gpc,IN,ECFP4,minmax,1,RBF(length_scale=2),test,0.4513888888888889,0.2995391705069124,0.5085106382978724,0.3601108033240997,0.4936431030400174,-0.0137491309728288,2,3
gpc,IN,ECFP4,minmax,2,RBF(length_scale=2),train,0.4558558558558558,0.3990536277602524,0.5149147727272727,0.4255677039529016,0.5044363746036404,0.0090334221940069,2,1
gpc,IN,ECFP4,minmax,2,RBF(length_scale=2),validation,0.4723618090452261,0.4433962264150943,0.5255319148936171,0.4574209245742092,0.5182097411145239,0.0366775541542259,2,2
gpc,IN,ECFP4,minmax,2,RBF(length_scale=2),test,0.4907975460122699,0.3686635944700461,0.5319148936170213,0.4210526315789473,0.5203001766816633,0.0425262365920402,2,3
gpc,IN,ECFP4,minmax,3,RBF(length_scale=2),train,0.4481546572934973,0.4015748031496063,0.5074520936834634,0.4235880398671096,0.4979450243138212,-0.0041677172762405,2,1
gpc,IN,ECFP4,minmax,3,RBF(length_scale=2),validation,0.4361702127659574,0.3886255924170616,0.4989339019189765,0.4110275689223057,0.4888864396193835,-0.0225632785595504,2,2
gpc,IN,ECFP4,minmax,3,RBF(length_scale=2),test,0.4695121951219512,0.3548387096774194,0.5170212765957447,0.4041994750656168,0.5054825959454291,0.0114689517716523,2,3
gpc,IN,ECFP4,minmax,4,RBF(length_scale=2),train,0.4981617647058823,0.4267716535433071,0.5479063165365508,0.4597116200169635,0.5370292376243667,0.0756875775989283,2,1
gpc,IN,ECFP4,minmax,4,RBF(length_scale=2),validation,0.4846625766871165,0.3744075829383886,0.5394456289978679,0.4224598930481283,0.5244130937947757,0.0510093019707794,2,2
gpc,IN,ECFP4,minmax,4,RBF(length_scale=2),test,0.5094339622641509,0.3732718894009216,0.5446808510638298,0.4308510638297872,0.5324857470720024,0.0684595791711879,2,3
gpc,IN,ECFP4,minmax,1,"RationalQuadratic(alpha=1, length_scale=1)",train,0.494296577946768,0.4100946372239747,0.5454545454545454,0.4482758620689655,0.53321269328899,0.0683159379198836,2,1
gpc,IN,ECFP4,minmax,1,"RationalQuadratic(alpha=1, length_scale=1)",validation,0.4607329842931937,0.4150943396226415,0.5170212765957447,0.4367245657568238,0.5079347667105455,0.0160776717067646,2,2
gpc,IN,ECFP4,minmax,1,"RationalQuadratic(alpha=1, length_scale=1)",test,0.4513888888888889,0.2995391705069124,0.5085106382978724,0.3601108033240997,0.4936431030400174,-0.0137491309728288,2,3
gpc,IN,ECFP4,minmax,2,"RationalQuadratic(alpha=1, length_scale=1)",train,0.4558558558558558,0.3990536277602524,0.5149147727272727,0.4255677039529016,0.5044363746036404,0.0090334221940069,2,1
gpc,IN,ECFP4,minmax,2,"RationalQuadratic(alpha=1, length_scale=1)",validation,0.4723618090452261,0.4433962264150943,0.5255319148936171,0.4574209245742092,0.5182097411145239,0.0366775541542259,2,2
gpc,IN,ECFP4,minmax,2,"RationalQuadratic(alpha=1, length_scale=1)",test,0.4907975460122699,0.3686635944700461,0.5319148936170213,0.4210526315789473,0.5203001766816633,0.0425262365920402,2,3
gpc,IN,ECFP4,minmax,3,"RationalQuadratic(alpha=1, length_scale=1)",train,0.4481546572934973,0.4015748031496063,0.5074520936834634,0.4235880398671096,0.4979450243138212,-0.0041677172762405,2,1
gpc,IN,ECFP4,minmax,3,"RationalQuadratic(alpha=1, length_scale=1)",validation,0.4361702127659574,0.3886255924170616,0.4989339019189765,0.4110275689223057,0.4888864396193835,-0.0225632785595504,2,2
gpc,IN,ECFP4,minmax,3,"RationalQuadratic(alpha=1, length_scale=1)",test,0.4695121951219512,0.3548387096774194,0.5170212765957447,0.4041994750656168,0.5054825959454291,0.0114689517716523,2,3
gpc,IN,ECFP4,minmax,4,"RationalQuadratic(alpha=1, length_scale=1)",train,0.4981617647058823,0.4267716535433071,0.5479063165365508,0.4597116200169635,0.5370292376243667,0.0756875775989283,2,1
gpc,IN,ECFP4,minmax,4,"RationalQuadratic(alpha=1, length_scale=1)",validation,0.4846625766871165,0.3744075829383886,0.5394456289978679,0.4224598930481283,0.5244130937947757,0.0510093019707794,2,2
gpc,IN,ECFP4,minmax,4,"RationalQuadratic(alpha=1, length_scale=1)",test,0.5094339622641509,0.3732718894009216,0.5446808510638298,0.4308510638297872,0.5324857470720024,0.0684595791711879,2,3
gpc,IN,ECFP4,std,1,DotProduct(sigma_0=1),train,0.463258785942492,0.4574132492113564,0.5170454545454546,0.4603174603174603,0.5116523610397867,0.0233328878857465,2,1
gpc,IN,ECFP4,std,1,DotProduct(sigma_0=1),validation,0.4220183486238532,0.4339622641509434,0.4765957446808511,0.427906976744186,0.4727950855638438,-0.0542908481288424,2,2
gpc,IN,ECFP4,std,1,DotProduct(sigma_0=1),test,0.4242424242424242,0.3870967741935484,0.474468085106383,0.4048192771084337,0.4682519444090271,-0.0641091779505437,2,3
gpc,IN,ECFP4,std,2,DotProduct(sigma_0=1),train,0.4476190476190476,0.444794952681388,0.5028409090909091,0.4462025316455696,0.4975912747903063,-0.0048202802605413,2,1
gpc,IN,ECFP4,std,2,DotProduct(sigma_0=1),validation,0.48,0.5094339622641509,0.5297872340425532,0.494279176201373,0.5279727950855639,0.0557274719314153,2,2
gpc,IN,ECFP4,std,2,DotProduct(sigma_0=1),test,0.4511627906976744,0.4470046082949309,0.4936170212765957,0.449074074074074,0.4903007231197974,-0.0194119945220442,2,3
gpc,IN,ECFP4,std,3,DotProduct(sigma_0=1),train,0.4393700787401575,0.4393700787401575,0.4946770759403832,0.4393700787401575,0.4897108791633603,-0.0205782416732792,2,1
gpc,IN,ECFP4,std,3,DotProduct(sigma_0=1),validation,0.4082568807339449,0.4218009478672986,0.464818763326226,0.4149184149184149,0.4609004739336493,-0.0779987175315339,2,2
gpc,IN,ECFP4,std,3,DotProduct(sigma_0=1),test,0.4754901960784313,0.4470046082949309,0.5170212765957447,0.4608076009501187,0.51203985355458,0.0242206294574452,2,3
gpc,IN,ECFP4,std,4,DotProduct(sigma_0=1),train,0.4646302250803859,0.4551181102362204,0.518097941802697,0.4598249801113763,0.5124427760483428,0.0249357287273438,2,1
gpc,IN,ECFP4,std,4,DotProduct(sigma_0=1),validation,0.4759615384615384,0.4691943127962085,0.5287846481876333,0.4725536992840095,0.523356846320585,0.0467781840607855,2,2
gpc,IN,ECFP4,std,4,DotProduct(sigma_0=1),test,0.4729064039408867,0.4423963133640553,0.5148936170212766,0.4571428571428571,0.5097357060891423,0.0195967443951594,2,3
gpc,IN,ECFP4,std,1,"Matern(length_scale=1, nu=0.5)",train,0.4617067833698031,0.3328075709779179,0.5248579545454546,0.386801099908341,0.5074890568067884,0.0159156313561434,2,1
gpc,IN,ECFP4,std,1,"Matern(length_scale=1, nu=0.5)",validation,0.4152046783625731,0.3349056603773584,0.4872340425531914,0.370757180156658,0.4736543805762762,-0.0544982483506759,2,2
gpc,IN,ECFP4,std,1,"Matern(length_scale=1, nu=0.5)",test,0.4122137404580153,0.2488479262672811,0.4893617021276595,0.3103448275862069,0.4722500500901623,-0.0617087614439834,2,3
gpc,IN,ECFP4,std,2,"Matern(length_scale=1, nu=0.5)",train,0.448,0.3533123028391167,0.5127840909090909,0.3950617283950617,0.4983615777761475,-0.0034067715257815,2,1
gpc,IN,ECFP4,std,2,"Matern(length_scale=1, nu=0.5)",validation,0.4715909090909091,0.3915094339622642,0.5276595744680851,0.4278350515463917,0.5155221588415972,0.0319175761602195,2,2
gpc,IN,ECFP4,std,2,"Matern(length_scale=1, nu=0.5)",test,0.4805194805194805,0.3410138248847926,0.5255319148936171,0.398921832884097,0.5124041456439774,0.0263501491827908,2,3
gpc,IN,ECFP4,std,3,"Matern(length_scale=1, nu=0.5)",train,0.4554079696394686,0.3779527559055118,0.5159687721788503,0.4130808950086058,0.5035758611568902,0.0073540806137583,2,1
gpc,IN,ECFP4,std,3,"Matern(length_scale=1, nu=0.5)",validation,0.4624277456647399,0.3791469194312796,0.5223880597014925,0.4166666666666667,0.5093409015761049,0.0192619816680216,2,2
gpc,IN,ECFP4,std,3,"Matern(length_scale=1, nu=0.5)",test,0.4967320261437908,0.3502304147465437,0.5361702127659574,0.4108108108108108,0.5229412943297936,0.0488160565578396,2,3
gpc,IN,ECFP4,std,4,"Matern(length_scale=1, nu=0.5)",train,0.5155038759689923,0.4188976377952756,0.560681334279631,0.4622067767158992,0.5479501108873018,0.0990435901238024,2,1
gpc,IN,ECFP4,std,4,"Matern(length_scale=1, nu=0.5)",validation,0.4873417721518987,0.3649289099526066,0.5415778251599147,0.4173441734417344,0.5254877107902568,0.0536541314389049,2,2
gpc,IN,ECFP4,std,4,"Matern(length_scale=1, nu=0.5)",test,0.52,0.3594470046082949,0.551063829787234,0.4250681198910082,0.5374310121855703,0.0800628555372522,2,3
gpc,IN,ECFP4,std,1,"Matern(length_scale=1, nu=1.5)",train,0.4551148225469729,0.3438485804416404,0.5191761363636364,0.3917340521114106,0.5033196390580296,0.0069720478166533,2,1
gpc,IN,ECFP4,std,1,"Matern(length_scale=1, nu=1.5)",validation,0.4114285714285714,0.3396226415094339,0.4829787234042553,0.3720930232558139,0.4701989176539417,-0.0613493243719671,2,2
gpc,IN,ECFP4,std,1,"Matern(length_scale=1, nu=1.5)",test,0.4074074074074074,0.2534562211981567,0.4851063829787234,0.3125,0.4686253438006594,-0.0691368854286644,2,3
gpc,IN,ECFP4,std,2,"Matern(length_scale=1, nu=1.5)",train,0.467600700525394,0.4211356466876971,0.5234375,0.4431535269709543,0.5141853944032801,0.0287478742857979,2,1
gpc,IN,ECFP4,std,2,"Matern(length_scale=1, nu=1.5)",validation,0.4585365853658537,0.4433962264150943,0.5127659574468085,0.4508393285371702,0.5065818341377797,0.0132085409052933,2,2
gpc,IN,ECFP4,std,2,"Matern(length_scale=1, nu=1.5)",test,0.4615384615384615,0.4147465437788018,0.5063829787234042,0.4368932038834951,0.499863390466476,-0.0002764505631384,2,3
gpc,IN,ECFP4,std,3,"Matern(length_scale=1, nu=1.5)",train,0.4462659380692167,0.3858267716535433,0.5074520936834634,0.4138513513513513,0.4965309568862032,-0.0070788325330011,2,1
gpc,IN,ECFP4,std,3,"Matern(length_scale=1, nu=1.5)",validation,0.45,0.3838862559241706,0.511727078891258,0.4143222506393862,0.5000826628458063,0.000169124394552,2,2
gpc,IN,ECFP4,std,3,"Matern(length_scale=1, nu=1.5)",test,0.4840764331210191,0.3502304147465437,0.5276595744680851,0.4064171122994652,0.5150361559898727,0.0317859320590683,2,3
gpc,IN,ECFP4,std,4,"Matern(length_scale=1, nu=1.5)",train,0.5133079847908745,0.4251968503937008,0.5592618878637331,0.4651162790697674,0.5472237481942664,0.09715710581815,2,1
gpc,IN,ECFP4,std,4,"Matern(length_scale=1, nu=1.5)",validation,0.5,0.3886255924170616,0.5501066098081023,0.4373333333333333,0.5353980675263603,0.0738565107231124,2,2
gpc,IN,ECFP4,std,4,"Matern(length_scale=1, nu=1.5)",test,0.5194805194805194,0.3686635944700461,0.551063829787234,0.431266846361186,0.5380867379464855,0.080907726785926,2,3
gpc,IN,ECFP4,std,1,"Matern(length_scale=1, nu=2.5)",train,0.4545454545454545,0.3470031545741325,0.5184659090909091,0.3935599284436494,0.5029589416281516,0.0061990171279499,2,1
gpc,IN,ECFP4,std,1,"Matern(length_scale=1, nu=2.5)",validation,0.4134078212290503,0.3490566037735849,0.4829787234042553,0.3785166240409207,0.4710399297937692,-0.0593518662638494,2,2
gpc,IN,ECFP4,std,1,"Matern(length_scale=1, nu=2.5)",test,0.4057971014492754,0.2580645161290322,0.4829787234042553,0.3154929577464789,0.4669769220961366,-0.0722984667473655,2,3
gpc,IN,ECFP4,std,2,"Matern(length_scale=1, nu=2.5)",train,0.4697754749568221,0.4290220820189274,0.5248579545454546,0.448474855729596,0.5161906275727712,0.0327410226892352,2,1
gpc,IN,ECFP4,std,2,"Matern(length_scale=1, nu=2.5)",validation,0.4563106796116505,0.4433962264150943,0.5106382978723404,0.4497607655502392,0.5046438496416558,0.0093143028611429,2,2
gpc,IN,ECFP4,std,2,"Matern(length_scale=1, nu=2.5)",test,0.4615384615384615,0.4147465437788018,0.5063829787234042,0.4368932038834951,0.499863390466476,-0.0002764505631384,2,3
gpc,IN,ECFP4,std,3,"Matern(length_scale=1, nu=2.5)",train,0.4448462929475588,0.3874015748031496,0.5060326472675657,0.4141414141414141,0.4953803739648823,-0.0094144447469558,2,1
gpc,IN,ECFP4,std,3,"Matern(length_scale=1, nu=2.5)",validation,0.448087431693989,0.3886255924170616,0.509594882729211,0.416243654822335,0.4985763621000036,-0.0029038358064107,2,2
gpc,IN,ECFP4,std,3,"Matern(length_scale=1, nu=2.5)",test,0.4840764331210191,0.3502304147465437,0.5276595744680851,0.4064171122994652,0.5150361559898727,0.0317859320590683,2,3
gpc,IN,ECFP4,std,4,"Matern(length_scale=1, nu=2.5)",train,0.5141776937618148,0.4283464566929134,0.559971611071682,0.4673539518900343,0.5481525565118314,0.09895494828313,2,1
gpc,IN,ECFP4,std,4,"Matern(length_scale=1, nu=2.5)",validation,0.4969696969696969,0.3886255924170616,0.5479744136460555,0.4361702127659574,0.5334600830302362,0.0697154968251233,2,2
gpc,IN,ECFP4,std,4,"Matern(length_scale=1, nu=2.5)",test,0.5126582278481012,0.3732718894009216,0.5468085106382978,0.432,0.5344620316569826,0.0727369622986674,2,3
gpc,IN,ECFP4,std,1,RBF(length_scale=0.5),train,0.4453125,0.2697160883280757,0.5198863636363636,0.3359528487229862,0.4972611449392317,-0.0061192551862087,2,1
gpc,IN,ECFP4,std,1,RBF(length_scale=0.5),validation,0.4657534246575342,0.320754716981132,0.5276595744680851,0.3798882681564245,0.5092145677928916,0.0198168132034846,2,2
gpc,IN,ECFP4,std,1,RBF(length_scale=0.5),test,0.3538461538461538,0.2119815668202765,0.4574468085106383,0.2651296829971181,0.4399828782717983,-0.1337778316607027,2,3
gpc,IN,ECFP4,std,2,RBF(length_scale=0.5),train,0.4205128205128205,0.2586750788643533,0.5056818181818182,0.3203125,0.4833427073908329,-0.0370376418033797,2,1
gpc,IN,ECFP4,std,2,RBF(length_scale=0.5),validation,0.4806201550387597,0.2924528301886792,0.5382978723404256,0.3636363636363636,0.5163814538540296,0.0365332389332143,2,2
gpc,IN,ECFP4,std,2,RBF(length_scale=0.5),test,0.4324324324324324,0.2949308755760368,0.4957446808510638,0.3506849315068493,0.4814575326496785,-0.0398041956813784,2,3
gpc,IN,ECFP4,std,3,RBF(length_scale=0.5),train,0.6416040100250626,0.4031496062992126,0.6295244854506742,0.4951644100580271,0.6091975421676942,0.2411865399734909,2,1
gpc,IN,ECFP4,std,3,RBF(length_scale=0.5),validation,0.6456692913385826,0.3886255924170616,0.6289978678038379,0.4852071005917159,0.6071034938829495,0.2398113871612751,2,2
gpc,IN,ECFP4,std,3,RBF(length_scale=0.5),test,0.6338028169014085,0.4147465437788018,0.6191489361702127,0.5013927576601671,0.6046064734704285,0.2271420758001937,2,3
gpc,IN,ECFP4,std,4,RBF(length_scale=0.5),train,0.7225,0.4551181102362204,0.6756564939673527,0.5584541062801932,0.6558536287615211,0.3439764248776714,2,1
gpc,IN,ECFP4,std,4,RBF(length_scale=0.5),validation,0.717391304347826,0.4691943127962085,0.6780383795309168,0.5673352435530086,0.659015761049267,0.3471904000905783,2,2
gpc,IN,ECFP4,std,4,RBF(length_scale=0.5),test,0.7058823529411765,0.4423963133640553,0.6574468085106383,0.5439093484419264,0.6421467732828182,0.3125463570687313,2,3
gpc,IN,ECFP4,std,1,RBF(length_scale=1),train,0.4623015873015873,0.3675078864353312,0.5227272727272727,0.4094903339191564,0.5086893437344615,0.0180356832290049,2,1
gpc,IN,ECFP4,std,1,RBF(length_scale=1),validation,0.4207650273224044,0.3632075471698113,0.4872340425531914,0.389873417721519,0.4761774169957583,-0.0486216994777014,2,2
gpc,IN,ECFP4,std,1,RBF(length_scale=1),test,0.4113475177304964,0.2672811059907834,0.4851063829787234,0.3240223463687151,0.469608932442032,-0.0661239172681485,2,3
gpc,IN,ECFP4,std,2,RBF(length_scale=1),train,0.4628378378378378,0.4321766561514195,0.5184659090909091,0.4469820554649266,0.5106619714865624,0.0214919929264468,2,1
gpc,IN,ECFP4,std,2,RBF(length_scale=1),validation,0.4589371980676328,0.4481132075471698,0.5127659574468085,0.4534606205250596,0.5070023402076934,0.0140374408480618,2,2
gpc,IN,ECFP4,std,2,RBF(length_scale=1),test,0.4591836734693877,0.4147465437788018,0.5042553191489362,0.4358353510895884,0.4978871058814957,-0.0042726226682162,2,3
gpc,IN,ECFP4,std,3,RBF(length_scale=1),train,0.4374009508716323,0.4346456692913386,0.4932576295244854,0.4360189573459715,0.4879946692709922,-0.0240246455654056,2,1
gpc,IN,ECFP4,std,3,RBF(length_scale=1),validation,0.4278846153846153,0.4218009478672986,0.4861407249466951,0.4248210023866348,0.4802803188948896,-0.0394938109235181,2,2
gpc,IN,ECFP4,std,3,RBF(length_scale=1),test,0.4747474747474747,0.4331797235023041,0.5170212765957447,0.4530120481927711,0.5110562649132074,0.0223260304165117,2,3
gpc,IN,ECFP4,std,4,RBF(length_scale=1),train,0.5064935064935064,0.4299212598425196,0.5542938254080908,0.4650766609880749,0.5431260045982624,0.0883024095654656,2,1
gpc,IN,ECFP4,std,4,RBF(length_scale=1),validation,0.4910179640718562,0.3886255924170616,0.5437100213219617,0.4338624338624338,0.5295841140379882,0.0614720840711647,2,2
gpc,IN,ECFP4,std,4,RBF(length_scale=1),test,0.5125,0.3778801843317972,0.5468085106382978,0.4350132625994695,0.5347898945374401,0.0732035928997223,2,3
gpc,IN,ECFP4,std,1,RBF(length_scale=1) + WhiteKernel(noise_level=1),train,0.4623015873015873,0.3675078864353312,0.5227272727272727,0.4094903339191564,0.5086893437344615,0.0180356832290049,2,1
gpc,IN,ECFP4,std,1,RBF(length_scale=1) + WhiteKernel(noise_level=1),validation,0.4207650273224044,0.3632075471698113,0.4872340425531914,0.389873417721519,0.4761774169957583,-0.0486216994777014,2,2
gpc,IN,ECFP4,std,1,RBF(length_scale=1) + WhiteKernel(noise_level=1),test,0.4113475177304964,0.2672811059907834,0.4851063829787234,0.3240223463687151,0.469608932442032,-0.0661239172681485,2,3
gpc,IN,ECFP4,std,2,RBF(length_scale=1) + WhiteKernel(noise_level=1),train,0.4628378378378378,0.4321766561514195,0.5184659090909091,0.4469820554649266,0.5106619714865624,0.0214919929264468,2,1
gpc,IN,ECFP4,std,2,RBF(length_scale=1) + WhiteKernel(noise_level=1),validation,0.4589371980676328,0.4481132075471698,0.5127659574468085,0.4534606205250596,0.5070023402076934,0.0140374408480618,2,2
gpc,IN,ECFP4,std,2,RBF(length_scale=1) + WhiteKernel(noise_level=1),test,0.4591836734693877,0.4147465437788018,0.5042553191489362,0.4358353510895884,0.4978871058814957,-0.0042726226682162,2,3
gpc,IN,ECFP4,std,3,RBF(length_scale=1) + WhiteKernel(noise_level=1),train,0.4426523297491039,0.3889763779527559,0.5039034776437189,0.4140821458507963,0.49358379621152,-0.0130552023772561,2,1
gpc,IN,ECFP4,std,3,RBF(length_scale=1) + WhiteKernel(noise_level=1),validation,0.4462365591397849,0.3933649289099526,0.5074626865671642,0.4181360201511335,0.497070061354201,-0.0059592267748052,2,2
gpc,IN,ECFP4,std,3,RBF(length_scale=1) + WhiteKernel(noise_level=1),test,0.475,0.3502304147465437,0.5212765957446809,0.403183023872679,0.509107302234932,0.0191632442145869,2,3
gpc,IN,ECFP4,std,4,RBF(length_scale=1) + WhiteKernel(noise_level=1),train,0.5064935064935064,0.4299212598425196,0.5542938254080908,0.4650766609880749,0.5431260045982624,0.0883024095654656,2,1
gpc,IN,ECFP4,std,4,RBF(length_scale=1) + WhiteKernel(noise_level=1),validation,0.4910179640718562,0.3886255924170616,0.5437100213219617,0.4338624338624338,0.5295841140379882,0.0614720840711647,2,2
gpc,IN,ECFP4,std,4,RBF(length_scale=1) + WhiteKernel(noise_level=1),test,0.5125,0.3778801843317972,0.5468085106382978,0.4350132625994695,0.5347898945374401,0.0732035928997223,2,3
gpc,IN,ECFP4,std,1,RBF(length_scale=2),train,0.4623015873015873,0.3675078864353312,0.5227272727272727,0.4094903339191564,0.5086893437344615,0.0180356832290049,2,1
gpc,IN,ECFP4,std,1,RBF(length_scale=2),validation,0.4207650273224044,0.3632075471698113,0.4872340425531914,0.389873417721519,0.4761774169957583,-0.0486216994777014,2,2
gpc,IN,ECFP4,std,1,RBF(length_scale=2),test,0.4113475177304964,0.2672811059907834,0.4851063829787234,0.3240223463687151,0.469608932442032,-0.0661239172681485,2,3
gpc,IN,ECFP4,std,2,RBF(length_scale=2),train,0.4548872180451128,0.3817034700315457,0.515625,0.4150943396226415,0.5035132337237832,0.007210149647384,2,1
gpc,IN,ECFP4,std,2,RBF(length_scale=2),validation,0.4791666666666667,0.4339622641509434,0.5319148936170213,0.4554455445544554,0.5231826824630686,0.0469351762926158,2,2
gpc,IN,ECFP4,std,2,RBF(length_scale=2),test,0.4658385093167702,0.3456221198156682,0.5148936170212766,0.3968253968253968,0.5028505855995337,0.0059891064504194,2,3
gpc,IN,ECFP4,std,3,RBF(length_scale=2),train,0.4426523297491039,0.3889763779527559,0.5039034776437189,0.4140821458507963,0.49358379621152,-0.0130552023772561,2,1
gpc,IN,ECFP4,std,3,RBF(length_scale=2),validation,0.4462365591397849,0.3933649289099526,0.5074626865671642,0.4181360201511335,0.497070061354201,-0.0059592267748052,2,2
gpc,IN,ECFP4,std,3,RBF(length_scale=2),test,0.475,0.3502304147465437,0.5212765957446809,0.403183023872679,0.509107302234932,0.0191632442145869,2,3
gpc,IN,ECFP4,std,4,RBF(length_scale=2),train,0.5064935064935064,0.4299212598425196,0.5542938254080908,0.4650766609880749,0.5431260045982624,0.0883024095654656,2,1
gpc,IN,ECFP4,std,4,RBF(length_scale=2),validation,0.4910179640718562,0.3886255924170616,0.5437100213219617,0.4338624338624338,0.5295841140379882,0.0614720840711647,2,2
gpc,IN,ECFP4,std,4,RBF(length_scale=2),test,0.5125,0.3778801843317972,0.5468085106382978,0.4350132625994695,0.5347898945374401,0.0732035928997223,2,3
gpc,IN,ECFP4,std,1,"RationalQuadratic(alpha=1, length_scale=1)",train,0.4623015873015873,0.3675078864353312,0.5227272727272727,0.4094903339191564,0.5086893437344615,0.0180356832290049,2,1
gpc,IN,ECFP4,std,1,"RationalQuadratic(alpha=1, length_scale=1)",validation,0.4207650273224044,0.3632075471698113,0.4872340425531914,0.389873417721519,0.4761774169957583,-0.0486216994777014,2,2
gpc,IN,ECFP4,std,1,"RationalQuadratic(alpha=1, length_scale=1)",test,0.4113475177304964,0.2672811059907834,0.4851063829787234,0.3240223463687151,0.469608932442032,-0.0661239172681485,2,3
gpc,IN,ECFP4,std,2,"RationalQuadratic(alpha=1, length_scale=1)",train,0.4548872180451128,0.3817034700315457,0.515625,0.4150943396226415,0.5035132337237832,0.007210149647384,2,1
gpc,IN,ECFP4,std,2,"RationalQuadratic(alpha=1, length_scale=1)",validation,0.4791666666666667,0.4339622641509434,0.5319148936170213,0.4554455445544554,0.5231826824630686,0.0469351762926158,2,2
gpc,IN,ECFP4,std,2,"RationalQuadratic(alpha=1, length_scale=1)",test,0.4658385093167702,0.3456221198156682,0.5148936170212766,0.3968253968253968,0.5028505855995337,0.0059891064504194,2,3
gpc,IN,ECFP4,std,3,"RationalQuadratic(alpha=1, length_scale=1)",train,0.4426523297491039,0.3889763779527559,0.5039034776437189,0.4140821458507963,0.49358379621152,-0.0130552023772561,2,1
gpc,IN,ECFP4,std,3,"RationalQuadratic(alpha=1, length_scale=1)",validation,0.4462365591397849,0.3933649289099526,0.5074626865671642,0.4181360201511335,0.497070061354201,-0.0059592267748052,2,2
gpc,IN,ECFP4,std,3,"RationalQuadratic(alpha=1, length_scale=1)",test,0.475,0.3502304147465437,0.5212765957446809,0.403183023872679,0.509107302234932,0.0191632442145869,2,3
gpc,IN,ECFP4,std,4,"RationalQuadratic(alpha=1, length_scale=1)",train,0.5064935064935064,0.4299212598425196,0.5542938254080908,0.4650766609880749,0.5431260045982624,0.0883024095654656,2,1
gpc,IN,ECFP4,std,4,"RationalQuadratic(alpha=1, length_scale=1)",validation,0.4910179640718562,0.3886255924170616,0.5437100213219617,0.4338624338624338,0.5295841140379882,0.0614720840711647,2,2
gpc,IN,ECFP4,std,4,"RationalQuadratic(alpha=1, length_scale=1)",test,0.5125,0.3778801843317972,0.5468085106382978,0.4350132625994695,0.5347898945374401,0.0732035928997223,2,3
gpc,IN,MIX,minmax,1,DotProduct(sigma_0=1),train,0.9984202211690364,0.996845425867508,0.9978693181818182,0.9976322020520916,0.9977767181017124,0.9956964958268526,3,1
gpc,IN,MIX,minmax,1,DotProduct(sigma_0=1),validation,0.7488584474885844,0.7735849056603774,0.7808510638297872,0.7610208816705336,0.780203305543367,0.5590132672657636,3,2
gpc,IN,MIX,minmax,1,DotProduct(sigma_0=1),test,0.8251121076233184,0.847926267281106,0.8468085106382979,0.8363636363636363,0.8468880348263237,0.6926415415610917,3,3
gpc,IN,MIX,minmax,2,DotProduct(sigma_0=1),train,0.9936908517350158,0.9936908517350158,0.9943181818181818,0.9936908517350158,0.9942614465393425,0.988522893078685,3,1
gpc,IN,MIX,minmax,2,DotProduct(sigma_0=1),validation,0.7136563876651982,0.7641509433962265,0.7553191489361702,0.7380410022779044,0.7561064794500512,0.5100494456634002,3,2
gpc,IN,MIX,minmax,2,DotProduct(sigma_0=1),test,0.834061135371179,0.880184331797235,0.8638297872340426,0.8565022421524664,0.8649933516693684,0.7280795192595074,3,3
gpc,IN,MIX,minmax,3,DotProduct(sigma_0=1),train,0.9984251968503935,0.9984251968503935,0.9985805535841022,0.9984251968503935,0.9985666035931556,0.997133207186311,3,1
gpc,IN,MIX,minmax,3,DotProduct(sigma_0=1),validation,0.6757990867579908,0.7014218009478673,0.7142857142857143,0.6883720930232559,0.7131140012491274,0.4250118094940928,3,2
gpc,IN,MIX,minmax,3,DotProduct(sigma_0=1),test,0.8379629629629629,0.8341013824884793,0.8489361702127659,0.836027713625866,0.8478807307699314,0.6959960309776886,3,3
gpc,IN,MIX,minmax,4,DotProduct(sigma_0=1),train,0.9984202211690364,0.9952755905511812,0.9971611071682044,0.996845425867508,0.9969918004435492,0.9942688803988434,3,1
gpc,IN,MIX,minmax,4,DotProduct(sigma_0=1),validation,0.7540983606557377,0.6540284360189573,0.7484008528784648,0.700507614213198,0.7398049156838973,0.4891370907714703,3,2
gpc,IN,MIX,minmax,4,DotProduct(sigma_0=1),test,0.8418604651162791,0.8341013824884793,0.851063829787234,0.8379629629629629,0.8498570153549116,0.7001988446613413,3,3
gpc,IN,MIX,minmax,1,"Matern(length_scale=1, nu=0.5)",train,0.9533582089552238,0.805993690851735,0.8948863636363636,0.8735042735042735,0.8868469746248339,0.7927635474933225,3,1
gpc,IN,MIX,minmax,1,"Matern(length_scale=1, nu=0.5)",validation,0.8392857142857143,0.6650943396226415,0.7914893617021277,0.7421052631578947,0.780221588415972,0.5819038857622318,3,2
gpc,IN,MIX,minmax,1,"Matern(length_scale=1, nu=0.5)",test,0.959731543624161,0.6589861751152074,0.8297872340425532,0.7814207650273224,0.8176353800477223,0.6806178635296424,3,3
gpc,IN,MIX,minmax,2,"Matern(length_scale=1, nu=0.5)",train,0.9572815533980582,0.777602523659306,0.8842329545454546,0.8581375108790252,0.8745893755247435,0.7738757114891346,3,1
gpc,IN,MIX,minmax,2,"Matern(length_scale=1, nu=0.5)",validation,0.7905759162303665,0.7122641509433962,0.7851063829787234,0.749379652605459,0.7786126956267367,0.5645337307359142,3,2
gpc,IN,MIX,minmax,2,"Matern(length_scale=1, nu=0.5)",test,0.9464285714285714,0.7327188940092166,0.8574468085106383,0.825974025974026,0.8485728857397862,0.7251963551890569,3,3
gpc,IN,MIX,minmax,3,"Matern(length_scale=1, nu=0.5)",train,0.9495495495495496,0.8299212598425196,0.9034776437189496,0.8857142857142857,0.8968727746241023,0.8082825802547295,3,1
gpc,IN,MIX,minmax,3,"Matern(length_scale=1, nu=0.5)",validation,0.7167630057803468,0.5876777251184834,0.7100213219616205,0.6458333333333334,0.698877622249164,0.4101078555139363,3,2
gpc,IN,MIX,minmax,3,"Matern(length_scale=1, nu=0.5)",test,0.940119760479042,0.7235023041474654,0.851063829787234,0.8177083333333334,0.8419883062239303,0.7124457984378442,3,3
gpc,IN,MIX,minmax,4,"Matern(length_scale=1, nu=0.5)",train,0.9475587703435804,0.8251968503937008,0.9006387508871541,0.8821548821548821,0.8938645750676514,0.8026658979687673,3,1
gpc,IN,MIX,minmax,4,"Matern(length_scale=1, nu=0.5)",validation,0.9172932330827068,0.5781990521327014,0.7867803837953091,0.7093023255813954,0.7677816966089864,0.5911075492917579,3,2
gpc,IN,MIX,minmax,4,"Matern(length_scale=1, nu=0.5)",test,0.93125,0.6866359447004609,0.8319148936170213,0.7904509283819628,0.8215788419154478,0.6766541532170668,3,3
gpc,IN,MIX,minmax,1,"Matern(length_scale=1, nu=1.5)",train,0.9505494505494504,0.8186119873817035,0.8991477272727273,0.8796610169491526,0.8918641332257355,0.8002591815741097,3,1
gpc,IN,MIX,minmax,1,"Matern(length_scale=1, nu=1.5)",validation,0.8232044198895028,0.7028301886792453,0.7978723404255319,0.7582697201017812,0.7893995904636537,0.5918579458419851,3,2
gpc,IN,MIX,minmax,1,"Matern(length_scale=1, nu=1.5)",test,0.9430379746835444,0.6866359447004609,0.8361702127659575,0.7946666666666666,0.8255314110854083,0.6870798045463975,3,3
gpc,IN,MIX,minmax,2,"Matern(length_scale=1, nu=1.5)",train,0.9491525423728814,0.7949526813880127,0.8884943181818182,0.8652360515021459,0.88003448022889,0.7802271332861362,3,1
gpc,IN,MIX,minmax,2,"Matern(length_scale=1, nu=1.5)",validation,0.7910447761194029,0.75,0.7978723404255319,0.7699757869249395,0.7936046511627907,0.5906042143396584,3,2
gpc,IN,MIX,minmax,2,"Matern(length_scale=1, nu=1.5)",test,0.9375,0.7603686635944701,0.8659574468085106,0.8396946564885496,0.8584452013624525,0.7384360572020057,3,3
gpc,IN,MIX,minmax,3,"Matern(length_scale=1, nu=1.5)",train,0.9484902309058616,0.8409448818897638,0.907735982966643,0.8914858096828047,0.9017385908156828,0.8161904549677387,3,1
gpc,IN,MIX,minmax,3,"Matern(length_scale=1, nu=1.5)",validation,0.7087912087912088,0.6113744075829384,0.7121535181236673,0.6564885496183206,0.7029740254968956,0.4144240006847178,3,2
gpc,IN,MIX,minmax,3,"Matern(length_scale=1, nu=1.5)",test,0.9364161849710982,0.7465437788018433,0.8595744680851064,0.8307692307692308,0.8515327589661391,0.7267493460274086,3,3
gpc,IN,MIX,minmax,4,"Matern(length_scale=1, nu=1.5)",train,0.9444444444444444,0.8299212598425196,0.9013484740951028,0.8834870075440067,0.8949347901279782,0.8035832060380127,3,1
gpc,IN,MIX,minmax,4,"Matern(length_scale=1, nu=1.5)",validation,0.9130434782608696,0.5971563981042654,0.7931769722814499,0.7220630372492837,0.7753223850986444,0.601130909323351,3,2
gpc,IN,MIX,minmax,4,"Matern(length_scale=1, nu=1.5)",test,0.9333333333333332,0.7096774193548387,0.8425531914893617,0.806282722513089,0.8330995792426368,0.6958286646034587,3,3
gpc,IN,MIX,minmax,1,"Matern(length_scale=1, nu=2.5)",train,0.9472727272727272,0.8217665615141956,0.8991477272727273,0.8800675675675675,0.8921494306278988,0.7997821462933226,3,1
gpc,IN,MIX,minmax,1,"Matern(length_scale=1, nu=2.5)",validation,0.8333333333333334,0.7075471698113207,0.8042553191489362,0.7653061224489796,0.7956340500219394,0.605239105333492,3,2
gpc,IN,MIX,minmax,1,"Matern(length_scale=1, nu=2.5)",test,0.9433962264150944,0.6912442396313364,0.8382978723404255,0.7978723404255319,0.827835558550846,0.6908717329479265,3,3
gpc,IN,MIX,minmax,2,"Matern(length_scale=1, nu=2.5)",train,0.948051948051948,0.805993690851735,0.8927556818181818,0.8712702472293266,0.8849089901287098,0.7879504156323126,3,1
gpc,IN,MIX,minmax,2,"Matern(length_scale=1, nu=2.5)",validation,0.7892156862745098,0.7594339622641509,0.8,0.7740384615384616,0.7963836477987422,0.5951221517737971,3,2
gpc,IN,MIX,minmax,2,"Matern(length_scale=1, nu=2.5)",test,0.9382022471910112,0.7695852534562212,0.8702127659574468,0.8455696202531645,0.863053496293328,0.7462585497026863,3,3
gpc,IN,MIX,minmax,3,"Matern(length_scale=1, nu=2.5)",train,0.9469964664310954,0.8440944881889764,0.908445706174592,0.8925895087427144,0.902667399133248,0.817357035669505,3,1
gpc,IN,MIX,minmax,3,"Matern(length_scale=1, nu=2.5)",validation,0.7103825136612022,0.6161137440758294,0.7142857142857143,0.6598984771573604,0.7053436937433409,0.418845529831773,3,2
gpc,IN,MIX,minmax,3,"Matern(length_scale=1, nu=2.5)",test,0.9367816091954024,0.7511520737327189,0.8617021276595744,0.8337595907928389,0.8538369064315768,0.730638869859818,3,3
gpc,IN,MIX,minmax,4,"Matern(length_scale=1, nu=2.5)",train,0.9464285714285714,0.8346456692913385,0.9041873669268984,0.8870292887029289,0.897942989684429,0.8092083182244254,3,1
gpc,IN,MIX,minmax,4,"Matern(length_scale=1, nu=2.5)",validation,0.9142857142857144,0.6066350710900474,0.7974413646055437,0.7293447293447294,0.7800617215915353,0.6089377015696485,3,2
gpc,IN,MIX,minmax,4,"Matern(length_scale=1, nu=2.5)",test,0.9230769230769232,0.7188940092165899,0.8425531914893617,0.8082901554404145,0.8337553050035518,0.6934604555611261,3,3
gpc,IN,MIX,minmax,1,RBF(length_scale=0.5),train,0.9477477477477476,0.8296529968454258,0.9026988636363636,0.8847771236333053,0.8960926482935139,0.8065306561446611,3,1
gpc,IN,MIX,minmax,1,RBF(length_scale=0.5),validation,0.8260869565217391,0.7169811320754716,0.8042553191489362,0.7676767676767676,0.7964750621617668,0.6045107381963116,3,2
gpc,IN,MIX,minmax,1,RBF(length_scale=0.5),test,0.9411764705882352,0.7373271889400922,0.8574468085106383,0.8268733850129198,0.8489007486202437,0.7239972830531172,3,3
gpc,IN,MIX,minmax,2,RBF(length_scale=0.5),train,0.9454545454545454,0.8201892744479495,0.8977272727272727,0.8783783783783784,0.8907147922627344,0.7968562255569116,3,1
gpc,IN,MIX,minmax,2,RBF(length_scale=0.5),validation,0.7887323943661971,0.7924528301886793,0.8106382978723404,0.7905882352941176,0.8090171127687583,0.617780144883717,3,2
gpc,IN,MIX,minmax,2,RBF(length_scale=0.5),test,0.9297297297297298,0.7926267281105991,0.8765957446808511,0.8557213930348259,0.8706216644505564,0.7563845182778332,3,3
gpc,IN,MIX,minmax,3,RBF(length_scale=0.5),train,0.9487632508833922,0.8456692913385827,0.9098651525904896,0.8942547876769359,0.9041007955400924,0.8202666246766102,3,1
gpc,IN,MIX,minmax,3,RBF(length_scale=0.5),validation,0.7005347593582888,0.6208530805687204,0.7100213219616205,0.6582914572864321,0.7018994085014145,0.4102709485339061,3,2
gpc,IN,MIX,minmax,3,RBF(length_scale=0.5),test,0.9293478260869564,0.7880184331797235,0.874468085106383,0.8528678304239401,0.8683175169851187,0.7524030879330784,3,3
gpc,IN,MIX,minmax,4,RBF(length_scale=0.5),train,0.9520426287744228,0.8440944881889764,0.9105748757984388,0.8948247078464107,0.904605383629372,0.8220147620778728,3,1
gpc,IN,MIX,minmax,4,RBF(length_scale=0.5),validation,0.9142857142857144,0.6066350710900474,0.7974413646055437,0.7293447293447294,0.7800617215915353,0.6089377015696485,3,2
gpc,IN,MIX,minmax,4,RBF(length_scale=0.5),test,0.9261363636363636,0.7511520737327189,0.8574468085106383,0.8295165394402035,0.8498843372616164,0.7207997470803051,3,3
gpc,IN,MIX,minmax,1,RBF(length_scale=1),train,0.9477477477477476,0.8296529968454258,0.9026988636363636,0.8847771236333053,0.8960926482935139,0.8065306561446611,3,1
gpc,IN,MIX,minmax,1,RBF(length_scale=1),validation,0.8260869565217391,0.7169811320754716,0.8042553191489362,0.7676767676767676,0.7964750621617668,0.6045107381963116,3,2
gpc,IN,MIX,minmax,1,RBF(length_scale=1),test,0.9411764705882352,0.7373271889400922,0.8574468085106383,0.8268733850129198,0.8489007486202437,0.7239972830531172,3,3
gpc,IN,MIX,minmax,2,RBF(length_scale=1),train,0.9454545454545454,0.8201892744479495,0.8977272727272727,0.8783783783783784,0.8907147922627344,0.7968562255569116,3,1
gpc,IN,MIX,minmax,2,RBF(length_scale=1),validation,0.7887323943661971,0.7924528301886793,0.8106382978723404,0.7905882352941176,0.8090171127687583,0.617780144883717,3,2
gpc,IN,MIX,minmax,2,RBF(length_scale=1),test,0.9297297297297298,0.7926267281105991,0.8765957446808511,0.8557213930348259,0.8706216644505564,0.7563845182778332,3,3
gpc,IN,MIX,minmax,3,RBF(length_scale=1),train,0.9487632508833922,0.8456692913385827,0.9098651525904896,0.8942547876769359,0.9041007955400924,0.8202666246766102,3,1
gpc,IN,MIX,minmax,3,RBF(length_scale=1),validation,0.7005347593582888,0.6208530805687204,0.7100213219616205,0.6582914572864321,0.7018994085014145,0.4102709485339061,3,2
gpc,IN,MIX,minmax,3,RBF(length_scale=1),test,0.9293478260869564,0.7880184331797235,0.874468085106383,0.8528678304239401,0.8683175169851187,0.7524030879330784,3,3
gpc,IN,MIX,minmax,4,RBF(length_scale=1),train,0.9520426287744228,0.8440944881889764,0.9105748757984388,0.8948247078464107,0.904605383629372,0.8220147620778728,3,1
gpc,IN,MIX,minmax,4,RBF(length_scale=1),validation,0.9142857142857144,0.6066350710900474,0.7974413646055437,0.7293447293447294,0.7800617215915353,0.6089377015696485,3,2
gpc,IN,MIX,minmax,4,RBF(length_scale=1),test,0.9261363636363636,0.7511520737327189,0.8574468085106383,0.8295165394402035,0.8498843372616164,0.7207997470803051,3,3
gpc,IN,MIX,minmax,1,RBF(length_scale=1) + WhiteKernel(noise_level=1),train,0.9477477477477476,0.8296529968454258,0.9026988636363636,0.8847771236333053,0.8960926482935139,0.8065306561446611,3,1
gpc,IN,MIX,minmax,1,RBF(length_scale=1) + WhiteKernel(noise_level=1),validation,0.8260869565217391,0.7169811320754716,0.8042553191489362,0.7676767676767676,0.7964750621617668,0.6045107381963116,3,2
gpc,IN,MIX,minmax,1,RBF(length_scale=1) + WhiteKernel(noise_level=1),test,0.9411764705882352,0.7373271889400922,0.8574468085106383,0.8268733850129198,0.8489007486202437,0.7239972830531172,3,3
gpc,IN,MIX,minmax,2,RBF(length_scale=1) + WhiteKernel(noise_level=1),train,0.9454545454545454,0.8201892744479495,0.8977272727272727,0.8783783783783784,0.8907147922627344,0.7968562255569116,3,1
gpc,IN,MIX,minmax,2,RBF(length_scale=1) + WhiteKernel(noise_level=1),validation,0.7887323943661971,0.7924528301886793,0.8106382978723404,0.7905882352941176,0.8090171127687583,0.617780144883717,3,2
gpc,IN,MIX,minmax,2,RBF(length_scale=1) + WhiteKernel(noise_level=1),test,0.9297297297297298,0.7926267281105991,0.8765957446808511,0.8557213930348259,0.8706216644505564,0.7563845182778332,3,3
gpc,IN,MIX,minmax,3,RBF(length_scale=1) + WhiteKernel(noise_level=1),train,0.9487632508833922,0.8456692913385827,0.9098651525904896,0.8942547876769359,0.9041007955400924,0.8202666246766102,3,1
gpc,IN,MIX,minmax,3,RBF(length_scale=1) + WhiteKernel(noise_level=1),validation,0.7005347593582888,0.6208530805687204,0.7100213219616205,0.6582914572864321,0.7018994085014145,0.4102709485339061,3,2
gpc,IN,MIX,minmax,3,RBF(length_scale=1) + WhiteKernel(noise_level=1),test,0.9293478260869564,0.7880184331797235,0.874468085106383,0.8528678304239401,0.8683175169851187,0.7524030879330784,3,3
gpc,IN,MIX,minmax,4,RBF(length_scale=1) + WhiteKernel(noise_level=1),train,0.9520426287744228,0.8440944881889764,0.9105748757984388,0.8948247078464107,0.904605383629372,0.8220147620778728,3,1
gpc,IN,MIX,minmax,4,RBF(length_scale=1) + WhiteKernel(noise_level=1),validation,0.9142857142857144,0.6066350710900474,0.7974413646055437,0.7293447293447294,0.7800617215915353,0.6089377015696485,3,2
gpc,IN,MIX,minmax,4,RBF(length_scale=1) + WhiteKernel(noise_level=1),test,0.9261363636363636,0.7511520737327189,0.8574468085106383,0.8295165394402035,0.8498843372616164,0.7207997470803051,3,3
gpc,IN,MIX,minmax,1,RBF(length_scale=2),train,0.9477477477477476,0.8296529968454258,0.9026988636363636,0.8847771236333053,0.8960926482935139,0.8065306561446611,3,1
gpc,IN,MIX,minmax,1,RBF(length_scale=2),validation,0.8260869565217391,0.7169811320754716,0.8042553191489362,0.7676767676767676,0.7964750621617668,0.6045107381963116,3,2
gpc,IN,MIX,minmax,1,RBF(length_scale=2),test,0.9411764705882352,0.7373271889400922,0.8574468085106383,0.8268733850129198,0.8489007486202437,0.7239972830531172,3,3
gpc,IN,MIX,minmax,2,RBF(length_scale=2),train,0.9454545454545454,0.8201892744479495,0.8977272727272727,0.8783783783783784,0.8907147922627344,0.7968562255569116,3,1
gpc,IN,MIX,minmax,2,RBF(length_scale=2),validation,0.7887323943661971,0.7924528301886793,0.8106382978723404,0.7905882352941176,0.8090171127687583,0.617780144883717,3,2
gpc,IN,MIX,minmax,2,RBF(length_scale=2),test,0.9297297297297298,0.7926267281105991,0.8765957446808511,0.8557213930348259,0.8706216644505564,0.7563845182778332,3,3
gpc,IN,MIX,minmax,3,RBF(length_scale=2),train,0.9487632508833922,0.8456692913385827,0.9098651525904896,0.8942547876769359,0.9041007955400924,0.8202666246766102,3,1
gpc,IN,MIX,minmax,3,RBF(length_scale=2),validation,0.7005347593582888,0.6208530805687204,0.7100213219616205,0.6582914572864321,0.7018994085014145,0.4102709485339061,3,2
gpc,IN,MIX,minmax,3,RBF(length_scale=2),test,0.9293478260869564,0.7880184331797235,0.874468085106383,0.8528678304239401,0.8683175169851187,0.7524030879330784,3,3
gpc,IN,MIX,minmax,4,RBF(length_scale=2),train,0.9520426287744228,0.8440944881889764,0.9105748757984388,0.8948247078464107,0.904605383629372,0.8220147620778728,3,1
gpc,IN,MIX,minmax,4,RBF(length_scale=2),validation,0.9142857142857144,0.6066350710900474,0.7974413646055437,0.7293447293447294,0.7800617215915353,0.6089377015696485,3,2
gpc,IN,MIX,minmax,4,RBF(length_scale=2),test,0.9261363636363636,0.7511520737327189,0.8574468085106383,0.8295165394402035,0.8498843372616164,0.7207997470803051,3,3
gpc,IN,MIX,minmax,1,"RationalQuadratic(alpha=1, length_scale=1)",train,0.9477477477477476,0.8296529968454258,0.9026988636363636,0.8847771236333053,0.8960926482935139,0.8065306561446611,3,1
gpc,IN,MIX,minmax,1,"RationalQuadratic(alpha=1, length_scale=1)",validation,0.8260869565217391,0.7169811320754716,0.8042553191489362,0.7676767676767676,0.7964750621617668,0.6045107381963116,3,2
gpc,IN,MIX,minmax,1,"RationalQuadratic(alpha=1, length_scale=1)",test,0.9411764705882352,0.7373271889400922,0.8574468085106383,0.8268733850129198,0.8489007486202437,0.7239972830531172,3,3
gpc,IN,MIX,minmax,2,"RationalQuadratic(alpha=1, length_scale=1)",train,0.9454545454545454,0.8201892744479495,0.8977272727272727,0.8783783783783784,0.8907147922627344,0.7968562255569116,3,1
gpc,IN,MIX,minmax,2,"RationalQuadratic(alpha=1, length_scale=1)",validation,0.7887323943661971,0.7924528301886793,0.8106382978723404,0.7905882352941176,0.8090171127687583,0.617780144883717,3,2
gpc,IN,MIX,minmax,2,"RationalQuadratic(alpha=1, length_scale=1)",test,0.9297297297297298,0.7926267281105991,0.8765957446808511,0.8557213930348259,0.8706216644505564,0.7563845182778332,3,3
gpc,IN,MIX,minmax,3,"RationalQuadratic(alpha=1, length_scale=1)",train,0.9487632508833922,0.8456692913385827,0.9098651525904896,0.8942547876769359,0.9041007955400924,0.8202666246766102,3,1
gpc,IN,MIX,minmax,3,"RationalQuadratic(alpha=1, length_scale=1)",validation,0.7005347593582888,0.6208530805687204,0.7100213219616205,0.6582914572864321,0.7018994085014145,0.4102709485339061,3,2
gpc,IN,MIX,minmax,3,"RationalQuadratic(alpha=1, length_scale=1)",test,0.9293478260869564,0.7880184331797235,0.874468085106383,0.8528678304239401,0.8683175169851187,0.7524030879330784,3,3
gpc,IN,MIX,minmax,4,"RationalQuadratic(alpha=1, length_scale=1)",train,0.9520426287744228,0.8440944881889764,0.9105748757984388,0.8948247078464107,0.904605383629372,0.8220147620778728,3,1
gpc,IN,MIX,minmax,4,"RationalQuadratic(alpha=1, length_scale=1)",validation,0.9142857142857144,0.6066350710900474,0.7974413646055437,0.7293447293447294,0.7800617215915353,0.6089377015696485,3,2
gpc,IN,MIX,minmax,4,"RationalQuadratic(alpha=1, length_scale=1)",test,0.9261363636363636,0.7511520737327189,0.8574468085106383,0.8295165394402035,0.8498843372616164,0.7207997470803051,3,3
gpc,IN,MIX,std,1,DotProduct(sigma_0=1),train,1.0,1.0,1.0,1.0,1.0,1.0,3,1
gpc,IN,MIX,std,1,DotProduct(sigma_0=1),validation,0.7757009345794392,0.7830188679245284,0.8,0.7793427230046949,0.7984861781483108,0.5964927027427326,3,2
gpc,IN,MIX,std,1,DotProduct(sigma_0=1),test,0.7901785714285714,0.815668202764977,0.8148936170212766,0.8027210884353742,0.8149487258884173,0.6287361280450683,3,3
gpc,IN,MIX,std,2,DotProduct(sigma_0=1),train,1.0,1.0,1.0,1.0,1.0,1.0,3,1
gpc,IN,MIX,std,2,DotProduct(sigma_0=1),validation,0.7244444444444444,0.7688679245283019,0.7638297872340426,0.7459954233409611,0.7642789235044611,0.5264971286069334,3,2
gpc,IN,MIX,std,2,DotProduct(sigma_0=1),test,0.7665198237885462,0.8018433179723502,0.7957446808510639,0.7837837837837838,0.7961785759822225,0.5909594726944032,3,3
gpc,IN,MIX,std,3,DotProduct(sigma_0=1),train,1.0,1.0,1.0,1.0,1.0,1.0,3,1
gpc,IN,MIX,std,3,DotProduct(sigma_0=1),validation,0.6818181818181818,0.7109004739336493,0.720682302771855,0.6960556844547564,0.7197913222381425,0.4382083048958468,3,2
gpc,IN,MIX,std,3,DotProduct(sigma_0=1),test,0.8578199052132701,0.8341013824884793,0.8595744680851064,0.8457943925233645,0.8577621536948326,0.7171721393485272,3,3
gpc,IN,MIX,std,4,DotProduct(sigma_0=1),train,1.0,1.0,1.0,1.0,1.0,1.0,3,1
gpc,IN,MIX,std,4,DotProduct(sigma_0=1),validation,0.7202072538860104,0.6587677725118484,0.7313432835820896,0.6881188118811881,0.7247327234652265,0.454374756703585,3,2
gpc,IN,MIX,std,4,DotProduct(sigma_0=1),test,0.7831858407079646,0.815668202764977,0.8106382978723404,0.7990970654627539,0.8109961567184568,0.620620350851095,3,3
gpc,IN,MIX,std,1,"Matern(length_scale=1, nu=0.5)",train,0.973384030418251,0.807570977917981,0.9034090909090908,0.8827586206896552,0.8947415613104116,0.8119528206349851,3,1
gpc,IN,MIX,std,1,"Matern(length_scale=1, nu=0.5)",validation,0.9310344827586208,0.5094339622641509,0.7617021276595745,0.6585365853658537,0.7392131051630833,0.552156414800195,3,2
gpc,IN,MIX,std,1,"Matern(length_scale=1, nu=0.5)",test,0.9777777777777776,0.6082949308755761,0.8127659574468085,0.75,0.7982186116828472,0.6571516149090325,3,3
gpc,IN,MIX,std,2,"Matern(length_scale=1, nu=0.5)",train,0.9844357976653696,0.7981072555205048,0.9034090909090908,0.8815331010452961,0.8938856691039216,0.8140760274912018,3,1
gpc,IN,MIX,std,2,"Matern(length_scale=1, nu=0.5)",validation,0.8333333333333334,0.7547169811320755,0.8212765957446808,0.7920792079207921,0.8153429866900688,0.6384368459740047,3,2
gpc,IN,MIX,std,2,"Matern(length_scale=1, nu=0.5)",test,0.967948717948718,0.695852534562212,0.8489361702127659,0.8096514745308311,0.8380448443562047,0.7157598226119051,3,3
gpc,IN,MIX,std,3,"Matern(length_scale=1, nu=0.5)",train,0.9694244604316546,0.8488188976377953,0.9198012775017744,0.90512174643157,0.9134275366741949,0.8417339169715093,3,1
gpc,IN,MIX,std,3,"Matern(length_scale=1, nu=0.5)",validation,0.7375,0.5592417061611374,0.7121535181236673,0.6361185983827493,0.6982255042433594,0.4160077070454402,3,2
gpc,IN,MIX,std,3,"Matern(length_scale=1, nu=0.5)",test,0.961783439490446,0.695852534562212,0.8468085106382979,0.8074866310160428,0.8360685597712245,0.710437721933181,3,3
gpc,IN,MIX,std,4,"Matern(length_scale=1, nu=0.5)",train,0.9738805970149254,0.8220472440944881,0.9098651525904896,0.8915456874466268,0.9019796943986652,0.8239520481662352,3,1
gpc,IN,MIX,std,4,"Matern(length_scale=1, nu=0.5)",validation,0.890625,0.5402843601895735,0.7633262260127932,0.672566371681416,0.7430103971490504,0.5427799006202245,3,2
gpc,IN,MIX,std,4,"Matern(length_scale=1, nu=0.5)",test,0.9379310344827586,0.6267281105990783,0.8085106382978723,0.7513812154696132,0.795577494034717,0.6380662952142636,3,3
gpc,IN,MIX,std,1,"Matern(length_scale=1, nu=1.5)",train,0.9686924493554327,0.8296529968454258,0.9112215909090908,0.8937977909940527,0.90384458627801,0.8255652453926166,3,1
gpc,IN,MIX,std,1,"Matern(length_scale=1, nu=1.5)",validation,0.928,0.5471698113207547,0.776595744680851,0.6884272997032641,0.7561430451952612,0.576933548083462,3,2
gpc,IN,MIX,std,1,"Matern(length_scale=1, nu=1.5)",test,0.9539473684210528,0.6682027649769585,0.8319148936170213,0.7859078590785907,0.8202673903936177,0.6826490501673518,3,3
gpc,IN,MIX,std,2,"Matern(length_scale=1, nu=1.5)",train,0.9717514124293786,0.8138801261829653,0.9055397727272728,0.8858369098712446,0.8972501406108624,0.815571624500102,3,1
gpc,IN,MIX,std,2,"Matern(length_scale=1, nu=1.5)",validation,0.8324873096446701,0.7735849056603774,0.8276595744680851,0.8019559902200489,0.8228389644580957,0.6511473659939296,3,2
gpc,IN,MIX,std,2,"Matern(length_scale=1, nu=1.5)",test,0.9567901234567902,0.7142857142857143,0.8531914893617021,0.8179419525065963,0.8433088650479956,0.7202317719936958,3,3
gpc,IN,MIX,std,3,"Matern(length_scale=1, nu=1.5)",train,0.9646017699115044,0.8582677165354331,0.921930447125621,0.9083333333333332,0.9162139616268896,0.8451008444681891,3,1
gpc,IN,MIX,std,3,"Matern(length_scale=1, nu=1.5)",validation,0.727810650887574,0.5829383886255924,0.7142857142857143,0.6473684210526316,0.7023219074910909,0.4192953127550708,3,2
gpc,IN,MIX,std,3,"Matern(length_scale=1, nu=1.5)",test,0.9454545454545454,0.7188940092165899,0.851063829787234,0.8167539267015707,0.8416604433434728,0.7137118893396789,3,3
gpc,IN,MIX,std,4,"Matern(length_scale=1, nu=1.5)",train,0.9655797101449276,0.8393700787401575,0.9141234918381832,0.8980623420387531,0.9074111375612932,0.8305394886200357,3,1
gpc,IN,MIX,std,4,"Matern(length_scale=1, nu=1.5)",validation,0.8962962962962963,0.5734597156398105,0.7782515991471215,0.6994219653179191,0.7595980748741689,0.570482630714493,3,2
gpc,IN,MIX,std,4,"Matern(length_scale=1, nu=1.5)",test,0.9328859060402684,0.6405529953917051,0.8127659574468085,0.7595628415300546,0.8005136518460502,0.6439300296151507,3,3
gpc,IN,MIX,std,1,"Matern(length_scale=1, nu=2.5)",train,0.9671532846715328,0.8359621451104101,0.9133522727272728,0.8967851099830795,0.9063531655784608,0.8292953828543171,3,1
gpc,IN,MIX,std,1,"Matern(length_scale=1, nu=2.5)",validation,0.9307692307692308,0.5707547169811321,0.7872340425531915,0.7076023391812866,0.7679354980254499,0.5961106766230402,3,2
gpc,IN,MIX,std,1,"Matern(length_scale=1, nu=2.5)",test,0.9487179487179488,0.6820276497695853,0.8361702127659575,0.7935656836461126,0.8252035482049508,0.688570282499755,3,3
gpc,IN,MIX,std,2,"Matern(length_scale=1, nu=2.5)",train,0.9680451127819548,0.8123028391167192,0.9034090909090908,0.8833619210977701,0.8951695074136568,0.8109996398040117,3,1
gpc,IN,MIX,std,2,"Matern(length_scale=1, nu=2.5)",validation,0.8333333333333334,0.7783018867924528,0.8297872340425532,0.8048780487804879,0.8251974550241333,0.655447437838937,3,2
gpc,IN,MIX,std,2,"Matern(length_scale=1, nu=2.5)",test,0.9454545454545454,0.7188940092165899,0.851063829787234,0.8167539267015707,0.8416604433434728,0.7137118893396789,3,3
gpc,IN,MIX,std,3,"Matern(length_scale=1, nu=2.5)",train,0.9645390070921984,0.8566929133858268,0.921220723917672,0.9074228523769808,0.9154265600520866,0.8437498169761946,3,1
gpc,IN,MIX,std,3,"Matern(length_scale=1, nu=2.5)",validation,0.7267441860465116,0.5924170616113744,0.7164179104477612,0.6527415143603134,0.7051232594878578,0.4235001194708848,3,2
gpc,IN,MIX,std,3,"Matern(length_scale=1, nu=2.5)",test,0.940828402366864,0.7327188940092166,0.8553191489361702,0.8238341968911918,0.846596601154806,0.7201414728979119,3,3
gpc,IN,MIX,std,4,"Matern(length_scale=1, nu=2.5)",train,0.9621621621621622,0.8409448818897638,0.9134137686302342,0.8974789915966387,0.9069065494720135,0.8287176565369119,3,1
gpc,IN,MIX,std,4,"Matern(length_scale=1, nu=2.5)",validation,0.9044117647058824,0.5829383886255924,0.7846481876332623,0.7089337175792507,0.7662753958631838,0.5838758927904448,3,2
gpc,IN,MIX,std,4,"Matern(length_scale=1, nu=2.5)",test,0.9161290322580644,0.6543778801843319,0.8127659574468085,0.7634408602150538,0.8014972404874229,0.6394142912029875,3,3
gpc,IN,MIX,std,1,RBF(length_scale=0.5),train,0.9570661896243292,0.8438485804416404,0.9126420454545454,0.8968985750209556,0.906420414251828,0.8265342793856667,3,1
gpc,IN,MIX,std,1,RBF(length_scale=0.5),validation,0.927007299270073,0.5990566037735849,0.7978723404255319,0.7277936962750716,0.7801484569255522,0.6134986529200154,3,2
gpc,IN,MIX,std,1,RBF(length_scale=0.5),test,0.9490445859872612,0.6866359447004609,0.8382978723404255,0.7967914438502673,0.8275076956703885,0.6923403408698714,3,3
gpc,IN,MIX,std,2,RBF(length_scale=0.5),train,0.9666048237476808,0.8217665615141956,0.9069602272727272,0.8883205456095482,0.8992553737803536,0.8173190176942007,3,1
gpc,IN,MIX,std,2,RBF(length_scale=0.5),validation,0.8333333333333334,0.8018867924528302,0.8382978723404255,0.8173076923076923,0.835051923358198,0.6727659338354578,3,2
gpc,IN,MIX,std,2,RBF(length_scale=0.5),test,0.9470588235294116,0.7419354838709677,0.8617021276595744,0.8320413436692506,0.8531811806706617,0.7328795258887989,3,3
gpc,IN,MIX,std,3,RBF(length_scale=0.5),train,0.9648506151142356,0.8645669291338582,0.9247693399574166,0.9119601328903656,0.9193635679261024,0.8505155554037229,3,1
gpc,IN,MIX,std,3,RBF(length_scale=0.5),validation,0.711864406779661,0.5971563981042654,0.7100213219616205,0.6494845360824743,0.699740989749807,0.4099871215417442,3,2
gpc,IN,MIX,std,3,RBF(length_scale=0.5),test,0.9411764705882352,0.7373271889400922,0.8574468085106383,0.8268733850129198,0.8489007486202437,0.7239972830531172,3,3
gpc,IN,MIX,std,4,RBF(length_scale=0.5),train,0.9623655913978496,0.8456692913385827,0.915542938254081,0.9002514668901928,0.9092687541964232,0.8327488634814152,3,1
gpc,IN,MIX,std,4,RBF(length_scale=0.5),validation,0.8992805755395683,0.5924170616113744,0.7867803837953091,0.7142857142857143,0.7690767478599508,0.5862635267852501,3,2
gpc,IN,MIX,std,4,RBF(length_scale=0.5),test,0.9135802469135802,0.6820276497695853,0.823404255319149,0.7810026385224275,0.8133458406950693,0.6573719850173785,3,3
gpc,IN,MIX,std,1,RBF(length_scale=1),train,0.9570661896243292,0.8438485804416404,0.9126420454545454,0.8968985750209556,0.906420414251828,0.8265342793856667,3,1
gpc,IN,MIX,std,1,RBF(length_scale=1),validation,0.927007299270073,0.5990566037735849,0.7978723404255319,0.7277936962750716,0.7801484569255522,0.6134986529200154,3,2
gpc,IN,MIX,std,1,RBF(length_scale=1),test,0.9490445859872612,0.6866359447004609,0.8382978723404255,0.7967914438502673,0.8275076956703885,0.6923403408698714,3,3
gpc,IN,MIX,std,2,RBF(length_scale=1),train,0.9666048237476808,0.8217665615141956,0.9069602272727272,0.8883205456095482,0.8992553737803536,0.8173190176942007,3,1
gpc,IN,MIX,std,2,RBF(length_scale=1),validation,0.8333333333333334,0.8018867924528302,0.8382978723404255,0.8173076923076923,0.835051923358198,0.6727659338354578,3,2
gpc,IN,MIX,std,2,RBF(length_scale=1),test,0.9470588235294116,0.7419354838709677,0.8617021276595744,0.8320413436692506,0.8531811806706617,0.7328795258887989,3,3
gpc,IN,MIX,std,3,RBF(length_scale=1),train,0.9648506151142356,0.8645669291338582,0.9247693399574166,0.9119601328903656,0.9193635679261024,0.8505155554037229,3,1
gpc,IN,MIX,std,3,RBF(length_scale=1),validation,0.711864406779661,0.5971563981042654,0.7100213219616205,0.6494845360824743,0.699740989749807,0.4099871215417442,3,2
gpc,IN,MIX,std,3,RBF(length_scale=1),test,0.9411764705882352,0.7373271889400922,0.8574468085106383,0.8268733850129198,0.8489007486202437,0.7239972830531172,3,3
gpc,IN,MIX,std,4,RBF(length_scale=1),train,0.9623655913978496,0.8456692913385827,0.915542938254081,0.9002514668901928,0.9092687541964232,0.8327488634814152,3,1
gpc,IN,MIX,std,4,RBF(length_scale=1),validation,0.8992805755395683,0.5924170616113744,0.7867803837953091,0.7142857142857143,0.7690767478599508,0.5862635267852501,3,2
gpc,IN,MIX,std,4,RBF(length_scale=1),test,0.9135802469135802,0.6820276497695853,0.823404255319149,0.7810026385224275,0.8133458406950693,0.6573719850173785,3,3
gpc,IN,MIX,std,1,RBF(length_scale=1) + WhiteKernel(noise_level=1),train,0.9570661896243292,0.8438485804416404,0.9126420454545454,0.8968985750209556,0.906420414251828,0.8265342793856667,3,1
gpc,IN,MIX,std,1,RBF(length_scale=1) + WhiteKernel(noise_level=1),validation,0.927007299270073,0.5990566037735849,0.7978723404255319,0.7277936962750716,0.7801484569255522,0.6134986529200154,3,2
gpc,IN,MIX,std,1,RBF(length_scale=1) + WhiteKernel(noise_level=1),test,0.9490445859872612,0.6866359447004609,0.8382978723404255,0.7967914438502673,0.8275076956703885,0.6923403408698714,3,3
gpc,IN,MIX,std,2,RBF(length_scale=1) + WhiteKernel(noise_level=1),train,0.9666048237476808,0.8217665615141956,0.9069602272727272,0.8883205456095482,0.8992553737803536,0.8173190176942007,3,1
gpc,IN,MIX,std,2,RBF(length_scale=1) + WhiteKernel(noise_level=1),validation,0.8333333333333334,0.8018867924528302,0.8382978723404255,0.8173076923076923,0.835051923358198,0.6727659338354578,3,2
gpc,IN,MIX,std,2,RBF(length_scale=1) + WhiteKernel(noise_level=1),test,0.9470588235294116,0.7419354838709677,0.8617021276595744,0.8320413436692506,0.8531811806706617,0.7328795258887989,3,3
gpc,IN,MIX,std,3,RBF(length_scale=1) + WhiteKernel(noise_level=1),train,0.9648506151142356,0.8645669291338582,0.9247693399574166,0.9119601328903656,0.9193635679261024,0.8505155554037229,3,1
gpc,IN,MIX,std,3,RBF(length_scale=1) + WhiteKernel(noise_level=1),validation,0.711864406779661,0.5971563981042654,0.7100213219616205,0.6494845360824743,0.699740989749807,0.4099871215417442,3,2
gpc,IN,MIX,std,3,RBF(length_scale=1) + WhiteKernel(noise_level=1),test,0.9411764705882352,0.7373271889400922,0.8574468085106383,0.8268733850129198,0.8489007486202437,0.7239972830531172,3,3
gpc,IN,MIX,std,4,RBF(length_scale=1) + WhiteKernel(noise_level=1),train,0.9623655913978496,0.8456692913385827,0.915542938254081,0.9002514668901928,0.9092687541964232,0.8327488634814152,3,1
gpc,IN,MIX,std,4,RBF(length_scale=1) + WhiteKernel(noise_level=1),validation,0.8992805755395683,0.5924170616113744,0.7867803837953091,0.7142857142857143,0.7690767478599508,0.5862635267852501,3,2
gpc,IN,MIX,std,4,RBF(length_scale=1) + WhiteKernel(noise_level=1),test,0.9135802469135802,0.6820276497695853,0.823404255319149,0.7810026385224275,0.8133458406950693,0.6573719850173785,3,3
gpc,IN,MIX,std,1,RBF(length_scale=2),train,0.9570661896243292,0.8438485804416404,0.9126420454545454,0.8968985750209556,0.906420414251828,0.8265342793856667,3,1
gpc,IN,MIX,std,1,RBF(length_scale=2),validation,0.927007299270073,0.5990566037735849,0.7978723404255319,0.7277936962750716,0.7801484569255522,0.6134986529200154,3,2
gpc,IN,MIX,std,1,RBF(length_scale=2),test,0.9490445859872612,0.6866359447004609,0.8382978723404255,0.7967914438502673,0.8275076956703885,0.6923403408698714,3,3
gpc,IN,MIX,std,2,RBF(length_scale=2),train,0.9666048237476808,0.8217665615141956,0.9069602272727272,0.8883205456095482,0.8992553737803536,0.8173190176942007,3,1
gpc,IN,MIX,std,2,RBF(length_scale=2),validation,0.8333333333333334,0.8018867924528302,0.8382978723404255,0.8173076923076923,0.835051923358198,0.6727659338354578,3,2
gpc,IN,MIX,std,2,RBF(length_scale=2),test,0.9470588235294116,0.7419354838709677,0.8617021276595744,0.8320413436692506,0.8531811806706617,0.7328795258887989,3,3
gpc,IN,MIX,std,3,RBF(length_scale=2),train,0.9648506151142356,0.8645669291338582,0.9247693399574166,0.9119601328903656,0.9193635679261024,0.8505155554037229,3,1
gpc,IN,MIX,std,3,RBF(length_scale=2),validation,0.711864406779661,0.5971563981042654,0.7100213219616205,0.6494845360824743,0.699740989749807,0.4099871215417442,3,2
gpc,IN,MIX,std,3,RBF(length_scale=2),test,0.9411764705882352,0.7373271889400922,0.8574468085106383,0.8268733850129198,0.8489007486202437,0.7239972830531172,3,3
gpc,IN,MIX,std,4,RBF(length_scale=2),train,0.9623655913978496,0.8456692913385827,0.915542938254081,0.9002514668901928,0.9092687541964232,0.8327488634814152,3,1
gpc,IN,MIX,std,4,RBF(length_scale=2),validation,0.8992805755395683,0.5924170616113744,0.7867803837953091,0.7142857142857143,0.7690767478599508,0.5862635267852501,3,2
gpc,IN,MIX,std,4,RBF(length_scale=2),test,0.9135802469135802,0.6820276497695853,0.823404255319149,0.7810026385224275,0.8133458406950693,0.6573719850173785,3,3
gpc,IN,MIX,std,1,"RationalQuadratic(alpha=1, length_scale=1)",train,0.9570661896243292,0.8438485804416404,0.9126420454545454,0.8968985750209556,0.906420414251828,0.8265342793856667,3,1
gpc,IN,MIX,std,1,"RationalQuadratic(alpha=1, length_scale=1)",validation,0.927007299270073,0.5990566037735849,0.7978723404255319,0.7277936962750716,0.7801484569255522,0.6134986529200154,3,2
gpc,IN,MIX,std,1,"RationalQuadratic(alpha=1, length_scale=1)",test,0.9490445859872612,0.6866359447004609,0.8382978723404255,0.7967914438502673,0.8275076956703885,0.6923403408698714,3,3
gpc,IN,MIX,std,2,"RationalQuadratic(alpha=1, length_scale=1)",train,0.9666048237476808,0.8217665615141956,0.9069602272727272,0.8883205456095482,0.8992553737803536,0.8173190176942007,3,1
gpc,IN,MIX,std,2,"RationalQuadratic(alpha=1, length_scale=1)",validation,0.8333333333333334,0.8018867924528302,0.8382978723404255,0.8173076923076923,0.835051923358198,0.6727659338354578,3,2
gpc,IN,MIX,std,2,"RationalQuadratic(alpha=1, length_scale=1)",test,0.9470588235294116,0.7419354838709677,0.8617021276595744,0.8320413436692506,0.8531811806706617,0.7328795258887989,3,3
gpc,IN,MIX,std,3,"RationalQuadratic(alpha=1, length_scale=1)",train,0.9648506151142356,0.8645669291338582,0.9247693399574166,0.9119601328903656,0.9193635679261024,0.8505155554037229,3,1
gpc,IN,MIX,std,3,"RationalQuadratic(alpha=1, length_scale=1)",validation,0.711864406779661,0.5971563981042654,0.7100213219616205,0.6494845360824743,0.699740989749807,0.4099871215417442,3,2
gpc,IN,MIX,std,3,"RationalQuadratic(alpha=1, length_scale=1)",test,0.9411764705882352,0.7373271889400922,0.8574468085106383,0.8268733850129198,0.8489007486202437,0.7239972830531172,3,3
gpc,IN,MIX,std,4,"RationalQuadratic(alpha=1, length_scale=1)",train,0.9623655913978496,0.8456692913385827,0.915542938254081,0.9002514668901928,0.9092687541964232,0.8327488634814152,3,1
gpc,IN,MIX,std,4,"RationalQuadratic(alpha=1, length_scale=1)",validation,0.8992805755395683,0.5924170616113744,0.7867803837953091,0.7142857142857143,0.7690767478599508,0.5862635267852501,3,2
gpc,IN,MIX,std,4,"RationalQuadratic(alpha=1, length_scale=1)",test,0.9135802469135802,0.6820276497695853,0.823404255319149,0.7810026385224275,0.8133458406950693,0.6573719850173785,3,3
gpc,PR,PC,minmax,1,DotProduct(sigma_0=1),train,0.9288668320926384,0.9731369150779896,0.9057211925866236,0.950486669487939,0.4923155839757763,-0.0247579827354382,1,1
gpc,PR,PC,minmax,1,DotProduct(sigma_0=1),validation,0.9306930693069309,0.9766233766233766,0.9106280193236715,0.953105196451204,0.5055530676220331,0.0184629731835983,1,2
gpc,PR,PC,minmax,1,DotProduct(sigma_0=1),test,0.9185185185185184,0.9789473684210528,0.9009661835748792,0.9477707006369428,0.5041795665634675,0.0157377895072926,1,3
gpc,PR,PC,minmax,2,DotProduct(sigma_0=1),train,0.929681112019624,0.98526863084922,0.9170024174053184,0.9566680689945308,0.4983814418613916,-0.0069130762832726,1,1
gpc,PR,PC,minmax,2,DotProduct(sigma_0=1),validation,0.928921568627451,0.9844155844155844,0.9154589371980676,0.9558638083228248,0.4922077922077922,-0.0332823649039272,1,2
gpc,PR,PC,minmax,2,DotProduct(sigma_0=1),test,0.918918918918919,0.9842105263157894,0.9057971014492754,0.9504447268106736,0.506811145510836,0.0290091622024196,1,3
gpc,PR,PC,minmax,3,DotProduct(sigma_0=1),train,0.9289795918367348,0.9861351819757366,0.9170024174053184,0.9567044976881044,0.4930675909878683,-0.0313796914451462,1,1
gpc,PR,PC,minmax,3,DotProduct(sigma_0=1),validation,0.9282178217821784,0.974025974025974,0.9057971014492754,0.9505703422053232,0.487012987012987,-0.0431795340584155,1,2
gpc,PR,PC,minmax,3,DotProduct(sigma_0=1),test,0.9166666666666666,0.9842105263157894,0.9033816425120772,0.949238578680203,0.4921052631578947,-0.0362738125055005,1,3
gpc,PR,PC,minmax,4,DotProduct(sigma_0=1),train,0.929853181076672,0.987012987012987,0.9186795491143316,0.9575808483830324,0.4992536199432751,-0.0033785893925596,1,1
gpc,PR,PC,minmax,4,DotProduct(sigma_0=1),validation,0.928395061728395,0.9791666666666666,0.910411622276029,0.953105196451204,0.4895833333333333,-0.0386234326196559,1,2
gpc,PR,PC,minmax,4,DotProduct(sigma_0=1),test,0.9191176470588236,0.986842105263158,0.9082125603864736,0.9517766497461928,0.5081269349845201,0.0373406893438976,1,3
gpc,PR,PC,minmax,1,"Matern(length_scale=1, nu=0.5)",train,0.9301380991064176,0.9922010398613518,0.9234488315874296,0.960167714884696,0.5018476463674575,0.0105531558631574,1,1
gpc,PR,PC,minmax,1,"Matern(length_scale=1, nu=0.5)",validation,0.9297820823244553,0.9974025974025974,0.927536231884058,0.962406015037594,0.4987012987012987,-0.0135049695206861,1,2
gpc,PR,PC,minmax,1,"Matern(length_scale=1, nu=0.5)",test,0.9176755447941888,0.9973684210526316,0.9154589371980676,0.9558638083228248,0.4986842105263158,-0.0147188078040711,1,3
gpc,PR,PC,minmax,2,"Matern(length_scale=1, nu=0.5)",train,0.9294975688816856,0.9939341421143848,0.9242546333601934,0.9606365159128978,0.4969670710571924,-0.0206798870343644,1,1
gpc,PR,PC,minmax,2,"Matern(length_scale=1, nu=0.5)",validation,0.9296116504854368,0.9948051948051948,0.92512077294686,0.961104140526976,0.4974025974025974,-0.0191220752982519,1,2
gpc,PR,PC,minmax,2,"Matern(length_scale=1, nu=0.5)",test,0.9176755447941888,0.9973684210526316,0.9154589371980676,0.9558638083228248,0.4986842105263158,-0.0147188078040711,1,3
gpc,PR,PC,minmax,3,"Matern(length_scale=1, nu=0.5)",train,0.9296116504854368,0.9956672443674176,0.9258662369057212,0.9615062761506276,0.4978336221837088,-0.017463548259944,1,1
gpc,PR,PC,minmax,3,"Matern(length_scale=1, nu=0.5)",validation,0.929440389294404,0.9922077922077922,0.9227053140096618,0.9597989949748744,0.4961038961038961,-0.0234481374176136,1,2
gpc,PR,PC,minmax,3,"Matern(length_scale=1, nu=0.5)",test,0.9176755447941888,0.9973684210526316,0.9154589371980676,0.9558638083228248,0.4986842105263158,-0.0147188078040711,1,3
gpc,PR,PC,minmax,4,"Matern(length_scale=1, nu=0.5)",train,0.9297820823244553,0.9974025974025974,0.927536231884058,0.962406015037594,0.4987012987012987,-0.0135049695206861,1,1
gpc,PR,PC,minmax,4,"Matern(length_scale=1, nu=0.5)",validation,0.9292682926829268,0.9921875,0.9225181598062954,0.9596977329974812,0.49609375,-0.0235072640563429,1,2
gpc,PR,PC,minmax,4,"Matern(length_scale=1, nu=0.5)",test,0.9176755447941888,0.9973684210526316,0.9154589371980676,0.9558638083228248,0.4986842105263158,-0.0147188078040711,1,3
gpc,PR,PC,minmax,1,"Matern(length_scale=1, nu=1.5)",train,0.931484502446982,0.9896013864818024,0.9226430298146656,0.9596638655462184,0.512042072551246,0.0562733670190623,1,1
gpc,PR,PC,minmax,1,"Matern(length_scale=1, nu=1.5)",validation,0.9296116504854368,0.9948051948051948,0.92512077294686,0.961104140526976,0.4974025974025974,-0.0191220752982519,1,2
gpc,PR,PC,minmax,1,"Matern(length_scale=1, nu=1.5)",test,0.9197080291970804,0.9947368421052633,0.9154589371980676,0.9557522123893806,0.5120743034055728,0.0781703036370173,1,3
gpc,PR,PC,minmax,2,"Matern(length_scale=1, nu=1.5)",train,0.9299103504482478,0.988734835355286,0.920225624496374,0.9584208315833684,0.5001145441144246,0.0005538332251932,1,1
gpc,PR,PC,minmax,2,"Matern(length_scale=1, nu=1.5)",validation,0.9296116504854368,0.9948051948051948,0.92512077294686,0.961104140526976,0.4974025974025974,-0.0191220752982519,1,2
gpc,PR,PC,minmax,2,"Matern(length_scale=1, nu=1.5)",test,0.9174757281553398,0.9947368421052633,0.9130434782608696,0.9545454545454546,0.4973684210526315,-0.0208407838832092,1,3
gpc,PR,PC,minmax,3,"Matern(length_scale=1, nu=1.5)",train,0.9290375203915172,0.987001733102253,0.9178082191780822,0.9571428571428572,0.4935008665511265,-0.0303708618527197,1,1
gpc,PR,PC,minmax,3,"Matern(length_scale=1, nu=1.5)",validation,0.929440389294404,0.9922077922077922,0.9227053140096618,0.9597989949748744,0.4961038961038961,-0.0234481374176136,1,2
gpc,PR,PC,minmax,3,"Matern(length_scale=1, nu=1.5)",test,0.9174757281553398,0.9947368421052633,0.9130434782608696,0.9545454545454546,0.4973684210526315,-0.0208407838832092,1,3
gpc,PR,PC,minmax,4,"Matern(length_scale=1, nu=1.5)",train,0.9296685529506872,0.9956709956709956,0.925925925925926,0.9615384615384616,0.4978354978354978,-0.0174489294439978,1,1
gpc,PR,PC,minmax,4,"Matern(length_scale=1, nu=1.5)",validation,0.9290953545232272,0.9895833333333334,0.9200968523002422,0.9583858764186634,0.4947916666666667,-0.0271770133945898,1,2
gpc,PR,PC,minmax,4,"Matern(length_scale=1, nu=1.5)",test,0.9176755447941888,0.9973684210526316,0.9154589371980676,0.9558638083228248,0.4986842105263158,-0.0147188078040711,1,3
gpc,PR,PC,minmax,1,"Matern(length_scale=1, nu=2.5)",train,0.9313164349959115,0.987001733102253,0.920225624496374,0.9583508624316364,0.5107422458614713,0.0458815555169821,1,1
gpc,PR,PC,minmax,1,"Matern(length_scale=1, nu=2.5)",validation,0.9317073170731708,0.9922077922077922,0.92512077294686,0.961006289308176,0.5133452754142409,0.0696409964191246,1,2
gpc,PR,PC,minmax,1,"Matern(length_scale=1, nu=2.5)",test,0.9197080291970804,0.9947368421052633,0.9154589371980676,0.9557522123893806,0.5120743034055728,0.0781703036370173,1,3
gpc,PR,PC,minmax,2,"Matern(length_scale=1, nu=2.5)",train,0.929795918367347,0.987001733102253,0.918614020950846,0.9575451870533838,0.4992479929879081,-0.0034039751495812,1,1
gpc,PR,PC,minmax,2,"Matern(length_scale=1, nu=2.5)",validation,0.9296116504854368,0.9948051948051948,0.92512077294686,0.961104140526976,0.4974025974025974,-0.0191220752982519,1,2
gpc,PR,PC,minmax,2,"Matern(length_scale=1, nu=2.5)",test,0.9174757281553398,0.9947368421052633,0.9130434782608696,0.9545454545454546,0.4973684210526315,-0.0208407838832092,1,3
gpc,PR,PC,minmax,3,"Matern(length_scale=1, nu=2.5)",train,0.9290375203915172,0.987001733102253,0.9178082191780822,0.9571428571428572,0.4935008665511265,-0.0303708618527197,1,1
gpc,PR,PC,minmax,3,"Matern(length_scale=1, nu=2.5)",validation,0.929440389294404,0.9922077922077922,0.9227053140096618,0.9597989949748744,0.4961038961038961,-0.0234481374176136,1,2
gpc,PR,PC,minmax,3,"Matern(length_scale=1, nu=2.5)",test,0.9174757281553398,0.9947368421052633,0.9130434782608696,0.9545454545454546,0.4973684210526315,-0.0208407838832092,1,3
gpc,PR,PC,minmax,4,"Matern(length_scale=1, nu=2.5)",train,0.9296116504854368,0.9948051948051948,0.92512077294686,0.961104140526976,0.4974025974025974,-0.0191220752982519,1,1
gpc,PR,PC,minmax,4,"Matern(length_scale=1, nu=2.5)",validation,0.9290953545232272,0.9895833333333334,0.9200968523002422,0.9583858764186634,0.4947916666666667,-0.0271770133945898,1,2
gpc,PR,PC,minmax,4,"Matern(length_scale=1, nu=2.5)",test,0.9176755447941888,0.9973684210526316,0.9154589371980676,0.9558638083228248,0.4986842105263158,-0.0147188078040711,1,3
gpc,PR,PC,minmax,1,RBF(length_scale=0.5),train,0.9298952457695407,1.0,0.9298952457695407,0.9636743215031316,0.5,0.0,1,1
gpc,PR,PC,minmax,1,RBF(length_scale=0.5),validation,0.929951690821256,1.0,0.929951690821256,0.9637046307884856,0.5,0.0,1,2
gpc,PR,PC,minmax,1,RBF(length_scale=0.5),test,0.9178743961352656,1.0,0.9178743961352656,0.9571788413098236,0.5,0.0,1,3
gpc,PR,PC,minmax,2,RBF(length_scale=0.5),train,0.9298952457695407,1.0,0.9298952457695407,0.9636743215031316,0.5,0.0,1,1
gpc,PR,PC,minmax,2,RBF(length_scale=0.5),validation,0.929951690821256,1.0,0.929951690821256,0.9637046307884856,0.5,0.0,1,2
gpc,PR,PC,minmax,2,RBF(length_scale=0.5),test,0.9178743961352656,1.0,0.9178743961352656,0.9571788413098236,0.5,0.0,1,3
gpc,PR,PC,minmax,3,RBF(length_scale=0.5),train,0.9298952457695407,1.0,0.9298952457695407,0.9636743215031316,0.5,0.0,1,1
gpc,PR,PC,minmax,3,RBF(length_scale=0.5),validation,0.929951690821256,1.0,0.929951690821256,0.9637046307884856,0.5,0.0,1,2
gpc,PR,PC,minmax,3,RBF(length_scale=0.5),test,0.9178743961352656,1.0,0.9178743961352656,0.9571788413098236,0.5,0.0,1,3
gpc,PR,PC,minmax,4,RBF(length_scale=0.5),train,0.929951690821256,1.0,0.929951690821256,0.9637046307884856,0.5,0.0,1,1
gpc,PR,PC,minmax,4,RBF(length_scale=0.5),validation,0.9297820823244553,1.0,0.9297820823244553,0.9636135508155584,0.5,0.0,1,2
gpc,PR,PC,minmax,4,RBF(length_scale=0.5),test,0.9178743961352656,1.0,0.9178743961352656,0.9571788413098236,0.5,0.0,1,3
gpc,PR,PC,minmax,1,RBF(length_scale=1),train,0.9312039312039312,0.98526863084922,0.918614020950846,0.9574736842105264,0.5098756947349549,0.0400486013700429,1,1
gpc,PR,PC,minmax,1,RBF(length_scale=1),validation,0.9315403422982884,0.9896103896103896,0.9227053140096618,0.9596977329974812,0.5120465741155396,0.056295834351749,1,2
gpc,PR,PC,minmax,1,RBF(length_scale=1),test,0.9197080291970804,0.9947368421052633,0.9154589371980676,0.9557522123893806,0.5120743034055728,0.0781703036370173,1,3
gpc,PR,PC,minmax,2,RBF(length_scale=1),train,0.9303849303849304,0.9844020797227035,0.9170024174053184,0.9566315789473684,0.5036952927349151,0.014985407068367,1,1
gpc,PR,PC,minmax,2,RBF(length_scale=1),validation,0.929440389294404,0.9922077922077922,0.9227053140096618,0.9597989949748744,0.4961038961038961,-0.0234481374176136,1,2
gpc,PR,PC,minmax,2,RBF(length_scale=1),test,0.9193154034229828,0.9894736842105264,0.9106280193236715,0.953105196451204,0.5094427244582043,0.0474692000805304,1,3
gpc,PR,PC,minmax,3,RBF(length_scale=1),train,0.92886345053148,0.9844020797227035,0.9153908138597904,0.9558266722759782,0.4922010398613518,-0.0333103921834001,1,1
gpc,PR,PC,minmax,3,RBF(length_scale=1),validation,0.9292682926829268,0.9896103896103896,0.9202898550724636,0.958490566037736,0.4948051948051948,-0.0271085757873102,1,2
gpc,PR,PC,minmax,3,RBF(length_scale=1),test,0.9174757281553398,0.9947368421052633,0.9130434782608696,0.9545454545454546,0.4973684210526315,-0.0208407838832092,1,3
gpc,PR,PC,minmax,4,RBF(length_scale=1),train,0.9295546558704454,0.993939393939394,0.924315619967794,0.9606694560669456,0.4969696969696969,-0.0206625622702766,1,1
gpc,PR,PC,minmax,4,RBF(length_scale=1),validation,0.9308641975308642,0.9817708333333334,0.9152542372881356,0.9556400506970848,0.5081267959770115,0.0301329366558522,1,2
gpc,PR,PC,minmax,4,RBF(length_scale=1),test,0.9176755447941888,0.9973684210526316,0.9154589371980676,0.9558638083228248,0.4986842105263158,-0.0147188078040711,1,3
gpc,PR,PC,minmax,1,RBF(length_scale=1) + WhiteKernel(noise_level=1),train,0.9312039312039312,0.98526863084922,0.918614020950846,0.9574736842105264,0.5098756947349549,0.0400486013700429,1,1
gpc,PR,PC,minmax,1,RBF(length_scale=1) + WhiteKernel(noise_level=1),validation,0.9315403422982884,0.9896103896103896,0.9227053140096618,0.9596977329974812,0.5120465741155396,0.056295834351749,1,2
gpc,PR,PC,minmax,1,RBF(length_scale=1) + WhiteKernel(noise_level=1),test,0.9197080291970804,0.9947368421052633,0.9154589371980676,0.9557522123893806,0.5120743034055728,0.0781703036370173,1,3
gpc,PR,PC,minmax,2,RBF(length_scale=1) + WhiteKernel(noise_level=1),train,0.9303849303849304,0.9844020797227035,0.9170024174053184,0.9566315789473684,0.5036952927349151,0.014985407068367,1,1
gpc,PR,PC,minmax,2,RBF(length_scale=1) + WhiteKernel(noise_level=1),validation,0.929440389294404,0.9922077922077922,0.9227053140096618,0.9597989949748744,0.4961038961038961,-0.0234481374176136,1,2
gpc,PR,PC,minmax,2,RBF(length_scale=1) + WhiteKernel(noise_level=1),test,0.9193154034229828,0.9894736842105264,0.9106280193236715,0.953105196451204,0.5094427244582043,0.0474692000805304,1,3
gpc,PR,PC,minmax,3,RBF(length_scale=1) + WhiteKernel(noise_level=1),train,0.92886345053148,0.9844020797227035,0.9153908138597904,0.9558266722759782,0.4922010398613518,-0.0333103921834001,1,1
gpc,PR,PC,minmax,3,RBF(length_scale=1) + WhiteKernel(noise_level=1),validation,0.9292682926829268,0.9896103896103896,0.9202898550724636,0.958490566037736,0.4948051948051948,-0.0271085757873102,1,2
gpc,PR,PC,minmax,3,RBF(length_scale=1) + WhiteKernel(noise_level=1),test,0.9174757281553398,0.9947368421052633,0.9130434782608696,0.9545454545454546,0.4973684210526315,-0.0208407838832092,1,3
gpc,PR,PC,minmax,4,RBF(length_scale=1) + WhiteKernel(noise_level=1),train,0.9295546558704454,0.993939393939394,0.924315619967794,0.9606694560669456,0.4969696969696969,-0.0206625622702766,1,1
gpc,PR,PC,minmax,4,RBF(length_scale=1) + WhiteKernel(noise_level=1),validation,0.9308641975308642,0.9817708333333334,0.9152542372881356,0.9556400506970848,0.5081267959770115,0.0301329366558522,1,2
gpc,PR,PC,minmax,4,RBF(length_scale=1) + WhiteKernel(noise_level=1),test,0.9176755447941888,0.9973684210526316,0.9154589371980676,0.9558638083228248,0.4986842105263158,-0.0147188078040711,1,3
gpc,PR,PC,minmax,1,RBF(length_scale=2),train,0.9312039312039312,0.98526863084922,0.918614020950846,0.9574736842105264,0.5098756947349549,0.0400486013700429,1,1
gpc,PR,PC,minmax,1,RBF(length_scale=2),validation,0.9315403422982884,0.9896103896103896,0.9227053140096618,0.9596977329974812,0.5120465741155396,0.056295834351749,1,2
gpc,PR,PC,minmax,1,RBF(length_scale=2),test,0.9197080291970804,0.9947368421052633,0.9154589371980676,0.9557522123893806,0.5120743034055728,0.0781703036370173,1,3
gpc,PR,PC,minmax,2,RBF(length_scale=2),train,0.9303849303849304,0.9844020797227035,0.9170024174053184,0.9566315789473684,0.5036952927349151,0.014985407068367,1,1
gpc,PR,PC,minmax,2,RBF(length_scale=2),validation,0.929440389294404,0.9922077922077922,0.9227053140096618,0.9597989949748744,0.4961038961038961,-0.0234481374176136,1,2
gpc,PR,PC,minmax,2,RBF(length_scale=2),test,0.9193154034229828,0.9894736842105264,0.9106280193236715,0.953105196451204,0.5094427244582043,0.0474692000805304,1,3
gpc,PR,PC,minmax,3,RBF(length_scale=2),train,0.92886345053148,0.9844020797227035,0.9153908138597904,0.9558266722759782,0.4922010398613518,-0.0333103921834001,1,1
gpc,PR,PC,minmax,3,RBF(length_scale=2),validation,0.9292682926829268,0.9896103896103896,0.9202898550724636,0.958490566037736,0.4948051948051948,-0.0271085757873102,1,2
gpc,PR,PC,minmax,3,RBF(length_scale=2),test,0.9174757281553398,0.9947368421052633,0.9130434782608696,0.9545454545454546,0.4973684210526315,-0.0208407838832092,1,3
gpc,PR,PC,minmax,4,RBF(length_scale=2),train,0.9295546558704454,0.993939393939394,0.924315619967794,0.9606694560669456,0.4969696969696969,-0.0206625622702766,1,1
gpc,PR,PC,minmax,4,RBF(length_scale=2),validation,0.9308641975308642,0.9817708333333334,0.9152542372881356,0.9556400506970848,0.5081267959770115,0.0301329366558522,1,2
gpc,PR,PC,minmax,4,RBF(length_scale=2),test,0.9176755447941888,0.9973684210526316,0.9154589371980676,0.9558638083228248,0.4986842105263158,-0.0147188078040711,1,3
gpc,PR,PC,minmax,1,"RationalQuadratic(alpha=1, length_scale=1)",train,0.9312039312039312,0.98526863084922,0.918614020950846,0.9574736842105264,0.5098756947349549,0.0400486013700429,1,1
gpc,PR,PC,minmax,1,"RationalQuadratic(alpha=1, length_scale=1)",validation,0.9315403422982884,0.9896103896103896,0.9227053140096618,0.9596977329974812,0.5120465741155396,0.056295834351749,1,2
gpc,PR,PC,minmax,1,"RationalQuadratic(alpha=1, length_scale=1)",test,0.9197080291970804,0.9947368421052633,0.9154589371980676,0.9557522123893806,0.5120743034055728,0.0781703036370173,1,3
gpc,PR,PC,minmax,2,"RationalQuadratic(alpha=1, length_scale=1)",train,0.9303849303849304,0.9844020797227035,0.9170024174053184,0.9566315789473684,0.5036952927349151,0.014985407068367,1,1
gpc,PR,PC,minmax,2,"RationalQuadratic(alpha=1, length_scale=1)",validation,0.929440389294404,0.9922077922077922,0.9227053140096618,0.9597989949748744,0.4961038961038961,-0.0234481374176136,1,2
gpc,PR,PC,minmax,2,"RationalQuadratic(alpha=1, length_scale=1)",test,0.9193154034229828,0.9894736842105264,0.9106280193236715,0.953105196451204,0.5094427244582043,0.0474692000805304,1,3
gpc,PR,PC,minmax,3,"RationalQuadratic(alpha=1, length_scale=1)",train,0.92886345053148,0.9844020797227035,0.9153908138597904,0.9558266722759782,0.4922010398613518,-0.0333103921834001,1,1
gpc,PR,PC,minmax,3,"RationalQuadratic(alpha=1, length_scale=1)",validation,0.9292682926829268,0.9896103896103896,0.9202898550724636,0.958490566037736,0.4948051948051948,-0.0271085757873102,1,2
gpc,PR,PC,minmax,3,"RationalQuadratic(alpha=1, length_scale=1)",test,0.9174757281553398,0.9947368421052633,0.9130434782608696,0.9545454545454546,0.4973684210526315,-0.0208407838832092,1,3
gpc,PR,PC,minmax,4,"RationalQuadratic(alpha=1, length_scale=1)",train,0.9295546558704454,0.993939393939394,0.924315619967794,0.9606694560669456,0.4969696969696969,-0.0206625622702766,1,1
gpc,PR,PC,minmax,4,"RationalQuadratic(alpha=1, length_scale=1)",validation,0.9308641975308642,0.9817708333333334,0.9152542372881356,0.9556400506970848,0.5081267959770115,0.0301329366558522,1,2
gpc,PR,PC,minmax,4,"RationalQuadratic(alpha=1, length_scale=1)",test,0.9176755447941888,0.9973684210526316,0.9154589371980676,0.9558638083228248,0.4986842105263158,-0.0147188078040711,1,3
gpc,PR,PC,std,1,DotProduct(sigma_0=1),train,0.0,0.0,0.0701047542304593,0.0,0.5,0.0,1,1
gpc,PR,PC,std,1,DotProduct(sigma_0=1),validation,0.0,0.0,0.0700483091787439,0.0,0.5,0.0,1,2
gpc,PR,PC,std,1,DotProduct(sigma_0=1),test,0.0,0.0,0.0821256038647343,0.0,0.5,0.0,1,3
gpc,PR,PC,std,2,DotProduct(sigma_0=1),train,0.9298952457695407,1.0,0.9298952457695407,0.9636743215031316,0.5,0.0,1,1
gpc,PR,PC,std,2,DotProduct(sigma_0=1),validation,0.929951690821256,1.0,0.929951690821256,0.9637046307884856,0.5,0.0,1,2
gpc,PR,PC,std,2,DotProduct(sigma_0=1),test,0.9178743961352656,1.0,0.9178743961352656,0.9571788413098236,0.5,0.0,1,3
gpc,PR,PC,std,3,DotProduct(sigma_0=1),train,0.9297658862876256,0.9636048526863084,0.8984689766317486,0.9463829787234044,0.499043805653499,-0.0026119619815561,1,1
gpc,PR,PC,std,3,DotProduct(sigma_0=1),validation,0.9267676767676768,0.9532467532467532,0.8864734299516909,0.939820742637644,0.4766233766233766,-0.0585136640315262,1,2
gpc,PR,PC,std,3,DotProduct(sigma_0=1),test,0.9166666666666666,0.9552631578947368,0.8792270531400966,0.9355670103092784,0.4923374613003095,-0.0206324161073599,1,3
gpc,PR,PC,std,4,DotProduct(sigma_0=1),train,0.0,0.0,0.0700483091787439,0.0,0.5,0.0,1,1
gpc,PR,PC,std,4,DotProduct(sigma_0=1),validation,0.0,0.0,0.0702179176755447,0.0,0.5,0.0,1,2
gpc,PR,PC,std,4,DotProduct(sigma_0=1),test,0.0,0.0,0.0821256038647343,0.0,0.5,0.0,1,3
gpc,PR,PC,std,1,"Matern(length_scale=1, nu=0.5)",train,0.929440389294404,0.9930675909878682,0.9234488315874296,0.9602010892333472,0.4965337954939341,-0.0221166923645462,1,1
gpc,PR,PC,std,1,"Matern(length_scale=1, nu=0.5)",validation,0.929951690821256,1.0,0.929951690821256,0.9637046307884856,0.5,0.0,1,2
gpc,PR,PC,std,1,"Matern(length_scale=1, nu=0.5)",test,0.9176755447941888,0.9973684210526316,0.9154589371980676,0.9558638083228248,0.4986842105263158,-0.0147188078040711,1,3
gpc,PR,PC,std,2,"Matern(length_scale=1, nu=0.5)",train,0.929440389294404,0.9930675909878682,0.9234488315874296,0.9602010892333472,0.4965337954939341,-0.0221166923645462,1,1
gpc,PR,PC,std,2,"Matern(length_scale=1, nu=0.5)",validation,0.9296116504854368,0.9948051948051948,0.92512077294686,0.961104140526976,0.4974025974025974,-0.0191220752982519,1,2
gpc,PR,PC,std,2,"Matern(length_scale=1, nu=0.5)",test,0.9174757281553398,0.9947368421052633,0.9130434782608696,0.9545454545454546,0.4973684210526315,-0.0208407838832092,1,3
gpc,PR,PC,std,3,"Matern(length_scale=1, nu=0.5)",train,0.9289795918367348,0.9861351819757366,0.9170024174053184,0.9567044976881044,0.4930675909878683,-0.0313796914451462,1,1
gpc,PR,PC,std,3,"Matern(length_scale=1, nu=0.5)",validation,0.929440389294404,0.9922077922077922,0.9227053140096618,0.9597989949748744,0.4961038961038961,-0.0234481374176136,1,2
gpc,PR,PC,std,3,"Matern(length_scale=1, nu=0.5)",test,0.9172749391727494,0.9921052631578948,0.9106280193236715,0.9532237673830596,0.4960526315789473,-0.0255556761890249,1,3
gpc,PR,PC,std,4,"Matern(length_scale=1, nu=0.5)",train,0.9294975688816856,0.9930735930735932,0.923510466988728,0.9602344077019672,0.4965367965367965,-0.022098156647703,1,1
gpc,PR,PC,std,4,"Matern(length_scale=1, nu=0.5)",validation,0.928395061728395,0.9791666666666666,0.910411622276029,0.953105196451204,0.4895833333333333,-0.0386234326196559,1,2
gpc,PR,PC,std,4,"Matern(length_scale=1, nu=0.5)",test,0.9172749391727494,0.9921052631578948,0.9106280193236715,0.9532237673830596,0.4960526315789473,-0.0255556761890249,1,3
gpc,PR,PC,std,1,"Matern(length_scale=1, nu=1.5)",train,0.929795918367347,0.987001733102253,0.918614020950846,0.9575451870533838,0.4992479929879081,-0.0034039751495812,1,1
gpc,PR,PC,std,1,"Matern(length_scale=1, nu=1.5)",validation,0.9292682926829268,0.9896103896103896,0.9202898550724636,0.958490566037736,0.4948051948051948,-0.0271085757873102,1,2
gpc,PR,PC,std,1,"Matern(length_scale=1, nu=1.5)",test,0.9174757281553398,0.9947368421052633,0.9130434782608696,0.9545454545454546,0.4973684210526315,-0.0208407838832092,1,3
gpc,PR,PC,std,2,"Matern(length_scale=1, nu=1.5)",train,0.9299103504482478,0.988734835355286,0.920225624496374,0.9584208315833684,0.5001145441144246,0.0005538332251932,1,1
gpc,PR,PC,std,2,"Matern(length_scale=1, nu=1.5)",validation,0.9292682926829268,0.9896103896103896,0.9202898550724636,0.958490566037736,0.4948051948051948,-0.0271085757873102,1,2
gpc,PR,PC,std,2,"Matern(length_scale=1, nu=1.5)",test,0.9174757281553398,0.9947368421052633,0.9130434782608696,0.9545454545454546,0.4973684210526315,-0.0208407838832092,1,3
gpc,PR,PC,std,3,"Matern(length_scale=1, nu=1.5)",train,0.9286300246103364,0.9809358752166378,0.9121676067687348,0.9540665823851664,0.4904679376083189,-0.036886394735919,1,1
gpc,PR,PC,std,3,"Matern(length_scale=1, nu=1.5)",validation,0.9292682926829268,0.9896103896103896,0.9202898550724636,0.958490566037736,0.4948051948051948,-0.0271085757873102,1,2
gpc,PR,PC,std,3,"Matern(length_scale=1, nu=1.5)",test,0.9172749391727494,0.9921052631578948,0.9106280193236715,0.9532237673830596,0.4960526315789473,-0.0255556761890249,1,3
gpc,PR,PC,std,4,"Matern(length_scale=1, nu=1.5)",train,0.9292107404393816,0.9887445887445888,0.9194847020933976,0.9580536912751678,0.4943722943722943,-0.0282269769692188,1,1
gpc,PR,PC,std,4,"Matern(length_scale=1, nu=1.5)",validation,0.93,0.96875,0.9031476997578692,0.9489795918367347,0.5016163793103449,0.0047308177522257,1,2
gpc,PR,PC,std,4,"Matern(length_scale=1, nu=1.5)",test,0.9170731707317074,0.9894736842105264,0.9082125603864736,0.9518987341772152,0.4947368421052631,-0.0295451179096956,1,3
gpc,PR,PC,std,1,"Matern(length_scale=1, nu=2.5)",train,0.9296235679214404,0.9844020797227035,0.9161966156325544,0.9562289562289562,0.4979481662981334,-0.0085334035049622,1,1
gpc,PR,PC,std,1,"Matern(length_scale=1, nu=2.5)",validation,0.9292682926829268,0.9896103896103896,0.9202898550724636,0.958490566037736,0.4948051948051948,-0.0271085757873102,1,2
gpc,PR,PC,std,1,"Matern(length_scale=1, nu=2.5)",test,0.9174757281553398,0.9947368421052633,0.9130434782608696,0.9545454545454546,0.4973684210526315,-0.0208407838832092,1,3
gpc,PR,PC,std,2,"Matern(length_scale=1, nu=2.5)",train,0.929853181076672,0.9878682842287696,0.91941982272361,0.957983193277311,0.4996812685511663,-0.0014894522287923,1,1
gpc,PR,PC,std,2,"Matern(length_scale=1, nu=2.5)",validation,0.9292682926829268,0.9896103896103896,0.9202898550724636,0.958490566037736,0.4948051948051948,-0.0271085757873102,1,2
gpc,PR,PC,std,2,"Matern(length_scale=1, nu=2.5)",test,0.9172749391727494,0.9921052631578948,0.9106280193236715,0.9532237673830596,0.4960526315789473,-0.0255556761890249,1,3
gpc,PR,PC,std,3,"Matern(length_scale=1, nu=2.5)",train,0.9285714285714286,0.9800693240901212,0.911361804995971,0.9536256323777405,0.4900346620450606,-0.0377308853308331,1,1
gpc,PR,PC,std,3,"Matern(length_scale=1, nu=2.5)",validation,0.9292682926829268,0.9896103896103896,0.9202898550724636,0.958490566037736,0.4948051948051948,-0.0271085757873102,1,2
gpc,PR,PC,std,3,"Matern(length_scale=1, nu=2.5)",test,0.9172749391727494,0.9921052631578948,0.9106280193236715,0.9532237673830596,0.4960526315789473,-0.0255556761890249,1,3
gpc,PR,PC,std,4,"Matern(length_scale=1, nu=2.5)",train,0.929951690821256,1.0,0.929951690821256,0.9637046307884856,0.5,0.0,1,1
gpc,PR,PC,std,4,"Matern(length_scale=1, nu=2.5)",validation,0.9297820823244553,1.0,0.9297820823244553,0.9636135508155584,0.5,0.0,1,2
gpc,PR,PC,std,4,"Matern(length_scale=1, nu=2.5)",test,0.9178743961352656,1.0,0.9178743961352656,0.9571788413098236,0.5,0.0,1,3
gpc,PR,PC,std,1,RBF(length_scale=0.5),train,0.929042904290429,0.975736568457539,0.9081385979049154,0.9518174133558748,0.4936154106655511,-0.0215811799287603,1,1
gpc,PR,PC,std,1,RBF(length_scale=0.5),validation,0.9290953545232272,0.987012987012987,0.9178743961352656,0.9571788413098236,0.4935064935064935,-0.0303453382193442,1,2
gpc,PR,PC,std,1,RBF(length_scale=0.5),test,0.9172749391727494,0.9921052631578948,0.9106280193236715,0.9532237673830596,0.4960526315789473,-0.0255556761890249,1,3
gpc,PR,PC,std,2,RBF(length_scale=0.5),train,0.9297385620915032,0.9861351819757366,0.9178082191780822,0.9571068124474348,0.4988147174246499,-0.005207140028773,1,1
gpc,PR,PC,std,2,RBF(length_scale=0.5),validation,0.9290953545232272,0.987012987012987,0.9178743961352656,0.9571788413098236,0.4935064935064935,-0.0303453382193442,1,2
gpc,PR,PC,std,2,RBF(length_scale=0.5),test,0.9170731707317074,0.9894736842105264,0.9082125603864736,0.9518987341772152,0.4947368421052631,-0.0295451179096956,1,3
gpc,PR,PC,std,3,RBF(length_scale=0.5),train,0.928395061728395,0.977469670710572,0.9089443996776791,0.9523005487547488,0.4887348353552859,-0.0401656923008732,1,1
gpc,PR,PC,std,3,RBF(length_scale=0.5),validation,0.928921568627451,0.9844155844155844,0.9154589371980676,0.9558638083228248,0.4922077922077922,-0.0332823649039272,1,2
gpc,PR,PC,std,3,RBF(length_scale=0.5),test,0.9170731707317074,0.9894736842105264,0.9082125603864736,0.9518987341772152,0.4947368421052631,-0.0295451179096956,1,3
gpc,PR,PC,std,4,RBF(length_scale=0.5),train,0.9289795918367348,0.9852813852813852,0.9162640901771336,0.9563025210084034,0.4926406926406926,-0.0323314401923864,1,1
gpc,PR,PC,std,4,RBF(length_scale=0.5),validation,0.9298245614035088,0.9661458333333334,0.900726392251816,0.9476372924648788,0.5003142959770115,0.0008875298392548,1,2
gpc,PR,PC,std,4,RBF(length_scale=0.5),test,0.9166666666666666,0.9842105263157894,0.9033816425120772,0.949238578680203,0.4921052631578947,-0.0362738125055005,1,3
gpc,PR,PC,std,1,RBF(length_scale=1),train,0.929042904290429,0.975736568457539,0.9081385979049154,0.9518174133558748,0.4936154106655511,-0.0215811799287603,1,1
gpc,PR,PC,std,1,RBF(length_scale=1),validation,0.9290953545232272,0.987012987012987,0.9178743961352656,0.9571788413098236,0.4935064935064935,-0.0303453382193442,1,2
gpc,PR,PC,std,1,RBF(length_scale=1),test,0.9172749391727494,0.9921052631578948,0.9106280193236715,0.9532237673830596,0.4960526315789473,-0.0255556761890249,1,3
gpc,PR,PC,std,2,RBF(length_scale=1),train,0.9297385620915032,0.9861351819757366,0.9178082191780822,0.9571068124474348,0.4988147174246499,-0.005207140028773,1,1
gpc,PR,PC,std,2,RBF(length_scale=1),validation,0.9290953545232272,0.987012987012987,0.9178743961352656,0.9571788413098236,0.4935064935064935,-0.0303453382193442,1,2
gpc,PR,PC,std,2,RBF(length_scale=1),test,0.9170731707317074,0.9894736842105264,0.9082125603864736,0.9518987341772152,0.4947368421052631,-0.0295451179096956,1,3
gpc,PR,PC,std,3,RBF(length_scale=1),train,0.928395061728395,0.977469670710572,0.9089443996776791,0.9523005487547488,0.4887348353552859,-0.0401656923008732,1,1
gpc,PR,PC,std,3,RBF(length_scale=1),validation,0.928921568627451,0.9844155844155844,0.9154589371980676,0.9558638083228248,0.4922077922077922,-0.0332823649039272,1,2
gpc,PR,PC,std,3,RBF(length_scale=1),test,0.9170731707317074,0.9894736842105264,0.9082125603864736,0.9518987341772152,0.4947368421052631,-0.0295451179096956,1,3
gpc,PR,PC,std,4,RBF(length_scale=1),train,0.9289795918367348,0.9852813852813852,0.9162640901771336,0.9563025210084034,0.4926406926406926,-0.0323314401923864,1,1
gpc,PR,PC,std,4,RBF(length_scale=1),validation,0.9298245614035088,0.9661458333333334,0.900726392251816,0.9476372924648788,0.5003142959770115,0.0008875298392548,1,2
gpc,PR,PC,std,4,RBF(length_scale=1),test,0.9166666666666666,0.9842105263157894,0.9033816425120772,0.949238578680203,0.4921052631578947,-0.0362738125055005,1,3
gpc,PR,PC,std,1,RBF(length_scale=1) + WhiteKernel(noise_level=1),train,0.929042904290429,0.975736568457539,0.9081385979049154,0.9518174133558748,0.4936154106655511,-0.0215811799287603,1,1
gpc,PR,PC,std,1,RBF(length_scale=1) + WhiteKernel(noise_level=1),validation,0.9290953545232272,0.987012987012987,0.9178743961352656,0.9571788413098236,0.4935064935064935,-0.0303453382193442,1,2
gpc,PR,PC,std,1,RBF(length_scale=1) + WhiteKernel(noise_level=1),test,0.9172749391727494,0.9921052631578948,0.9106280193236715,0.9532237673830596,0.4960526315789473,-0.0255556761890249,1,3
gpc,PR,PC,std,2,RBF(length_scale=1) + WhiteKernel(noise_level=1),train,0.9297385620915032,0.9861351819757366,0.9178082191780822,0.9571068124474348,0.4988147174246499,-0.005207140028773,1,1
gpc,PR,PC,std,2,RBF(length_scale=1) + WhiteKernel(noise_level=1),validation,0.9290953545232272,0.987012987012987,0.9178743961352656,0.9571788413098236,0.4935064935064935,-0.0303453382193442,1,2
gpc,PR,PC,std,2,RBF(length_scale=1) + WhiteKernel(noise_level=1),test,0.9170731707317074,0.9894736842105264,0.9082125603864736,0.9518987341772152,0.4947368421052631,-0.0295451179096956,1,3
gpc,PR,PC,std,3,RBF(length_scale=1) + WhiteKernel(noise_level=1),train,0.928395061728395,0.977469670710572,0.9089443996776791,0.9523005487547488,0.4887348353552859,-0.0401656923008732,1,1
gpc,PR,PC,std,3,RBF(length_scale=1) + WhiteKernel(noise_level=1),validation,0.928921568627451,0.9844155844155844,0.9154589371980676,0.9558638083228248,0.4922077922077922,-0.0332823649039272,1,2
gpc,PR,PC,std,3,RBF(length_scale=1) + WhiteKernel(noise_level=1),test,0.9170731707317074,0.9894736842105264,0.9082125603864736,0.9518987341772152,0.4947368421052631,-0.0295451179096956,1,3
gpc,PR,PC,std,4,RBF(length_scale=1) + WhiteKernel(noise_level=1),train,0.9289795918367348,0.9852813852813852,0.9162640901771336,0.9563025210084034,0.4926406926406926,-0.0323314401923864,1,1
gpc,PR,PC,std,4,RBF(length_scale=1) + WhiteKernel(noise_level=1),validation,0.9298245614035088,0.9661458333333334,0.900726392251816,0.9476372924648788,0.5003142959770115,0.0008875298392548,1,2
gpc,PR,PC,std,4,RBF(length_scale=1) + WhiteKernel(noise_level=1),test,0.9166666666666666,0.9842105263157894,0.9033816425120772,0.949238578680203,0.4921052631578947,-0.0362738125055005,1,3
gpc,PR,PC,std,1,RBF(length_scale=2),train,0.929042904290429,0.975736568457539,0.9081385979049154,0.9518174133558748,0.4936154106655511,-0.0215811799287603,1,1
gpc,PR,PC,std,1,RBF(length_scale=2),validation,0.9290953545232272,0.987012987012987,0.9178743961352656,0.9571788413098236,0.4935064935064935,-0.0303453382193442,1,2
gpc,PR,PC,std,1,RBF(length_scale=2),test,0.9172749391727494,0.9921052631578948,0.9106280193236715,0.9532237673830596,0.4960526315789473,-0.0255556761890249,1,3
gpc,PR,PC,std,2,RBF(length_scale=2),train,0.9297385620915032,0.9861351819757366,0.9178082191780822,0.9571068124474348,0.4988147174246499,-0.005207140028773,1,1
gpc,PR,PC,std,2,RBF(length_scale=2),validation,0.9290953545232272,0.987012987012987,0.9178743961352656,0.9571788413098236,0.4935064935064935,-0.0303453382193442,1,2
gpc,PR,PC,std,2,RBF(length_scale=2),test,0.9170731707317074,0.9894736842105264,0.9082125603864736,0.9518987341772152,0.4947368421052631,-0.0295451179096956,1,3
gpc,PR,PC,std,3,RBF(length_scale=2),train,0.928395061728395,0.977469670710572,0.9089443996776791,0.9523005487547488,0.4887348353552859,-0.0401656923008732,1,1
gpc,PR,PC,std,3,RBF(length_scale=2),validation,0.928921568627451,0.9844155844155844,0.9154589371980676,0.9558638083228248,0.4922077922077922,-0.0332823649039272,1,2
gpc,PR,PC,std,3,RBF(length_scale=2),test,0.9170731707317074,0.9894736842105264,0.9082125603864736,0.9518987341772152,0.4947368421052631,-0.0295451179096956,1,3
gpc,PR,PC,std,4,RBF(length_scale=2),train,0.9289795918367348,0.9852813852813852,0.9162640901771336,0.9563025210084034,0.4926406926406926,-0.0323314401923864,1,1
gpc,PR,PC,std,4,RBF(length_scale=2),validation,0.9298245614035088,0.9661458333333334,0.900726392251816,0.9476372924648788,0.5003142959770115,0.0008875298392548,1,2
gpc,PR,PC,std,4,RBF(length_scale=2),test,0.9166666666666666,0.9842105263157894,0.9033816425120772,0.949238578680203,0.4921052631578947,-0.0362738125055005,1,3
gpc,PR,PC,std,1,"RationalQuadratic(alpha=1, length_scale=1)",train,0.929042904290429,0.975736568457539,0.9081385979049154,0.9518174133558748,0.4936154106655511,-0.0215811799287603,1,1
gpc,PR,PC,std,1,"RationalQuadratic(alpha=1, length_scale=1)",validation,0.9290953545232272,0.987012987012987,0.9178743961352656,0.9571788413098236,0.4935064935064935,-0.0303453382193442,1,2
gpc,PR,PC,std,1,"RationalQuadratic(alpha=1, length_scale=1)",test,0.9172749391727494,0.9921052631578948,0.9106280193236715,0.9532237673830596,0.4960526315789473,-0.0255556761890249,1,3
gpc,PR,PC,std,2,"RationalQuadratic(alpha=1, length_scale=1)",train,0.9297385620915032,0.9861351819757366,0.9178082191780822,0.9571068124474348,0.4988147174246499,-0.005207140028773,1,1
gpc,PR,PC,std,2,"RationalQuadratic(alpha=1, length_scale=1)",validation,0.9290953545232272,0.987012987012987,0.9178743961352656,0.9571788413098236,0.4935064935064935,-0.0303453382193442,1,2
gpc,PR,PC,std,2,"RationalQuadratic(alpha=1, length_scale=1)",test,0.9170731707317074,0.9894736842105264,0.9082125603864736,0.9518987341772152,0.4947368421052631,-0.0295451179096956,1,3
gpc,PR,PC,std,3,"RationalQuadratic(alpha=1, length_scale=1)",train,0.928395061728395,0.977469670710572,0.9089443996776791,0.9523005487547488,0.4887348353552859,-0.0401656923008732,1,1
gpc,PR,PC,std,3,"RationalQuadratic(alpha=1, length_scale=1)",validation,0.928921568627451,0.9844155844155844,0.9154589371980676,0.9558638083228248,0.4922077922077922,-0.0332823649039272,1,2
gpc,PR,PC,std,3,"RationalQuadratic(alpha=1, length_scale=1)",test,0.9170731707317074,0.9894736842105264,0.9082125603864736,0.9518987341772152,0.4947368421052631,-0.0295451179096956,1,3
gpc,PR,PC,std,4,"RationalQuadratic(alpha=1, length_scale=1)",train,0.9289795918367348,0.9852813852813852,0.9162640901771336,0.9563025210084034,0.4926406926406926,-0.0323314401923864,1,1
gpc,PR,PC,std,4,"RationalQuadratic(alpha=1, length_scale=1)",validation,0.9298245614035088,0.9661458333333334,0.900726392251816,0.9476372924648788,0.5003142959770115,0.0008875298392548,1,2
gpc,PR,PC,std,4,"RationalQuadratic(alpha=1, length_scale=1)",test,0.9166666666666666,0.9842105263157894,0.9033816425120772,0.949238578680203,0.4921052631578947,-0.0362738125055005,1,3
gpc,PR,ECFP4,minmax,1,DotProduct(sigma_0=1),train,0.9322328410078192,0.9298093587521664,0.8718775181305399,0.9310195227765726,0.5166288173071176,0.0327412285783046,2,1
gpc,PR,ECFP4,minmax,1,DotProduct(sigma_0=1),validation,0.9267676767676768,0.9532467532467532,0.8864734299516909,0.939820742637644,0.4766233766233766,-0.0585136640315262,2,2
gpc,PR,ECFP4,minmax,1,DotProduct(sigma_0=1),test,0.9140625,0.9236842105263158,0.8502415458937198,0.918848167539267,0.476547987616099,-0.0496723981323925,2,3
gpc,PR,ECFP4,minmax,2,DotProduct(sigma_0=1),train,0.9300518134715026,0.9332755632582322,0.8726833199033038,0.9316608996539792,0.5011205402498058,0.0022904808309219,2,1
gpc,PR,ECFP4,minmax,2,DotProduct(sigma_0=1),validation,0.9362244897959184,0.9532467532467532,0.8961352657004831,0.9446589446589446,0.545588893864756,0.1037442511923186,2,2
gpc,PR,ECFP4,minmax,2,DotProduct(sigma_0=1),test,0.9156010230179028,0.9421052631578948,0.8671497584541062,0.9286640726329444,0.4857585139318885,-0.0341400588287064,2,3
gpc,PR,ECFP4,minmax,3,DotProduct(sigma_0=1),train,0.9285714285714286,0.9462738301559792,0.8823529411764706,0.9373390557939916,0.4903782943883344,-0.0220538416612221,2,1
gpc,PR,ECFP4,minmax,3,DotProduct(sigma_0=1),validation,0.931297709923664,0.9506493506493506,0.8888888888888888,0.9408740359897172,0.509807433945365,0.0228143882806894,2,2
gpc,PR,ECFP4,minmax,3,DotProduct(sigma_0=1),test,0.9147286821705426,0.9315789473684212,0.857487922705314,0.9230769230769232,0.4804953560371517,-0.0433772399689102,2,3
gpc,PR,ECFP4,minmax,4,DotProduct(sigma_0=1),train,0.9333902647309992,0.9463203463203465,0.8872785829307569,0.939810834049871,0.5248843110912076,0.0547140186627681,2,1
gpc,PR,ECFP4,minmax,4,DotProduct(sigma_0=1),validation,0.9308510638297872,0.9114583333333334,0.8547215496368039,0.9210526315789472,0.5074533045977012,0.0133367095285614,2,2
gpc,PR,ECFP4,minmax,4,DotProduct(sigma_0=1),test,0.9177377892030848,0.9394736842105263,0.8671497584541062,0.9284785435630688,0.4991486068111455,-0.001962666993785,2,3
gpc,PR,ECFP4,minmax,1,"Matern(length_scale=1, nu=0.5)",train,0.9298952457695407,1.0,0.9298952457695407,0.9636743215031316,0.5,0.0,2,1
gpc,PR,ECFP4,minmax,1,"Matern(length_scale=1, nu=0.5)",validation,0.929951690821256,1.0,0.929951690821256,0.9637046307884856,0.5,0.0,2,2
gpc,PR,ECFP4,minmax,1,"Matern(length_scale=1, nu=0.5)",test,0.9178743961352656,1.0,0.9178743961352656,0.9571788413098236,0.5,0.0,2,3
gpc,PR,ECFP4,minmax,2,"Matern(length_scale=1, nu=0.5)",train,0.9298952457695407,1.0,0.9298952457695407,0.9636743215031316,0.5,0.0,2,1
gpc,PR,ECFP4,minmax,2,"Matern(length_scale=1, nu=0.5)",validation,0.929951690821256,1.0,0.929951690821256,0.9637046307884856,0.5,0.0,2,2
gpc,PR,ECFP4,minmax,2,"Matern(length_scale=1, nu=0.5)",test,0.9178743961352656,1.0,0.9178743961352656,0.9571788413098236,0.5,0.0,2,3
gpc,PR,ECFP4,minmax,3,"Matern(length_scale=1, nu=0.5)",train,0.9298952457695407,1.0,0.9298952457695407,0.9636743215031316,0.5,0.0,2,1
gpc,PR,ECFP4,minmax,3,"Matern(length_scale=1, nu=0.5)",validation,0.929951690821256,1.0,0.929951690821256,0.9637046307884856,0.5,0.0,2,2
gpc,PR,ECFP4,minmax,3,"Matern(length_scale=1, nu=0.5)",test,0.9178743961352656,1.0,0.9178743961352656,0.9571788413098236,0.5,0.0,2,3
gpc,PR,ECFP4,minmax,4,"Matern(length_scale=1, nu=0.5)",train,0.929951690821256,1.0,0.929951690821256,0.9637046307884856,0.5,0.0,2,1
gpc,PR,ECFP4,minmax,4,"Matern(length_scale=1, nu=0.5)",validation,0.9297820823244553,1.0,0.9297820823244553,0.9636135508155584,0.5,0.0,2,2
gpc,PR,ECFP4,minmax,4,"Matern(length_scale=1, nu=0.5)",test,0.9178743961352656,1.0,0.9178743961352656,0.9571788413098236,0.5,0.0,2,3
gpc,PR,ECFP4,minmax,1,"Matern(length_scale=1, nu=1.5)",train,0.9298387096774192,0.9991334488734837,0.9290894439967768,0.9632414369256476,0.4995667244367417,-0.0077973293611903,2,1
gpc,PR,ECFP4,minmax,1,"Matern(length_scale=1, nu=1.5)",validation,0.929951690821256,1.0,0.929951690821256,0.9637046307884856,0.5,0.0,2,2
gpc,PR,ECFP4,minmax,1,"Matern(length_scale=1, nu=1.5)",test,0.9176755447941888,0.9973684210526316,0.9154589371980676,0.9558638083228248,0.4986842105263158,-0.0147188078040711,2,3
gpc,PR,ECFP4,minmax,2,"Matern(length_scale=1, nu=1.5)",train,0.9298952457695407,1.0,0.9298952457695407,0.9636743215031316,0.5,0.0,2,1
gpc,PR,ECFP4,minmax,2,"Matern(length_scale=1, nu=1.5)",validation,0.929951690821256,1.0,0.929951690821256,0.9637046307884856,0.5,0.0,2,2
gpc,PR,ECFP4,minmax,2,"Matern(length_scale=1, nu=1.5)",test,0.9178743961352656,1.0,0.9178743961352656,0.9571788413098236,0.5,0.0,2,3
gpc,PR,ECFP4,minmax,3,"Matern(length_scale=1, nu=1.5)",train,0.9297820823244553,0.9982668977469672,0.9282836422240128,0.9628081905557876,0.4991334488734835,-0.0110315380308807,2,1
gpc,PR,ECFP4,minmax,3,"Matern(length_scale=1, nu=1.5)",validation,0.9297820823244553,0.9974025974025974,0.927536231884058,0.962406015037594,0.4987012987012987,-0.0135049695206861,2,2
gpc,PR,ECFP4,minmax,3,"Matern(length_scale=1, nu=1.5)",test,0.9176755447941888,0.9973684210526316,0.9154589371980676,0.9558638083228248,0.4986842105263158,-0.0147188078040711,2,3
gpc,PR,ECFP4,minmax,4,"Matern(length_scale=1, nu=1.5)",train,0.929951690821256,1.0,0.929951690821256,0.9637046307884856,0.5,0.0,2,1
gpc,PR,ECFP4,minmax,4,"Matern(length_scale=1, nu=1.5)",validation,0.9297820823244553,1.0,0.9297820823244553,0.9636135508155584,0.5,0.0,2,2
gpc,PR,ECFP4,minmax,4,"Matern(length_scale=1, nu=1.5)",test,0.9178743961352656,1.0,0.9178743961352656,0.9571788413098236,0.5,0.0,2,3
gpc,PR,ECFP4,minmax,1,"Matern(length_scale=1, nu=2.5)",train,0.9297253634894992,0.9974003466204506,0.927477840451249,0.9623745819397992,0.4987001733102253,-0.013516275237695,2,1
gpc,PR,ECFP4,minmax,1,"Matern(length_scale=1, nu=2.5)",validation,0.9297820823244553,0.9974025974025974,0.927536231884058,0.962406015037594,0.4987012987012987,-0.0135049695206861,2,2
gpc,PR,ECFP4,minmax,1,"Matern(length_scale=1, nu=2.5)",test,0.9174757281553398,0.9947368421052633,0.9130434782608696,0.9545454545454546,0.4973684210526315,-0.0208407838832092,2,3
gpc,PR,ECFP4,minmax,2,"Matern(length_scale=1, nu=2.5)",train,0.9298387096774192,0.9991334488734837,0.9290894439967768,0.9632414369256476,0.4995667244367417,-0.0077973293611903,2,1
gpc,PR,ECFP4,minmax,2,"Matern(length_scale=1, nu=2.5)",validation,0.929951690821256,1.0,0.929951690821256,0.9637046307884856,0.5,0.0,2,2
gpc,PR,ECFP4,minmax,2,"Matern(length_scale=1, nu=2.5)",test,0.9176755447941888,0.9973684210526316,0.9154589371980676,0.9558638083228248,0.4986842105263158,-0.0147188078040711,2,3
gpc,PR,ECFP4,minmax,3,"Matern(length_scale=1, nu=2.5)",train,0.9297253634894992,0.9974003466204506,0.927477840451249,0.9623745819397992,0.4987001733102253,-0.013516275237695,2,1
gpc,PR,ECFP4,minmax,3,"Matern(length_scale=1, nu=2.5)",validation,0.9297820823244553,0.9974025974025974,0.927536231884058,0.962406015037594,0.4987012987012987,-0.0135049695206861,2,2
gpc,PR,ECFP4,minmax,3,"Matern(length_scale=1, nu=2.5)",test,0.9172749391727494,0.9921052631578948,0.9106280193236715,0.9532237673830596,0.4960526315789473,-0.0255556761890249,2,3
gpc,PR,ECFP4,minmax,4,"Matern(length_scale=1, nu=2.5)",train,0.9298952457695407,0.9991341991341992,0.92914653784219,0.963272120200334,0.4995670995670995,-0.0077908123395117,2,1
gpc,PR,ECFP4,minmax,4,"Matern(length_scale=1, nu=2.5)",validation,0.9297820823244553,1.0,0.9297820823244553,0.9636135508155584,0.5,0.0,2,2
gpc,PR,ECFP4,minmax,4,"Matern(length_scale=1, nu=2.5)",test,0.9176755447941888,0.9973684210526316,0.9154589371980676,0.9558638083228248,0.4986842105263158,-0.0147188078040711,2,3
gpc,PR,ECFP4,minmax,1,RBF(length_scale=0.5),train,0.9296685529506872,0.9965337954939342,0.9266720386784852,0.9619406106231704,0.4982668977469671,-0.0156135575280094,2,1
gpc,PR,ECFP4,minmax,1,RBF(length_scale=0.5),validation,0.9297820823244553,0.9974025974025974,0.927536231884058,0.962406015037594,0.4987012987012987,-0.0135049695206861,2,2
gpc,PR,ECFP4,minmax,1,RBF(length_scale=0.5),test,0.9174757281553398,0.9947368421052633,0.9130434782608696,0.9545454545454546,0.4973684210526315,-0.0208407838832092,2,3
gpc,PR,ECFP4,minmax,2,RBF(length_scale=0.5),train,0.9295546558704454,0.9948006932409011,0.9250604351329572,0.9610715780661364,0.4974003466204506,-0.0191381021493729,2,1
gpc,PR,ECFP4,minmax,2,RBF(length_scale=0.5),validation,0.9297820823244553,0.9974025974025974,0.927536231884058,0.962406015037594,0.4987012987012987,-0.0135049695206861,2,2
gpc,PR,ECFP4,minmax,2,RBF(length_scale=0.5),test,0.9170731707317074,0.9894736842105264,0.9082125603864736,0.9518987341772152,0.4947368421052631,-0.0295451179096956,2,3
gpc,PR,ECFP4,minmax,3,RBF(length_scale=0.5),train,0.9293831168831168,0.9922010398613518,0.9226430298146656,0.9597652975691534,0.4961005199306759,-0.0234678132032822,2,1
gpc,PR,ECFP4,minmax,3,RBF(length_scale=0.5),validation,0.9297820823244553,0.9974025974025974,0.927536231884058,0.962406015037594,0.4987012987012987,-0.0135049695206861,2,2
gpc,PR,ECFP4,minmax,3,RBF(length_scale=0.5),test,0.9168704156479216,0.986842105263158,0.9057971014492754,0.9505703422053232,0.4934210526315789,-0.0330728033347958,2,3
gpc,PR,ECFP4,minmax,4,RBF(length_scale=0.5),train,0.9297253634894992,0.9965367965367964,0.926731078904992,0.9619724195570414,0.4982683982683982,-0.0156004924453855,2,1
gpc,PR,ECFP4,minmax,4,RBF(length_scale=0.5),validation,0.9296116504854368,0.9973958333333334,0.927360774818402,0.9623115577889448,0.4986979166666667,-0.0135389435897897,2,2
gpc,PR,ECFP4,minmax,4,RBF(length_scale=0.5),test,0.9172749391727494,0.9921052631578948,0.9106280193236715,0.9532237673830596,0.4960526315789473,-0.0255556761890249,2,3
gpc,PR,ECFP4,minmax,1,RBF(length_scale=1),train,0.9298952457695407,1.0,0.9298952457695407,0.9636743215031316,0.5,0.0,2,1
gpc,PR,ECFP4,minmax,1,RBF(length_scale=1),validation,0.929951690821256,1.0,0.929951690821256,0.9637046307884856,0.5,0.0,2,2
gpc,PR,ECFP4,minmax,1,RBF(length_scale=1),test,0.9178743961352656,1.0,0.9178743961352656,0.9571788413098236,0.5,0.0,2,3
gpc,PR,ECFP4,minmax,2,RBF(length_scale=1),train,0.9298952457695407,1.0,0.9298952457695407,0.9636743215031316,0.5,0.0,2,1
gpc,PR,ECFP4,minmax,2,RBF(length_scale=1),validation,0.929951690821256,1.0,0.929951690821256,0.9637046307884856,0.5,0.0,2,2
gpc,PR,ECFP4,minmax,2,RBF(length_scale=1),test,0.9178743961352656,1.0,0.9178743961352656,0.9571788413098236,0.5,0.0,2,3
gpc,PR,ECFP4,minmax,3,RBF(length_scale=1),train,0.9298952457695407,1.0,0.9298952457695407,0.9636743215031316,0.5,0.0,2,1
gpc,PR,ECFP4,minmax,3,RBF(length_scale=1),validation,0.929951690821256,1.0,0.929951690821256,0.9637046307884856,0.5,0.0,2,2
gpc,PR,ECFP4,minmax,3,RBF(length_scale=1),test,0.9178743961352656,1.0,0.9178743961352656,0.9571788413098236,0.5,0.0,2,3
gpc,PR,ECFP4,minmax,4,RBF(length_scale=1),train,0.929951690821256,1.0,0.929951690821256,0.9637046307884856,0.5,0.0,2,1
gpc,PR,ECFP4,minmax,4,RBF(length_scale=1),validation,0.9297820823244553,1.0,0.9297820823244553,0.9636135508155584,0.5,0.0,2,2
gpc,PR,ECFP4,minmax,4,RBF(length_scale=1),test,0.9178743961352656,1.0,0.9178743961352656,0.9571788413098236,0.5,0.0,2,3
gpc,PR,ECFP4,minmax,1,RBF(length_scale=1) + WhiteKernel(noise_level=1),train,0.9298952457695407,1.0,0.9298952457695407,0.9636743215031316,0.5,0.0,2,1
gpc,PR,ECFP4,minmax,1,RBF(length_scale=1) + WhiteKernel(noise_level=1),validation,0.929951690821256,1.0,0.929951690821256,0.9637046307884856,0.5,0.0,2,2
gpc,PR,ECFP4,minmax,1,RBF(length_scale=1) + WhiteKernel(noise_level=1),test,0.9178743961352656,1.0,0.9178743961352656,0.9571788413098236,0.5,0.0,2,3
gpc,PR,ECFP4,minmax,2,RBF(length_scale=1) + WhiteKernel(noise_level=1),train,0.9298952457695407,1.0,0.9298952457695407,0.9636743215031316,0.5,0.0,2,1
gpc,PR,ECFP4,minmax,2,RBF(length_scale=1) + WhiteKernel(noise_level=1),validation,0.929951690821256,1.0,0.929951690821256,0.9637046307884856,0.5,0.0,2,2
gpc,PR,ECFP4,minmax,2,RBF(length_scale=1) + WhiteKernel(noise_level=1),test,0.9178743961352656,1.0,0.9178743961352656,0.9571788413098236,0.5,0.0,2,3
gpc,PR,ECFP4,minmax,3,RBF(length_scale=1) + WhiteKernel(noise_level=1),train,0.9298952457695407,1.0,0.9298952457695407,0.9636743215031316,0.5,0.0,2,1
gpc,PR,ECFP4,minmax,3,RBF(length_scale=1) + WhiteKernel(noise_level=1),validation,0.929951690821256,1.0,0.929951690821256,0.9637046307884856,0.5,0.0,2,2
gpc,PR,ECFP4,minmax,3,RBF(length_scale=1) + WhiteKernel(noise_level=1),test,0.9178743961352656,1.0,0.9178743961352656,0.9571788413098236,0.5,0.0,2,3
gpc,PR,ECFP4,minmax,4,RBF(length_scale=1) + WhiteKernel(noise_level=1),train,0.929951690821256,1.0,0.929951690821256,0.9637046307884856,0.5,0.0,2,1
gpc,PR,ECFP4,minmax,4,RBF(length_scale=1) + WhiteKernel(noise_level=1),validation,0.9297820823244553,1.0,0.9297820823244553,0.9636135508155584,0.5,0.0,2,2
gpc,PR,ECFP4,minmax,4,RBF(length_scale=1) + WhiteKernel(noise_level=1),test,0.9178743961352656,1.0,0.9178743961352656,0.9571788413098236,0.5,0.0,2,3
gpc,PR,ECFP4,minmax,1,RBF(length_scale=2),train,0.9298952457695407,1.0,0.9298952457695407,0.9636743215031316,0.5,0.0,2,1
gpc,PR,ECFP4,minmax,1,RBF(length_scale=2),validation,0.929951690821256,1.0,0.929951690821256,0.9637046307884856,0.5,0.0,2,2
gpc,PR,ECFP4,minmax,1,RBF(length_scale=2),test,0.9178743961352656,1.0,0.9178743961352656,0.9571788413098236,0.5,0.0,2,3
gpc,PR,ECFP4,minmax,2,RBF(length_scale=2),train,0.9298952457695407,1.0,0.9298952457695407,0.9636743215031316,0.5,0.0,2,1
gpc,PR,ECFP4,minmax,2,RBF(length_scale=2),validation,0.929951690821256,1.0,0.929951690821256,0.9637046307884856,0.5,0.0,2,2
gpc,PR,ECFP4,minmax,2,RBF(length_scale=2),test,0.9178743961352656,1.0,0.9178743961352656,0.9571788413098236,0.5,0.0,2,3
gpc,PR,ECFP4,minmax,3,RBF(length_scale=2),train,0.9298952457695407,1.0,0.9298952457695407,0.9636743215031316,0.5,0.0,2,1
gpc,PR,ECFP4,minmax,3,RBF(length_scale=2),validation,0.929951690821256,1.0,0.929951690821256,0.9637046307884856,0.5,0.0,2,2
gpc,PR,ECFP4,minmax,3,RBF(length_scale=2),test,0.9178743961352656,1.0,0.9178743961352656,0.9571788413098236,0.5,0.0,2,3
gpc,PR,ECFP4,minmax,4,RBF(length_scale=2),train,0.929951690821256,1.0,0.929951690821256,0.9637046307884856,0.5,0.0,2,1
gpc,PR,ECFP4,minmax,4,RBF(length_scale=2),validation,0.9297820823244553,1.0,0.9297820823244553,0.9636135508155584,0.5,0.0,2,2
gpc,PR,ECFP4,minmax,4,RBF(length_scale=2),test,0.9178743961352656,1.0,0.9178743961352656,0.9571788413098236,0.5,0.0,2,3
gpc,PR,ECFP4,minmax,1,"RationalQuadratic(alpha=1, length_scale=1)",train,0.9298952457695407,1.0,0.9298952457695407,0.9636743215031316,0.5,0.0,2,1
gpc,PR,ECFP4,minmax,1,"RationalQuadratic(alpha=1, length_scale=1)",validation,0.929951690821256,1.0,0.929951690821256,0.9637046307884856,0.5,0.0,2,2
gpc,PR,ECFP4,minmax,1,"RationalQuadratic(alpha=1, length_scale=1)",test,0.9178743961352656,1.0,0.9178743961352656,0.9571788413098236,0.5,0.0,2,3
gpc,PR,ECFP4,minmax,2,"RationalQuadratic(alpha=1, length_scale=1)",train,0.9298952457695407,1.0,0.9298952457695407,0.9636743215031316,0.5,0.0,2,1
gpc,PR,ECFP4,minmax,2,"RationalQuadratic(alpha=1, length_scale=1)",validation,0.929951690821256,1.0,0.929951690821256,0.9637046307884856,0.5,0.0,2,2
gpc,PR,ECFP4,minmax,2,"RationalQuadratic(alpha=1, length_scale=1)",test,0.9178743961352656,1.0,0.9178743961352656,0.9571788413098236,0.5,0.0,2,3
gpc,PR,ECFP4,minmax,3,"RationalQuadratic(alpha=1, length_scale=1)",train,0.9298952457695407,1.0,0.9298952457695407,0.9636743215031316,0.5,0.0,2,1
gpc,PR,ECFP4,minmax,3,"RationalQuadratic(alpha=1, length_scale=1)",validation,0.929951690821256,1.0,0.929951690821256,0.9637046307884856,0.5,0.0,2,2
gpc,PR,ECFP4,minmax,3,"RationalQuadratic(alpha=1, length_scale=1)",test,0.9178743961352656,1.0,0.9178743961352656,0.9571788413098236,0.5,0.0,2,3
gpc,PR,ECFP4,minmax,4,"RationalQuadratic(alpha=1, length_scale=1)",train,0.929951690821256,1.0,0.929951690821256,0.9637046307884856,0.5,0.0,2,1
gpc,PR,ECFP4,minmax,4,"RationalQuadratic(alpha=1, length_scale=1)",validation,0.9297820823244553,1.0,0.9297820823244553,0.9636135508155584,0.5,0.0,2,2
gpc,PR,ECFP4,minmax,4,"RationalQuadratic(alpha=1, length_scale=1)",test,0.9178743961352656,1.0,0.9178743961352656,0.9571788413098236,0.5,0.0,2,3
gpc,PR,ECFP4,std,1,DotProduct(sigma_0=1),train,0.9298952457695407,1.0,0.9298952457695407,0.9636743215031316,0.5,0.0,2,1
gpc,PR,ECFP4,std,1,DotProduct(sigma_0=1),validation,0.929951690821256,1.0,0.929951690821256,0.9637046307884856,0.5,0.0,2,2
gpc,PR,ECFP4,std,1,DotProduct(sigma_0=1),test,0.9178743961352656,1.0,0.9178743961352656,0.9571788413098236,0.5,0.0,2,3
gpc,PR,ECFP4,std,2,DotProduct(sigma_0=1),train,0.9316017316017317,0.9324090121317158,0.8734891216760677,0.9320051970550022,0.5121815175601108,0.0244936610828873,2,1
gpc,PR,ECFP4,std,2,DotProduct(sigma_0=1),validation,0.9362244897959184,0.9532467532467532,0.8961352657004831,0.9446589446589446,0.545588893864756,0.1037442511923186,2,2
gpc,PR,ECFP4,std,2,DotProduct(sigma_0=1),test,0.917948717948718,0.9421052631578948,0.8695652173913043,0.9298701298701298,0.5004643962848297,0.0010912193659808,2,3
gpc,PR,ECFP4,std,3,DotProduct(sigma_0=1),train,0.9285714285714286,0.9462738301559792,0.8823529411764706,0.9373390557939916,0.4903782943883344,-0.0220538416612221,2,1
gpc,PR,ECFP4,std,3,DotProduct(sigma_0=1),validation,0.9335038363171356,0.948051948051948,0.8888888888888888,0.940721649484536,0.5257501119570085,0.0573833877653917,2,2
gpc,PR,ECFP4,std,3,DotProduct(sigma_0=1),test,0.9149484536082474,0.9342105263157896,0.8599033816425121,0.9244791666666666,0.4818111455108359,-0.0411684071805472,2,3
gpc,PR,ECFP4,std,4,DotProduct(sigma_0=1),train,0.9327086882453152,0.948051948051948,0.8880837359098228,0.9403177329325892,0.5200029855202268,0.0448835221318092,2,1
gpc,PR,ECFP4,std,4,DotProduct(sigma_0=1),validation,0.9312169312169312,0.9166666666666666,0.8595641646489104,0.9238845144356956,0.5100574712643677,0.0184545510786088,2,2
gpc,PR,ECFP4,std,4,DotProduct(sigma_0=1),test,0.9177377892030848,0.9394736842105263,0.8671497584541062,0.9284785435630688,0.4991486068111455,-0.001962666993785,2,3
gpc,PR,ECFP4,std,1,"Matern(length_scale=1, nu=0.5)",train,0.9298952457695407,1.0,0.9298952457695407,0.9636743215031316,0.5,0.0,2,1
gpc,PR,ECFP4,std,1,"Matern(length_scale=1, nu=0.5)",validation,0.929951690821256,1.0,0.929951690821256,0.9637046307884856,0.5,0.0,2,2
gpc,PR,ECFP4,std,1,"Matern(length_scale=1, nu=0.5)",test,0.9178743961352656,1.0,0.9178743961352656,0.9571788413098236,0.5,0.0,2,3
gpc,PR,ECFP4,std,2,"Matern(length_scale=1, nu=0.5)",train,0.9298952457695407,1.0,0.9298952457695407,0.9636743215031316,0.5,0.0,2,1
gpc,PR,ECFP4,std,2,"Matern(length_scale=1, nu=0.5)",validation,0.929951690821256,1.0,0.929951690821256,0.9637046307884856,0.5,0.0,2,2
gpc,PR,ECFP4,std,2,"Matern(length_scale=1, nu=0.5)",test,0.9178743961352656,1.0,0.9178743961352656,0.9571788413098236,0.5,0.0,2,3
gpc,PR,ECFP4,std,3,"Matern(length_scale=1, nu=0.5)",train,0.9298952457695407,1.0,0.9298952457695407,0.9636743215031316,0.5,0.0,2,1
gpc,PR,ECFP4,std,3,"Matern(length_scale=1, nu=0.5)",validation,0.929951690821256,1.0,0.929951690821256,0.9637046307884856,0.5,0.0,2,2
gpc,PR,ECFP4,std,3,"Matern(length_scale=1, nu=0.5)",test,0.9178743961352656,1.0,0.9178743961352656,0.9571788413098236,0.5,0.0,2,3
gpc,PR,ECFP4,std,4,"Matern(length_scale=1, nu=0.5)",train,0.929951690821256,1.0,0.929951690821256,0.9637046307884856,0.5,0.0,2,1
gpc,PR,ECFP4,std,4,"Matern(length_scale=1, nu=0.5)",validation,0.9297820823244553,1.0,0.9297820823244553,0.9636135508155584,0.5,0.0,2,2
gpc,PR,ECFP4,std,4,"Matern(length_scale=1, nu=0.5)",test,0.9178743961352656,1.0,0.9178743961352656,0.9571788413098236,0.5,0.0,2,3
gpc,PR,ECFP4,std,1,"Matern(length_scale=1, nu=1.5)",train,0.9296685529506872,0.9965337954939342,0.9266720386784852,0.9619406106231704,0.4982668977469671,-0.0156135575280094,2,1
gpc,PR,ECFP4,std,1,"Matern(length_scale=1, nu=1.5)",validation,0.9297820823244553,0.9974025974025974,0.927536231884058,0.962406015037594,0.4987012987012987,-0.0135049695206861,2,2
gpc,PR,ECFP4,std,1,"Matern(length_scale=1, nu=1.5)",test,0.9174757281553398,0.9947368421052633,0.9130434782608696,0.9545454545454546,0.4973684210526315,-0.0208407838832092,2,3
gpc,PR,ECFP4,std,2,"Matern(length_scale=1, nu=1.5)",train,0.9280205655526992,0.938474870017331,0.8751007252215954,0.933218440327445,0.4864788143190103,-0.0291578847695864,2,1
gpc,PR,ECFP4,std,2,"Matern(length_scale=1, nu=1.5)",validation,0.9355670103092784,0.9428571428571428,0.8864734299516909,0.9391979301423028,0.5403940886699508,0.0849913322775374,2,2
gpc,PR,ECFP4,std,2,"Matern(length_scale=1, nu=1.5)",test,0.9205128205128204,0.9447368421052632,0.8743961352657005,0.9324675324675324,0.5164860681114551,0.0387382874923192,2,3
gpc,PR,ECFP4,std,3,"Matern(length_scale=1, nu=1.5)",train,0.9296685529506872,0.9965337954939342,0.9266720386784852,0.9619406106231704,0.4982668977469671,-0.0156135575280094,2,1
gpc,PR,ECFP4,std,3,"Matern(length_scale=1, nu=1.5)",validation,0.9297820823244553,0.9974025974025974,0.927536231884058,0.962406015037594,0.4987012987012987,-0.0135049695206861,2,2
gpc,PR,ECFP4,std,3,"Matern(length_scale=1, nu=1.5)",test,0.9174757281553398,0.9947368421052633,0.9130434782608696,0.9545454545454546,0.4973684210526315,-0.0208407838832092,2,3
gpc,PR,ECFP4,std,4,"Matern(length_scale=1, nu=1.5)",train,0.927487352445194,0.9523809523809524,0.8864734299516909,0.9397693293464332,0.4819376026272577,-0.0444344335950616,2,1
gpc,PR,ECFP4,std,4,"Matern(length_scale=1, nu=1.5)",validation,0.931758530183727,0.9244791666666666,0.8668280871670703,0.9281045751633988,0.5139637212643677,0.026690597795826,2,2
gpc,PR,ECFP4,std,4,"Matern(length_scale=1, nu=1.5)",test,0.917312661498708,0.9342105263157896,0.8623188405797102,0.9256844850065188,0.4965170278637771,-0.0077459357087339,2,3
gpc,PR,ECFP4,std,1,"Matern(length_scale=1, nu=2.5)",train,0.9302325581395348,0.9358752166377816,0.8751007252215954,0.9330453563714904,0.5024203669395805,0.0050328343367058,2,1
gpc,PR,ECFP4,std,1,"Matern(length_scale=1, nu=2.5)",validation,0.9269521410579346,0.9558441558441558,0.8888888888888888,0.9411764705882352,0.4779220779220779,-0.056793396406307,2,2
gpc,PR,ECFP4,std,1,"Matern(length_scale=1, nu=2.5)",test,0.9192708333333334,0.9289473684210526,0.8599033816425121,0.9240837696335078,0.5085913312693499,0.0181968191178071,2,3
gpc,PR,ECFP4,std,2,"Matern(length_scale=1, nu=2.5)",train,0.9296137339055794,0.938474870017331,0.8767123287671232,0.9340232858990944,0.4979730671925735,-0.0043168019053886,2,1
gpc,PR,ECFP4,std,2,"Matern(length_scale=1, nu=2.5)",validation,0.9355670103092784,0.9428571428571428,0.8864734299516909,0.9391979301423028,0.5403940886699508,0.0849913322775374,2,2
gpc,PR,ECFP4,std,2,"Matern(length_scale=1, nu=2.5)",test,0.9205128205128204,0.9447368421052632,0.8743961352657005,0.9324675324675324,0.5164860681114551,0.0387382874923192,2,3
gpc,PR,ECFP4,std,3,"Matern(length_scale=1, nu=2.5)",train,0.9293617021276596,0.9462738301559792,0.8831587429492345,0.9377415199656504,0.496125420825116,-0.0088171080961302,2,1
gpc,PR,ECFP4,std,3,"Matern(length_scale=1, nu=2.5)",validation,0.9263959390862944,0.948051948051948,0.8816425120772947,0.9370988446726572,0.474025974025974,-0.0618351645904881,2,2
gpc,PR,ECFP4,std,3,"Matern(length_scale=1, nu=2.5)",test,0.9192708333333334,0.9289473684210526,0.8599033816425121,0.9240837696335078,0.5085913312693499,0.0181968191178071,2,3
gpc,PR,ECFP4,std,4,"Matern(length_scale=1, nu=2.5)",train,0.9274261603375528,0.9515151515151516,0.8856682769726248,0.9393162393162392,0.4815047021943573,-0.0451175324809546,2,1
gpc,PR,ECFP4,std,4,"Matern(length_scale=1, nu=2.5)",validation,0.931758530183727,0.9244791666666666,0.8668280871670703,0.9281045751633988,0.5139637212643677,0.026690597795826,2,2
gpc,PR,ECFP4,std,4,"Matern(length_scale=1, nu=2.5)",test,0.917312661498708,0.9342105263157896,0.8623188405797102,0.9256844850065188,0.4965170278637771,-0.0077459357087339,2,3
gpc,PR,ECFP4,std,1,RBF(length_scale=0.5),train,0.970873786407767,0.6932409012131716,0.6954069298952458,0.8088978766430738,0.7086894161238271,0.225611543658573,2,1
gpc,PR,ECFP4,std,1,RBF(length_scale=0.5),validation,0.9753521126760564,0.7194805194805195,0.7222222222222222,0.828101644245142,0.7390506045678459,0.2629168131937862,2,2
gpc,PR,ECFP4,std,1,RBF(length_scale=0.5),test,0.9672727272727272,0.7,0.7028985507246377,0.8122137404580153,0.7176470588235294,0.2530697920031434,2,3
gpc,PR,ECFP4,std,2,RBF(length_scale=0.5),train,0.9754204398447608,0.6533795493934142,0.6623690572119258,0.7825635703165542,0.7174943723978565,0.2291542293173025,2,1
gpc,PR,ECFP4,std,2,RBF(length_scale=0.5),validation,0.9659863945578232,0.7376623376623377,0.7318840579710145,0.8365243004418262,0.6964173757277206,0.2209911975783889,2,2
gpc,PR,ECFP4,std,2,RBF(length_scale=0.5),test,0.9657794676806084,0.6684210526315789,0.6739130434782609,0.7900466562986003,0.701857585139319,0.2302713876007136,2,3
gpc,PR,ECFP4,std,3,RBF(length_scale=0.5),train,0.9802224969097652,0.6871750433275563,0.6962127316680097,0.8079470198675497,0.7516334986752724,0.269739686355511,2,1
gpc,PR,ECFP4,std,3,RBF(length_scale=0.5),validation,0.9888475836431226,0.6909090909090909,0.7053140096618358,0.8134556574923547,0.793730407523511,0.3143027103224238,2,2
gpc,PR,ECFP4,std,3,RBF(length_scale=0.5),test,0.9737827715355806,0.6842105263157895,0.6932367149758454,0.80370942812983,0.7391640866873066,0.2744371624020554,2,3
gpc,PR,ECFP4,std,4,RBF(length_scale=0.5),train,0.9766839378238342,0.6528138528138528,0.6626409017713365,0.7825635703165542,0.7229586505448575,0.2346644824492932,2,1
gpc,PR,ECFP4,std,4,RBF(length_scale=0.5),validation,0.9631147540983608,0.6119791666666666,0.6174334140435835,0.7484076433121019,0.6508171695402298,0.1567498475898799,2,2
gpc,PR,ECFP4,std,4,RBF(length_scale=0.5),test,0.971326164874552,0.7131578947368421,0.717391304347826,0.8224582701062215,0.7389318885448917,0.279876466640398,2,3
gpc,PR,ECFP4,std,1,RBF(length_scale=1),train,0.92988606485539,0.9194107452339688,0.8605962933118453,0.9246187363834424,0.4999352576744557,-0.0001214613207838,2,1
gpc,PR,ECFP4,std,1,RBF(length_scale=1),validation,0.9282051282051282,0.9402597402597402,0.8768115942028986,0.9341935483870968,0.4873712494402149,-0.0275855609831715,2,2
gpc,PR,ECFP4,std,1,RBF(length_scale=1),test,0.920424403183024,0.913157894736842,0.8478260869565217,0.916776750330251,0.5154024767801858,0.0296469675562964,2,3
gpc,PR,ECFP4,std,2,RBF(length_scale=1),train,0.9303571428571428,0.902946273830156,0.846897663174859,0.9164467897977132,0.5031972748461124,0.0055039033739275,2,1
gpc,PR,ECFP4,std,2,RBF(length_scale=1),validation,0.936842105263158,0.9246753246753248,0.8719806763285024,0.930718954248366,0.5485445588893865,0.0902544578250306,2,2
gpc,PR,ECFP4,std,2,RBF(length_scale=1),test,0.920424403183024,0.913157894736842,0.8478260869565217,0.916776750330251,0.5154024767801858,0.0296469675562964,2,3
gpc,PR,ECFP4,std,3,RBF(length_scale=1),train,0.9293809938971228,0.9237435008665512,0.8638195004029009,0.9265536723163842,0.4963545090539652,-0.0070356287447512,2,1
gpc,PR,ECFP4,std,3,RBF(length_scale=1),validation,0.926509186351706,0.9168831168831169,0.855072463768116,0.9216710182767625,0.4756829377519032,-0.0458301214478882,2,2
gpc,PR,ECFP4,std,3,RBF(length_scale=1),test,0.9202127659574468,0.9105263157894736,0.8454106280193237,0.9153439153439152,0.5140866873065016,0.0267907212724837,2,3
gpc,PR,ECFP4,std,4,RBF(length_scale=1),train,0.927461139896373,0.9298701298701298,0.8671497584541062,0.9286640726329444,0.4821764442454097,-0.036231060011197,2,1
gpc,PR,ECFP4,std,4,RBF(length_scale=1),validation,0.9299191374663072,0.8984375,0.8426150121065376,0.913907284768212,0.5009428879310345,0.0015942010234151,2,2
gpc,PR,ECFP4,std,4,RBF(length_scale=1),test,0.917989417989418,0.913157894736842,0.8454106280193237,0.9155672823218998,0.5006965944272446,0.0013575133148952,2,3
gpc,PR,ECFP4,std,1,RBF(length_scale=1) + WhiteKernel(noise_level=1),train,0.9298245614035088,0.9185441941074524,0.8597904915390814,0.9241499564080208,0.4995019821111974,-0.0009300886758481,2,1
gpc,PR,ECFP4,std,1,RBF(length_scale=1) + WhiteKernel(noise_level=1),validation,0.9280205655526992,0.9376623376623376,0.8743961352657005,0.9328165374677002,0.4860725481415136,-0.02984600588777,2,2
gpc,PR,ECFP4,std,1,RBF(length_scale=1) + WhiteKernel(noise_level=1),test,0.920424403183024,0.913157894736842,0.8478260869565217,0.916776750330251,0.5154024767801858,0.0296469675562964,2,3
gpc,PR,ECFP4,std,2,RBF(length_scale=1) + WhiteKernel(noise_level=1),train,0.9303571428571428,0.902946273830156,0.846897663174859,0.9164467897977132,0.5031972748461124,0.0055039033739275,2,1
gpc,PR,ECFP4,std,2,RBF(length_scale=1) + WhiteKernel(noise_level=1),validation,0.936842105263158,0.9246753246753248,0.8719806763285024,0.930718954248366,0.5485445588893865,0.0902544578250306,2,2
gpc,PR,ECFP4,std,2,RBF(length_scale=1) + WhiteKernel(noise_level=1),test,0.920424403183024,0.913157894736842,0.8478260869565217,0.916776750330251,0.5154024767801858,0.0296469675562964,2,3
gpc,PR,ECFP4,std,3,RBF(length_scale=1) + WhiteKernel(noise_level=1),train,0.9293809938971228,0.9237435008665512,0.8638195004029009,0.9265536723163842,0.4963545090539652,-0.0070356287447512,2,1
gpc,PR,ECFP4,std,3,RBF(length_scale=1) + WhiteKernel(noise_level=1),validation,0.926509186351706,0.9168831168831169,0.855072463768116,0.9216710182767625,0.4756829377519032,-0.0458301214478882,2,2
gpc,PR,ECFP4,std,3,RBF(length_scale=1) + WhiteKernel(noise_level=1),test,0.9202127659574468,0.9105263157894736,0.8454106280193237,0.9153439153439152,0.5140866873065016,0.0267907212724837,2,3
gpc,PR,ECFP4,std,4,RBF(length_scale=1) + WhiteKernel(noise_level=1),train,0.9273356401384084,0.9281385281385282,0.8655394524959742,0.927736910428386,0.4813106433796089,-0.037579138743042,2,1
gpc,PR,ECFP4,std,4,RBF(length_scale=1) + WhiteKernel(noise_level=1),validation,0.9293478260869564,0.890625,0.8353510895883777,0.9095744680851064,0.4970366379310345,-0.0048601442364399,2,2
gpc,PR,ECFP4,std,4,RBF(length_scale=1) + WhiteKernel(noise_level=1),test,0.917989417989418,0.913157894736842,0.8454106280193237,0.9155672823218998,0.5006965944272446,0.0013575133148952,2,3
gpc,PR,ECFP4,std,1,RBF(length_scale=2),train,0.9296685529506872,0.9965337954939342,0.9266720386784852,0.9619406106231704,0.4982668977469671,-0.0156135575280094,2,1
gpc,PR,ECFP4,std,1,RBF(length_scale=2),validation,0.9297820823244553,0.9974025974025974,0.927536231884058,0.962406015037594,0.4987012987012987,-0.0135049695206861,2,2
gpc,PR,ECFP4,std,1,RBF(length_scale=2),test,0.9174757281553398,0.9947368421052633,0.9130434782608696,0.9545454545454546,0.4973684210526315,-0.0208407838832092,2,3
gpc,PR,ECFP4,std,2,RBF(length_scale=2),train,0.9297820823244553,0.9982668977469672,0.9282836422240128,0.9628081905557876,0.4991334488734835,-0.0110315380308807,2,1
gpc,PR,ECFP4,std,2,RBF(length_scale=2),validation,0.929951690821256,1.0,0.929951690821256,0.9637046307884856,0.5,0.0,2,2
gpc,PR,ECFP4,std,2,RBF(length_scale=2),test,0.9176755447941888,0.9973684210526316,0.9154589371980676,0.9558638083228248,0.4986842105263158,-0.0147188078040711,2,3
gpc,PR,ECFP4,std,3,RBF(length_scale=2),train,0.9293831168831168,0.9922010398613518,0.9226430298146656,0.9597652975691534,0.4961005199306759,-0.0234678132032822,2,1
gpc,PR,ECFP4,std,3,RBF(length_scale=2),validation,0.9297820823244553,0.9974025974025974,0.927536231884058,0.962406015037594,0.4987012987012987,-0.0135049695206861,2,2
gpc,PR,ECFP4,std,3,RBF(length_scale=2),test,0.9170731707317074,0.9894736842105264,0.9082125603864736,0.9518987341772152,0.4947368421052631,-0.0295451179096956,2,3
gpc,PR,ECFP4,std,4,RBF(length_scale=2),train,0.9297253634894992,0.9965367965367964,0.926731078904992,0.9619724195570414,0.4982683982683982,-0.0156004924453855,2,1
gpc,PR,ECFP4,std,4,RBF(length_scale=2),validation,0.9296116504854368,0.9973958333333334,0.927360774818402,0.9623115577889448,0.4986979166666667,-0.0135389435897897,2,2
gpc,PR,ECFP4,std,4,RBF(length_scale=2),test,0.9174757281553398,0.9947368421052633,0.9130434782608696,0.9545454545454546,0.4973684210526315,-0.0208407838832092,2,3
gpc,PR,ECFP4,std,1,"RationalQuadratic(alpha=1, length_scale=1)",train,0.9296685529506872,0.9965337954939342,0.9266720386784852,0.9619406106231704,0.4982668977469671,-0.0156135575280094,2,1
gpc,PR,ECFP4,std,1,"RationalQuadratic(alpha=1, length_scale=1)",validation,0.9297820823244553,0.9974025974025974,0.927536231884058,0.962406015037594,0.4987012987012987,-0.0135049695206861,2,2
gpc,PR,ECFP4,std,1,"RationalQuadratic(alpha=1, length_scale=1)",test,0.9174757281553398,0.9947368421052633,0.9130434782608696,0.9545454545454546,0.4973684210526315,-0.0208407838832092,2,3
gpc,PR,ECFP4,std,2,"RationalQuadratic(alpha=1, length_scale=1)",train,0.9297820823244553,0.9982668977469672,0.9282836422240128,0.9628081905557876,0.4991334488734835,-0.0110315380308807,2,1
gpc,PR,ECFP4,std,2,"RationalQuadratic(alpha=1, length_scale=1)",validation,0.929951690821256,1.0,0.929951690821256,0.9637046307884856,0.5,0.0,2,2
gpc,PR,ECFP4,std,2,"RationalQuadratic(alpha=1, length_scale=1)",test,0.9176755447941888,0.9973684210526316,0.9154589371980676,0.9558638083228248,0.4986842105263158,-0.0147188078040711,2,3
gpc,PR,ECFP4,std,3,"RationalQuadratic(alpha=1, length_scale=1)",train,0.9293831168831168,0.9922010398613518,0.9226430298146656,0.9597652975691534,0.4961005199306759,-0.0234678132032822,2,1
gpc,PR,ECFP4,std,3,"RationalQuadratic(alpha=1, length_scale=1)",validation,0.9297820823244553,0.9974025974025974,0.927536231884058,0.962406015037594,0.4987012987012987,-0.0135049695206861,2,2
gpc,PR,ECFP4,std,3,"RationalQuadratic(alpha=1, length_scale=1)",test,0.9170731707317074,0.9894736842105264,0.9082125603864736,0.9518987341772152,0.4947368421052631,-0.0295451179096956,2,3
gpc,PR,ECFP4,std,4,"RationalQuadratic(alpha=1, length_scale=1)",train,0.9297253634894992,0.9965367965367964,0.926731078904992,0.9619724195570414,0.4982683982683982,-0.0156004924453855,2,1
gpc,PR,ECFP4,std,4,"RationalQuadratic(alpha=1, length_scale=1)",validation,0.9296116504854368,0.9973958333333334,0.927360774818402,0.9623115577889448,0.4986979166666667,-0.0135389435897897,2,2
gpc,PR,ECFP4,std,4,"RationalQuadratic(alpha=1, length_scale=1)",test,0.9174757281553398,0.9947368421052633,0.9130434782608696,0.9545454545454546,0.4973684210526315,-0.0208407838832092,2,3
gpc,PR,MIX,minmax,1,DotProduct(sigma_0=1),train,1.0,1.0,1.0,1.0,1.0,1.0,3,1
gpc,PR,MIX,minmax,1,DotProduct(sigma_0=1),validation,0.9692307692307692,0.9818181818181818,0.9541062801932368,0.975483870967742,0.7840125391849531,0.620381658706646,3,2
gpc,PR,MIX,minmax,1,DotProduct(sigma_0=1),test,0.9713541666666666,0.9815789473684212,0.9565217391304348,0.9764397905759162,0.8290247678018576,0.6968889916198037,3,3
gpc,PR,MIX,minmax,2,DotProduct(sigma_0=1),train,1.0,1.0,1.0,1.0,1.0,1.0,3,1
gpc,PR,MIX,minmax,2,DotProduct(sigma_0=1),validation,0.9646464646464646,0.9922077922077922,0.9589371980676328,0.9782330345710628,0.7547245857590684,0.6375971666883553,3,2
gpc,PR,MIX,minmax,2,DotProduct(sigma_0=1),test,0.9766233766233766,0.9894736842105264,0.9685990338164252,0.9830065359477124,0.8623839009287926,0.7796519770051542,3,3
gpc,PR,MIX,minmax,3,DotProduct(sigma_0=1),train,0.9982698961937716,1.0,0.9983883964544722,0.9991341991341992,0.9885057471264368,0.98758349669683,3,1
gpc,PR,MIX,minmax,3,DotProduct(sigma_0=1),validation,0.967005076142132,0.9896103896103896,0.9589371980676328,0.9781771501925546,0.770667263770712,0.6443650599739832,3,2
gpc,PR,MIX,minmax,3,DotProduct(sigma_0=1),test,0.9540816326530612,0.9842105263157894,0.9420289855072465,0.9689119170984456,0.7273993808049535,0.5566678714563644,3,3
gpc,PR,MIX,minmax,4,DotProduct(sigma_0=1),train,0.9982713915298184,1.0,0.998389694041868,0.999134948096886,0.9885057471264368,0.98758423636085,3,1
gpc,PR,MIX,minmax,4,DotProduct(sigma_0=1),validation,0.9694656488549618,0.9921875,0.9636803874092008,0.9806949806949808,0.7891971982758621,0.6884579431340253,3,2
gpc,PR,MIX,minmax,4,DotProduct(sigma_0=1),test,0.9686684073107048,0.9763157894736842,0.9492753623188406,0.9724770642201837,0.811687306501548,0.6502796069229748,3,3
gpc,PR,MIX,minmax,1,"Matern(length_scale=1, nu=0.5)",train,0.9298952457695407,1.0,0.9298952457695407,0.9636743215031316,0.5,0.0,3,1
gpc,PR,MIX,minmax,1,"Matern(length_scale=1, nu=0.5)",validation,0.929951690821256,1.0,0.929951690821256,0.9637046307884856,0.5,0.0,3,2
gpc,PR,MIX,minmax,1,"Matern(length_scale=1, nu=0.5)",test,0.9178743961352656,1.0,0.9178743961352656,0.9571788413098236,0.5,0.0,3,3
gpc,PR,MIX,minmax,2,"Matern(length_scale=1, nu=0.5)",train,0.9298952457695407,1.0,0.9298952457695407,0.9636743215031316,0.5,0.0,3,1
gpc,PR,MIX,minmax,2,"Matern(length_scale=1, nu=0.5)",validation,0.929951690821256,1.0,0.929951690821256,0.9637046307884856,0.5,0.0,3,2
gpc,PR,MIX,minmax,2,"Matern(length_scale=1, nu=0.5)",test,0.9178743961352656,1.0,0.9178743961352656,0.9571788413098236,0.5,0.0,3,3
gpc,PR,MIX,minmax,3,"Matern(length_scale=1, nu=0.5)",train,0.9298952457695407,1.0,0.9298952457695407,0.9636743215031316,0.5,0.0,3,1
gpc,PR,MIX,minmax,3,"Matern(length_scale=1, nu=0.5)",validation,0.929951690821256,1.0,0.929951690821256,0.9637046307884856,0.5,0.0,3,2
gpc,PR,MIX,minmax,3,"Matern(length_scale=1, nu=0.5)",test,0.9178743961352656,1.0,0.9178743961352656,0.9571788413098236,0.5,0.0,3,3
gpc,PR,MIX,minmax,4,"Matern(length_scale=1, nu=0.5)",train,0.929951690821256,1.0,0.929951690821256,0.9637046307884856,0.5,0.0,3,1
gpc,PR,MIX,minmax,4,"Matern(length_scale=1, nu=0.5)",validation,0.9297820823244553,1.0,0.9297820823244553,0.9636135508155584,0.5,0.0,3,2
gpc,PR,MIX,minmax,4,"Matern(length_scale=1, nu=0.5)",test,0.9178743961352656,1.0,0.9178743961352656,0.9571788413098236,0.5,0.0,3,3
gpc,PR,MIX,minmax,1,"Matern(length_scale=1, nu=1.5)",train,0.9313962873284908,1.0,0.9315068493150684,0.9644797325532805,0.5114942528735632,0.1463263780188085,3,1
gpc,PR,MIX,minmax,1,"Matern(length_scale=1, nu=1.5)",validation,0.929951690821256,1.0,0.929951690821256,0.9637046307884856,0.5,0.0,3,2
gpc,PR,MIX,minmax,1,"Matern(length_scale=1, nu=1.5)",test,0.9178743961352656,1.0,0.9178743961352656,0.9571788413098236,0.5,0.0,3,3
gpc,PR,MIX,minmax,2,"Matern(length_scale=1, nu=1.5)",train,0.9298952457695407,1.0,0.9298952457695407,0.9636743215031316,0.5,0.0,3,1
gpc,PR,MIX,minmax,2,"Matern(length_scale=1, nu=1.5)",validation,0.929951690821256,1.0,0.929951690821256,0.9637046307884856,0.5,0.0,3,2
gpc,PR,MIX,minmax,2,"Matern(length_scale=1, nu=1.5)",test,0.9178743961352656,1.0,0.9178743961352656,0.9571788413098236,0.5,0.0,3,3
gpc,PR,MIX,minmax,3,"Matern(length_scale=1, nu=1.5)",train,0.9336569579288024,1.0,0.9339242546333602,0.9656903765690376,0.5287356321839081,0.2316429274939711,3,1
gpc,PR,MIX,minmax,3,"Matern(length_scale=1, nu=1.5)",validation,0.929951690821256,1.0,0.929951690821256,0.9637046307884856,0.5,0.0,3,2
gpc,PR,MIX,minmax,3,"Matern(length_scale=1, nu=1.5)",test,0.9178743961352656,1.0,0.9178743961352656,0.9571788413098236,0.5,0.0,3,3
gpc,PR,MIX,minmax,4,"Matern(length_scale=1, nu=1.5)",train,0.9314516129032258,1.0,0.931561996779388,0.964509394572025,0.5114942528735632,0.1463307238976012,3,1
gpc,PR,MIX,minmax,4,"Matern(length_scale=1, nu=1.5)",validation,0.9297820823244553,1.0,0.9297820823244553,0.9636135508155584,0.5,0.0,3,2
gpc,PR,MIX,minmax,4,"Matern(length_scale=1, nu=1.5)",test,0.9178743961352656,1.0,0.9178743961352656,0.9571788413098236,0.5,0.0,3,3
gpc,PR,MIX,minmax,1,"Matern(length_scale=1, nu=2.5)",train,0.9298952457695407,1.0,0.9298952457695407,0.9636743215031316,0.5,0.0,3,1
gpc,PR,MIX,minmax,1,"Matern(length_scale=1, nu=2.5)",validation,0.929951690821256,1.0,0.929951690821256,0.9637046307884856,0.5,0.0,3,2
gpc,PR,MIX,minmax,1,"Matern(length_scale=1, nu=2.5)",test,0.9178743961352656,1.0,0.9178743961352656,0.9571788413098236,0.5,0.0,3,3
gpc,PR,MIX,minmax,2,"Matern(length_scale=1, nu=2.5)",train,0.9298952457695407,1.0,0.9298952457695407,0.9636743215031316,0.5,0.0,3,1
gpc,PR,MIX,minmax,2,"Matern(length_scale=1, nu=2.5)",validation,0.929951690821256,1.0,0.929951690821256,0.9637046307884856,0.5,0.0,3,2
gpc,PR,MIX,minmax,2,"Matern(length_scale=1, nu=2.5)",test,0.9178743961352656,1.0,0.9178743961352656,0.9571788413098236,0.5,0.0,3,3
gpc,PR,MIX,minmax,3,"Matern(length_scale=1, nu=2.5)",train,0.9298952457695407,1.0,0.9298952457695407,0.9636743215031316,0.5,0.0,3,1
gpc,PR,MIX,minmax,3,"Matern(length_scale=1, nu=2.5)",validation,0.929951690821256,1.0,0.929951690821256,0.9637046307884856,0.5,0.0,3,2
gpc,PR,MIX,minmax,3,"Matern(length_scale=1, nu=2.5)",test,0.9178743961352656,1.0,0.9178743961352656,0.9571788413098236,0.5,0.0,3,3
gpc,PR,MIX,minmax,4,"Matern(length_scale=1, nu=2.5)",train,0.929951690821256,1.0,0.929951690821256,0.9637046307884856,0.5,0.0,3,1
gpc,PR,MIX,minmax,4,"Matern(length_scale=1, nu=2.5)",validation,0.9297820823244553,1.0,0.9297820823244553,0.9636135508155584,0.5,0.0,3,2
gpc,PR,MIX,minmax,4,"Matern(length_scale=1, nu=2.5)",test,0.9178743961352656,1.0,0.9178743961352656,0.9571788413098236,0.5,0.0,3,3
gpc,PR,MIX,minmax,1,RBF(length_scale=0.5),train,0.9336569579288024,1.0,0.9339242546333602,0.9656903765690376,0.5287356321839081,0.2316429274939711,3,1
gpc,PR,MIX,minmax,1,RBF(length_scale=0.5),validation,0.929951690821256,1.0,0.929951690821256,0.9637046307884856,0.5,0.0,3,2
gpc,PR,MIX,minmax,1,RBF(length_scale=0.5),test,0.9178743961352656,1.0,0.9178743961352656,0.9571788413098236,0.5,0.0,3,3
gpc,PR,MIX,minmax,2,RBF(length_scale=0.5),train,0.9298952457695407,1.0,0.9298952457695407,0.9636743215031316,0.5,0.0,3,1
gpc,PR,MIX,minmax,2,RBF(length_scale=0.5),validation,0.929951690821256,1.0,0.929951690821256,0.9637046307884856,0.5,0.0,3,2
gpc,PR,MIX,minmax,2,RBF(length_scale=0.5),test,0.9178743961352656,1.0,0.9178743961352656,0.9571788413098236,0.5,0.0,3,3
gpc,PR,MIX,minmax,3,RBF(length_scale=0.5),train,0.9412724306688418,1.0,0.9419822723609992,0.969747899159664,0.5862068965517242,0.4028502825061905,3,1
gpc,PR,MIX,minmax,3,RBF(length_scale=0.5),validation,0.9297820823244553,0.9974025974025974,0.927536231884058,0.962406015037594,0.4987012987012987,-0.0135049695206861,3,2
gpc,PR,MIX,minmax,3,RBF(length_scale=0.5),test,0.9178743961352656,1.0,0.9178743961352656,0.9571788413098236,0.5,0.0,3,3
gpc,PR,MIX,minmax,4,RBF(length_scale=0.5),train,0.9344660194174758,1.0,0.9347826086956522,0.9661229611041404,0.5344827586206897,0.2538620341319651,3,1
gpc,PR,MIX,minmax,4,RBF(length_scale=0.5),validation,0.9320388349514565,1.0,0.9322033898305084,0.964824120603015,0.5172413793103448,0.1792742875337673,3,2
gpc,PR,MIX,minmax,4,RBF(length_scale=0.5),test,0.9178743961352656,1.0,0.9178743961352656,0.9571788413098236,0.5,0.0,3,3
gpc,PR,MIX,minmax,1,RBF(length_scale=1),train,0.9298952457695407,1.0,0.9298952457695407,0.9636743215031316,0.5,0.0,3,1
gpc,PR,MIX,minmax,1,RBF(length_scale=1),validation,0.929951690821256,1.0,0.929951690821256,0.9637046307884856,0.5,0.0,3,2
gpc,PR,MIX,minmax,1,RBF(length_scale=1),test,0.9178743961352656,1.0,0.9178743961352656,0.9571788413098236,0.5,0.0,3,3
gpc,PR,MIX,minmax,2,RBF(length_scale=1),train,0.934412955465587,1.0,0.934730056406124,0.9660946002511512,0.5344827586206897,0.2538548262112228,3,1
gpc,PR,MIX,minmax,2,RBF(length_scale=1),validation,0.9322033898305084,1.0,0.932367149758454,0.9649122807017544,0.5172413793103448,0.1792901126022126,3,2
gpc,PR,MIX,minmax,2,RBF(length_scale=1),test,0.9178743961352656,1.0,0.9178743961352656,0.9571788413098236,0.5,0.0,3,3
gpc,PR,MIX,minmax,3,RBF(length_scale=1),train,0.9298952457695407,1.0,0.9298952457695407,0.9636743215031316,0.5,0.0,3,1
gpc,PR,MIX,minmax,3,RBF(length_scale=1),validation,0.929951690821256,1.0,0.929951690821256,0.9637046307884856,0.5,0.0,3,2
gpc,PR,MIX,minmax,3,RBF(length_scale=1),test,0.9178743961352656,1.0,0.9178743961352656,0.9571788413098236,0.5,0.0,3,3
gpc,PR,MIX,minmax,4,RBF(length_scale=1),train,0.929951690821256,1.0,0.929951690821256,0.9637046307884856,0.5,0.0,3,1
gpc,PR,MIX,minmax,4,RBF(length_scale=1),validation,0.9297820823244553,1.0,0.9297820823244553,0.9636135508155584,0.5,0.0,3,2
gpc,PR,MIX,minmax,4,RBF(length_scale=1),test,0.9178743961352656,1.0,0.9178743961352656,0.9571788413098236,0.5,0.0,3,3
gpc,PR,MIX,minmax,1,RBF(length_scale=1) + WhiteKernel(noise_level=1),train,0.9336569579288024,1.0,0.9339242546333602,0.9656903765690376,0.5287356321839081,0.2316429274939711,3,1
gpc,PR,MIX,minmax,1,RBF(length_scale=1) + WhiteKernel(noise_level=1),validation,0.929951690821256,1.0,0.929951690821256,0.9637046307884856,0.5,0.0,3,2
gpc,PR,MIX,minmax,1,RBF(length_scale=1) + WhiteKernel(noise_level=1),test,0.9178743961352656,1.0,0.9178743961352656,0.9571788413098236,0.5,0.0,3,3
gpc,PR,MIX,minmax,2,RBF(length_scale=1) + WhiteKernel(noise_level=1),train,0.934412955465587,1.0,0.934730056406124,0.9660946002511512,0.5344827586206897,0.2538548262112228,3,1
gpc,PR,MIX,minmax,2,RBF(length_scale=1) + WhiteKernel(noise_level=1),validation,0.9322033898305084,1.0,0.932367149758454,0.9649122807017544,0.5172413793103448,0.1792901126022126,3,2
gpc,PR,MIX,minmax,2,RBF(length_scale=1) + WhiteKernel(noise_level=1),test,0.9178743961352656,1.0,0.9178743961352656,0.9571788413098236,0.5,0.0,3,3
gpc,PR,MIX,minmax,3,RBF(length_scale=1) + WhiteKernel(noise_level=1),train,0.9412724306688418,1.0,0.9419822723609992,0.969747899159664,0.5862068965517242,0.4028502825061905,3,1
gpc,PR,MIX,minmax,3,RBF(length_scale=1) + WhiteKernel(noise_level=1),validation,0.9297820823244553,0.9974025974025974,0.927536231884058,0.962406015037594,0.4987012987012987,-0.0135049695206861,3,2
gpc,PR,MIX,minmax,3,RBF(length_scale=1) + WhiteKernel(noise_level=1),test,0.9178743961352656,1.0,0.9178743961352656,0.9571788413098236,0.5,0.0,3,3
gpc,PR,MIX,minmax,4,RBF(length_scale=1) + WhiteKernel(noise_level=1),train,0.929951690821256,1.0,0.929951690821256,0.9637046307884856,0.5,0.0,3,1
gpc,PR,MIX,minmax,4,RBF(length_scale=1) + WhiteKernel(noise_level=1),validation,0.9297820823244553,1.0,0.9297820823244553,0.9636135508155584,0.5,0.0,3,2
gpc,PR,MIX,minmax,4,RBF(length_scale=1) + WhiteKernel(noise_level=1),test,0.9178743961352656,1.0,0.9178743961352656,0.9571788413098236,0.5,0.0,3,3
gpc,PR,MIX,minmax,1,RBF(length_scale=2),train,0.9298952457695407,1.0,0.9298952457695407,0.9636743215031316,0.5,0.0,3,1
gpc,PR,MIX,minmax,1,RBF(length_scale=2),validation,0.929951690821256,1.0,0.929951690821256,0.9637046307884856,0.5,0.0,3,2
gpc,PR,MIX,minmax,1,RBF(length_scale=2),test,0.9178743961352656,1.0,0.9178743961352656,0.9571788413098236,0.5,0.0,3,3
gpc,PR,MIX,minmax,2,RBF(length_scale=2),train,0.9298952457695407,1.0,0.9298952457695407,0.9636743215031316,0.5,0.0,3,1
gpc,PR,MIX,minmax,2,RBF(length_scale=2),validation,0.929951690821256,1.0,0.929951690821256,0.9637046307884856,0.5,0.0,3,2
gpc,PR,MIX,minmax,2,RBF(length_scale=2),test,0.9178743961352656,1.0,0.9178743961352656,0.9571788413098236,0.5,0.0,3,3
gpc,PR,MIX,minmax,3,RBF(length_scale=2),train,0.9298952457695407,1.0,0.9298952457695407,0.9636743215031316,0.5,0.0,3,1
gpc,PR,MIX,minmax,3,RBF(length_scale=2),validation,0.929951690821256,1.0,0.929951690821256,0.9637046307884856,0.5,0.0,3,2
gpc,PR,MIX,minmax,3,RBF(length_scale=2),test,0.9178743961352656,1.0,0.9178743961352656,0.9571788413098236,0.5,0.0,3,3
gpc,PR,MIX,minmax,4,RBF(length_scale=2),train,0.929951690821256,1.0,0.929951690821256,0.9637046307884856,0.5,0.0,3,1
gpc,PR,MIX,minmax,4,RBF(length_scale=2),validation,0.9297820823244553,1.0,0.9297820823244553,0.9636135508155584,0.5,0.0,3,2
gpc,PR,MIX,minmax,4,RBF(length_scale=2),test,0.9178743961352656,1.0,0.9178743961352656,0.9571788413098236,0.5,0.0,3,3
gpc,PR,MIX,minmax,1,"RationalQuadratic(alpha=1, length_scale=1)",train,0.9298952457695407,1.0,0.9298952457695407,0.9636743215031316,0.5,0.0,3,1
gpc,PR,MIX,minmax,1,"RationalQuadratic(alpha=1, length_scale=1)",validation,0.929951690821256,1.0,0.929951690821256,0.9637046307884856,0.5,0.0,3,2
gpc,PR,MIX,minmax,1,"RationalQuadratic(alpha=1, length_scale=1)",test,0.9178743961352656,1.0,0.9178743961352656,0.9571788413098236,0.5,0.0,3,3
gpc,PR,MIX,minmax,2,"RationalQuadratic(alpha=1, length_scale=1)",train,0.9298952457695407,1.0,0.9298952457695407,0.9636743215031316,0.5,0.0,3,1
gpc,PR,MIX,minmax,2,"RationalQuadratic(alpha=1, length_scale=1)",validation,0.929951690821256,1.0,0.929951690821256,0.9637046307884856,0.5,0.0,3,2
gpc,PR,MIX,minmax,2,"RationalQuadratic(alpha=1, length_scale=1)",test,0.9178743961352656,1.0,0.9178743961352656,0.9571788413098236,0.5,0.0,3,3
gpc,PR,MIX,minmax,3,"RationalQuadratic(alpha=1, length_scale=1)",train,0.9298952457695407,1.0,0.9298952457695407,0.9636743215031316,0.5,0.0,3,1
gpc,PR,MIX,minmax,3,"RationalQuadratic(alpha=1, length_scale=1)",validation,0.929951690821256,1.0,0.929951690821256,0.9637046307884856,0.5,0.0,3,2
gpc,PR,MIX,minmax,3,"RationalQuadratic(alpha=1, length_scale=1)",test,0.9178743961352656,1.0,0.9178743961352656,0.9571788413098236,0.5,0.0,3,3
gpc,PR,MIX,minmax,4,"RationalQuadratic(alpha=1, length_scale=1)",train,0.929951690821256,1.0,0.929951690821256,0.9637046307884856,0.5,0.0,3,1
gpc,PR,MIX,minmax,4,"RationalQuadratic(alpha=1, length_scale=1)",validation,0.9297820823244553,1.0,0.9297820823244553,0.9636135508155584,0.5,0.0,3,2
gpc,PR,MIX,minmax,4,"RationalQuadratic(alpha=1, length_scale=1)",test,0.9178743961352656,1.0,0.9178743961352656,0.9571788413098236,0.5,0.0,3,3
gpc,PR,MIX,std,1,DotProduct(sigma_0=1),train,1.0,1.0,1.0,1.0,1.0,1.0,3,1
gpc,PR,MIX,std,1,DotProduct(sigma_0=1),validation,0.9670886075949368,0.9922077922077922,0.961352657004831,0.9794871794871794,0.7719659650694134,0.6634352899681293,3,2
gpc,PR,MIX,std,1,DotProduct(sigma_0=1),test,0.9688311688311688,0.9815789473684212,0.9541062801932368,0.9751633986928104,0.8143188854489163,0.6762423491281356,3,3
gpc,PR,MIX,std,2,DotProduct(sigma_0=1),train,1.0,1.0,1.0,1.0,1.0,1.0,3,1
gpc,PR,MIX,std,2,DotProduct(sigma_0=1),validation,0.9596977329974812,0.9896103896103896,0.9516908212560388,0.9744245524296676,0.7189431258396776,0.5632107809947975,3,2
gpc,PR,MIX,std,2,DotProduct(sigma_0=1),test,0.9690721649484536,0.9894736842105264,0.961352657004831,0.9791666666666666,0.818266253869969,0.7203595333038728,3,3
gpc,PR,MIX,std,3,DotProduct(sigma_0=1),train,1.0,1.0,1.0,1.0,1.0,1.0,3,1
gpc,PR,MIX,std,3,DotProduct(sigma_0=1),validation,0.9621212121212122,0.9896103896103896,0.9541062801932368,0.9756722151088348,0.7361845051500224,0.5911897779736965,3,2
gpc,PR,MIX,std,3,DotProduct(sigma_0=1),test,0.959079283887468,0.986842105263158,0.9492753623188406,0.9727626459143968,0.7581269349845202,0.6187885662703041,3,3
gpc,PR,MIX,std,4,DotProduct(sigma_0=1),train,1.0,1.0,1.0,1.0,1.0,1.0,3,1
gpc,PR,MIX,std,4,DotProduct(sigma_0=1),validation,0.9671717171717172,0.9973958333333334,0.9661016949152542,0.982051282051282,0.7745599856321839,0.7062521722166847,3,2
gpc,PR,MIX,std,4,DotProduct(sigma_0=1),test,0.961038961038961,0.9736842105263158,0.9396135265700484,0.9673202614379084,0.7662538699690403,0.5728327212511172,3,3
gpc,PR,MIX,std,1,"Matern(length_scale=1, nu=0.5)",train,0.9336569579288024,1.0,0.9339242546333602,0.9656903765690376,0.5287356321839081,0.2316429274939711,3,1
gpc,PR,MIX,std,1,"Matern(length_scale=1, nu=0.5)",validation,0.929951690821256,1.0,0.929951690821256,0.9637046307884856,0.5,0.0,3,2
gpc,PR,MIX,std,1,"Matern(length_scale=1, nu=0.5)",test,0.9178743961352656,1.0,0.9178743961352656,0.9571788413098236,0.5,0.0,3,3
gpc,PR,MIX,std,2,"Matern(length_scale=1, nu=0.5)",train,0.9298952457695407,1.0,0.9298952457695407,0.9636743215031316,0.5,0.0,3,1
gpc,PR,MIX,std,2,"Matern(length_scale=1, nu=0.5)",validation,0.929951690821256,1.0,0.929951690821256,0.9637046307884856,0.5,0.0,3,2
gpc,PR,MIX,std,2,"Matern(length_scale=1, nu=0.5)",test,0.9178743961352656,1.0,0.9178743961352656,0.9571788413098236,0.5,0.0,3,3
gpc,PR,MIX,std,3,"Matern(length_scale=1, nu=0.5)",train,0.9336569579288024,1.0,0.9339242546333602,0.9656903765690376,0.5287356321839081,0.2316429274939711,3,1
gpc,PR,MIX,std,3,"Matern(length_scale=1, nu=0.5)",validation,0.929951690821256,1.0,0.929951690821256,0.9637046307884856,0.5,0.0,3,2
gpc,PR,MIX,std,3,"Matern(length_scale=1, nu=0.5)",test,0.9178743961352656,1.0,0.9178743961352656,0.9571788413098236,0.5,0.0,3,3
gpc,PR,MIX,std,4,"Matern(length_scale=1, nu=0.5)",train,0.932956381260097,1.0,0.9331723027375202,0.9653155035520268,0.5229885057471264,0.2071099859128768,3,1
gpc,PR,MIX,std,4,"Matern(length_scale=1, nu=0.5)",validation,0.9297820823244553,1.0,0.9297820823244553,0.9636135508155584,0.5,0.0,3,2
gpc,PR,MIX,std,4,"Matern(length_scale=1, nu=0.5)",test,0.9178743961352656,1.0,0.9178743961352656,0.9571788413098236,0.5,0.0,3,3
gpc,PR,MIX,std,1,"Matern(length_scale=1, nu=1.5)",train,0.9336569579288024,1.0,0.9339242546333602,0.9656903765690376,0.5287356321839081,0.2316429274939711,3,1
gpc,PR,MIX,std,1,"Matern(length_scale=1, nu=1.5)",validation,0.929951690821256,1.0,0.929951690821256,0.9637046307884856,0.5,0.0,3,2
gpc,PR,MIX,std,1,"Matern(length_scale=1, nu=1.5)",test,0.9178743961352656,1.0,0.9178743961352656,0.9571788413098236,0.5,0.0,3,3
gpc,PR,MIX,std,2,"Matern(length_scale=1, nu=1.5)",train,0.9298952457695407,1.0,0.9298952457695407,0.9636743215031316,0.5,0.0,3,1
gpc,PR,MIX,std,2,"Matern(length_scale=1, nu=1.5)",validation,0.929951690821256,1.0,0.929951690821256,0.9637046307884856,0.5,0.0,3,2
gpc,PR,MIX,std,2,"Matern(length_scale=1, nu=1.5)",test,0.9178743961352656,1.0,0.9178743961352656,0.9571788413098236,0.5,0.0,3,3
gpc,PR,MIX,std,3,"Matern(length_scale=1, nu=1.5)",train,0.934412955465587,1.0,0.934730056406124,0.9660946002511512,0.5344827586206897,0.2538548262112228,3,1
gpc,PR,MIX,std,3,"Matern(length_scale=1, nu=1.5)",validation,0.929951690821256,1.0,0.929951690821256,0.9637046307884856,0.5,0.0,3,2
gpc,PR,MIX,std,3,"Matern(length_scale=1, nu=1.5)",test,0.9178743961352656,1.0,0.9178743961352656,0.9571788413098236,0.5,0.0,3,3
gpc,PR,MIX,std,4,"Matern(length_scale=1, nu=1.5)",train,0.9337105901374292,1.0,0.9339774557165862,0.9657190635451504,0.5287356321839081,0.2316495805496262,3,1
gpc,PR,MIX,std,4,"Matern(length_scale=1, nu=1.5)",validation,0.9297820823244553,1.0,0.9297820823244553,0.9636135508155584,0.5,0.0,3,2
gpc,PR,MIX,std,4,"Matern(length_scale=1, nu=1.5)",test,0.9178743961352656,1.0,0.9178743961352656,0.9571788413098236,0.5,0.0,3,3
gpc,PR,MIX,std,1,"Matern(length_scale=1, nu=2.5)",train,0.9336569579288024,1.0,0.9339242546333602,0.9656903765690376,0.5287356321839081,0.2316429274939711,3,1
gpc,PR,MIX,std,1,"Matern(length_scale=1, nu=2.5)",validation,0.929951690821256,1.0,0.929951690821256,0.9637046307884856,0.5,0.0,3,2
gpc,PR,MIX,std,1,"Matern(length_scale=1, nu=2.5)",test,0.9178743961352656,1.0,0.9178743961352656,0.9571788413098236,0.5,0.0,3,3
gpc,PR,MIX,std,2,"Matern(length_scale=1, nu=2.5)",train,0.9298952457695407,1.0,0.9298952457695407,0.9636743215031316,0.5,0.0,3,1
gpc,PR,MIX,std,2,"Matern(length_scale=1, nu=2.5)",validation,0.929951690821256,1.0,0.929951690821256,0.9637046307884856,0.5,0.0,3,2
gpc,PR,MIX,std,2,"Matern(length_scale=1, nu=2.5)",test,0.9178743961352656,1.0,0.9178743961352656,0.9571788413098236,0.5,0.0,3,3
gpc,PR,MIX,std,3,"Matern(length_scale=1, nu=2.5)",train,0.9351701782820098,1.0,0.935535858178888,0.966499162479062,0.5402298850574713,0.2743056280190407,3,1
gpc,PR,MIX,std,3,"Matern(length_scale=1, nu=2.5)",validation,0.929951690821256,1.0,0.929951690821256,0.9637046307884856,0.5,0.0,3,2
gpc,PR,MIX,std,3,"Matern(length_scale=1, nu=2.5)",test,0.9178743961352656,1.0,0.9178743961352656,0.9571788413098236,0.5,0.0,3,3
gpc,PR,MIX,std,4,"Matern(length_scale=1, nu=2.5)",train,0.9337105901374292,1.0,0.9339774557165862,0.9657190635451504,0.5287356321839081,0.2316495805496262,3,1
gpc,PR,MIX,std,4,"Matern(length_scale=1, nu=2.5)",validation,0.9297820823244553,1.0,0.9297820823244553,0.9636135508155584,0.5,0.0,3,2
gpc,PR,MIX,std,4,"Matern(length_scale=1, nu=2.5)",test,0.9178743961352656,1.0,0.9178743961352656,0.9571788413098236,0.5,0.0,3,3
gpc,PR,MIX,std,1,RBF(length_scale=0.5),train,0.934412955465587,1.0,0.934730056406124,0.9660946002511512,0.5344827586206897,0.2538548262112228,3,1
gpc,PR,MIX,std,1,RBF(length_scale=0.5),validation,0.929951690821256,1.0,0.929951690821256,0.9637046307884856,0.5,0.0,3,2
gpc,PR,MIX,std,1,RBF(length_scale=0.5),test,0.9178743961352656,1.0,0.9178743961352656,0.9571788413098236,0.5,0.0,3,3
gpc,PR,MIX,std,2,RBF(length_scale=0.5),train,0.9329021827000809,1.0,0.9331184528605962,0.9652864910079464,0.5229885057471264,0.2071039699692287,3,1
gpc,PR,MIX,std,2,RBF(length_scale=0.5),validation,0.929951690821256,1.0,0.929951690821256,0.9637046307884856,0.5,0.0,3,2
gpc,PR,MIX,std,2,RBF(length_scale=0.5),test,0.9178743961352656,1.0,0.9178743961352656,0.9571788413098236,0.5,0.0,3,3
gpc,PR,MIX,std,3,RBF(length_scale=0.5),train,0.9382113821138212,1.0,0.9387590652699436,0.9681208053691276,0.5632183908045977,0.3444189710564541,3,1
gpc,PR,MIX,std,3,RBF(length_scale=0.5),validation,0.929951690821256,1.0,0.929951690821256,0.9637046307884856,0.5,0.0,3,2
gpc,PR,MIX,std,3,RBF(length_scale=0.5),test,0.9178743961352656,1.0,0.9178743961352656,0.9571788413098236,0.5,0.0,3,3
gpc,PR,MIX,std,4,RBF(length_scale=0.5),train,0.9344660194174758,1.0,0.9347826086956522,0.9661229611041404,0.5344827586206897,0.2538620341319651,3,1
gpc,PR,MIX,std,4,RBF(length_scale=0.5),validation,0.9297820823244553,1.0,0.9297820823244553,0.9636135508155584,0.5,0.0,3,2
gpc,PR,MIX,std,4,RBF(length_scale=0.5),test,0.9178743961352656,1.0,0.9178743961352656,0.9571788413098236,0.5,0.0,3,3
gpc,PR,MIX,std,1,RBF(length_scale=1),train,0.934412955465587,1.0,0.934730056406124,0.9660946002511512,0.5344827586206897,0.2538548262112228,3,1
gpc,PR,MIX,std,1,RBF(length_scale=1),validation,0.929951690821256,1.0,0.929951690821256,0.9637046307884856,0.5,0.0,3,2
gpc,PR,MIX,std,1,RBF(length_scale=1),test,0.9178743961352656,1.0,0.9178743961352656,0.9571788413098236,0.5,0.0,3,3
gpc,PR,MIX,std,2,RBF(length_scale=1),train,0.9329021827000809,1.0,0.9331184528605962,0.9652864910079464,0.5229885057471264,0.2071039699692287,3,1
gpc,PR,MIX,std,2,RBF(length_scale=1),validation,0.929951690821256,1.0,0.929951690821256,0.9637046307884856,0.5,0.0,3,2
gpc,PR,MIX,std,2,RBF(length_scale=1),test,0.9178743961352656,1.0,0.9178743961352656,0.9571788413098236,0.5,0.0,3,3
gpc,PR,MIX,std,3,RBF(length_scale=1),train,0.9382113821138212,1.0,0.9387590652699436,0.9681208053691276,0.5632183908045977,0.3444189710564541,3,1
gpc,PR,MIX,std,3,RBF(length_scale=1),validation,0.929951690821256,1.0,0.929951690821256,0.9637046307884856,0.5,0.0,3,2
gpc,PR,MIX,std,3,RBF(length_scale=1),test,0.9178743961352656,1.0,0.9178743961352656,0.9571788413098236,0.5,0.0,3,3
gpc,PR,MIX,std,4,RBF(length_scale=1),train,0.9344660194174758,1.0,0.9347826086956522,0.9661229611041404,0.5344827586206897,0.2538620341319651,3,1
gpc,PR,MIX,std,4,RBF(length_scale=1),validation,0.9297820823244553,1.0,0.9297820823244553,0.9636135508155584,0.5,0.0,3,2
gpc,PR,MIX,std,4,RBF(length_scale=1),test,0.9178743961352656,1.0,0.9178743961352656,0.9571788413098236,0.5,0.0,3,3
gpc,PR,MIX,std,1,RBF(length_scale=1) + WhiteKernel(noise_level=1),train,0.934412955465587,1.0,0.934730056406124,0.9660946002511512,0.5344827586206897,0.2538548262112228,3,1
gpc,PR,MIX,std,1,RBF(length_scale=1) + WhiteKernel(noise_level=1),validation,0.929951690821256,1.0,0.929951690821256,0.9637046307884856,0.5,0.0,3,2
gpc,PR,MIX,std,1,RBF(length_scale=1) + WhiteKernel(noise_level=1),test,0.9178743961352656,1.0,0.9178743961352656,0.9571788413098236,0.5,0.0,3,3
gpc,PR,MIX,std,2,RBF(length_scale=1) + WhiteKernel(noise_level=1),train,0.9329021827000809,1.0,0.9331184528605962,0.9652864910079464,0.5229885057471264,0.2071039699692287,3,1
gpc,PR,MIX,std,2,RBF(length_scale=1) + WhiteKernel(noise_level=1),validation,0.929951690821256,1.0,0.929951690821256,0.9637046307884856,0.5,0.0,3,2
gpc,PR,MIX,std,2,RBF(length_scale=1) + WhiteKernel(noise_level=1),test,0.9178743961352656,1.0,0.9178743961352656,0.9571788413098236,0.5,0.0,3,3
gpc,PR,MIX,std,3,RBF(length_scale=1) + WhiteKernel(noise_level=1),train,0.9382113821138212,1.0,0.9387590652699436,0.9681208053691276,0.5632183908045977,0.3444189710564541,3,1
gpc,PR,MIX,std,3,RBF(length_scale=1) + WhiteKernel(noise_level=1),validation,0.929951690821256,1.0,0.929951690821256,0.9637046307884856,0.5,0.0,3,2
gpc,PR,MIX,std,3,RBF(length_scale=1) + WhiteKernel(noise_level=1),test,0.9178743961352656,1.0,0.9178743961352656,0.9571788413098236,0.5,0.0,3,3
gpc,PR,MIX,std,4,RBF(length_scale=1) + WhiteKernel(noise_level=1),train,0.9344660194174758,1.0,0.9347826086956522,0.9661229611041404,0.5344827586206897,0.2538620341319651,3,1
gpc,PR,MIX,std,4,RBF(length_scale=1) + WhiteKernel(noise_level=1),validation,0.9297820823244553,1.0,0.9297820823244553,0.9636135508155584,0.5,0.0,3,2
gpc,PR,MIX,std,4,RBF(length_scale=1) + WhiteKernel(noise_level=1),test,0.9178743961352656,1.0,0.9178743961352656,0.9571788413098236,0.5,0.0,3,3
gpc,PR,MIX,std,1,RBF(length_scale=2),train,0.934412955465587,1.0,0.934730056406124,0.9660946002511512,0.5344827586206897,0.2538548262112228,3,1
gpc,PR,MIX,std,1,RBF(length_scale=2),validation,0.929951690821256,1.0,0.929951690821256,0.9637046307884856,0.5,0.0,3,2
gpc,PR,MIX,std,1,RBF(length_scale=2),test,0.9178743961352656,1.0,0.9178743961352656,0.9571788413098236,0.5,0.0,3,3
gpc,PR,MIX,std,2,RBF(length_scale=2),train,0.9329021827000809,1.0,0.9331184528605962,0.9652864910079464,0.5229885057471264,0.2071039699692287,3,1
gpc,PR,MIX,std,2,RBF(length_scale=2),validation,0.929951690821256,1.0,0.929951690821256,0.9637046307884856,0.5,0.0,3,2
gpc,PR,MIX,std,2,RBF(length_scale=2),test,0.9178743961352656,1.0,0.9178743961352656,0.9571788413098236,0.5,0.0,3,3
gpc,PR,MIX,std,3,RBF(length_scale=2),train,0.9382113821138212,1.0,0.9387590652699436,0.9681208053691276,0.5632183908045977,0.3444189710564541,3,1
gpc,PR,MIX,std,3,RBF(length_scale=2),validation,0.929951690821256,1.0,0.929951690821256,0.9637046307884856,0.5,0.0,3,2
gpc,PR,MIX,std,3,RBF(length_scale=2),test,0.9178743961352656,1.0,0.9178743961352656,0.9571788413098236,0.5,0.0,3,3
gpc,PR,MIX,std,4,RBF(length_scale=2),train,0.9344660194174758,1.0,0.9347826086956522,0.9661229611041404,0.5344827586206897,0.2538620341319651,3,1
gpc,PR,MIX,std,4,RBF(length_scale=2),validation,0.9297820823244553,1.0,0.9297820823244553,0.9636135508155584,0.5,0.0,3,2
gpc,PR,MIX,std,4,RBF(length_scale=2),test,0.9178743961352656,1.0,0.9178743961352656,0.9571788413098236,0.5,0.0,3,3
gpc,PR,MIX,std,1,"RationalQuadratic(alpha=1, length_scale=1)",train,0.934412955465587,1.0,0.934730056406124,0.9660946002511512,0.5344827586206897,0.2538548262112228,3,1
gpc,PR,MIX,std,1,"RationalQuadratic(alpha=1, length_scale=1)",validation,0.929951690821256,1.0,0.929951690821256,0.9637046307884856,0.5,0.0,3,2
gpc,PR,MIX,std,1,"RationalQuadratic(alpha=1, length_scale=1)",test,0.9178743961352656,1.0,0.9178743961352656,0.9571788413098236,0.5,0.0,3,3
gpc,PR,MIX,std,2,"RationalQuadratic(alpha=1, length_scale=1)",train,0.9329021827000809,1.0,0.9331184528605962,0.9652864910079464,0.5229885057471264,0.2071039699692287,3,1
gpc,PR,MIX,std,2,"RationalQuadratic(alpha=1, length_scale=1)",validation,0.929951690821256,1.0,0.929951690821256,0.9637046307884856,0.5,0.0,3,2
gpc,PR,MIX,std,2,"RationalQuadratic(alpha=1, length_scale=1)",test,0.9178743961352656,1.0,0.9178743961352656,0.9571788413098236,0.5,0.0,3,3
gpc,PR,MIX,std,3,"RationalQuadratic(alpha=1, length_scale=1)",train,0.9382113821138212,1.0,0.9387590652699436,0.9681208053691276,0.5632183908045977,0.3444189710564541,3,1
gpc,PR,MIX,std,3,"RationalQuadratic(alpha=1, length_scale=1)",validation,0.929951690821256,1.0,0.929951690821256,0.9637046307884856,0.5,0.0,3,2
gpc,PR,MIX,std,3,"RationalQuadratic(alpha=1, length_scale=1)",test,0.9178743961352656,1.0,0.9178743961352656,0.9571788413098236,0.5,0.0,3,3
gpc,PR,MIX,std,4,"RationalQuadratic(alpha=1, length_scale=1)",train,0.9344660194174758,1.0,0.9347826086956522,0.9661229611041404,0.5344827586206897,0.2538620341319651,3,1
gpc,PR,MIX,std,4,"RationalQuadratic(alpha=1, length_scale=1)",validation,0.9297820823244553,1.0,0.9297820823244553,0.9636135508155584,0.5,0.0,3,2
gpc,PR,MIX,std,4,"RationalQuadratic(alpha=1, length_scale=1)",test,0.9178743961352656,1.0,0.9178743961352656,0.9571788413098236,0.5,0.0,3,3
gpc,RT,PC,minmax,1,DotProduct(sigma_0=1),train,0.6968987712112347,0.8369641602248771,0.6253746253746254,0.7605363984674329,0.4711591094734056,-0.0739904301423783,1,1
gpc,RT,PC,minmax,1,DotProduct(sigma_0=1),validation,0.6897163120567376,0.8189473684210526,0.6092814371257484,0.7487969201154957,0.4561058085628579,-0.1097504442224635,1,2
gpc,RT,PC,minmax,1,DotProduct(sigma_0=1),test,0.7322695035460993,0.8210735586481114,0.6392215568862275,0.7741330834114339,0.4529610217482981,-0.1119070940623946,1,3
gpc,RT,PC,minmax,2,DotProduct(sigma_0=1),train,0.6893509766855702,0.7687983134223472,0.5894105894105894,0.7269102990033223,0.4586651325315535,-0.092464657500677,1,1
gpc,RT,PC,minmax,2,DotProduct(sigma_0=1),validation,0.695906432748538,0.751578947368421,0.5898203592814372,0.7226720647773279,0.4716443959640032,-0.0608933443064586,1,2
gpc,RT,PC,minmax,2,DotProduct(sigma_0=1),test,0.7213438735177866,0.7256461232604374,0.5823353293413174,0.7234886025768087,0.4355503343574914,-0.1297011608838584,1,3
gpc,RT,PC,minmax,3,DotProduct(sigma_0=1),train,0.6958823529411765,0.8307584269662921,0.6215676485272091,0.7573623559539052,0.4689198007024897,-0.0786434020084767,1,1
gpc,RT,PC,minmax,3,DotProduct(sigma_0=1),validation,0.6955017301038062,0.8481012658227848,0.6281859070464768,0.7642585551330798,0.4680920836885944,-0.0851015250324394,1,2
gpc,RT,PC,minmax,3,DotProduct(sigma_0=1),test,0.7275922671353251,0.8230616302186878,0.6347305389221557,0.7723880597014925,0.4418338454123742,-0.1412058153930362,1,3
gpc,RT,PC,minmax,4,DotProduct(sigma_0=1),train,0.6972187104930467,0.7745786516853933,0.600599101347978,0.7338656021290751,0.4736451116803478,-0.0586463738991265,1,1
gpc,RT,PC,minmax,4,DotProduct(sigma_0=1),validation,0.6891385767790262,0.7763713080168776,0.5922038980509745,0.7301587301587301,0.4581338405369362,-0.0950308240659675,1,2
gpc,RT,PC,minmax,4,DotProduct(sigma_0=1),test,0.7245283018867924,0.7634194831013916,0.6032934131736527,0.7434656340755083,0.4392854991264533,-0.1293513338302903,1,3
gpc,RT,PC,minmax,1,"Matern(length_scale=1, nu=0.5)",train,0.6985337243401759,0.8369641602248771,0.6273726273726273,0.7615089514066496,0.4746133409069117,-0.0647644769363307,1,1
gpc,RT,PC,minmax,1,"Matern(length_scale=1, nu=0.5)",validation,0.6947935368043088,0.8147368421052632,0.6137724550898204,0.75,0.4669539132806108,-0.0804797106335635,1,2
gpc,RT,PC,minmax,1,"Matern(length_scale=1, nu=0.5)",test,0.7339130434782609,0.8389662027833003,0.6497005988023952,0.7829313543599258,0.4558467377552865,-0.1100128360042763,1,3
gpc,RT,PC,minmax,2,"Matern(length_scale=1, nu=0.5)",train,0.6990950226244343,0.8685874912157414,0.6408591408591409,0.7746787840802256,0.4748809649515667,-0.0708966346526129,1,1
gpc,RT,PC,minmax,2,"Matern(length_scale=1, nu=0.5)",validation,0.7020905923344948,0.848421052631579,0.6362275449101796,0.7683508102955195,0.4812053449686392,-0.0489970508862982,1,2
gpc,RT,PC,minmax,2,"Matern(length_scale=1, nu=0.5)",test,0.7361344537815127,0.8707753479125249,0.6676646706586826,0.7978142076502732,0.4596300981986866,-0.1116075925916248,1,3
gpc,RT,PC,minmax,3,"Matern(length_scale=1, nu=0.5)",train,0.6932153392330384,0.8251404494382022,0.6160758861707439,0.7534466175056108,0.4635201383633152,-0.0916890018883957,1,1
gpc,RT,PC,minmax,3,"Matern(length_scale=1, nu=0.5)",validation,0.7006802721088435,0.869198312236287,0.6431784107946027,0.775894538606403,0.4786406068953455,-0.0599493558520101,1,2
gpc,RT,PC,minmax,3,"Matern(length_scale=1, nu=0.5)",test,0.7357512953367875,0.8469184890656064,0.655688622754491,0.7874306839186691,0.4598228808964396,-0.1019765858008867,1,3
gpc,RT,PC,minmax,4,"Matern(length_scale=1, nu=0.5)",train,0.684596577017115,0.7865168539325843,0.5906140788816775,0.7320261437908496,0.4476625720440124,-0.1226625436688258,1,1
gpc,RT,PC,minmax,4,"Matern(length_scale=1, nu=0.5)",validation,0.6931407942238267,0.810126582278481,0.6101949025487257,0.7470817120622568,0.4646487833672197,-0.0854688935528336,1,2
gpc,RT,PC,minmax,4,"Matern(length_scale=1, nu=0.5)",test,0.7171532846715328,0.7813121272365805,0.6032934131736527,0.7478591817316841,0.4209590939213205,-0.1775934598329401,1,3
gpc,RT,PC,minmax,1,"Matern(length_scale=1, nu=1.5)",train,0.6972255729794934,0.8123682361208714,0.6158841158841158,0.7504057124310289,0.4726780731554271,-0.0656767369440697,1,1
gpc,RT,PC,minmax,1,"Matern(length_scale=1, nu=1.5)",validation,0.6925925925925925,0.7873684210526316,0.6002994011976048,0.7369458128078817,0.4636323970548133,-0.0837660944386394,1,2
gpc,RT,PC,minmax,1,"Matern(length_scale=1, nu=1.5)",test,0.7334525939177102,0.8151093439363817,0.6377245508982036,0.7721280602636534,0.4560395204530393,-0.1026122542824614,1,3
gpc,RT,PC,minmax,2,"Matern(length_scale=1, nu=1.5)",train,0.6975524475524476,0.8411806043569923,0.6278721278721279,0.7626632685568653,0.4724037736810869,-0.071512138802879,1,1
gpc,RT,PC,minmax,2,"Matern(length_scale=1, nu=1.5)",validation,0.7009009009009008,0.8189473684210526,0.6227544910179641,0.7553398058252427,0.4794218707390237,-0.0497594570127052,1,2
gpc,RT,PC,minmax,2,"Matern(length_scale=1, nu=1.5)",test,0.7379310344827587,0.8508946322067594,0.6601796407185628,0.7903970452446907,0.4648412554973191,-0.0896672778978656,1,3
gpc,RT,PC,minmax,3,"Matern(length_scale=1, nu=1.5)",train,0.6945279615153337,0.8110955056179775,0.6120818771842237,0.7482993197278912,0.466860360753721,-0.0800362008639424,1,1
gpc,RT,PC,minmax,3,"Matern(length_scale=1, nu=1.5)",validation,0.7033158813263525,0.8502109704641351,0.638680659670165,0.76981852913085,0.4846909774600468,-0.0399028619522439,1,2
gpc,RT,PC,minmax,3,"Matern(length_scale=1, nu=1.5)",test,0.7346221441124781,0.831013916500994,0.6467065868263473,0.7798507462686567,0.4579312006747394,-0.1021274167674336,1,3
gpc,RT,PC,minmax,4,"Matern(length_scale=1, nu=1.5)",train,0.6855702583490864,0.7640449438202247,0.5831253120319521,0.7226834938558618,0.4511071005802332,-0.1092785530236735,1,1
gpc,RT,PC,minmax,4,"Matern(length_scale=1, nu=1.5)",validation,0.691743119266055,0.7953586497890295,0.6026986506746627,0.7399411187438666,0.4624461642727531,-0.0880996040859075,1,2
gpc,RT,PC,minmax,4,"Matern(length_scale=1, nu=1.5)",test,0.7203703703703703,0.7733598409542743,0.6032934131736527,0.7459252157238735,0.4291041629013796,-0.1553727420592696,1,3
gpc,RT,PC,minmax,1,"Matern(length_scale=1, nu=2.5)",train,0.695573074590661,0.8060435699226985,0.6113886113886113,0.7467447916666666,0.4695157400563406,-0.0725353487228456,1,1
gpc,RT,PC,minmax,1,"Matern(length_scale=1, nu=2.5)",validation,0.6934579439252336,0.7810526315789473,0.5988023952095808,0.7346534653465346,0.4656558494682301,-0.0779660482780782,1,2
gpc,RT,PC,minmax,1,"Matern(length_scale=1, nu=2.5)",test,0.7334525939177102,0.8151093439363817,0.6377245508982036,0.7721280602636534,0.4560395204530393,-0.1026122542824614,1,3
gpc,RT,PC,minmax,2,"Matern(length_scale=1, nu=2.5)",train,0.6984687868080094,0.8334504567814477,0.6258741258741258,0.7600128164049984,0.4745836049019501,-0.0642214409644048,1,1
gpc,RT,PC,minmax,2,"Matern(length_scale=1, nu=2.5)",validation,0.7012750455373407,0.8105263157894737,0.6197604790419161,0.751953125,0.4803926915734933,-0.0464530017004963,1,2
gpc,RT,PC,minmax,2,"Matern(length_scale=1, nu=2.5)",test,0.7399650959860384,0.8429423459244533,0.6586826347305389,0.7881040892193308,0.4699560214470751,-0.0741949403407422,1,3
gpc,RT,PC,minmax,3,"Matern(length_scale=1, nu=2.5)",train,0.6940253470126735,0.8075842696629213,0.6100848726909636,0.7465108730931516,0.4659683006345694,-0.0816222579385468,1,1
gpc,RT,PC,minmax,3,"Matern(length_scale=1, nu=2.5)",validation,0.702276707530648,0.8459915611814346,0.6356821589205397,0.7674641148325358,0.4825812728186965,-0.0450049794250022,1,2
gpc,RT,PC,minmax,3,"Matern(length_scale=1, nu=2.5)",test,0.7335701598579041,0.8210735586481114,0.6407185628742516,0.774859287054409,0.4559913247786011,-0.1042906582685691,1,3
gpc,RT,PC,minmax,4,"Matern(length_scale=1, nu=2.5)",train,0.6841772151898734,0.7591292134831461,0.5796305541687469,0.7197070572569907,0.4486492354116939,-0.1140702673536697,1,1
gpc,RT,PC,minmax,4,"Matern(length_scale=1, nu=2.5)",validation,0.6924493554327809,0.7932489451476793,0.6026986506746627,0.7394296951819076,0.4639819855272075,-0.083966651025254,1,2
gpc,RT,PC,minmax,4,"Matern(length_scale=1, nu=2.5)",test,0.7198515769944341,0.7713717693836978,0.6017964071856288,0.744721689059501,0.4281101271160913,-0.1570848994026251,1,3
gpc,RT,PC,minmax,1,RBF(length_scale=0.5),train,0.6966911764705882,0.7990161630358398,0.6098901098901099,0.7443535188216039,0.4720469416215468,-0.0653040505764297,1,1
gpc,RT,PC,minmax,1,RBF(length_scale=0.5),validation,0.6947565543071161,0.7810526315789473,0.6002994011976048,0.7353815659068385,0.4682465230433597,-0.0718825895557772,1,2
gpc,RT,PC,minmax,1,RBF(length_scale=0.5),test,0.7310469314079422,0.805168986083499,0.6302395209580839,0.7663197729422895,0.4510693415265979,-0.1121836878184991,1,3
gpc,RT,PC,minmax,2,RBF(length_scale=0.5),train,0.7004801920768308,0.8200983836964161,0.6228771228771228,0.755584331498867,0.4791338205183289,-0.0506299535574357,1,1
gpc,RT,PC,minmax,2,RBF(length_scale=0.5),validation,0.7012987012987013,0.7957894736842105,0.6137724550898204,0.7455621301775148,0.4807962912462503,-0.0441012935416174,1,2
gpc,RT,PC,minmax,2,RBF(length_scale=0.5),test,0.7380530973451327,0.8290258449304175,0.6497005988023952,0.7808988764044944,0.4660280739803603,-0.0811396805786423,1,3
gpc,RT,PC,minmax,3,RBF(length_scale=0.5),train,0.695573074590661,0.8054775280898876,0.6110833749375936,0.746501789781972,0.4692327191399351,-0.0731309860764531,1,1
gpc,RT,PC,minmax,3,RBF(length_scale=0.5),validation,0.7045454545454546,0.8502109704641351,0.6401799100449775,0.7705544933078394,0.4872816510351763,-0.0330041643356481,1,2
gpc,RT,PC,minmax,3,RBF(length_scale=0.5),test,0.7348754448398577,0.8210735586481114,0.6422155688622755,0.7755868544600939,0.4590216278089041,-0.0967363223199739,1,3
gpc,RT,PC,minmax,4,RBF(length_scale=0.5),train,0.6872190109184328,0.7514044943820225,0.5801298052920619,0.717879906071788,0.4551495701616502,-0.0977415329595288,1,1
gpc,RT,PC,minmax,4,RBF(length_scale=0.5),validation,0.6902985074626866,0.7805907172995781,0.5952023988005997,0.7326732673267327,0.4602435451782865,-0.0907585249061777,1,2
gpc,RT,PC,minmax,4,RBF(length_scale=0.5),test,0.724202626641651,0.7673956262425448,0.6047904191616766,0.7451737451737451,0.4382432676667269,-0.1326507714786581,1,3
gpc,RT,PC,minmax,1,RBF(length_scale=1),train,0.6966911764705882,0.7990161630358398,0.6098901098901099,0.7443535188216039,0.4720469416215468,-0.0653040505764297,1,1
gpc,RT,PC,minmax,1,RBF(length_scale=1),validation,0.6947565543071161,0.7810526315789473,0.6002994011976048,0.7353815659068385,0.4682465230433597,-0.0718825895557772,1,2
gpc,RT,PC,minmax,1,RBF(length_scale=1),test,0.7310469314079422,0.805168986083499,0.6302395209580839,0.7663197729422895,0.4510693415265979,-0.1121836878184991,1,3
gpc,RT,PC,minmax,2,RBF(length_scale=1),train,0.7004801920768308,0.8200983836964161,0.6228771228771228,0.755584331498867,0.4791338205183289,-0.0506299535574357,1,1
gpc,RT,PC,minmax,2,RBF(length_scale=1),validation,0.7012987012987013,0.7957894736842105,0.6137724550898204,0.7455621301775148,0.4807962912462503,-0.0441012935416174,1,2
gpc,RT,PC,minmax,2,RBF(length_scale=1),test,0.7380530973451327,0.8290258449304175,0.6497005988023952,0.7808988764044944,0.4660280739803603,-0.0811396805786423,1,3
gpc,RT,PC,minmax,3,RBF(length_scale=1),train,0.695573074590661,0.8054775280898876,0.6110833749375936,0.746501789781972,0.4692327191399351,-0.0731309860764531,1,1
gpc,RT,PC,minmax,3,RBF(length_scale=1),validation,0.7045454545454546,0.8502109704641351,0.6401799100449775,0.7705544933078394,0.4872816510351763,-0.0330041643356481,1,2
gpc,RT,PC,minmax,3,RBF(length_scale=1),test,0.7348754448398577,0.8210735586481114,0.6422155688622755,0.7755868544600939,0.4590216278089041,-0.0967363223199739,1,3
gpc,RT,PC,minmax,4,RBF(length_scale=1),train,0.6872190109184328,0.7514044943820225,0.5801298052920619,0.717879906071788,0.4551495701616502,-0.0977415329595288,1,1
gpc,RT,PC,minmax,4,RBF(length_scale=1),validation,0.6902985074626866,0.7805907172995781,0.5952023988005997,0.7326732673267327,0.4602435451782865,-0.0907585249061777,1,2
gpc,RT,PC,minmax,4,RBF(length_scale=1),test,0.724202626641651,0.7673956262425448,0.6047904191616766,0.7451737451737451,0.4382432676667269,-0.1326507714786581,1,3
gpc,RT,PC,minmax,1,RBF(length_scale=1) + WhiteKernel(noise_level=1),train,0.6966911764705882,0.7990161630358398,0.6098901098901099,0.7443535188216039,0.4720469416215468,-0.0653040505764297,1,1
gpc,RT,PC,minmax,1,RBF(length_scale=1) + WhiteKernel(noise_level=1),validation,0.6947565543071161,0.7810526315789473,0.6002994011976048,0.7353815659068385,0.4682465230433597,-0.0718825895557772,1,2
gpc,RT,PC,minmax,1,RBF(length_scale=1) + WhiteKernel(noise_level=1),test,0.7310469314079422,0.805168986083499,0.6302395209580839,0.7663197729422895,0.4510693415265979,-0.1121836878184991,1,3
gpc,RT,PC,minmax,2,RBF(length_scale=1) + WhiteKernel(noise_level=1),train,0.7004801920768308,0.8200983836964161,0.6228771228771228,0.755584331498867,0.4791338205183289,-0.0506299535574357,1,1
gpc,RT,PC,minmax,2,RBF(length_scale=1) + WhiteKernel(noise_level=1),validation,0.7012987012987013,0.7957894736842105,0.6137724550898204,0.7455621301775148,0.4807962912462503,-0.0441012935416174,1,2
gpc,RT,PC,minmax,2,RBF(length_scale=1) + WhiteKernel(noise_level=1),test,0.7380530973451327,0.8290258449304175,0.6497005988023952,0.7808988764044944,0.4660280739803603,-0.0811396805786423,1,3
gpc,RT,PC,minmax,3,RBF(length_scale=1) + WhiteKernel(noise_level=1),train,0.695573074590661,0.8054775280898876,0.6110833749375936,0.746501789781972,0.4692327191399351,-0.0731309860764531,1,1
gpc,RT,PC,minmax,3,RBF(length_scale=1) + WhiteKernel(noise_level=1),validation,0.7045454545454546,0.8502109704641351,0.6401799100449775,0.7705544933078394,0.4872816510351763,-0.0330041643356481,1,2
gpc,RT,PC,minmax,3,RBF(length_scale=1) + WhiteKernel(noise_level=1),test,0.7348754448398577,0.8210735586481114,0.6422155688622755,0.7755868544600939,0.4590216278089041,-0.0967363223199739,1,3
gpc,RT,PC,minmax,4,RBF(length_scale=1) + WhiteKernel(noise_level=1),train,0.6872190109184328,0.7514044943820225,0.5801298052920619,0.717879906071788,0.4551495701616502,-0.0977415329595288,1,1
gpc,RT,PC,minmax,4,RBF(length_scale=1) + WhiteKernel(noise_level=1),validation,0.6902985074626866,0.7805907172995781,0.5952023988005997,0.7326732673267327,0.4602435451782865,-0.0907585249061777,1,2
gpc,RT,PC,minmax,4,RBF(length_scale=1) + WhiteKernel(noise_level=1),test,0.724202626641651,0.7673956262425448,0.6047904191616766,0.7451737451737451,0.4382432676667269,-0.1326507714786581,1,3
gpc,RT,PC,minmax,1,RBF(length_scale=2),train,0.6966911764705882,0.7990161630358398,0.6098901098901099,0.7443535188216039,0.4720469416215468,-0.0653040505764297,1,1
gpc,RT,PC,minmax,1,RBF(length_scale=2),validation,0.6947565543071161,0.7810526315789473,0.6002994011976048,0.7353815659068385,0.4682465230433597,-0.0718825895557772,1,2
gpc,RT,PC,minmax,1,RBF(length_scale=2),test,0.7310469314079422,0.805168986083499,0.6302395209580839,0.7663197729422895,0.4510693415265979,-0.1121836878184991,1,3
gpc,RT,PC,minmax,2,RBF(length_scale=2),train,0.7004801920768308,0.8200983836964161,0.6228771228771228,0.755584331498867,0.4791338205183289,-0.0506299535574357,1,1
gpc,RT,PC,minmax,2,RBF(length_scale=2),validation,0.7012987012987013,0.7957894736842105,0.6137724550898204,0.7455621301775148,0.4807962912462503,-0.0441012935416174,1,2
gpc,RT,PC,minmax,2,RBF(length_scale=2),test,0.7380530973451327,0.8290258449304175,0.6497005988023952,0.7808988764044944,0.4660280739803603,-0.0811396805786423,1,3
gpc,RT,PC,minmax,3,RBF(length_scale=2),train,0.695573074590661,0.8054775280898876,0.6110833749375936,0.746501789781972,0.4692327191399351,-0.0731309860764531,1,1
gpc,RT,PC,minmax,3,RBF(length_scale=2),validation,0.7045454545454546,0.8502109704641351,0.6401799100449775,0.7705544933078394,0.4872816510351763,-0.0330041643356481,1,2
gpc,RT,PC,minmax,3,RBF(length_scale=2),test,0.7348754448398577,0.8210735586481114,0.6422155688622755,0.7755868544600939,0.4590216278089041,-0.0967363223199739,1,3
gpc,RT,PC,minmax,4,RBF(length_scale=2),train,0.6872190109184328,0.7514044943820225,0.5801298052920619,0.717879906071788,0.4551495701616502,-0.0977415329595288,1,1
gpc,RT,PC,minmax,4,RBF(length_scale=2),validation,0.6902985074626866,0.7805907172995781,0.5952023988005997,0.7326732673267327,0.4602435451782865,-0.0907585249061777,1,2
gpc,RT,PC,minmax,4,RBF(length_scale=2),test,0.724202626641651,0.7673956262425448,0.6047904191616766,0.7451737451737451,0.4382432676667269,-0.1326507714786581,1,3
gpc,RT,PC,minmax,1,"RationalQuadratic(alpha=1, length_scale=1)",train,0.6966911764705882,0.7990161630358398,0.6098901098901099,0.7443535188216039,0.4720469416215468,-0.0653040505764297,1,1
gpc,RT,PC,minmax,1,"RationalQuadratic(alpha=1, length_scale=1)",validation,0.6947565543071161,0.7810526315789473,0.6002994011976048,0.7353815659068385,0.4682465230433597,-0.0718825895557772,1,2
gpc,RT,PC,minmax,1,"RationalQuadratic(alpha=1, length_scale=1)",test,0.7310469314079422,0.805168986083499,0.6302395209580839,0.7663197729422895,0.4510693415265979,-0.1121836878184991,1,3
gpc,RT,PC,minmax,2,"RationalQuadratic(alpha=1, length_scale=1)",train,0.7011976047904191,0.8229093464511595,0.6248751248751249,0.7571936631102489,0.4805393018957007,-0.047446356269069,1,1
gpc,RT,PC,minmax,2,"RationalQuadratic(alpha=1, length_scale=1)",validation,0.7012987012987013,0.7957894736842105,0.6137724550898204,0.7455621301775148,0.4807962912462503,-0.0441012935416174,1,2
gpc,RT,PC,minmax,2,"RationalQuadratic(alpha=1, length_scale=1)",test,0.7367491166077739,0.8290258449304175,0.6482035928143712,0.7801683816651076,0.4629977709500572,-0.088731034721325,1,3
gpc,RT,PC,minmax,3,"RationalQuadratic(alpha=1, length_scale=1)",train,0.695573074590661,0.8054775280898876,0.6110833749375936,0.746501789781972,0.4692327191399351,-0.0731309860764531,1,1
gpc,RT,PC,minmax,3,"RationalQuadratic(alpha=1, length_scale=1)",validation,0.7045454545454546,0.8502109704641351,0.6401799100449775,0.7705544933078394,0.4872816510351763,-0.0330041643356481,1,2
gpc,RT,PC,minmax,3,"RationalQuadratic(alpha=1, length_scale=1)",test,0.7348754448398577,0.8210735586481114,0.6422155688622755,0.7755868544600939,0.4590216278089041,-0.0967363223199739,1,3
gpc,RT,PC,minmax,4,"RationalQuadratic(alpha=1, length_scale=1)",train,0.686739269698911,0.7528089887640449,0.5801298052920619,0.7182579564489112,0.4541247016359084,-0.1002976108093314,1,1
gpc,RT,PC,minmax,4,"RationalQuadratic(alpha=1, length_scale=1)",validation,0.6908752327746741,0.7827004219409283,0.5967016491754122,0.7339268051434223,0.4612983974989615,-0.0886069831283013,1,2
gpc,RT,PC,minmax,4,"RationalQuadratic(alpha=1, length_scale=1)",test,0.7223264540337712,0.7654075546719682,0.6017964071856288,0.7432432432432432,0.4342189288511356,-0.141294875990193,1,3
gpc,RT,PC,std,1,DotProduct(sigma_0=1),train,0.6866132017273288,0.7821503865073788,0.5914085914085914,0.7312746386333772,0.4523878011984217,-0.1099856360286536,1,1
gpc,RT,PC,std,1,DotProduct(sigma_0=1),validation,0.6862003780718336,0.7642105263157895,0.5838323353293413,0.7231075697211156,0.4520534496863921,-0.1070724116395982,1,2
gpc,RT,PC,std,1,DotProduct(sigma_0=1),test,0.7317073170731707,0.7753479125248509,0.6167664670658682,0.752895752895753,0.4543406229290921,-0.0980743534325187,1,3
gpc,RT,PC,std,2,DotProduct(sigma_0=1),train,0.6837387964148528,0.7505270555165144,0.5759240759240759,0.7155778894472362,0.4486659457202606,-0.1124114215817187,1,1
gpc,RT,PC,std,2,DotProduct(sigma_0=1),validation,0.6944444444444444,0.7368421052631579,0.5823353293413174,0.7150153217568948,0.4694573220616307,-0.0643317514637328,1,2
gpc,RT,PC,std,2,DotProduct(sigma_0=1),test,0.7194388777555111,0.7137176938369781,0.5748502994011976,0.716566866267465,0.4326164226760648,-0.133695379603175,1,3
gpc,RT,PC,std,3,DotProduct(sigma_0=1),train,0.6912235746316464,0.7577247191011236,0.5871193210184723,0.7229480737018426,0.4626274718130834,-0.0817079217077341,1,1
gpc,RT,PC,std,3,DotProduct(sigma_0=1),validation,0.6938775510204082,0.7890295358649789,0.6026986506746627,0.7384007897334649,0.4670536280361164,-0.0758762835605049,1,2
gpc,RT,PC,std,3,DotProduct(sigma_0=1),test,0.7263969171483622,0.7495029821073559,0.5988023952095808,0.7377690802348337,0.4444484607506476,-0.1150999789640505,1,3
gpc,RT,PC,std,4,DotProduct(sigma_0=1),train,0.7010631644777986,0.7872191011235955,0.6100848726909636,0.7416473701620906,0.4808288942578254,-0.0433168154065722,1,1
gpc,RT,PC,std,4,DotProduct(sigma_0=1),validation,0.6942909760589319,0.7953586497890295,0.6056971514242878,0.7413962635201573,0.4676275114230122,-0.0754680537211805,1,2
gpc,RT,PC,std,4,DotProduct(sigma_0=1),test,0.7269230769230769,0.7514910536779325,0.6002994011976048,0.7390029325513197,0.4454424965359359,-0.1133125256358316,1,3
gpc,RT,PC,std,1,"Matern(length_scale=1, nu=0.5)",train,0.6989946777054997,0.8306394940267041,0.6253746253746254,0.7591522157996147,0.4757687970997078,-0.0606589241600579,1,1
gpc,RT,PC,std,1,"Matern(length_scale=1, nu=0.5)",validation,0.6963636363636364,0.8063157894736842,0.6122754491017964,0.7473170731707317,0.47051540769021,-0.0700855093016718,1,2
gpc,RT,PC,std,1,"Matern(length_scale=1, nu=0.5)",test,0.7373029772329247,0.8369781312127237,0.6526946107784432,0.7839851024208566,0.4639436110609073,-0.0882742972525758,1,3
gpc,RT,PC,std,2,"Matern(length_scale=1, nu=0.5)",train,0.6960841613091759,0.8369641602248771,0.6243756243756243,0.7600510529674538,0.4694319937566527,-0.0786443163857163,1,1
gpc,RT,PC,std,2,"Matern(length_scale=1, nu=0.5)",validation,0.6950998185117967,0.8063157894736842,0.6107784431137725,0.746588693957115,0.4679247341150804,-0.0764992169625921,1,2
gpc,RT,PC,std,2,"Matern(length_scale=1, nu=0.5)",test,0.7327433628318584,0.8230616302186878,0.6407185628742516,0.7752808988764045,0.4539550575335863,-0.1099752755209369,1,3
gpc,RT,PC,std,3,"Matern(length_scale=1, nu=0.5)",train,0.692923076923077,0.7907303370786517,0.6020968547179231,0.7386028205969171,0.4644497972094467,-0.0823746859810537,1,1
gpc,RT,PC,std,3,"Matern(length_scale=1, nu=0.5)",validation,0.7017857142857142,0.8291139240506329,0.6281859070464768,0.7601547388781431,0.4819144749786843,-0.0446933634764293,1,2
gpc,RT,PC,std,3,"Matern(length_scale=1, nu=0.5)",test,0.7354014598540146,0.8011928429423459,0.6332335329341318,0.7668886774500476,0.4612024820772336,-0.0871723994911688,1,3
gpc,RT,PC,std,4,"Matern(length_scale=1, nu=0.5)",train,0.6824615384615385,0.7787921348314607,0.5851223165252122,0.7274516234831092,0.4438002124934506,-0.1302226002852545,1,1
gpc,RT,PC,std,4,"Matern(length_scale=1, nu=0.5)",validation,0.6916221033868093,0.8185654008438819,0.6116941529235382,0.7497584541062802,0.4610961719245316,-0.0965063288309574,1,2
gpc,RT,PC,std,4,"Matern(length_scale=1, nu=0.5)",test,0.7229357798165138,0.7833001988071571,0.6107784431137725,0.7519083969465649,0.4340743418278209,-0.1467099698116385,1,3
gpc,RT,PC,std,1,"Matern(length_scale=1, nu=1.5)",train,0.697352587244284,0.814476458186929,0.6168831168831169,0.7513776337115073,0.4728686263300794,-0.0655222107213156,1,1
gpc,RT,PC,std,1,"Matern(length_scale=1, nu=1.5)",validation,0.6910112359550562,0.7768421052631579,0.594311377245509,0.7314172447968286,0.4609599127352058,-0.0883778041979136,1,2
gpc,RT,PC,std,1,"Matern(length_scale=1, nu=1.5)",test,0.736283185840708,0.827037773359841,0.6467065868263473,0.7790262172284644,0.4620037351647689,-0.0907515455594071,1,3
gpc,RT,PC,std,2,"Matern(length_scale=1, nu=1.5)",train,0.6955489614243323,0.8236120871398454,0.6183816183816184,0.7541827541827542,0.4688008622227724,-0.07749697235025,1,1
gpc,RT,PC,std,2,"Matern(length_scale=1, nu=1.5)",validation,0.6959706959706959,0.8,0.6092814371257484,0.7443682664054848,0.4699481865284974,-0.070509868195026,1,2
gpc,RT,PC,std,2,"Matern(length_scale=1, nu=1.5)",test,0.736936936936937,0.8131212723658051,0.6407185628742516,0.7731568998109641,0.4641363937586601,-0.0825133471511999,1,3
gpc,RT,PC,std,3,"Matern(length_scale=1, nu=1.5)",train,0.6923076923076923,0.7773876404494382,0.5961058412381428,0.7323850479655971,0.4638233539034755,-0.0817405694834109,1,1
gpc,RT,PC,std,3,"Matern(length_scale=1, nu=1.5)",validation,0.6980108499095841,0.8143459915611815,0.6176911544227887,0.7517039922103214,0.4745305087339586,-0.0613625077598569,1,2
gpc,RT,PC,std,3,"Matern(length_scale=1, nu=1.5)",test,0.7338262476894639,0.7892644135188867,0.625748502994012,0.7605363984674329,0.458268570395807,-0.0917315495924285,1,3
gpc,RT,PC,std,4,"Matern(length_scale=1, nu=1.5)",train,0.6827586206896552,0.764747191011236,0.5801298052920619,0.7214309373964889,0.4454133191671033,-0.1228854699190577,1,1
gpc,RT,PC,std,4,"Matern(length_scale=1, nu=1.5)",validation,0.6916058394160584,0.79957805907173,0.6041979010494752,0.7416829745596869,0.4619651953389738,-0.0900980208745899,1,2
gpc,RT,PC,std,4,"Matern(length_scale=1, nu=1.5)",test,0.722735674676525,0.7773359840954275,0.6077844311377245,0.7490421455938697,0.4341225375022592,-0.1448079247572118,1,3
gpc,RT,PC,std,1,"Matern(length_scale=1, nu=2.5)",train,0.6973365617433414,0.8095572733661279,0.6148851148851149,0.7492682926829268,0.4729997074948083,-0.0644616106945937,1,1
gpc,RT,PC,std,1,"Matern(length_scale=1, nu=2.5)",validation,0.6918714555765595,0.7705263157894737,0.592814371257485,0.7290836653386454,0.4629833651486228,-0.0826641403478504,1,2
gpc,RT,PC,std,1,"Matern(length_scale=1, nu=2.5)",test,0.7356115107913669,0.8131212723658051,0.6392215568862275,0.7724268177525968,0.4611060907283571,-0.0898030630270369,1,3
gpc,RT,PC,std,2,"Matern(length_scale=1, nu=2.5)",train,0.6959378733572282,0.8186929023190442,0.6168831168831169,0.7523409751372295,0.4697955012458779,-0.0739994874870457,1,1
gpc,RT,PC,std,2,"Matern(length_scale=1, nu=2.5)",validation,0.6961325966850829,0.7957894736842105,0.6077844311377245,0.7426326129666012,0.4704335969457321,-0.0687225121384048,1,2
gpc,RT,PC,std,2,"Matern(length_scale=1, nu=2.5)",test,0.736936936936937,0.8131212723658051,0.6407185628742516,0.7731568998109641,0.4641363937586601,-0.0825133471511999,1,3
gpc,RT,PC,std,3,"Matern(length_scale=1, nu=2.5)",train,0.6926952141057935,0.7724719101123596,0.5946080878681977,0.7304116865869854,0.4648197201684423,-0.0786999151966696,1,1
gpc,RT,PC,std,3,"Matern(length_scale=1, nu=2.5)",validation,0.6981818181818182,0.810126582278481,0.616191904047976,0.75,0.4750114776677379,-0.0595887287995055,1,2
gpc,RT,PC,std,3,"Matern(length_scale=1, nu=2.5)",test,0.7355679702048417,0.7852882703777336,0.625748502994012,0.7596153846153846,0.4623411048858364,-0.0818089358660598,1,3
gpc,RT,PC,std,4,"Matern(length_scale=1, nu=2.5)",train,0.682018927444795,0.7591292134831461,0.5771342985521717,0.7185111332668661,0.4443314461198114,-0.1242028146061212,1,1
gpc,RT,PC,std,4,"Matern(length_scale=1, nu=2.5)",validation,0.6906077348066298,0.7911392405063291,0.5997001499250375,0.7374631268436578,0.4603364596314029,-0.0924652483293275,1,2
gpc,RT,PC,std,4,"Matern(length_scale=1, nu=2.5)",test,0.7235621521335807,0.7753479125248509,0.6077844311377245,0.7485604606525912,0.4361588047472738,-0.1394979199672855,1,3
gpc,RT,PC,std,1,RBF(length_scale=0.5),train,0.6992574257425742,0.7940969782150387,0.6108891108891109,0.7436656794998354,0.4773593699365349,-0.0520410326441404,1,1
gpc,RT,PC,std,1,RBF(length_scale=0.5),validation,0.6933333333333334,0.7663157894736842,0.592814371257485,0.728,0.4660594491409872,-0.0750112963846002,1,2
gpc,RT,PC,std,1,RBF(length_scale=0.5),test,0.7380952380952381,0.8011928429423459,0.6362275449101796,0.7683508102955195,0.4672630881378396,-0.0730831794305929,1,3
gpc,RT,PC,std,2,RBF(length_scale=0.5),train,0.6986714975845411,0.8130709768095573,0.6178821178821179,0.7515427086716466,0.4756201170748996,-0.058470273824782,1,1
gpc,RT,PC,std,2,RBF(length_scale=0.5),validation,0.6970260223048327,0.7894736842105263,0.6062874251497006,0.7403751233958539,0.4724570493591491,-0.063067135349819,1,2
gpc,RT,PC,std,2,RBF(length_scale=0.5),test,0.7368421052631579,0.8071570576540755,0.6377245508982036,0.7703984819734345,0.4641845894330983,-0.0812750347809573,1,3
gpc,RT,PC,std,3,RBF(length_scale=0.5),train,0.6954314720812182,0.7696629213483146,0.5966050923614579,0.7306666666666667,0.4703236886534319,-0.0656964869715871,1,1
gpc,RT,PC,std,3,RBF(length_scale=0.5),validation,0.6987060998151571,0.7974683544303798,0.6116941529235382,0.7448275862068966,0.4764543844690759,-0.05455366898075,1,2
gpc,RT,PC,std,3,RBF(length_scale=0.5),test,0.7382297551789078,0.7793240556660039,0.625748502994012,0.758220502901354,0.4684499066208807,-0.0673983190520324,1,3
gpc,RT,PC,std,4,RBF(length_scale=0.5),train,0.6855506047103755,0.7563202247191011,0.5801298052920619,0.7191986644407345,0.451562530321554,-0.1067765179749086,1,1
gpc,RT,PC,std,4,RBF(length_scale=0.5),validation,0.6897196261682244,0.7784810126582279,0.5937031484257871,0.7314172447968286,0.4591886928576114,-0.0928997337635552,1,2
gpc,RT,PC,std,4,RBF(length_scale=0.5),test,0.7238095238095238,0.7554671968190855,0.5988023952095808,0.7392996108949417,0.4383396590156033,-0.129662446565272,1,3
gpc,RT,PC,std,1,RBF(length_scale=1),train,0.6992574257425742,0.7940969782150387,0.6108891108891109,0.7436656794998354,0.4773593699365349,-0.0520410326441404,1,1
gpc,RT,PC,std,1,RBF(length_scale=1),validation,0.6933333333333334,0.7663157894736842,0.592814371257485,0.728,0.4660594491409872,-0.0750112963846002,1,2
gpc,RT,PC,std,1,RBF(length_scale=1),test,0.7380952380952381,0.8011928429423459,0.6362275449101796,0.7683508102955195,0.4672630881378396,-0.0730831794305929,1,3
gpc,RT,PC,std,2,RBF(length_scale=1),train,0.6986714975845411,0.8130709768095573,0.6178821178821179,0.7515427086716466,0.4756201170748996,-0.058470273824782,1,1
gpc,RT,PC,std,2,RBF(length_scale=1),validation,0.6970260223048327,0.7894736842105263,0.6062874251497006,0.7403751233958539,0.4724570493591491,-0.063067135349819,1,2
gpc,RT,PC,std,2,RBF(length_scale=1),test,0.7368421052631579,0.8071570576540755,0.6377245508982036,0.7703984819734345,0.4641845894330983,-0.0812750347809573,1,3
gpc,RT,PC,std,3,RBF(length_scale=1),train,0.6954314720812182,0.7696629213483146,0.5966050923614579,0.7306666666666667,0.4703236886534319,-0.0656964869715871,1,1
gpc,RT,PC,std,3,RBF(length_scale=1),validation,0.6987060998151571,0.7974683544303798,0.6116941529235382,0.7448275862068966,0.4764543844690759,-0.05455366898075,1,2
gpc,RT,PC,std,3,RBF(length_scale=1),test,0.7382297551789078,0.7793240556660039,0.625748502994012,0.758220502901354,0.4684499066208807,-0.0673983190520324,1,3
gpc,RT,PC,std,4,RBF(length_scale=1),train,0.6855506047103755,0.7563202247191011,0.5801298052920619,0.7191986644407345,0.451562530321554,-0.1067765179749086,1,1
gpc,RT,PC,std,4,RBF(length_scale=1),validation,0.6897196261682244,0.7784810126582279,0.5937031484257871,0.7314172447968286,0.4591886928576114,-0.0928997337635552,1,2
gpc,RT,PC,std,4,RBF(length_scale=1),test,0.7238095238095238,0.7554671968190855,0.5988023952095808,0.7392996108949417,0.4383396590156033,-0.129662446565272,1,3
gpc,RT,PC,std,1,RBF(length_scale=1) + WhiteKernel(noise_level=1),train,0.6992574257425742,0.7940969782150387,0.6108891108891109,0.7436656794998354,0.4773593699365349,-0.0520410326441404,1,1
gpc,RT,PC,std,1,RBF(length_scale=1) + WhiteKernel(noise_level=1),validation,0.6933333333333334,0.7663157894736842,0.592814371257485,0.728,0.4660594491409872,-0.0750112963846002,1,2
gpc,RT,PC,std,1,RBF(length_scale=1) + WhiteKernel(noise_level=1),test,0.7380952380952381,0.8011928429423459,0.6362275449101796,0.7683508102955195,0.4672630881378396,-0.0730831794305929,1,3
gpc,RT,PC,std,2,RBF(length_scale=1) + WhiteKernel(noise_level=1),train,0.6986714975845411,0.8130709768095573,0.6178821178821179,0.7515427086716466,0.4756201170748996,-0.058470273824782,1,1
gpc,RT,PC,std,2,RBF(length_scale=1) + WhiteKernel(noise_level=1),validation,0.6970260223048327,0.7894736842105263,0.6062874251497006,0.7403751233958539,0.4724570493591491,-0.063067135349819,1,2
gpc,RT,PC,std,2,RBF(length_scale=1) + WhiteKernel(noise_level=1),test,0.7368421052631579,0.8071570576540755,0.6377245508982036,0.7703984819734345,0.4641845894330983,-0.0812750347809573,1,3
gpc,RT,PC,std,3,RBF(length_scale=1) + WhiteKernel(noise_level=1),train,0.6954314720812182,0.7696629213483146,0.5966050923614579,0.7306666666666667,0.4703236886534319,-0.0656964869715871,1,1
gpc,RT,PC,std,3,RBF(length_scale=1) + WhiteKernel(noise_level=1),validation,0.6987060998151571,0.7974683544303798,0.6116941529235382,0.7448275862068966,0.4764543844690759,-0.05455366898075,1,2
gpc,RT,PC,std,3,RBF(length_scale=1) + WhiteKernel(noise_level=1),test,0.7382297551789078,0.7793240556660039,0.625748502994012,0.758220502901354,0.4684499066208807,-0.0673983190520324,1,3
gpc,RT,PC,std,4,RBF(length_scale=1) + WhiteKernel(noise_level=1),train,0.6855506047103755,0.7563202247191011,0.5801298052920619,0.7191986644407345,0.451562530321554,-0.1067765179749086,1,1
gpc,RT,PC,std,4,RBF(length_scale=1) + WhiteKernel(noise_level=1),validation,0.6897196261682244,0.7784810126582279,0.5937031484257871,0.7314172447968286,0.4591886928576114,-0.0928997337635552,1,2
gpc,RT,PC,std,4,RBF(length_scale=1) + WhiteKernel(noise_level=1),test,0.7238095238095238,0.7554671968190855,0.5988023952095808,0.7392996108949417,0.4383396590156033,-0.129662446565272,1,3
gpc,RT,PC,std,1,RBF(length_scale=2),train,0.6992574257425742,0.7940969782150387,0.6108891108891109,0.7436656794998354,0.4773593699365349,-0.0520410326441404,1,1
gpc,RT,PC,std,1,RBF(length_scale=2),validation,0.6933333333333334,0.7663157894736842,0.592814371257485,0.728,0.4660594491409872,-0.0750112963846002,1,2
gpc,RT,PC,std,1,RBF(length_scale=2),test,0.7380952380952381,0.8011928429423459,0.6362275449101796,0.7683508102955195,0.4672630881378396,-0.0730831794305929,1,3
gpc,RT,PC,std,2,RBF(length_scale=2),train,0.6986714975845411,0.8130709768095573,0.6178821178821179,0.7515427086716466,0.4756201170748996,-0.058470273824782,1,1
gpc,RT,PC,std,2,RBF(length_scale=2),validation,0.6970260223048327,0.7894736842105263,0.6062874251497006,0.7403751233958539,0.4724570493591491,-0.063067135349819,1,2
gpc,RT,PC,std,2,RBF(length_scale=2),test,0.7368421052631579,0.8071570576540755,0.6377245508982036,0.7703984819734345,0.4641845894330983,-0.0812750347809573,1,3
gpc,RT,PC,std,3,RBF(length_scale=2),train,0.6954314720812182,0.7696629213483146,0.5966050923614579,0.7306666666666667,0.4703236886534319,-0.0656964869715871,1,1
gpc,RT,PC,std,3,RBF(length_scale=2),validation,0.6987060998151571,0.7974683544303798,0.6116941529235382,0.7448275862068966,0.4764543844690759,-0.05455366898075,1,2
gpc,RT,PC,std,3,RBF(length_scale=2),test,0.7382297551789078,0.7793240556660039,0.625748502994012,0.758220502901354,0.4684499066208807,-0.0673983190520324,1,3
gpc,RT,PC,std,4,RBF(length_scale=2),train,0.6855506047103755,0.7563202247191011,0.5801298052920619,0.7191986644407345,0.451562530321554,-0.1067765179749086,1,1
gpc,RT,PC,std,4,RBF(length_scale=2),validation,0.6897196261682244,0.7784810126582279,0.5937031484257871,0.7314172447968286,0.4591886928576114,-0.0928997337635552,1,2
gpc,RT,PC,std,4,RBF(length_scale=2),test,0.7238095238095238,0.7554671968190855,0.5988023952095808,0.7392996108949417,0.4383396590156033,-0.129662446565272,1,3
gpc,RT,PC,std,1,"RationalQuadratic(alpha=1, length_scale=1)",train,0.6992574257425742,0.7940969782150387,0.6108891108891109,0.7436656794998354,0.4773593699365349,-0.0520410326441404,1,1
gpc,RT,PC,std,1,"RationalQuadratic(alpha=1, length_scale=1)",validation,0.6933333333333334,0.7663157894736842,0.592814371257485,0.728,0.4660594491409872,-0.0750112963846002,1,2
gpc,RT,PC,std,1,"RationalQuadratic(alpha=1, length_scale=1)",test,0.7380952380952381,0.8011928429423459,0.6362275449101796,0.7683508102955195,0.4672630881378396,-0.0730831794305929,1,3
gpc,RT,PC,std,2,"RationalQuadratic(alpha=1, length_scale=1)",train,0.6986714975845411,0.8130709768095573,0.6178821178821179,0.7515427086716466,0.4756201170748996,-0.058470273824782,1,1
gpc,RT,PC,std,2,"RationalQuadratic(alpha=1, length_scale=1)",validation,0.6970260223048327,0.7894736842105263,0.6062874251497006,0.7403751233958539,0.4724570493591491,-0.063067135349819,1,2
gpc,RT,PC,std,2,"RationalQuadratic(alpha=1, length_scale=1)",test,0.7368421052631579,0.8071570576540755,0.6377245508982036,0.7703984819734345,0.4641845894330983,-0.0812750347809573,1,3
gpc,RT,PC,std,3,"RationalQuadratic(alpha=1, length_scale=1)",train,0.6954314720812182,0.7696629213483146,0.5966050923614579,0.7306666666666667,0.4703236886534319,-0.0656964869715871,1,1
gpc,RT,PC,std,3,"RationalQuadratic(alpha=1, length_scale=1)",validation,0.6987060998151571,0.7974683544303798,0.6116941529235382,0.7448275862068966,0.4764543844690759,-0.05455366898075,1,2
gpc,RT,PC,std,3,"RationalQuadratic(alpha=1, length_scale=1)",test,0.7382297551789078,0.7793240556660039,0.625748502994012,0.758220502901354,0.4684499066208807,-0.0673983190520324,1,3
gpc,RT,PC,std,4,"RationalQuadratic(alpha=1, length_scale=1)",train,0.6855506047103755,0.7563202247191011,0.5801298052920619,0.7191986644407345,0.451562530321554,-0.1067765179749086,1,1
gpc,RT,PC,std,4,"RationalQuadratic(alpha=1, length_scale=1)",validation,0.6897196261682244,0.7784810126582279,0.5937031484257871,0.7314172447968286,0.4591886928576114,-0.0928997337635552,1,2
gpc,RT,PC,std,4,"RationalQuadratic(alpha=1, length_scale=1)",test,0.7238095238095238,0.7554671968190855,0.5988023952095808,0.7392996108949417,0.4383396590156033,-0.129662446565272,1,3
gpc,RT,ECFP4,minmax,1,DotProduct(sigma_0=1),train,0.7002743484224966,0.7174982431482783,0.580919080919081,0.7087816730301979,0.4813743374636037,-0.0379669093864809,2,1
gpc,RT,ECFP4,minmax,1,DotProduct(sigma_0=1),validation,0.6913319238900634,0.6884210526315789,0.5598802395209581,0.689873417721519,0.4659721843468775,-0.0678487186522591,2,2
gpc,RT,ECFP4,minmax,1,DotProduct(sigma_0=1),test,0.7412731006160165,0.7176938369781312,0.5988023952095808,0.7292929292929293,0.4770287366708837,-0.0445796929209829,2,3
gpc,RT,ECFP4,minmax,2,DotProduct(sigma_0=1),train,0.7099656357388316,0.7259311314125088,0.5944055944055944,0.7178596247394023,0.4985441494713667,-0.0029625340882479,2,1
gpc,RT,ECFP4,minmax,2,DotProduct(sigma_0=1),validation,0.7103004291845494,0.6968421052631579,0.5823353293413174,0.7035069075451648,0.4986801199890919,-0.0026050811931245,2,2
gpc,RT,ECFP4,minmax,2,DotProduct(sigma_0=1),test,0.7236286919831224,0.6819085487077535,0.5643712574850299,0.7021494370522006,0.4439845773841797,-0.1064323230517137,2,3
gpc,RT,ECFP4,minmax,3,DotProduct(sigma_0=1),train,0.7069701280227596,0.6980337078651685,0.5796305541687469,0.7024734982332156,0.4932310162814616,-0.0134173860538088,2,1
gpc,RT,ECFP4,minmax,3,DotProduct(sigma_0=1),validation,0.7172557172557172,0.7278481012658228,0.6026986506746627,0.7225130890052356,0.5115924444152948,0.0234446542777917,2,2
gpc,RT,ECFP4,minmax,3,DotProduct(sigma_0=1),test,0.728448275862069,0.6719681908548708,0.5643712574850299,0.6990692864529473,0.4541659136092535,-0.0858361965009506,2,3
gpc,RT,ECFP4,minmax,4,DotProduct(sigma_0=1),train,0.7112970711297071,0.7162921348314607,0.5916125811283075,0.7137858642407278,0.5006331140478547,0.0012728449776873,2,1
gpc,RT,ECFP4,minmax,4,DotProduct(sigma_0=1),validation,0.711340206185567,0.7278481012658228,0.5967016491754122,0.7194994786235662,0.5012297501147767,0.0025038489723932,2,2
gpc,RT,ECFP4,minmax,4,DotProduct(sigma_0=1),test,0.7468879668049793,0.7157057654075547,0.6032934131736527,0.7309644670050761,0.4881559130068076,-0.0227917439700492,2,3
gpc,RT,ECFP4,minmax,1,"Matern(length_scale=1, nu=0.5)",train,0.7035175879396985,0.8854532677442024,0.6533466533466533,0.7840696950840075,0.4841774110741737,-0.0467261772580398,2,1
gpc,RT,ECFP4,minmax,1,"Matern(length_scale=1, nu=0.5)",validation,0.6928327645051194,0.8547368421052631,0.6272455089820359,0.765315739868049,0.4610471775293155,-0.1076065363087057,2,2
gpc,RT,ECFP4,minmax,1,"Matern(length_scale=1, nu=0.5)",test,0.7315436241610739,0.8667992047713717,0.6601796407185628,0.7934485896269335,0.448551117537201,-0.1431009536446861,2,3
gpc,RT,ECFP4,minmax,2,"Matern(length_scale=1, nu=0.5)",train,0.6997742663656885,0.8713984539704849,0.6428571428571429,0.7762128325508607,0.4762864463289384,-0.0674330172318172,2,1
gpc,RT,ECFP4,minmax,2,"Matern(length_scale=1, nu=0.5)",validation,0.6949740034662045,0.8442105263157895,0.625748502994012,0.7623574144486692,0.4661467139350968,-0.0894638705177429,2,2
gpc,RT,ECFP4,minmax,2,"Matern(length_scale=1, nu=0.5)",test,0.7302405498281787,0.8449304174950298,0.6482035928143712,0.783410138248848,0.4467076329899391,-0.1372493361272173,2,3
gpc,RT,ECFP4,minmax,3,"Matern(length_scale=1, nu=0.5)",train,0.6873223422399091,0.8490168539325843,0.618072890664004,0.7596606974552309,0.449551604859211,-0.139843986030605,2,1
gpc,RT,ECFP4,minmax,3,"Matern(length_scale=1, nu=0.5)",validation,0.7023026315789473,0.90084388185654,0.6581709145427287,0.789279112754159,0.4815100238298244,-0.0590549596337428,2,2
gpc,RT,ECFP4,minmax,3,"Matern(length_scale=1, nu=0.5)",test,0.735,0.8767395626242545,0.6691616766467066,0.7996373526745241,0.4565515994939454,-0.1239366268422003,2,3
gpc,RT,ECFP4,minmax,4,"Matern(length_scale=1, nu=0.5)",train,0.690462911321807,0.8693820224719101,0.6300549176235647,0.7696611750077712,0.4554163998369913,-0.1319470288198425,2,1
gpc,RT,ECFP4,minmax,4,"Matern(length_scale=1, nu=0.5)",validation,0.6905158069883528,0.8755274261603375,0.6326836581709145,0.772093023255814,0.4558984281060755,-0.133949990256374,2,2
gpc,RT,ECFP4,minmax,4,"Matern(length_scale=1, nu=0.5)",test,0.730185497470489,0.8608349900596421,0.655688622754491,0.7901459854014599,0.4455690101813362,-0.148711383461617,2,3
gpc,RT,ECFP4,minmax,1,"Matern(length_scale=1, nu=1.5)",train,0.7030796048808832,0.8503162333099087,0.6383616383616384,0.7697201017811705,0.4838800510245571,-0.0420815565245452,2,1
gpc,RT,ECFP4,minmax,1,"Matern(length_scale=1, nu=1.5)",validation,0.6914893617021277,0.8210526315789474,0.6122754491017964,0.7507218479307026,0.4597491137169348,-0.100640939160261,2,2
gpc,RT,ECFP4,minmax,1,"Matern(length_scale=1, nu=1.5)",test,0.7386759581881533,0.8429423459244533,0.657185628742515,0.787372330547818,0.4669257184167721,-0.0820401615358187,2,3
gpc,RT,ECFP4,minmax,2,"Matern(length_scale=1, nu=1.5)",train,0.7014051522248244,0.8418833450456782,0.6328671328671329,0.7652507186202491,0.4805271647508183,-0.0498865325601577,2,1
gpc,RT,ECFP4,minmax,2,"Matern(length_scale=1, nu=1.5)",validation,0.6967509025270758,0.8126315789473684,0.6152694610778443,0.750242954324587,0.4710826288519225,-0.0696798097213355,2,2
gpc,RT,ECFP4,minmax,2,"Matern(length_scale=1, nu=1.5)",test,0.7282415630550622,0.8151093439363817,0.6317365269461078,0.7692307692307693,0.4439183083318272,-0.1329009908038481,2,3
gpc,RT,ECFP4,minmax,3,"Matern(length_scale=1, nu=1.5)",train,0.6907276995305164,0.8265449438202247,0.6135796305541688,0.7525575447570333,0.4581774805456908,-0.1064054994709975,2,1
gpc,RT,ECFP4,minmax,3,"Matern(length_scale=1, nu=1.5)",validation,0.7042735042735043,0.869198312236287,0.6476761619190404,0.7780925401322002,0.4864126276207342,-0.0375273968352641,2,2
gpc,RT,ECFP4,minmax,3,"Matern(length_scale=1, nu=1.5)",test,0.7383820998278829,0.852882703777336,0.6616766467065869,0.7915129151291513,0.4658352912826073,-0.0875560156367893,2,3
gpc,RT,ECFP4,minmax,4,"Matern(length_scale=1, nu=1.5)",train,0.6909403669724771,0.8462078651685393,0.6215676485272091,0.7607323232323232,0.4576462469193301,-0.1144440056757131,2,1
gpc,RT,ECFP4,minmax,4,"Matern(length_scale=1, nu=1.5)",validation,0.6938775510204082,0.8607594936708861,0.631184407796102,0.768361581920904,0.464058503312127,-0.1008769099495441,2,2
gpc,RT,ECFP4,minmax,4,"Matern(length_scale=1, nu=1.5)",test,0.7285464098073555,0.827037773359841,0.6377245508982036,0.7746741154562383,0.4438219169829507,-0.1375368123442388,2,3
gpc,RT,ECFP4,minmax,1,"Matern(length_scale=1, nu=2.5)",train,0.7019906323185011,0.842586085734364,0.6338661338661339,0.765889492175024,0.4817420929535377,-0.0467740656508633,2,1
gpc,RT,ECFP4,minmax,1,"Matern(length_scale=1, nu=2.5)",validation,0.6870503597122302,0.8042105263157895,0.6002994011976048,0.7410281280310378,0.4513280610853559,-0.1181102789369607,2,2
gpc,RT,ECFP4,minmax,1,"Matern(length_scale=1, nu=2.5)",test,0.7373029772329247,0.8369781312127237,0.6526946107784432,0.7839851024208566,0.4639436110609073,-0.0882742972525758,2,3
gpc,RT,ECFP4,minmax,2,"Matern(length_scale=1, nu=2.5)",train,0.7004716981132075,0.8348559381588194,0.6288711288711288,0.76178262263546,0.478740577024142,-0.0535734436217214,2,1
gpc,RT,ECFP4,minmax,2,"Matern(length_scale=1, nu=2.5)",validation,0.7,0.8105263157894737,0.6182634730538922,0.751219512195122,0.4778020179983637,-0.052765080069886,2,2
gpc,RT,ECFP4,minmax,2,"Matern(length_scale=1, nu=2.5)",test,0.7297297297297297,0.805168986083499,0.6287425149700598,0.7655954631379962,0.4480390384962949,-0.1195494068837727,2,3
gpc,RT,ECFP4,minmax,3,"Matern(length_scale=1, nu=2.5)",train,0.692627824019025,0.8181179775280899,0.6125811283075387,0.7501609787508049,0.4625995759833886,-0.0924347532354197,2,1
gpc,RT,ECFP4,minmax,3,"Matern(length_scale=1, nu=2.5)",validation,0.7076124567474048,0.8628691983122363,0.6491754122938531,0.7775665399239544,0.4936107649592269,-0.017040713046064,2,2
gpc,RT,ECFP4,minmax,3,"Matern(length_scale=1, nu=2.5)",test,0.7390542907180385,0.8389662027833003,0.655688622754491,0.7858472998137802,0.4679679498764986,-0.0784217942342432,2,3
gpc,RT,ECFP4,minmax,4,"Matern(length_scale=1, nu=2.5)",train,0.6890561667631732,0.8356741573033708,0.6150773839241138,0.7553157727705491,0.4541065087034989,-0.1207187305312611,2,1
gpc,RT,ECFP4,minmax,4,"Matern(length_scale=1, nu=2.5)",validation,0.6981132075471698,0.8586497890295358,0.6356821589205397,0.7701040681173131,0.4733663452919699,-0.0728039035479121,2,2
gpc,RT,ECFP4,minmax,4,"Matern(length_scale=1, nu=2.5)",test,0.7301587301587301,0.8230616302186878,0.6377245508982036,0.7738317757009345,0.4478944514729803,-0.1254549252877134,2,3
gpc,RT,ECFP4,minmax,1,RBF(length_scale=0.5),train,0.7002369668246445,0.8306394940267041,0.6268731268731269,0.759884281581485,0.4783594706748373,-0.0539620651262842,2,1
gpc,RT,ECFP4,minmax,1,RBF(length_scale=0.5),validation,0.6843065693430657,0.7894736842105263,0.5913173652694611,0.7331378299120235,0.4465503136078538,-0.1262175407723997,2,2
gpc,RT,ECFP4,minmax,1,RBF(length_scale=0.5),test,0.7375886524822695,0.827037773359841,0.6482035928143712,0.7797563261480788,0.4650340381950719,-0.0831850376457657,2,3
gpc,RT,ECFP4,minmax,2,RBF(length_scale=0.5),train,0.701617735170761,0.8229093464511595,0.6253746253746254,0.7574385510996119,0.4814028597540772,-0.0452863802363962,2,1
gpc,RT,ECFP4,minmax,2,RBF(length_scale=0.5),validation,0.7052238805970149,0.7957894736842105,0.6182634730538922,0.7477744807121661,0.4885683119716389,-0.026025342793764,2,2
gpc,RT,ECFP4,minmax,2,RBF(length_scale=0.5),test,0.7328385899814471,0.7852882703777336,0.6227544910179641,0.7581573896353166,0.4562804988252305,-0.0955304713789366,2,3
gpc,RT,ECFP4,minmax,3,RBF(length_scale=0.5),train,0.691470054446461,0.8026685393258427,0.6050923614578133,0.7429314267143321,0.4609197618909006,-0.0933063120841109,2,1
gpc,RT,ECFP4,minmax,3,RBF(length_scale=0.5),validation,0.704225352112676,0.8438818565400844,0.6371814092953523,0.7677543186180422,0.4867077676482805,-0.0339081409759966,2,2
gpc,RT,ECFP4,minmax,3,RBF(length_scale=0.5),test,0.7383512544802867,0.8190854870775348,0.6452095808383234,0.7766258246936852,0.467118501114525,-0.076470534305959,2,3
gpc,RT,ECFP4,minmax,4,RBF(length_scale=0.5),train,0.6908127208480566,0.8237359550561798,0.6125811283075387,0.7514413837283792,0.4585001018804215,-0.1047255235261575,2,1
gpc,RT,ECFP4,minmax,4,RBF(length_scale=0.5),validation,0.697391304347826,0.8459915611814346,0.6296851574212894,0.7645376549094376,0.4722185785181785,-0.073067533666272,2,2
gpc,RT,ECFP4,minmax,4,RBF(length_scale=0.5),test,0.7258064516129032,0.805168986083499,0.624251497005988,0.763430725730443,0.4389481294053858,-0.1419846820550731,2,3
gpc,RT,ECFP4,minmax,1,RBF(length_scale=1),train,0.7002369668246445,0.8306394940267041,0.6268731268731269,0.759884281581485,0.4783594706748373,-0.0539620651262842,2,1
gpc,RT,ECFP4,minmax,1,RBF(length_scale=1),validation,0.6843065693430657,0.7894736842105263,0.5913173652694611,0.7331378299120235,0.4465503136078538,-0.1262175407723997,2,2
gpc,RT,ECFP4,minmax,1,RBF(length_scale=1),test,0.7375886524822695,0.827037773359841,0.6482035928143712,0.7797563261480788,0.4650340381950719,-0.0831850376457657,2,3
gpc,RT,ECFP4,minmax,2,RBF(length_scale=1),train,0.701617735170761,0.8229093464511595,0.6253746253746254,0.7574385510996119,0.4814028597540772,-0.0452863802363962,2,1
gpc,RT,ECFP4,minmax,2,RBF(length_scale=1),validation,0.7052238805970149,0.7957894736842105,0.6182634730538922,0.7477744807121661,0.4885683119716389,-0.026025342793764,2,2
gpc,RT,ECFP4,minmax,2,RBF(length_scale=1),test,0.7328385899814471,0.7852882703777336,0.6227544910179641,0.7581573896353166,0.4562804988252305,-0.0955304713789366,2,3
gpc,RT,ECFP4,minmax,3,RBF(length_scale=1),train,0.691470054446461,0.8026685393258427,0.6050923614578133,0.7429314267143321,0.4609197618909006,-0.0933063120841109,2,1
gpc,RT,ECFP4,minmax,3,RBF(length_scale=1),validation,0.704225352112676,0.8438818565400844,0.6371814092953523,0.7677543186180422,0.4867077676482805,-0.0339081409759966,2,2
gpc,RT,ECFP4,minmax,3,RBF(length_scale=1),test,0.7383512544802867,0.8190854870775348,0.6452095808383234,0.7766258246936852,0.467118501114525,-0.076470534305959,2,3
gpc,RT,ECFP4,minmax,4,RBF(length_scale=1),train,0.6908127208480566,0.8237359550561798,0.6125811283075387,0.7514413837283792,0.4585001018804215,-0.1047255235261575,2,1
gpc,RT,ECFP4,minmax,4,RBF(length_scale=1),validation,0.697391304347826,0.8459915611814346,0.6296851574212894,0.7645376549094376,0.4722185785181785,-0.073067533666272,2,2
gpc,RT,ECFP4,minmax,4,RBF(length_scale=1),test,0.7258064516129032,0.805168986083499,0.624251497005988,0.763430725730443,0.4389481294053858,-0.1419846820550731,2,3
gpc,RT,ECFP4,minmax,1,RBF(length_scale=1) + WhiteKernel(noise_level=1),train,0.7002369668246445,0.8306394940267041,0.6268731268731269,0.759884281581485,0.4783594706748373,-0.0539620651262842,2,1
gpc,RT,ECFP4,minmax,1,RBF(length_scale=1) + WhiteKernel(noise_level=1),validation,0.6843065693430657,0.7894736842105263,0.5913173652694611,0.7331378299120235,0.4465503136078538,-0.1262175407723997,2,2
gpc,RT,ECFP4,minmax,1,RBF(length_scale=1) + WhiteKernel(noise_level=1),test,0.7375886524822695,0.827037773359841,0.6482035928143712,0.7797563261480788,0.4650340381950719,-0.0831850376457657,2,3
gpc,RT,ECFP4,minmax,2,RBF(length_scale=1) + WhiteKernel(noise_level=1),train,0.701617735170761,0.8229093464511595,0.6253746253746254,0.7574385510996119,0.4814028597540772,-0.0452863802363962,2,1
gpc,RT,ECFP4,minmax,2,RBF(length_scale=1) + WhiteKernel(noise_level=1),validation,0.7052238805970149,0.7957894736842105,0.6182634730538922,0.7477744807121661,0.4885683119716389,-0.026025342793764,2,2
gpc,RT,ECFP4,minmax,2,RBF(length_scale=1) + WhiteKernel(noise_level=1),test,0.7328385899814471,0.7852882703777336,0.6227544910179641,0.7581573896353166,0.4562804988252305,-0.0955304713789366,2,3
gpc,RT,ECFP4,minmax,3,RBF(length_scale=1) + WhiteKernel(noise_level=1),train,0.691470054446461,0.8026685393258427,0.6050923614578133,0.7429314267143321,0.4609197618909006,-0.0933063120841109,2,1
gpc,RT,ECFP4,minmax,3,RBF(length_scale=1) + WhiteKernel(noise_level=1),validation,0.704225352112676,0.8438818565400844,0.6371814092953523,0.7677543186180422,0.4867077676482805,-0.0339081409759966,2,2
gpc,RT,ECFP4,minmax,3,RBF(length_scale=1) + WhiteKernel(noise_level=1),test,0.7383512544802867,0.8190854870775348,0.6452095808383234,0.7766258246936852,0.467118501114525,-0.076470534305959,2,3
gpc,RT,ECFP4,minmax,4,RBF(length_scale=1) + WhiteKernel(noise_level=1),train,0.6908127208480566,0.8237359550561798,0.6125811283075387,0.7514413837283792,0.4585001018804215,-0.1047255235261575,2,1
gpc,RT,ECFP4,minmax,4,RBF(length_scale=1) + WhiteKernel(noise_level=1),validation,0.697391304347826,0.8459915611814346,0.6296851574212894,0.7645376549094376,0.4722185785181785,-0.073067533666272,2,2
gpc,RT,ECFP4,minmax,4,RBF(length_scale=1) + WhiteKernel(noise_level=1),test,0.7258064516129032,0.805168986083499,0.624251497005988,0.763430725730443,0.4389481294053858,-0.1419846820550731,2,3
gpc,RT,ECFP4,minmax,1,RBF(length_scale=2),train,0.7002369668246445,0.8306394940267041,0.6268731268731269,0.759884281581485,0.4783594706748373,-0.0539620651262842,2,1
gpc,RT,ECFP4,minmax,1,RBF(length_scale=2),validation,0.6843065693430657,0.7894736842105263,0.5913173652694611,0.7331378299120235,0.4465503136078538,-0.1262175407723997,2,2
gpc,RT,ECFP4,minmax,1,RBF(length_scale=2),test,0.7375886524822695,0.827037773359841,0.6482035928143712,0.7797563261480788,0.4650340381950719,-0.0831850376457657,2,3
gpc,RT,ECFP4,minmax,2,RBF(length_scale=2),train,0.701617735170761,0.8229093464511595,0.6253746253746254,0.7574385510996119,0.4814028597540772,-0.0452863802363962,2,1
gpc,RT,ECFP4,minmax,2,RBF(length_scale=2),validation,0.7052238805970149,0.7957894736842105,0.6182634730538922,0.7477744807121661,0.4885683119716389,-0.026025342793764,2,2
gpc,RT,ECFP4,minmax,2,RBF(length_scale=2),test,0.7328385899814471,0.7852882703777336,0.6227544910179641,0.7581573896353166,0.4562804988252305,-0.0955304713789366,2,3
gpc,RT,ECFP4,minmax,3,RBF(length_scale=2),train,0.691470054446461,0.8026685393258427,0.6050923614578133,0.7429314267143321,0.4609197618909006,-0.0933063120841109,2,1
gpc,RT,ECFP4,minmax,3,RBF(length_scale=2),validation,0.704225352112676,0.8438818565400844,0.6371814092953523,0.7677543186180422,0.4867077676482805,-0.0339081409759966,2,2
gpc,RT,ECFP4,minmax,3,RBF(length_scale=2),test,0.7383512544802867,0.8190854870775348,0.6452095808383234,0.7766258246936852,0.467118501114525,-0.076470534305959,2,3
gpc,RT,ECFP4,minmax,4,RBF(length_scale=2),train,0.6908127208480566,0.8237359550561798,0.6125811283075387,0.7514413837283792,0.4585001018804215,-0.1047255235261575,2,1
gpc,RT,ECFP4,minmax,4,RBF(length_scale=2),validation,0.697391304347826,0.8459915611814346,0.6296851574212894,0.7645376549094376,0.4722185785181785,-0.073067533666272,2,2
gpc,RT,ECFP4,minmax,4,RBF(length_scale=2),test,0.7258064516129032,0.805168986083499,0.624251497005988,0.763430725730443,0.4389481294053858,-0.1419846820550731,2,3
gpc,RT,ECFP4,minmax,1,"RationalQuadratic(alpha=1, length_scale=1)",train,0.7002369668246445,0.8306394940267041,0.6268731268731269,0.759884281581485,0.4783594706748373,-0.0539620651262842,2,1
gpc,RT,ECFP4,minmax,1,"RationalQuadratic(alpha=1, length_scale=1)",validation,0.6843065693430657,0.7894736842105263,0.5913173652694611,0.7331378299120235,0.4465503136078538,-0.1262175407723997,2,2
gpc,RT,ECFP4,minmax,1,"RationalQuadratic(alpha=1, length_scale=1)",test,0.7375886524822695,0.827037773359841,0.6482035928143712,0.7797563261480788,0.4650340381950719,-0.0831850376457657,2,3
gpc,RT,ECFP4,minmax,2,"RationalQuadratic(alpha=1, length_scale=1)",train,0.701617735170761,0.8229093464511595,0.6253746253746254,0.7574385510996119,0.4814028597540772,-0.0452863802363962,2,1
gpc,RT,ECFP4,minmax,2,"RationalQuadratic(alpha=1, length_scale=1)",validation,0.7052238805970149,0.7957894736842105,0.6182634730538922,0.7477744807121661,0.4885683119716389,-0.026025342793764,2,2
gpc,RT,ECFP4,minmax,2,"RationalQuadratic(alpha=1, length_scale=1)",test,0.7328385899814471,0.7852882703777336,0.6227544910179641,0.7581573896353166,0.4562804988252305,-0.0955304713789366,2,3
gpc,RT,ECFP4,minmax,3,"RationalQuadratic(alpha=1, length_scale=1)",train,0.691470054446461,0.8026685393258427,0.6050923614578133,0.7429314267143321,0.4609197618909006,-0.0933063120841109,2,1
gpc,RT,ECFP4,minmax,3,"RationalQuadratic(alpha=1, length_scale=1)",validation,0.704225352112676,0.8438818565400844,0.6371814092953523,0.7677543186180422,0.4867077676482805,-0.0339081409759966,2,2
gpc,RT,ECFP4,minmax,3,"RationalQuadratic(alpha=1, length_scale=1)",test,0.7383512544802867,0.8190854870775348,0.6452095808383234,0.7766258246936852,0.467118501114525,-0.076470534305959,2,3
gpc,RT,ECFP4,minmax,4,"RationalQuadratic(alpha=1, length_scale=1)",train,0.6908127208480566,0.8237359550561798,0.6125811283075387,0.7514413837283792,0.4585001018804215,-0.1047255235261575,2,1
gpc,RT,ECFP4,minmax,4,"RationalQuadratic(alpha=1, length_scale=1)",validation,0.697391304347826,0.8459915611814346,0.6296851574212894,0.7645376549094376,0.4722185785181785,-0.073067533666272,2,2
gpc,RT,ECFP4,minmax,4,"RationalQuadratic(alpha=1, length_scale=1)",test,0.7258064516129032,0.805168986083499,0.624251497005988,0.763430725730443,0.4389481294053858,-0.1419846820550731,2,3
gpc,RT,ECFP4,std,1,DotProduct(sigma_0=1),train,0.7107892107892108,1.0,0.7107892107892108,0.830948905109489,0.5,0.0,2,1
gpc,RT,ECFP4,std,1,DotProduct(sigma_0=1),validation,0.7110778443113772,1.0,0.7110778443113772,0.8311461067366579,0.5,0.0,2,2
gpc,RT,ECFP4,std,1,DotProduct(sigma_0=1),test,0.7529940119760479,1.0,0.7529940119760479,0.8590947907771136,0.5,0.0,2,3
gpc,RT,ECFP4,std,2,DotProduct(sigma_0=1),train,0.0,0.0,0.2892107892107892,0.0,0.5,0.0,2,1
gpc,RT,ECFP4,std,2,DotProduct(sigma_0=1),validation,0.0,0.0,0.2889221556886227,0.0,0.5,0.0,2,2
gpc,RT,ECFP4,std,2,DotProduct(sigma_0=1),test,0.0,0.0,0.2470059880239521,0.0,0.5,0.0,2,3
gpc,RT,ECFP4,std,3,DotProduct(sigma_0=1),train,0.0,0.0,0.2890664003994009,0.0,0.5,0.0,2,1
gpc,RT,ECFP4,std,3,DotProduct(sigma_0=1),validation,0.0,0.0,0.2893553223388306,0.0,0.5,0.0,2,2
gpc,RT,ECFP4,std,3,DotProduct(sigma_0=1),test,0.0,0.0,0.2470059880239521,0.0,0.5,0.0,2,3
gpc,RT,ECFP4,std,4,DotProduct(sigma_0=1),train,0.7131782945736435,0.7106741573033708,0.5911133300049926,0.711924023918396,0.5038690302924453,0.0077184266430655,2,1
gpc,RT,ECFP4,std,4,DotProduct(sigma_0=1),validation,0.7148846960167715,0.7194092827004219,0.5967016491754122,0.7171398527865405,0.5073730351325945,0.01481522100204,2,2
gpc,RT,ECFP4,std,4,DotProduct(sigma_0=1),test,0.7552742616033755,0.7117296222664016,0.6092814371257484,0.7328556806550666,0.5043496596180492,0.0082645877869797,2,3
gpc,RT,ECFP4,std,1,"Matern(length_scale=1, nu=0.5)",train,0.6926605504587156,0.7427969079409698,0.5829170829170829,0.7168531705662936,0.4663898183919012,-0.0715915629028292,2,1
gpc,RT,ECFP4,std,1,"Matern(length_scale=1, nu=0.5)",validation,0.6804123711340206,0.6947368421052632,0.5508982035928144,0.6875,0.4458140169075539,-0.110140234793894,2,2
gpc,RT,ECFP4,std,1,"Matern(length_scale=1, nu=0.5)",test,0.725609756097561,0.709741550695825,0.5793413173652695,0.7175879396984924,0.4457798662570034,-0.1061640944059388,2,3
gpc,RT,ECFP4,std,2,"Matern(length_scale=1, nu=0.5)",train,0.7051983584131327,0.724525650035137,0.5889110889110889,0.71473136915078,0.4900693880572921,-0.0202897722750072,2,1
gpc,RT,ECFP4,std,2,"Matern(length_scale=1, nu=0.5)",validation,0.6985446985446986,0.7073684210526315,0.5748502994011976,0.702928870292887,0.4780365421325334,-0.0443468553030244,2,2
gpc,RT,ECFP4,std,2,"Matern(length_scale=1, nu=0.5)",test,0.7276507276507277,0.6958250497017893,0.5748502994011976,0.7113821138211383,0.4509428278811976,-0.0942464778152115,2,3
gpc,RT,ECFP4,std,3,"Matern(length_scale=1, nu=0.5)",train,0.6886726893676164,0.6959269662921348,0.5601597603594608,0.6922808243101641,0.4610895625933903,-0.0784369027197617,2,1
gpc,RT,ECFP4,std,3,"Matern(length_scale=1, nu=0.5)",validation,0.7087576374745418,0.7341772151898734,0.5967016491754122,0.7212435233160622,0.4966222863514134,-0.0069506203857077,2,2
gpc,RT,ECFP4,std,3,"Matern(length_scale=1, nu=0.5)",test,0.729957805907173,0.6878727634194831,0.5733532934131736,0.7082906857727738,0.4560575938309537,-0.083492940883975,2,3
gpc,RT,ECFP4,std,4,"Matern(length_scale=1, nu=0.5)",train,0.7214076246334311,0.6910112359550562,0.5906140788816775,0.7058823529411765,0.5173536317944538,0.033756470881335,2,1
gpc,RT,ECFP4,std,4,"Matern(length_scale=1, nu=0.5)",validation,0.7290322580645161,0.7151898734177216,0.6086956521739131,0.7220447284345048,0.5311700662425395,0.0615224164390613,2,2
gpc,RT,ECFP4,std,4,"Matern(length_scale=1, nu=0.5)",test,0.7592190889370932,0.6958250497017893,0.6047904191616766,0.7261410788381742,0.5115488884872582,0.0215407347455577,2,3
gpc,RT,ECFP4,std,1,"Matern(length_scale=1, nu=1.5)",train,0.6967383761276891,0.7055516514406184,0.5724275724275725,0.7011173184357542,0.4754010416097737,-0.0496678115230531,2,1
gpc,RT,ECFP4,std,1,"Matern(length_scale=1, nu=1.5)",validation,0.6844349680170576,0.6757894736842105,0.5479041916167665,0.6800847457627118,0.4544750477229343,-0.0902385263953565,2,2
gpc,RT,ECFP4,std,1,"Matern(length_scale=1, nu=1.5)",test,0.7313432835820896,0.6819085487077535,0.5718562874251497,0.7057613168724279,0.4591360925356949,-0.0770695623633144,2,3
gpc,RT,ECFP4,std,2,"Matern(length_scale=1, nu=1.5)",train,0.7052480230050323,0.6893886156008433,0.5744255744255744,0.697228144989339,0.490635585866052,-0.0184403079421985,2,1
gpc,RT,ECFP4,std,2,"Matern(length_scale=1, nu=1.5)",validation,0.7049891540130152,0.6842105263157895,0.5718562874251497,0.6944444444444444,0.4897736569402782,-0.0200465747307312,2,2
gpc,RT,ECFP4,std,2,"Matern(length_scale=1, nu=1.5)",test,0.7376681614349776,0.6540755467196819,0.5643712574850299,0.6933614330874605,0.4724923188143864,-0.0503693128253129,2,3
gpc,RT,ECFP4,std,3,"Matern(length_scale=1, nu=1.5)",train,0.7087591240875912,0.6818820224719101,0.5746380429355966,0.6950608446671439,0.496381425743727,-0.007056666982593,2,1
gpc,RT,ECFP4,std,3,"Matern(length_scale=1, nu=1.5)",validation,0.711864406779661,0.7088607594936709,0.5892053973013494,0.7103594080338267,0.5020987735292188,0.0041848037291646,2,2
gpc,RT,ECFP4,std,3,"Matern(length_scale=1, nu=1.5)",test,0.7373068432671082,0.6640159045725647,0.5688622754491018,0.698744769874477,0.4714018916802217,-0.0527989074745338,2,3
gpc,RT,ECFP4,std,4,"Matern(length_scale=1, nu=1.5)",train,0.7436684574059862,0.6804775280898876,0.6060908637044433,0.7106710671067107,0.5518104393471891,0.0985190735967164,2,1
gpc,RT,ECFP4,std,4,"Matern(length_scale=1, nu=1.5)",validation,0.7433035714285714,0.7025316455696202,0.616191904047976,0.7223427331887202,0.5533383616449138,0.103009298175923,2,2
gpc,RT,ECFP4,std,4,"Matern(length_scale=1, nu=1.5)",test,0.786036036036036,0.6938369781312127,0.6272455089820359,0.737064413938754,0.5590397011868184,0.1078660106215219,2,3
gpc,RT,ECFP4,std,1,"Matern(length_scale=1, nu=2.5)",train,0.6968421052631579,0.6978215038650738,0.5694305694305695,0.6973314606741573,0.475853757113884,-0.0483421491200547,2,1
gpc,RT,ECFP4,std,1,"Matern(length_scale=1, nu=2.5)",validation,0.6881720430107527,0.6736842105263158,0.5508982035928144,0.6808510638297872,0.4611944368693754,-0.0764847672983,2,2
gpc,RT,ECFP4,std,1,"Matern(length_scale=1, nu=2.5)",test,0.7349137931034483,0.6779324055666004,0.5733532934131736,0.7052740434332989,0.4662389300560274,-0.0632263466339809,2,3
gpc,RT,ECFP4,std,2,"Matern(length_scale=1, nu=2.5)",train,0.7052860246198407,0.6844694307800422,0.5724275724275725,0.6947218259629101,0.4907666670307811,-0.0181003755343447,2,1
gpc,RT,ECFP4,std,2,"Matern(length_scale=1, nu=2.5)",validation,0.7123893805309734,0.6778947368421052,0.5763473053892215,0.6947141316073355,0.5021598036542132,0.0041857533513394,2,2
gpc,RT,ECFP4,std,2,"Matern(length_scale=1, nu=2.5)",test,0.7398190045248869,0.6500994035785288,0.5643712574850299,0.692063492063492,0.4765648533044159,-0.0427226597559842,2,3
gpc,RT,ECFP4,std,3,"Matern(length_scale=1, nu=2.5)",train,0.708029197080292,0.6811797752808989,0.5736395406889665,0.6943450250536864,0.495166744289845,-0.0094254459278141,2,1
gpc,RT,ECFP4,std,3,"Matern(length_scale=1, nu=2.5)",validation,0.7124735729386892,0.7109704641350211,0.5907046476761619,0.7117212249208026,0.503153625849894,0.0062976214621117,2,2
gpc,RT,ECFP4,std,3,"Matern(length_scale=1, nu=2.5)",test,0.7350993377483444,0.6620278330019881,0.5658682634730539,0.696652719665272,0.4673775528646304,-0.0602287937591323,2,3
gpc,RT,ECFP4,std,4,"Matern(length_scale=1, nu=2.5)",train,0.7457757296466974,0.6818820224719101,0.6085871193210185,0.7123991195891416,0.5551033601133298,0.1047460979279054,2,1
gpc,RT,ECFP4,std,4,"Matern(length_scale=1, nu=2.5)",validation,0.7466367713004485,0.7025316455696202,0.6191904047976012,0.7239130434782609,0.5585197087951728,0.1127551562530529,2,2
gpc,RT,ECFP4,std,4,"Matern(length_scale=1, nu=2.5)",test,0.786036036036036,0.6938369781312127,0.6272455089820359,0.737064413938754,0.5590397011868184,0.1078660106215219,2,3
gpc,RT,ECFP4,std,1,RBF(length_scale=0.5),train,0.8275462962962963,0.5024595924104006,0.5719280719280719,0.6252732837778749,0.6225596753071002,0.224383711334561,2,1
gpc,RT,ECFP4,std,1,RBF(length_scale=0.5),validation,0.8538205980066446,0.5410526315789473,0.6077844311377245,0.6623711340206185,0.6565366784837742,0.2852037880278237,2,2
gpc,RT,ECFP4,std,1,RBF(length_scale=0.5),test,0.8389057750759878,0.5487077534791253,0.5808383233532934,0.6634615384615384,0.6137478161335019,0.1962461880073699,2,3
gpc,RT,ECFP4,std,2,RBF(length_scale=0.5),train,0.8453038674033149,0.5375966268446943,0.6013986013986014,0.6572164948453608,0.6479002132496356,0.2694715524402722,2,1
gpc,RT,ECFP4,std,2,RBF(length_scale=0.5),validation,0.8503401360544217,0.5263157894736842,0.5973053892215568,0.6501950585175552,0.6491682574311425,0.2724095978318328,2,2
gpc,RT,ECFP4,std,2,RBF(length_scale=0.5),test,0.8166089965397924,0.4691848906560636,0.5209580838323353,0.5959595959595959,0.5739863847219712,0.1288069332748202,2,3
gpc,RT,ECFP4,std,3,RBF(length_scale=0.5),train,0.8406285072951739,0.5259831460674157,0.5921118322516226,0.6470842332613391,0.6403663571442432,0.2560920257807955,2,1
gpc,RT,ECFP4,std,3,RBF(length_scale=0.5),validation,0.8451178451178452,0.5295358649789029,0.5967016491754122,0.6511024643320363,0.6455969480334929,0.2656874287306393,2,2
gpc,RT,ECFP4,std,3,RBF(length_scale=0.5),test,0.8211920529801324,0.4930417495029821,0.5374251497005988,0.6161490683229813,0.5828845111151275,0.1436432842687491,2,3
gpc,RT,ECFP4,std,4,RBF(length_scale=0.5),train,0.978622327790974,0.5786516853932584,0.691462805791313,0.7272727272727273,0.773781801245852,0.5028711180264559,2,1
gpc,RT,ECFP4,std,4,RBF(length_scale=0.5),validation,0.9838709677419356,0.6434599156118144,0.7391304347826086,0.7780612244897959,0.8087765899302596,0.5614708743565426,2,2
gpc,RT,ECFP4,std,4,RBF(length_scale=0.5),test,1.0,0.610337972166998,0.7065868263473054,0.7580246913580246,0.805168986083499,0.5281698013698802,2,3
gpc,RT,ECFP4,std,1,RBF(length_scale=1),train,0.7012893982808023,0.6879831342234716,0.5699300699300699,0.694572543455126,0.4838879401687306,-0.0318012193415521,2,1
gpc,RT,ECFP4,std,1,RBF(length_scale=1),validation,0.6989010989010989,0.6694736842105263,0.5598802395209581,0.6838709677419355,0.479814562312517,-0.0392643240879578,2,2
gpc,RT,ECFP4,std,1,RBF(length_scale=1),test,0.738359201773836,0.6620278330019881,0.5688622754491018,0.6981132075471698,0.4734381589252364,-0.0489210755179919,2,3
gpc,RT,ECFP4,std,2,RBF(length_scale=1),train,0.7165178571428571,0.6767392832044975,0.5799200799200799,0.6960607155764366,0.509354097560798,0.0180576421192523,2,1
gpc,RT,ECFP4,std,2,RBF(length_scale=1),validation,0.7200902934537246,0.671578947368421,0.5808383233532934,0.6949891067538126,0.5145459503681483,0.0279000148356138,2,2
gpc,RT,ECFP4,std,2,RBF(length_scale=1),test,0.7419354838709677,0.6401590457256461,0.561377245508982,0.687299893276414,0.4806855834688837,-0.0349208462772841,2,3
gpc,RT,ECFP4,std,3,RBF(length_scale=1),train,0.717037037037037,0.6797752808988764,0.581627558662007,0.6979091564527757,0.5100085385496109,0.0193584893353744,2,1
gpc,RT,ECFP4,std,3,RBF(length_scale=1),validation,0.7176724137931034,0.7025316455696202,0.5922038980509745,0.7100213219616205,0.5118875844428412,0.0234306548554212,2,2
gpc,RT,ECFP4,std,3,RBF(length_scale=1),test,0.7399103139013453,0.6560636182902585,0.5673652694610778,0.6954689146469969,0.4765166576299777,-0.043000346341014,2,3
gpc,RT,ECFP4,std,4,RBF(length_scale=1),train,0.7537138389366693,0.6769662921348315,0.6130803794308537,0.7132815390307066,0.5664624206788147,0.1254283969735138,2,1
gpc,RT,ECFP4,std,4,RBF(length_scale=1),validation,0.7733644859813084,0.6983122362869199,0.6401799100449775,0.7339246119733924,0.5978607813558952,0.1850911547966613,2,2
gpc,RT,ECFP4,std,4,RBF(length_scale=1),test,0.7948717948717948,0.6779324055666004,0.625748502994012,0.7317596566523605,0.5722995361166335,0.1300959792780731,2,3
gpc,RT,ECFP4,std,1,RBF(length_scale=1) + WhiteKernel(noise_level=1),train,0.701223902087833,0.6844694307800422,0.5684315684315684,0.6927453769559033,0.483858204163769,-0.0317572009717751,2,1
gpc,RT,ECFP4,std,1,RBF(length_scale=1) + WhiteKernel(noise_level=1),validation,0.6989010989010989,0.6694736842105263,0.5598802395209581,0.6838709677419355,0.479814562312517,-0.0392643240879578,2,2
gpc,RT,ECFP4,std,1,RBF(length_scale=1) + WhiteKernel(noise_level=1),test,0.7377777777777778,0.6600397614314115,0.5673652694610778,0.6967471143756558,0.4724441231399481,-0.050691564130167,2,3
gpc,RT,ECFP4,std,2,RBF(length_scale=1) + WhiteKernel(noise_level=1),train,0.7163067758749069,0.6760365425158117,0.5794205794205795,0.695589298626175,0.509002727216455,0.0173726113955445,2,1
gpc,RT,ECFP4,std,2,RBF(length_scale=1) + WhiteKernel(noise_level=1),validation,0.7200902934537246,0.671578947368421,0.5808383233532934,0.6949891067538126,0.5145459503681483,0.0279000148356138,2,2
gpc,RT,ECFP4,std,2,RBF(length_scale=1) + WhiteKernel(noise_level=1),test,0.740139211136891,0.6341948310139165,0.5568862275449101,0.683083511777302,0.4777034761130189,-0.0401957662835288,2,3
gpc,RT,ECFP4,std,3,RBF(length_scale=1) + WhiteKernel(noise_level=1),train,0.7175685693106004,0.6797752808988764,0.582126809785322,0.6981608366390191,0.5108720964079874,0.0210204843149799,2,1
gpc,RT,ECFP4,std,3,RBF(length_scale=1) + WhiteKernel(noise_level=1),validation,0.7176724137931034,0.7025316455696202,0.5922038980509745,0.7100213219616205,0.5118875844428412,0.0234306548554212,2,2
gpc,RT,ECFP4,std,3,RBF(length_scale=1) + WhiteKernel(noise_level=1),test,0.7399103139013453,0.6560636182902585,0.5673652694610778,0.6954689146469969,0.4765166576299777,-0.043000346341014,2,3
gpc,RT,ECFP4,std,4,RBF(length_scale=1) + WhiteKernel(noise_level=1),train,0.7535211267605634,0.6762640449438202,0.6125811283075387,0.7128053293856402,0.566111297083309,0.1247284484344331,2,1
gpc,RT,ECFP4,std,4,RBF(length_scale=1) + WhiteKernel(noise_level=1),validation,0.7733644859813084,0.6983122362869199,0.6401799100449775,0.7339246119733924,0.5978607813558952,0.1850911547966613,2,2
gpc,RT,ECFP4,std,4,RBF(length_scale=1) + WhiteKernel(noise_level=1),test,0.794392523364486,0.6759443339960238,0.624251497005988,0.7303974221267454,0.5713055003313453,0.1281892145458883,2,3
gpc,RT,ECFP4,std,1,RBF(length_scale=2),train,0.6966690290574061,0.690794096978215,0.5664335664335665,0.6937191249117854,0.4757942851039607,-0.0481207507099665,2,1
gpc,RT,ECFP4,std,1,RBF(length_scale=2),validation,0.6868250539956804,0.6694736842105263,0.5479041916167665,0.6780383795309168,0.4590891737114808,-0.0804130028315949,2,2
gpc,RT,ECFP4,std,1,RBF(length_scale=2),test,0.7308533916849015,0.6640159045725647,0.562874251497006,0.6958333333333333,0.4592806795590096,-0.075553946470803,2,3
gpc,RT,ECFP4,std,2,RBF(length_scale=2),train,0.7081513828238719,0.6837666900913563,0.5749250749250749,0.695745441544512,0.4955966438366971,-0.0086056237444733,2,1
gpc,RT,ECFP4,std,2,RBF(length_scale=2),validation,0.7095343680709535,0.6736842105263158,0.5718562874251497,0.6911447084233261,0.4974638669211889,-0.0049091845156071,2,2
gpc,RT,ECFP4,std,2,RBF(length_scale=2),test,0.7386363636363636,0.6461232604373758,0.561377245508982,0.689289501590668,0.4745767817338394,-0.0462479753173789,2,3
gpc,RT,ECFP4,std,3,RBF(length_scale=2),train,0.7063953488372093,0.6825842696629213,0.5726410384423365,0.6942857142857143,0.4924147600473501,-0.0148303229575308,2,1
gpc,RT,ECFP4,std,3,RBF(length_scale=2),validation,0.7133757961783439,0.7088607594936709,0.5907046476761619,0.7111111111111111,0.5046894471043484,0.0093364327482157,2,2
gpc,RT,ECFP4,std,3,RBF(length_scale=2),test,0.7334801762114538,0.6620278330019881,0.5643712574850299,0.6959247648902821,0.4643472498343274,-0.0659043654859339,2,3
gpc,RT,ECFP4,std,4,RBF(length_scale=2),train,0.7463489623366641,0.6818820224719101,0.6090863704443334,0.7126605504587156,0.5559669179717063,0.106352685167745,2,1
gpc,RT,ECFP4,std,4,RBF(length_scale=2),validation,0.75,0.7025316455696202,0.6221889055472264,0.7254901960784313,0.5637010559454319,0.1224617710484344,2,2
gpc,RT,ECFP4,std,4,RBF(length_scale=2),test,0.7813211845102506,0.6819085487077535,0.6167664670658682,0.7282377919320594,0.5500451834447858,0.0909427839078464,2,3
gpc,RT,ECFP4,std,1,"RationalQuadratic(alpha=1, length_scale=1)",train,0.701254275940707,0.8643710470836261,0.6418581418581418,0.7743153918791312,0.4796812057525211,-0.0559279660163792,2,1
gpc,RT,ECFP4,std,1,"RationalQuadratic(alpha=1, length_scale=1)",validation,0.6888111888111889,0.8294736842105264,0.6122754491017964,0.7526265520534862,0.4535969457322062,-0.119913586084162,2,2
gpc,RT,ECFP4,std,1,"RationalQuadratic(alpha=1, length_scale=1)",test,0.7375643224699828,0.8548707753479126,0.6616766467065869,0.7918968692449355,0.4637990240375926,-0.0936984699525027,2,3
gpc,RT,ECFP4,std,2,"RationalQuadratic(alpha=1, length_scale=1)",train,0.6977142857142857,0.8580463808854533,0.6348651348651349,0.7696186574219981,0.4722010833615522,-0.0759941748983188,2,1
gpc,RT,ECFP4,std,2,"RationalQuadratic(alpha=1, length_scale=1)",validation,0.691768826619965,0.8315789473684211,0.6167664670658682,0.7552581261950286,0.4598309244614126,-0.1033578271160632,2,2
gpc,RT,ECFP4,std,2,"RationalQuadratic(alpha=1, length_scale=1)",test,0.7314487632508834,0.8230616302186878,0.6392215568862275,0.774555659494855,0.4509247545032833,-0.1176820268381493,2,3
gpc,RT,ECFP4,std,3,"RationalQuadratic(alpha=1, length_scale=1)",train,0.6868451688009313,0.8286516853932584,0.6095856215676485,0.7511139401654997,0.4497317148900661,-0.1304620901284942,2,1
gpc,RT,ECFP4,std,3,"RationalQuadratic(alpha=1, length_scale=1)",validation,0.7081911262798635,0.8755274261603375,0.6551724137931034,0.7830188679245284,0.4947585317330185,-0.0145532323915768,2,2
gpc,RT,ECFP4,std,3,"RationalQuadratic(alpha=1, length_scale=1)",test,0.7361111111111112,0.8429423459244533,0.6541916167664671,0.7859128822984245,0.460865112356166,-0.0979523582295363,2,3
gpc,RT,ECFP4,std,4,"RationalQuadratic(alpha=1, length_scale=1)",train,0.6876774559909142,0.8504213483146067,0.6190713929106341,0.7604395604395604,0.4502538520502221,-0.1383873421389903,2,1
gpc,RT,ECFP4,std,4,"RationalQuadratic(alpha=1, length_scale=1)",validation,0.695142378559464,0.8755274261603375,0.638680659670165,0.7749766573295985,0.4662611224065937,-0.0998371709472805,2,2
gpc,RT,ECFP4,std,4,"RationalQuadratic(alpha=1, length_scale=1)",test,0.729776247848537,0.8429423459244533,0.6467065868263473,0.7822878228782287,0.4457135972046508,-0.1391231276499927,2,3
gpc,RT,MIX,minmax,1,DotProduct(sigma_0=1),train,0.99229152067274,0.9950808151791988,0.991008991008991,0.9936842105263158,0.988041271147458,0.9780979941717396,3,1
gpc,RT,MIX,minmax,1,DotProduct(sigma_0=1),validation,0.8176229508196722,0.84,0.7529940119760479,0.8286604361370716,0.6894300518134715,0.3870420662028853,3,2
gpc,RT,MIX,minmax,1,DotProduct(sigma_0=1),test,0.8809523809523809,0.882703777335984,0.8218562874251497,0.8818272095332671,0.7595337068498103,0.5201307593767468,3,3
gpc,RT,MIX,minmax,2,DotProduct(sigma_0=1),train,0.995768688293371,0.9922698524244554,0.9915084915084916,0.9940161914818726,0.9909535790619686,0.9794169573079924,3,1
gpc,RT,MIX,minmax,2,DotProduct(sigma_0=1),validation,0.8197424892703863,0.8042105263157895,0.7350299401197605,0.8119022316684378,0.684488682847014,0.3641300679282327,3,2
gpc,RT,MIX,minmax,2,DotProduct(sigma_0=1),test,0.888421052631579,0.8389662027833003,0.7994011976047904,0.8629856850715747,0.7588770407855895,0.4926336079805894,3,3
gpc,RT,MIX,minmax,3,DotProduct(sigma_0=1),train,0.9937062937062936,0.9978932584269664,0.9940089865202196,0.9957953749124036,0.9911746084880944,0.9854052008737382,3,1
gpc,RT,MIX,minmax,3,DotProduct(sigma_0=1),validation,0.8189845474613686,0.7827004219409283,0.7226386806596702,0.8004314994606256,0.6789149778098424,0.3476070149563748,3,2
gpc,RT,MIX,minmax,3,DotProduct(sigma_0=1),test,0.8782051282051282,0.8170974155069582,0.7769461077844312,0.8465499485066942,0.7358214350262063,0.4441210048368619,3,3
gpc,RT,MIX,minmax,4,DotProduct(sigma_0=1),train,0.9909027291812456,0.99438202247191,0.9895157264103844,0.9926393270241852,0.9859647590770604,0.9744442293474692,3,1
gpc,RT,MIX,minmax,4,DotProduct(sigma_0=1),validation,0.8157349896480331,0.8312236286919831,0.7466266866566716,0.8234064785788924,0.685041866159463,0.3754787330577306,3,2
gpc,RT,MIX,minmax,4,DotProduct(sigma_0=1),test,0.8734177215189873,0.8230616302186878,0.7769461077844312,0.8474923234390993,0.7297126332911621,0.4364663882514353,3,3
gpc,RT,MIX,minmax,1,"Matern(length_scale=1, nu=0.5)",train,0.836962919364332,0.999297259311314,0.8611388611388612,0.9109545163356824,0.7604431028853634,0.6589714280982109,3,1
gpc,RT,MIX,minmax,1,"Matern(length_scale=1, nu=0.5)",validation,0.7390625,0.9957894736842106,0.7470059880239521,0.8484304932735426,0.5652522497954732,0.2951766111299332,3,2
gpc,RT,MIX,minmax,1,"Matern(length_scale=1, nu=0.5)",test,0.7917981072555205,0.9980119284294234,0.8008982035928144,0.8830255057167986,0.5990059642147118,0.3885377586496695,3,3
gpc,RT,MIX,minmax,2,"Matern(length_scale=1, nu=0.5)",train,0.8410438908659549,0.9964862965565706,0.8636363636363636,0.912190414924413,0.7668096422333803,0.6635916637062131,3,1
gpc,RT,MIX,minmax,2,"Matern(length_scale=1, nu=0.5)",validation,0.7468152866242038,0.9873684210526316,0.7529940119760479,0.8504079782411604,0.58176711208072,0.3124095466943616,3,2
gpc,RT,MIX,minmax,2,"Matern(length_scale=1, nu=0.5)",test,0.7917329093799682,0.9900596421471172,0.7964071856287425,0.8798586572438163,0.5980601241038617,0.3607370692578315,3,3
gpc,RT,MIX,minmax,3,"Matern(length_scale=1, nu=0.5)",train,0.8409225310467179,0.9985955056179776,0.8647029455816275,0.9130016051364366,0.7670006889057073,0.6675557687986884,3,1
gpc,RT,MIX,minmax,3,"Matern(length_scale=1, nu=0.5)",validation,0.7403846153846154,0.9746835443037974,0.7391304347826086,0.8415300546448088,0.5676526529809143,0.2498366399182251,3,2
gpc,RT,MIX,minmax,3,"Matern(length_scale=1, nu=0.5)",test,0.7685185185185185,0.9900596421471172,0.7679640718562875,0.8653344917463076,0.540484366528104,0.2048994570774322,3,3
gpc,RT,MIX,minmax,4,"Matern(length_scale=1, nu=0.5)",train,0.8339201877934272,0.9978932584269664,0.8572141787319022,0.9085677749360612,0.7545597552929304,0.6476548582098489,3,1
gpc,RT,MIX,minmax,4,"Matern(length_scale=1, nu=0.5)",validation,0.7310664605873262,0.9978902953586498,0.7376311844077961,0.8438893844781445,0.5481679456067861,0.2561467244693034,3,2
gpc,RT,MIX,minmax,4,"Matern(length_scale=1, nu=0.5)",test,0.7851500789889415,0.9880715705765408,0.7874251497005988,0.875,0.5819145731670583,0.3170890579482402,3,3
gpc,RT,MIX,minmax,1,"Matern(length_scale=1, nu=1.5)",train,0.8596597812879708,0.994378074490513,0.8806193806193806,0.9221244705115672,0.7977071719602824,0.7060266758800837,3,1
gpc,RT,MIX,minmax,1,"Matern(length_scale=1, nu=1.5)",validation,0.7796327212020033,0.983157894736842,0.7904191616766467,0.8696461824953445,0.6496100354513226,0.4456339035379216,3,2
gpc,RT,MIX,minmax,1,"Matern(length_scale=1, nu=1.5)",test,0.8168316831683168,0.9840954274353876,0.8218562874251497,0.8926961226330027,0.6556840773540575,0.4627729873316643,3,3
gpc,RT,MIX,minmax,2,"Matern(length_scale=1, nu=1.5)",train,0.8667894413750767,0.9922698524244554,0.8861138861138861,0.9252948885976408,0.8087428709445246,0.7190410878284305,3,1
gpc,RT,MIX,minmax,2,"Matern(length_scale=1, nu=1.5)",validation,0.7687188019966722,0.9726315789473684,0.7724550898203593,0.8587360594795539,0.6262121625306791,0.3808746127528097,3,2
gpc,RT,MIX,minmax,2,"Matern(length_scale=1, nu=1.5)",test,0.8210702341137124,0.9761431411530817,0.8218562874251497,0.8919164396003633,0.6638291463341166,0.4613680505210188,3,3
gpc,RT,MIX,minmax,3,"Matern(length_scale=1, nu=1.5)",train,0.8579201934703748,0.9964887640449438,0.8801797304043935,0.9220272904483432,0.7953082853039919,0.7058614078344091,3,1
gpc,RT,MIX,minmax,3,"Matern(length_scale=1, nu=1.5)",validation,0.7663865546218488,0.9620253164556962,0.7646176911544228,0.8531337698783911,0.6209090312848429,0.3533717535056964,3,2
gpc,RT,MIX,minmax,3,"Matern(length_scale=1, nu=1.5)",test,0.7951219512195122,0.9721669980119284,0.7904191616766467,0.8747763864042933,0.6042653171877823,0.3327517409367271,3,3
gpc,RT,MIX,minmax,4,"Matern(length_scale=1, nu=1.5)",train,0.8539529269764635,0.9936797752808988,0.8746879680479281,0.9185329438493997,0.7878588859133336,0.6904060823888162,3,1
gpc,RT,MIX,minmax,4,"Matern(length_scale=1, nu=1.5)",validation,0.7476038338658147,0.9873417721518988,0.7541229385307346,0.850909090909091,0.5843444612054831,0.318474961900732,3,2
gpc,RT,MIX,minmax,4,"Matern(length_scale=1, nu=1.5)",test,0.8071895424836601,0.9821073558648112,0.8098802395209581,0.8860986547085202,0.6334779203566479,0.4154279067073037,3,3
gpc,RT,MIX,minmax,1,"Matern(length_scale=1, nu=2.5)",train,0.8636085626911315,0.9922698524244554,0.8831168831168831,0.9234793982995422,0.8035615237942657,0.7114207713718143,3,1
gpc,RT,MIX,minmax,1,"Matern(length_scale=1, nu=2.5)",validation,0.7901861252115059,0.983157894736842,0.8023952095808383,0.8761726078799249,0.6703354240523589,0.4835276658137803,3,2
gpc,RT,MIX,minmax,1,"Matern(length_scale=1, nu=2.5)",test,0.8202995008319468,0.9801192842942346,0.8233532934131736,0.8931159420289855,0.66278691487439,0.4674130305298956,3,3
gpc,RT,MIX,minmax,2,"Matern(length_scale=1, nu=2.5)",train,0.8720642768850433,0.9915671117357696,0.8906093906093906,0.9279842157185136,0.8170270791839469,0.7301518942480772,3,1
gpc,RT,MIX,minmax,2,"Matern(length_scale=1, nu=2.5)",validation,0.773109243697479,0.968421052631579,0.7754491017964071,0.8598130841121495,0.6344695936733025,0.3907145951690392,3,2
gpc,RT,MIX,minmax,2,"Matern(length_scale=1, nu=2.5)",test,0.8229342327150084,0.9701789264413518,0.8203592814371258,0.8905109489051095,0.6669076450388578,0.4560098371670283,3,3
gpc,RT,MIX,minmax,3,"Matern(length_scale=1, nu=2.5)",train,0.8665850673194615,0.99438202247191,0.8871692461308038,0.9260954872465664,0.8089353981098757,0.7225247627030162,3,1
gpc,RT,MIX,minmax,3,"Matern(length_scale=1, nu=2.5)",validation,0.7773972602739726,0.9578059071729956,0.775112443778111,0.8582230623818525,0.6421153888196585,0.3904752025582057,3,2
gpc,RT,MIX,minmax,3,"Matern(length_scale=1, nu=2.5)",test,0.8023064250411862,0.9681908548707754,0.7964071856287425,0.8774774774774775,0.620459063799024,0.3606917266241197,3,3
gpc,RT,MIX,minmax,4,"Matern(length_scale=1, nu=2.5)",train,0.8587088915956151,0.9901685393258428,0.8771842236645032,0.9197651663405088,0.7947388465195708,0.6952187466222418,3,1
gpc,RT,MIX,minmax,4,"Matern(length_scale=1, nu=2.5)",validation,0.7556634304207119,0.9852320675105484,0.7631184407796102,0.8553113553113553,0.6014243239107147,0.3525718746705982,3,2
gpc,RT,MIX,minmax,4,"Matern(length_scale=1, nu=2.5)",test,0.8132231404958677,0.978131212723658,0.8143712574850299,0.8880866425992779,0.6466413639375866,0.4327773164949373,3,3
gpc,RT,MIX,minmax,1,RBF(length_scale=0.5),train,0.8736059479553904,0.9908643710470836,0.8916083916083916,0.928547909120843,0.8192663824147336,0.7324151024464415,3,1
gpc,RT,MIX,minmax,1,RBF(length_scale=0.5),validation,0.8017241379310345,0.9789473684210528,0.812874251497006,0.8815165876777251,0.69154622307063,0.5134211026189326,3,2
gpc,RT,MIX,minmax,1,RBF(length_scale=0.5),test,0.822742474916388,0.978131212723658,0.8248502994011976,0.8937329700272479,0.6678534851497078,0.472701207016865,3,3
gpc,RT,MIX,minmax,2,RBF(length_scale=0.5),train,0.8849056603773585,0.988756148981026,0.9005994005994006,0.933952870892798,0.8363469864076115,0.7544180979183173,3,1
gpc,RT,MIX,minmax,2,RBF(length_scale=0.5),validation,0.7874564459930313,0.9515789473684212,0.7829341317365269,0.8617731172545281,0.6597272975184074,0.4164038398886042,3,2
gpc,RT,MIX,minmax,2,RBF(length_scale=0.5),test,0.831304347826087,0.9502982107355864,0.8173652694610778,0.8868274582560297,0.6812097114283993,0.4515044472878467,3,3
gpc,RT,MIX,minmax,3,RBF(length_scale=0.5),train,0.8801498127340824,0.9901685393258428,0.8971542685971043,0.9319233311302048,0.8292811608546312,0.7460839787639193,3,1
gpc,RT,MIX,minmax,3,RBF(length_scale=0.5),validation,0.787719298245614,0.9472573839662448,0.7811094452773614,0.8601532567049809,0.6601571893924487,0.4120225302216742,3,2
gpc,RT,MIX,minmax,3,RBF(length_scale=0.5),test,0.8123953098827471,0.9642147117296224,0.8053892215568862,0.8818181818181818,0.6427134164708717,0.3993966550954939,3,3
gpc,RT,MIX,minmax,4,RBF(length_scale=0.5),train,0.8679827267119062,0.988061797752809,0.8846729905142287,0.9241379310344828,0.8092295171838311,0.7136446685697212,3,1
gpc,RT,MIX,minmax,4,RBF(length_scale=0.5),validation,0.7639344262295082,0.9831223628691984,0.7721139430284858,0.8597785977859779,0.6185041866159463,0.3844405318528694,3,2
gpc,RT,MIX,minmax,4,RBF(length_scale=0.5),test,0.8198653198653199,0.9681908548707754,0.8158682634730539,0.8878760255241568,0.6598530031929635,0.4393065492183099,3,3
gpc,RT,MIX,minmax,1,RBF(length_scale=1),train,0.8736059479553904,0.9908643710470836,0.8916083916083916,0.928547909120843,0.8192663824147336,0.7324151024464415,3,1
gpc,RT,MIX,minmax,1,RBF(length_scale=1),validation,0.8017241379310345,0.9789473684210528,0.812874251497006,0.8815165876777251,0.69154622307063,0.5134211026189326,3,2
gpc,RT,MIX,minmax,1,RBF(length_scale=1),test,0.822742474916388,0.978131212723658,0.8248502994011976,0.8937329700272479,0.6678534851497078,0.472701207016865,3,3
gpc,RT,MIX,minmax,2,RBF(length_scale=1),train,0.8849056603773585,0.988756148981026,0.9005994005994006,0.933952870892798,0.8363469864076115,0.7544180979183173,3,1
gpc,RT,MIX,minmax,2,RBF(length_scale=1),validation,0.7874564459930313,0.9515789473684212,0.7829341317365269,0.8617731172545281,0.6597272975184074,0.4164038398886042,3,2
gpc,RT,MIX,minmax,2,RBF(length_scale=1),test,0.831304347826087,0.9502982107355864,0.8173652694610778,0.8868274582560297,0.6812097114283993,0.4515044472878467,3,3
gpc,RT,MIX,minmax,3,RBF(length_scale=1),train,0.8801498127340824,0.9901685393258428,0.8971542685971043,0.9319233311302048,0.8292811608546312,0.7460839787639193,3,1
gpc,RT,MIX,minmax,3,RBF(length_scale=1),validation,0.787719298245614,0.9472573839662448,0.7811094452773614,0.8601532567049809,0.6601571893924487,0.4120225302216742,3,2
gpc,RT,MIX,minmax,3,RBF(length_scale=1),test,0.8123953098827471,0.9642147117296224,0.8053892215568862,0.8818181818181818,0.6427134164708717,0.3993966550954939,3,3
gpc,RT,MIX,minmax,4,RBF(length_scale=1),train,0.8679827267119062,0.988061797752809,0.8846729905142287,0.9241379310344828,0.8092295171838311,0.7136446685697212,3,1
gpc,RT,MIX,minmax,4,RBF(length_scale=1),validation,0.7639344262295082,0.9831223628691984,0.7721139430284858,0.8597785977859779,0.6185041866159463,0.3844405318528694,3,2
gpc,RT,MIX,minmax,4,RBF(length_scale=1),test,0.8198653198653199,0.9681908548707754,0.8158682634730539,0.8878760255241568,0.6598530031929635,0.4393065492183099,3,3
gpc,RT,MIX,minmax,1,RBF(length_scale=1) + WhiteKernel(noise_level=1),train,0.8736059479553904,0.9908643710470836,0.8916083916083916,0.928547909120843,0.8192663824147336,0.7324151024464415,3,1
gpc,RT,MIX,minmax,1,RBF(length_scale=1) + WhiteKernel(noise_level=1),validation,0.8017241379310345,0.9789473684210528,0.812874251497006,0.8815165876777251,0.69154622307063,0.5134211026189326,3,2
gpc,RT,MIX,minmax,1,RBF(length_scale=1) + WhiteKernel(noise_level=1),test,0.822742474916388,0.978131212723658,0.8248502994011976,0.8937329700272479,0.6678534851497078,0.472701207016865,3,3
gpc,RT,MIX,minmax,2,RBF(length_scale=1) + WhiteKernel(noise_level=1),train,0.8849056603773585,0.988756148981026,0.9005994005994006,0.933952870892798,0.8363469864076115,0.7544180979183173,3,1
gpc,RT,MIX,minmax,2,RBF(length_scale=1) + WhiteKernel(noise_level=1),validation,0.7874564459930313,0.9515789473684212,0.7829341317365269,0.8617731172545281,0.6597272975184074,0.4164038398886042,3,2
gpc,RT,MIX,minmax,2,RBF(length_scale=1) + WhiteKernel(noise_level=1),test,0.831304347826087,0.9502982107355864,0.8173652694610778,0.8868274582560297,0.6812097114283993,0.4515044472878467,3,3
gpc,RT,MIX,minmax,3,RBF(length_scale=1) + WhiteKernel(noise_level=1),train,0.8801498127340824,0.9901685393258428,0.8971542685971043,0.9319233311302048,0.8292811608546312,0.7460839787639193,3,1
gpc,RT,MIX,minmax,3,RBF(length_scale=1) + WhiteKernel(noise_level=1),validation,0.787719298245614,0.9472573839662448,0.7811094452773614,0.8601532567049809,0.6601571893924487,0.4120225302216742,3,2
gpc,RT,MIX,minmax,3,RBF(length_scale=1) + WhiteKernel(noise_level=1),test,0.8123953098827471,0.9642147117296224,0.8053892215568862,0.8818181818181818,0.6427134164708717,0.3993966550954939,3,3
gpc,RT,MIX,minmax,4,RBF(length_scale=1) + WhiteKernel(noise_level=1),train,0.8679827267119062,0.988061797752809,0.8846729905142287,0.9241379310344828,0.8092295171838311,0.7136446685697212,3,1
gpc,RT,MIX,minmax,4,RBF(length_scale=1) + WhiteKernel(noise_level=1),validation,0.7639344262295082,0.9831223628691984,0.7721139430284858,0.8597785977859779,0.6185041866159463,0.3844405318528694,3,2
gpc,RT,MIX,minmax,4,RBF(length_scale=1) + WhiteKernel(noise_level=1),test,0.8198653198653199,0.9681908548707754,0.8158682634730539,0.8878760255241568,0.6598530031929635,0.4393065492183099,3,3
gpc,RT,MIX,minmax,1,RBF(length_scale=2),train,0.8736059479553904,0.9908643710470836,0.8916083916083916,0.928547909120843,0.8192663824147336,0.7324151024464415,3,1
gpc,RT,MIX,minmax,1,RBF(length_scale=2),validation,0.8017241379310345,0.9789473684210528,0.812874251497006,0.8815165876777251,0.69154622307063,0.5134211026189326,3,2
gpc,RT,MIX,minmax,1,RBF(length_scale=2),test,0.822742474916388,0.978131212723658,0.8248502994011976,0.8937329700272479,0.6678534851497078,0.472701207016865,3,3
gpc,RT,MIX,minmax,2,RBF(length_scale=2),train,0.8849056603773585,0.988756148981026,0.9005994005994006,0.933952870892798,0.8363469864076115,0.7544180979183173,3,1
gpc,RT,MIX,minmax,2,RBF(length_scale=2),validation,0.7874564459930313,0.9515789473684212,0.7829341317365269,0.8617731172545281,0.6597272975184074,0.4164038398886042,3,2
gpc,RT,MIX,minmax,2,RBF(length_scale=2),test,0.831304347826087,0.9502982107355864,0.8173652694610778,0.8868274582560297,0.6812097114283993,0.4515044472878467,3,3
gpc,RT,MIX,minmax,3,RBF(length_scale=2),train,0.8801498127340824,0.9901685393258428,0.8971542685971043,0.9319233311302048,0.8292811608546312,0.7460839787639193,3,1
gpc,RT,MIX,minmax,3,RBF(length_scale=2),validation,0.787719298245614,0.9472573839662448,0.7811094452773614,0.8601532567049809,0.6601571893924487,0.4120225302216742,3,2
gpc,RT,MIX,minmax,3,RBF(length_scale=2),test,0.8123953098827471,0.9642147117296224,0.8053892215568862,0.8818181818181818,0.6427134164708717,0.3993966550954939,3,3
gpc,RT,MIX,minmax,4,RBF(length_scale=2),train,0.8679827267119062,0.988061797752809,0.8846729905142287,0.9241379310344828,0.8092295171838311,0.7136446685697212,3,1
gpc,RT,MIX,minmax,4,RBF(length_scale=2),validation,0.7639344262295082,0.9831223628691984,0.7721139430284858,0.8597785977859779,0.6185041866159463,0.3844405318528694,3,2
gpc,RT,MIX,minmax,4,RBF(length_scale=2),test,0.8198653198653199,0.9681908548707754,0.8158682634730539,0.8878760255241568,0.6598530031929635,0.4393065492183099,3,3
gpc,RT,MIX,minmax,1,"RationalQuadratic(alpha=1, length_scale=1)",train,0.8736059479553904,0.9908643710470836,0.8916083916083916,0.928547909120843,0.8192663824147336,0.7324151024464415,3,1
gpc,RT,MIX,minmax,1,"RationalQuadratic(alpha=1, length_scale=1)",validation,0.8017241379310345,0.9789473684210528,0.812874251497006,0.8815165876777251,0.69154622307063,0.5134211026189326,3,2
gpc,RT,MIX,minmax,1,"RationalQuadratic(alpha=1, length_scale=1)",test,0.822742474916388,0.978131212723658,0.8248502994011976,0.8937329700272479,0.6678534851497078,0.472701207016865,3,3
gpc,RT,MIX,minmax,2,"RationalQuadratic(alpha=1, length_scale=1)",train,0.8849056603773585,0.988756148981026,0.9005994005994006,0.933952870892798,0.8363469864076115,0.7544180979183173,3,1
gpc,RT,MIX,minmax,2,"RationalQuadratic(alpha=1, length_scale=1)",validation,0.7874564459930313,0.9515789473684212,0.7829341317365269,0.8617731172545281,0.6597272975184074,0.4164038398886042,3,2
gpc,RT,MIX,minmax,2,"RationalQuadratic(alpha=1, length_scale=1)",test,0.831304347826087,0.9502982107355864,0.8173652694610778,0.8868274582560297,0.6812097114283993,0.4515044472878467,3,3
gpc,RT,MIX,minmax,3,"RationalQuadratic(alpha=1, length_scale=1)",train,0.8801498127340824,0.9901685393258428,0.8971542685971043,0.9319233311302048,0.8292811608546312,0.7460839787639193,3,1
gpc,RT,MIX,minmax,3,"RationalQuadratic(alpha=1, length_scale=1)",validation,0.787719298245614,0.9472573839662448,0.7811094452773614,0.8601532567049809,0.6601571893924487,0.4120225302216742,3,2
gpc,RT,MIX,minmax,3,"RationalQuadratic(alpha=1, length_scale=1)",test,0.8123953098827471,0.9642147117296224,0.8053892215568862,0.8818181818181818,0.6427134164708717,0.3993966550954939,3,3
gpc,RT,MIX,minmax,4,"RationalQuadratic(alpha=1, length_scale=1)",train,0.8679827267119062,0.988061797752809,0.8846729905142287,0.9241379310344828,0.8092295171838311,0.7136446685697212,3,1
gpc,RT,MIX,minmax,4,"RationalQuadratic(alpha=1, length_scale=1)",validation,0.7639344262295082,0.9831223628691984,0.7721139430284858,0.8597785977859779,0.6185041866159463,0.3844405318528694,3,2
gpc,RT,MIX,minmax,4,"RationalQuadratic(alpha=1, length_scale=1)",test,0.8198653198653199,0.9681908548707754,0.8158682634730539,0.8878760255241568,0.6598530031929635,0.4393065492183099,3,3
gpc,RT,MIX,std,1,DotProduct(sigma_0=1),train,0.7107892107892108,1.0,0.7107892107892108,0.830948905109489,0.5,0.0,3,1
gpc,RT,MIX,std,1,DotProduct(sigma_0=1),validation,0.7110778443113772,1.0,0.7110778443113772,0.8311461067366579,0.5,0.0,3,2
gpc,RT,MIX,std,1,DotProduct(sigma_0=1),test,0.7529940119760479,1.0,0.7529940119760479,0.8590947907771136,0.5,0.0,3,3
gpc,RT,MIX,std,2,DotProduct(sigma_0=1),train,0.7107892107892108,1.0,0.7107892107892108,0.830948905109489,0.5,0.0,3,1
gpc,RT,MIX,std,2,DotProduct(sigma_0=1),validation,0.7110778443113772,1.0,0.7110778443113772,0.8311461067366579,0.5,0.0,3,2
gpc,RT,MIX,std,2,DotProduct(sigma_0=1),test,0.7529940119760479,1.0,0.7529940119760479,0.8590947907771136,0.5,0.0,3,3
gpc,RT,MIX,std,3,DotProduct(sigma_0=1),train,0.9985974754558204,1.0,0.99900149775337,0.9992982456140352,0.9982728842832468,0.9975710945424798,3,1
gpc,RT,MIX,std,3,DotProduct(sigma_0=1),validation,0.801762114537445,0.7679324894514767,0.7001499250374813,0.7844827586206896,0.6508056229640803,0.2933577917879588,3,2
gpc,RT,MIX,std,3,DotProduct(sigma_0=1),test,0.8627049180327869,0.8369781312127237,0.7769461077844312,0.8496468213925328,0.7154587625760588,0.4188648894881868,3,3
gpc,RT,MIX,std,4,DotProduct(sigma_0=1),train,0.7109335996005991,1.0,0.7109335996005991,0.8310475634665888,0.5,0.0,3,1
gpc,RT,MIX,std,4,DotProduct(sigma_0=1),validation,0.7106446776611695,1.0,0.7106446776611695,0.8308501314636284,0.5,0.0,3,2
gpc,RT,MIX,std,4,DotProduct(sigma_0=1),test,0.7529940119760479,1.0,0.7529940119760479,0.8590947907771136,0.5,0.0,3,3
gpc,RT,MIX,std,1,"Matern(length_scale=1, nu=0.5)",train,0.8065796937039138,0.999297259311314,0.8291708291708292,0.8926553672316384,0.7051753999492667,0.5738150168301321,3,1
gpc,RT,MIX,std,1,"Matern(length_scale=1, nu=0.5)",validation,0.7164404223227753,1.0,0.718562874251497,0.8347978910369068,0.5129533678756477,0.1362374130063492,3,2
gpc,RT,MIX,std,1,"Matern(length_scale=1, nu=0.5)",test,0.7702909647779479,1.0,0.7754491017964071,0.870242214532872,0.5454545454545454,0.2646251147254354,3,3
gpc,RT,MIX,std,2,"Matern(length_scale=1, nu=0.5)",train,0.8065796937039138,0.999297259311314,0.8291708291708292,0.8926553672316384,0.7051753999492667,0.5738150168301321,3,1
gpc,RT,MIX,std,2,"Matern(length_scale=1, nu=0.5)",validation,0.7203647416413373,0.9978947368421052,0.7230538922155688,0.8367166813768756,0.5222634305972185,0.1662013680478789,3,2
gpc,RT,MIX,std,2,"Matern(length_scale=1, nu=0.5)",test,0.7726574500768049,1.0,0.7784431137724551,0.8717504332755632,0.5515151515151515,0.2821473572799051,3,3
gpc,RT,MIX,std,3,"Matern(length_scale=1, nu=0.5)",train,0.8150057273768614,0.9992977528089888,0.8382426360459311,0.8977917981072555,0.7207196881488813,0.5983794423520523,3,1
gpc,RT,MIX,std,3,"Matern(length_scale=1, nu=0.5)",validation,0.7260061919504643,0.989451476793249,0.7271364317841079,0.8375,0.5361765155986971,0.1878878294776898,3,2
gpc,RT,MIX,std,3,"Matern(length_scale=1, nu=0.5)",test,0.7609682299546142,1.0,0.7634730538922155,0.8642611683848798,0.5212121212121212,0.1796760993141302,3,3
gpc,RT,MIX,std,4,"Matern(length_scale=1, nu=0.5)",train,0.7959754052543321,1.0,0.817773339990015,0.8863990040460629,0.6848013816925734,0.5423971878325082,3,1
gpc,RT,MIX,std,4,"Matern(length_scale=1, nu=0.5)",validation,0.7192716236722306,1.0,0.7226386806596702,0.8367166813768756,0.5207253886010363,0.1726683752764547,3,2
gpc,RT,MIX,std,4,"Matern(length_scale=1, nu=0.5)",test,0.7656012176560122,1.0,0.7694610778443114,0.8672413793103448,0.5333333333333333,0.2259205196016233,3,3
gpc,RT,MIX,std,1,"Matern(length_scale=1, nu=1.5)",train,0.8451459201905897,0.9971890372452564,0.8681318681318682,0.9148936170212766,0.7740694754447354,0.6756251176345938,3,1
gpc,RT,MIX,std,1,"Matern(length_scale=1, nu=1.5)",validation,0.7379095163806553,0.9957894736842106,0.7455089820359282,0.8476702508960573,0.5626615762203436,0.2884336151209125,3,2
gpc,RT,MIX,std,1,"Matern(length_scale=1, nu=1.5)",test,0.7905511811023622,0.9980119284294234,0.7994011976047904,0.8822495606326889,0.5959756611844087,0.3820086882184486,3,3
gpc,RT,MIX,std,2,"Matern(length_scale=1, nu=1.5)",train,0.8512297540491902,0.9971890372452564,0.8741258741258742,0.9184466019417477,0.7844321697452535,0.6909716649531238,3,1
gpc,RT,MIX,std,2,"Matern(length_scale=1, nu=1.5)",validation,0.740506329113924,0.9852631578947368,0.7440119760479041,0.8455284552845529,0.5677611126261248,0.272035883176917,3,2
gpc,RT,MIX,std,2,"Matern(length_scale=1, nu=1.5)",test,0.7831513260530422,0.9980119284294234,0.7904191616766467,0.8776223776223776,0.5777938430025905,0.3407142434994479,3,3
gpc,RT,MIX,std,3,"Matern(length_scale=1, nu=1.5)",train,0.8566265060240964,0.9985955056179776,0.8801797304043935,0.9221789883268484,0.7937709825153791,0.7070205937425705,3,1
gpc,RT,MIX,std,3,"Matern(length_scale=1, nu=1.5)",validation,0.7463414634146341,0.9683544303797468,0.7436281859070465,0.8429752066115702,0.5800321374696662,0.2707216618538183,3,2
gpc,RT,MIX,std,3,"Matern(length_scale=1, nu=1.5)",test,0.7697063369397218,0.9900596421471172,0.7694610778443114,0.8660869565217392,0.5435146695584071,0.2150947758538055,3,3
gpc,RT,MIX,std,4,"Matern(length_scale=1, nu=1.5)",train,0.8361814967589865,0.9964887640449438,0.8587119321018473,0.9093239346363344,0.7581752973938016,0.6506348530319227,3,1
gpc,RT,MIX,std,4,"Matern(length_scale=1, nu=1.5)",validation,0.732612055641422,1.0,0.7406296851574213,0.8456735057983943,0.5518134715025906,0.2755328432961529,3,2
gpc,RT,MIX,std,4,"Matern(length_scale=1, nu=1.5)",test,0.780373831775701,0.9960238568588468,0.7859281437125748,0.8751091703056768,0.5707392011566962,0.3154728021600263,3,3
gpc,RT,MIX,std,1,"Matern(length_scale=1, nu=2.5)",train,0.8531889290012034,0.9964862965565706,0.8756243756243757,0.919286871961102,0.7875350308344164,0.694396498654974,3,1
gpc,RT,MIX,std,1,"Matern(length_scale=1, nu=2.5)",validation,0.7496038034865293,0.9957894736842106,0.7604790419161677,0.8553345388788427,0.588568311971639,0.3510090232445051,3,2
gpc,RT,MIX,std,1,"Matern(length_scale=1, nu=2.5)",test,0.7917981072555205,0.9980119284294234,0.8008982035928144,0.8830255057167986,0.5990059642147118,0.3885377586496695,3,3
gpc,RT,MIX,std,2,"Matern(length_scale=1, nu=2.5)",train,0.8584392014519057,0.9971890372452564,0.8811188811188811,0.922626788036411,0.7965219797625247,0.7087278163031822,3,1
gpc,RT,MIX,std,2,"Matern(length_scale=1, nu=2.5)",validation,0.74481658692185,0.983157894736842,0.7485029940119761,0.8475499092558983,0.5770711753476957,0.2910862815589308,3,2
gpc,RT,MIX,std,2,"Matern(length_scale=1, nu=2.5)",test,0.7867298578199052,0.9900596421471172,0.7904191616766467,0.8767605633802817,0.5859389119826496,0.3326671627293996,3,3
gpc,RT,MIX,std,3,"Matern(length_scale=1, nu=2.5)",train,0.8648813146682898,0.9978932584269664,0.8876684972541188,0.9266384088686012,0.8072367846538976,0.725483352927052,3,1
gpc,RT,MIX,std,3,"Matern(length_scale=1, nu=2.5)",validation,0.7549342105263158,0.9683544303797468,0.7541229385307346,0.8484288354898336,0.598166852495573,0.3135341797167172,3,2
gpc,RT,MIX,std,3,"Matern(length_scale=1, nu=2.5)",test,0.7725856697819314,0.9860834990059644,0.7709580838323353,0.8663755458515284,0.5506175070787397,0.2257368833034015,3,3
gpc,RT,MIX,std,4,"Matern(length_scale=1, nu=2.5)",train,0.8456495828367103,0.9964887640449438,0.8681977034448327,0.9148936170212766,0.7745828967029554,0.6752430078038295,3,1
gpc,RT,MIX,std,4,"Matern(length_scale=1, nu=2.5)",validation,0.7402190923317684,0.9978902953586498,0.7496251874062968,0.8499550763701708,0.5688933342078224,0.3115627869092053,3,2
gpc,RT,MIX,std,4,"Matern(length_scale=1, nu=2.5)",test,0.7824726134585289,0.9940357852882704,0.7874251497005988,0.8756567425569177,0.575805771432014,0.3208549944526715,3,3
gpc,RT,MIX,std,1,RBF(length_scale=0.5),train,0.8691646191646192,0.994378074490513,0.8896103896103896,0.9275647328744674,0.8132512134110595,0.7287884616164053,3,1
gpc,RT,MIX,std,1,RBF(length_scale=0.5),validation,0.7733990147783252,0.991578947368421,0.7874251497005988,0.8690036900369004,0.6382765203163349,0.4417425613095213,3,2
gpc,RT,MIX,std,1,RBF(length_scale=0.5),test,0.8022508038585209,0.9920477137176938,0.8098802395209581,0.8871111111111111,0.6232965841315742,0.4199841464488091,3,3
gpc,RT,MIX,std,2,RBF(length_scale=0.5),train,0.8698588090853284,0.9957835558678848,0.8911088911088911,0.9285714285714286,0.814817511958122,0.7331885124125888,3,1
gpc,RT,MIX,std,2,RBF(length_scale=0.5),validation,0.750814332247557,0.9705263157894736,0.75,0.8466483011937558,0.5888901008999182,0.2956158995581815,3,2
gpc,RT,MIX,std,2,RBF(length_scale=0.5),test,0.7926634768740032,0.9880715705765408,0.7964071856287425,0.879646017699115,0.6000963913488765,0.3597068283939653,3,3
gpc,RT,MIX,std,3,RBF(length_scale=0.5),train,0.879182156133829,0.9964887640449438,0.9001497753369945,0.934167215273206,0.8298505996390522,0.7559881433747557,3,1
gpc,RT,MIX,std,3,RBF(length_scale=0.5),validation,0.7667785234899329,0.9641350210970464,0.7661169415292354,0.8542056074766355,0.6219638836055181,0.3586548942142418,3,2
gpc,RT,MIX,std,3,RBF(length_scale=0.5),test,0.7828843106180665,0.9821073558648112,0.781437125748503,0.8712522045855379,0.5759021627808905,0.2862164360729037,3,3
gpc,RT,MIX,std,4,RBF(length_scale=0.5),train,0.8608748481166464,0.9950842696629212,0.8821767348976535,0.923127035830619,0.7997873852632396,0.7102129761290039,3,1
gpc,RT,MIX,std,4,RBF(length_scale=0.5),validation,0.7515923566878981,0.9957805907172996,0.7631184407796102,0.8566243194192378,0.5937452176384426,0.3623554663440729,3,2
gpc,RT,MIX,std,4,RBF(length_scale=0.5),test,0.7980769230769231,0.9900596421471172,0.8038922155688623,0.8837622005323869,0.6132116392553768,0.3936664519796751,3,3
gpc,RT,MIX,std,1,RBF(length_scale=1),train,0.8691646191646192,0.994378074490513,0.8896103896103896,0.9275647328744674,0.8132512134110595,0.7287884616164053,3,1
gpc,RT,MIX,std,1,RBF(length_scale=1),validation,0.7733990147783252,0.991578947368421,0.7874251497005988,0.8690036900369004,0.6382765203163349,0.4417425613095213,3,2
gpc,RT,MIX,std,1,RBF(length_scale=1),test,0.8022508038585209,0.9920477137176938,0.8098802395209581,0.8871111111111111,0.6232965841315742,0.4199841464488091,3,3
gpc,RT,MIX,std,2,RBF(length_scale=1),train,0.8698588090853284,0.9957835558678848,0.8911088911088911,0.9285714285714286,0.814817511958122,0.7331885124125888,3,1
gpc,RT,MIX,std,2,RBF(length_scale=1),validation,0.750814332247557,0.9705263157894736,0.75,0.8466483011937558,0.5888901008999182,0.2956158995581815,3,2
gpc,RT,MIX,std,2,RBF(length_scale=1),test,0.7926634768740032,0.9880715705765408,0.7964071856287425,0.879646017699115,0.6000963913488765,0.3597068283939653,3,3
gpc,RT,MIX,std,3,RBF(length_scale=1),train,0.879182156133829,0.9964887640449438,0.9001497753369945,0.934167215273206,0.8298505996390522,0.7559881433747557,3,1
gpc,RT,MIX,std,3,RBF(length_scale=1),validation,0.7667785234899329,0.9641350210970464,0.7661169415292354,0.8542056074766355,0.6219638836055181,0.3586548942142418,3,2
gpc,RT,MIX,std,3,RBF(length_scale=1),test,0.7828843106180665,0.9821073558648112,0.781437125748503,0.8712522045855379,0.5759021627808905,0.2862164360729037,3,3
gpc,RT,MIX,std,4,RBF(length_scale=1),train,0.8608748481166464,0.9950842696629212,0.8821767348976535,0.923127035830619,0.7997873852632396,0.7102129761290039,3,1
gpc,RT,MIX,std,4,RBF(length_scale=1),validation,0.7515923566878981,0.9957805907172996,0.7631184407796102,0.8566243194192378,0.5937452176384426,0.3623554663440729,3,2
gpc,RT,MIX,std,4,RBF(length_scale=1),test,0.7980769230769231,0.9900596421471172,0.8038922155688623,0.8837622005323869,0.6132116392553768,0.3936664519796751,3,3
gpc,RT,MIX,std,1,RBF(length_scale=1) + WhiteKernel(noise_level=1),train,0.8691646191646192,0.994378074490513,0.8896103896103896,0.9275647328744674,0.8132512134110595,0.7287884616164053,3,1
gpc,RT,MIX,std,1,RBF(length_scale=1) + WhiteKernel(noise_level=1),validation,0.7733990147783252,0.991578947368421,0.7874251497005988,0.8690036900369004,0.6382765203163349,0.4417425613095213,3,2
gpc,RT,MIX,std,1,RBF(length_scale=1) + WhiteKernel(noise_level=1),test,0.8022508038585209,0.9920477137176938,0.8098802395209581,0.8871111111111111,0.6232965841315742,0.4199841464488091,3,3
gpc,RT,MIX,std,2,RBF(length_scale=1) + WhiteKernel(noise_level=1),train,0.8698588090853284,0.9957835558678848,0.8911088911088911,0.9285714285714286,0.814817511958122,0.7331885124125888,3,1
gpc,RT,MIX,std,2,RBF(length_scale=1) + WhiteKernel(noise_level=1),validation,0.750814332247557,0.9705263157894736,0.75,0.8466483011937558,0.5888901008999182,0.2956158995581815,3,2
gpc,RT,MIX,std,2,RBF(length_scale=1) + WhiteKernel(noise_level=1),test,0.7926634768740032,0.9880715705765408,0.7964071856287425,0.879646017699115,0.6000963913488765,0.3597068283939653,3,3
gpc,RT,MIX,std,3,RBF(length_scale=1) + WhiteKernel(noise_level=1),train,0.879182156133829,0.9964887640449438,0.9001497753369945,0.934167215273206,0.8298505996390522,0.7559881433747557,3,1
gpc,RT,MIX,std,3,RBF(length_scale=1) + WhiteKernel(noise_level=1),validation,0.7667785234899329,0.9641350210970464,0.7661169415292354,0.8542056074766355,0.6219638836055181,0.3586548942142418,3,2
gpc,RT,MIX,std,3,RBF(length_scale=1) + WhiteKernel(noise_level=1),test,0.7828843106180665,0.9821073558648112,0.781437125748503,0.8712522045855379,0.5759021627808905,0.2862164360729037,3,3
gpc,RT,MIX,std,4,RBF(length_scale=1) + WhiteKernel(noise_level=1),train,0.8608748481166464,0.9950842696629212,0.8821767348976535,0.923127035830619,0.7997873852632396,0.7102129761290039,3,1
gpc,RT,MIX,std,4,RBF(length_scale=1) + WhiteKernel(noise_level=1),validation,0.7515923566878981,0.9957805907172996,0.7631184407796102,0.8566243194192378,0.5937452176384426,0.3623554663440729,3,2
gpc,RT,MIX,std,4,RBF(length_scale=1) + WhiteKernel(noise_level=1),test,0.7980769230769231,0.9900596421471172,0.8038922155688623,0.8837622005323869,0.6132116392553768,0.3936664519796751,3,3
gpc,RT,MIX,std,1,RBF(length_scale=2),train,0.8691646191646192,0.994378074490513,0.8896103896103896,0.9275647328744674,0.8132512134110595,0.7287884616164053,3,1
gpc,RT,MIX,std,1,RBF(length_scale=2),validation,0.7733990147783252,0.991578947368421,0.7874251497005988,0.8690036900369004,0.6382765203163349,0.4417425613095213,3,2
gpc,RT,MIX,std,1,RBF(length_scale=2),test,0.8022508038585209,0.9920477137176938,0.8098802395209581,0.8871111111111111,0.6232965841315742,0.4199841464488091,3,3
gpc,RT,MIX,std,2,RBF(length_scale=2),train,0.8698588090853284,0.9957835558678848,0.8911088911088911,0.9285714285714286,0.814817511958122,0.7331885124125888,3,1
gpc,RT,MIX,std,2,RBF(length_scale=2),validation,0.750814332247557,0.9705263157894736,0.75,0.8466483011937558,0.5888901008999182,0.2956158995581815,3,2
gpc,RT,MIX,std,2,RBF(length_scale=2),test,0.7926634768740032,0.9880715705765408,0.7964071856287425,0.879646017699115,0.6000963913488765,0.3597068283939653,3,3
gpc,RT,MIX,std,3,RBF(length_scale=2),train,0.879182156133829,0.9964887640449438,0.9001497753369945,0.934167215273206,0.8298505996390522,0.7559881433747557,3,1
gpc,RT,MIX,std,3,RBF(length_scale=2),validation,0.7667785234899329,0.9641350210970464,0.7661169415292354,0.8542056074766355,0.6219638836055181,0.3586548942142418,3,2
gpc,RT,MIX,std,3,RBF(length_scale=2),test,0.7828843106180665,0.9821073558648112,0.781437125748503,0.8712522045855379,0.5759021627808905,0.2862164360729037,3,3
gpc,RT,MIX,std,4,RBF(length_scale=2),train,0.8608748481166464,0.9950842696629212,0.8821767348976535,0.923127035830619,0.7997873852632396,0.7102129761290039,3,1
gpc,RT,MIX,std,4,RBF(length_scale=2),validation,0.7515923566878981,0.9957805907172996,0.7631184407796102,0.8566243194192378,0.5937452176384426,0.3623554663440729,3,2
gpc,RT,MIX,std,4,RBF(length_scale=2),test,0.7980769230769231,0.9900596421471172,0.8038922155688623,0.8837622005323869,0.6132116392553768,0.3936664519796751,3,3
gpc,RT,MIX,std,1,"RationalQuadratic(alpha=1, length_scale=1)",train,0.8691646191646192,0.994378074490513,0.8896103896103896,0.9275647328744674,0.8132512134110595,0.7287884616164053,3,1
gpc,RT,MIX,std,1,"RationalQuadratic(alpha=1, length_scale=1)",validation,0.7733990147783252,0.991578947368421,0.7874251497005988,0.8690036900369004,0.6382765203163349,0.4417425613095213,3,2
gpc,RT,MIX,std,1,"RationalQuadratic(alpha=1, length_scale=1)",test,0.8022508038585209,0.9920477137176938,0.8098802395209581,0.8871111111111111,0.6232965841315742,0.4199841464488091,3,3
gpc,RT,MIX,std,2,"RationalQuadratic(alpha=1, length_scale=1)",train,0.8698588090853284,0.9957835558678848,0.8911088911088911,0.9285714285714286,0.814817511958122,0.7331885124125888,3,1
gpc,RT,MIX,std,2,"RationalQuadratic(alpha=1, length_scale=1)",validation,0.750814332247557,0.9705263157894736,0.75,0.8466483011937558,0.5888901008999182,0.2956158995581815,3,2
gpc,RT,MIX,std,2,"RationalQuadratic(alpha=1, length_scale=1)",test,0.7926634768740032,0.9880715705765408,0.7964071856287425,0.879646017699115,0.6000963913488765,0.3597068283939653,3,3
gpc,RT,MIX,std,3,"RationalQuadratic(alpha=1, length_scale=1)",train,0.879182156133829,0.9964887640449438,0.9001497753369945,0.934167215273206,0.8298505996390522,0.7559881433747557,3,1
gpc,RT,MIX,std,3,"RationalQuadratic(alpha=1, length_scale=1)",validation,0.7667785234899329,0.9641350210970464,0.7661169415292354,0.8542056074766355,0.6219638836055181,0.3586548942142418,3,2
gpc,RT,MIX,std,3,"RationalQuadratic(alpha=1, length_scale=1)",test,0.7828843106180665,0.9821073558648112,0.781437125748503,0.8712522045855379,0.5759021627808905,0.2862164360729037,3,3
gpc,RT,MIX,std,4,"RationalQuadratic(alpha=1, length_scale=1)",train,0.8608748481166464,0.9950842696629212,0.8821767348976535,0.923127035830619,0.7997873852632396,0.7102129761290039,3,1
gpc,RT,MIX,std,4,"RationalQuadratic(alpha=1, length_scale=1)",validation,0.7515923566878981,0.9957805907172996,0.7631184407796102,0.8566243194192378,0.5937452176384426,0.3623554663440729,3,2
gpc,RT,MIX,std,4,"RationalQuadratic(alpha=1, length_scale=1)",test,0.7980769230769231,0.9900596421471172,0.8038922155688623,0.8837622005323869,0.6132116392553768,0.3936664519796751,3,3
