Model,Enzyme,Descriptor,Phase,PRC,REC,ACC,F1-Score,AUC,MCC
GNB,HIV-1 IN,PC,Train,0.6391752577319587,0.0977917981072555,0.5688920454545454,0.1696306429548563,0.5262860799321807,0.1032722683170935
GNB,HIV-1 IN,PC,Validation,0.6206896551724138,0.0849056603773584,0.5638297872340425,0.1493775933609958,0.521135000731315,0.0874161655654039
GNB,HIV-1 IN,PC,Test,0.6578947368421053,0.1152073732718894,0.5638297872340425,0.196078431372549,0.5319119870312017,0.1167186614282424
GNB,HIV-1 IN,PC,Train,0.4507772020725388,0.1372239747634069,0.5362215909090909,0.2103990326481257,0.5001365351853211,0.000395023466328
GNB,HIV-1 IN,PC,Validation,0.417910447761194,0.1320754716981132,0.5255319148936171,0.2007168458781362,0.4904563405002193,-0.0271664437754145
GNB,HIV-1 IN,PC,Test,0.3896103896103896,0.1382488479262673,0.502127659574468,0.2040816326530612,0.4762390484690625,-0.0640091873962551
GNB,HIV-1 IN,PC,Train,0.6578947368421053,0.0787401574803149,0.5663591199432222,0.140646976090014,0.5225742131070826,0.0994438863137093
GNB,HIV-1 IN,PC,Validation,0.5862068965517241,0.0805687203791469,0.5607675906183369,0.1416666666666666,0.5170285462360852,0.0703450126361106
GNB,HIV-1 IN,PC,Test,0.7777777777777778,0.0967741935483871,0.5702127659574469,0.1721311475409836,0.5365293892643122,0.1565232256367238
GNB,HIV-1 IN,PC,Train,0.6179775280898876,0.0866141732283464,0.5642299503193754,0.1519337016574585,0.5213432623247676,0.0873104390143127
GNB,HIV-1 IN,PC,Validation,0.6538461538461539,0.0805687203791469,0.5671641791044776,0.1434599156118143,0.5228424997244572,0.0993198757421591
GNB,HIV-1 IN,PC,Test,0.5675675675675675,0.0967741935483871,0.548936170212766,0.1653543307086614,0.5167665434145098,0.0620753033838391
GNB,HIV-1 IN,PC,Train,0.6382978723404256,0.0946372239747634,0.5681818181818182,0.1648351648351648,0.5253547876979761,0.1010749357587169
GNB,HIV-1 IN,PC,Validation,0.6071428571428571,0.080188679245283,0.5617021276595745,0.1416666666666666,0.5187765101652773,0.0789464317653075
GNB,HIV-1 IN,PC,Test,0.6764705882352942,0.1059907834101382,0.5638297872340425,0.1832669322709163,0.5312562612702866,0.1203024434973955
GNB,HIV-1 IN,PC,Train,0.4814814814814814,0.0820189274447949,0.546875,0.1401617250673854,0.5048337531280822,0.0180736562155382
GNB,HIV-1 IN,PC,Validation,0.3939393939393939,0.0613207547169811,0.5340425531914894,0.1061224489795918,0.4919006874360099,-0.0315470133824437
GNB,HIV-1 IN,PC,Test,0.4102564102564102,0.0737327188940092,0.5234042553191489,0.125,0.4914118139924591,-0.0310420666204225
GNB,HIV-1 IN,PC,Train,0.7101449275362319,0.0771653543307086,0.5699077359829666,0.1392045454545454,0.5256627805245274,0.1183352421612042
GNB,HIV-1 IN,PC,Validation,0.6538461538461539,0.0805687203791469,0.5671641791044776,0.1434599156118143,0.5228424997244572,0.0993198757421591
GNB,HIV-1 IN,PC,Test,0.7916666666666666,0.0875576036866359,0.5680851063829787,0.1576763485477178,0.5338973789184167,0.1535370496753457
GNB,HIV-1 IN,PC,Train,0.6395348837209303,0.0866141732283464,0.5663591199432222,0.1525658807212205,0.5232812468208916,0.0967752776653631
GNB,HIV-1 IN,PC,Validation,0.6666666666666666,0.0758293838862559,0.5671641791044776,0.1361702127659574,0.5224108159741356,0.1011936170072664
GNB,HIV-1 IN,PC,Test,0.5555555555555556,0.0921658986175115,0.5468085106382978,0.1581027667984189,0.5144623959490721,0.0542205920480281
GNB,HIV-1 IN,PC,Train,0.6555555555555556,0.0930599369085173,0.5696022727272727,0.1629834254143646,0.5265041286609771,0.1078151213888383
GNB,HIV-1 IN,PC,Validation,0.6538461538461539,0.080188679245283,0.5659574468085107,0.1428571428571428,0.5226524791575253,0.0986155405391008
GNB,HIV-1 IN,PC,Test,0.65625,0.0967741935483871,0.5595744680851064,0.1686746987951807,0.5266479663394109,0.1054804927356809
GNB,HIV-1 IN,PC,Train,0.5595238095238095,0.0741324921135646,0.5568181818181818,0.1309192200557103,0.5131644372712526,0.0553049200445631
GNB,HIV-1 IN,PC,Validation,0.4615384615384615,0.0566037735849056,0.5446808510638298,0.1008403361344537,0.5011701038467163,0.0050939423684442
GNB,HIV-1 IN,PC,Test,0.4117647058823529,0.064516129032258,0.5255319148936171,0.1115537848605577,0.4927323728165242,-0.0279724213027161
GNB,HIV-1 IN,PC,Train,0.7058823529411765,0.0755905511811023,0.5691980127750177,0.1365576102418207,0.5248753789497242,0.1155016527820371
GNB,HIV-1 IN,PC,Validation,0.7083333333333334,0.0805687203791469,0.5714285714285714,0.1446808510638297,0.5267184687167052,0.1206443573254664
GNB,HIV-1 IN,PC,Test,0.7916666666666666,0.0875576036866359,0.5680851063829787,0.1576763485477178,0.5338973789184167,0.1535370496753457
GNB,HIV-1 IN,PC,Train,0.6395348837209303,0.0866141732283464,0.5663591199432222,0.1525658807212205,0.5232812468208916,0.0967752776653631
GNB,HIV-1 IN,PC,Validation,0.6666666666666666,0.0758293838862559,0.5671641791044776,0.1361702127659574,0.5224108159741356,0.1011936170072664
GNB,HIV-1 IN,PC,Test,0.5882352941176471,0.0921658986175115,0.551063829787234,0.1593625498007968,0.5184149651190324,0.070877488564025
GNB,HIV-1 IN,PC,Train,0.6704545454545454,0.0930599369085173,0.5710227272727273,0.1634349030470914,0.5277961183250598,0.114261772026426
GNB,HIV-1 IN,PC,Validation,0.6538461538461539,0.080188679245283,0.5659574468085107,0.1428571428571428,0.5226524791575253,0.0986155405391008
GNB,HIV-1 IN,PC,Test,0.65625,0.0967741935483871,0.5595744680851064,0.1686746987951807,0.5266479663394109,0.1054804927356809
GNB,HIV-1 IN,PC,Train,0.56,0.0662460567823343,0.5561079545454546,0.1184767277856135,0.5118051989338029,0.0523085532501767
GNB,HIV-1 IN,PC,Validation,0.4545454545454545,0.0471698113207547,0.5446808510638298,0.0854700854700854,0.500329091706889,0.0015505092800748
GNB,HIV-1 IN,PC,Test,0.4827586206896552,0.064516129032258,0.5361702127659574,0.1138211382113821,0.5026137957414255,0.0108311226946691
GNB,HIV-1 IN,PC,Train,0.7014925373134329,0.074015748031496,0.5684882895670689,0.1339031339031339,0.5240879773749212,0.1126351687308768
GNB,HIV-1 IN,PC,Validation,0.7083333333333334,0.0805687203791469,0.5714285714285714,0.1446808510638297,0.5267184687167052,0.1206443573254664
GNB,HIV-1 IN,PC,Test,0.7916666666666666,0.0875576036866359,0.5680851063829787,0.1576763485477178,0.5338973789184167,0.1535370496753457
GNB,HIV-1 IN,PC,Train,0.6470588235294118,0.0866141732283464,0.567068843151171,0.1527777777777778,0.5239272416529329,0.1000061064136103
GNB,HIV-1 IN,PC,Validation,0.6666666666666666,0.0758293838862559,0.5671641791044776,0.1361702127659574,0.5224108159741356,0.1011936170072664
GNB,HIV-1 IN,PC,Test,0.59375,0.0875576036866359,0.551063829787234,0.1526104417670682,0.5180871022385749,0.0715940733332407
GNB,HIV-1 IN,PC,Train,0.0,0.0,0.5497159090909091,0.0,0.5,0.0
GNB,HIV-1 IN,PC,Validation,0.0,0.0,0.548936170212766,0.0,0.5,0.0
GNB,HIV-1 IN,PC,Test,0.0,0.0,0.5382978723404256,0.0,0.5,0.0
GNB,HIV-1 IN,PC,Train,0.0,0.0,0.5497159090909091,0.0,0.5,0.0
GNB,HIV-1 IN,PC,Validation,0.0,0.0,0.548936170212766,0.0,0.5,0.0
GNB,HIV-1 IN,PC,Test,0.0,0.0,0.5382978723404256,0.0,0.5,0.0
GNB,HIV-1 IN,PC,Train,0.0,0.0,0.5493257629524485,0.0,0.5,0.0
GNB,HIV-1 IN,PC,Validation,0.0,0.0,0.5501066098081023,0.0,0.5,0.0
GNB,HIV-1 IN,PC,Test,0.0,0.0,0.5382978723404256,0.0,0.5,0.0
GNB,HIV-1 IN,PC,Train,0.0,0.0,0.5493257629524485,0.0,0.5,0.0
GNB,HIV-1 IN,PC,Validation,0.0,0.0,0.5501066098081023,0.0,0.5,0.0
GNB,HIV-1 IN,PC,Test,0.0,0.0,0.5382978723404256,0.0,0.5,0.0
GNB,HIV-1 IN,PC,Train,0.0,0.0,0.5497159090909091,0.0,0.5,0.0
GNB,HIV-1 IN,PC,Validation,0.0,0.0,0.548936170212766,0.0,0.5,0.0
GNB,HIV-1 IN,PC,Test,0.0,0.0,0.5382978723404256,0.0,0.5,0.0
GNB,HIV-1 IN,PC,Train,0.0,0.0,0.5497159090909091,0.0,0.5,0.0
GNB,HIV-1 IN,PC,Validation,0.0,0.0,0.548936170212766,0.0,0.5,0.0
GNB,HIV-1 IN,PC,Test,0.0,0.0,0.5382978723404256,0.0,0.5,0.0
GNB,HIV-1 IN,PC,Train,0.0,0.0,0.5493257629524485,0.0,0.5,0.0
GNB,HIV-1 IN,PC,Validation,0.0,0.0,0.5501066098081023,0.0,0.5,0.0
GNB,HIV-1 IN,PC,Test,0.0,0.0,0.5382978723404256,0.0,0.5,0.0
GNB,HIV-1 IN,PC,Train,0.0,0.0,0.5493257629524485,0.0,0.5,0.0
GNB,HIV-1 IN,PC,Validation,0.0,0.0,0.5501066098081023,0.0,0.5,0.0
GNB,HIV-1 IN,PC,Test,0.0,0.0,0.5382978723404256,0.0,0.5,0.0
GNB,HIV-1 IN,PC,Train,0.8305084745762712,0.0772870662460567,0.5774147727272727,0.1414141414141414,0.532183584802615,0.159826040734104
GNB,HIV-1 IN,PC,Validation,0.8125,0.0613207547169811,0.5702127659574469,0.1140350877192982,0.5248464238701185,0.1363589822790485
GNB,HIV-1 IN,PC,Test,0.8636363636363636,0.0875576036866359,0.5723404255319149,0.1589958158995816,0.5378499480883772,0.1786631817676424
GNB,HIV-1 IN,PC,Train,0.875,0.0331230283911671,0.5625,0.0638297872340425,0.5146235296994596,0.1124148409881385
GNB,HIV-1 IN,PC,Validation,0.7,0.0330188679245283,0.5574468085106383,0.063063063063063,0.510695480473892,0.0737614019320394
GNB,HIV-1 IN,PC,Test,0.9090909090909092,0.0460829493087557,0.5574468085106383,0.087719298245614,0.5210651900693977,0.1389257723534815
GNB,HIV-1 IN,PC,Train,0.696969696969697,0.0724409448818897,0.5677785663591199,0.1312410841654779,0.523300575800118,0.1097347094099489
GNB,HIV-1 IN,PC,Validation,0.7083333333333334,0.0805687203791469,0.5714285714285714,0.1446808510638297,0.5267184687167052,0.1206443573254664
GNB,HIV-1 IN,PC,Test,0.7916666666666666,0.0875576036866359,0.5680851063829787,0.1576763485477178,0.5338973789184167,0.1535370496753457
GNB,HIV-1 IN,PC,Train,0.7,0.0771653543307086,0.5691980127750177,0.1390070921985815,0.5250167856924861,0.1145722754155928
GNB,HIV-1 IN,PC,Validation,0.7368421052631579,0.0663507109004739,0.5692963752665245,0.1217391304347826,0.5234854329696168,0.118521350116858
GNB,HIV-1 IN,PC,Test,0.7037037037037037,0.0875576036866359,0.5617021276595745,0.1557377049180328,0.527968525163476,0.119841143338414
GNB,HIV-1 IN,PC,Train,0.6276595744680851,0.0930599369085173,0.5667613636363636,0.1620879120879121,0.5239201493328117,0.0953558588599758
GNB,HIV-1 IN,PC,Validation,0.6,0.0849056603773584,0.5617021276595745,0.1487603305785124,0.519197016235191,0.0781546001805326
GNB,HIV-1 IN,PC,Test,0.631578947368421,0.1105990783410138,0.5595744680851064,0.188235294117647,0.5276315549807836,0.1010629049010524
GNB,HIV-1 IN,PC,Train,0.589041095890411,0.0678233438485804,0.5589488636363636,0.1216407355021216,0.5145318269630499,0.0652173668089863
GNB,HIV-1 IN,PC,Validation,0.5625,0.0424528301886792,0.5531914893617021,0.0789473684210526,0.5076605236214714,0.0420415110926573
GNB,HIV-1 IN,PC,Test,0.5384615384615384,0.064516129032258,0.5425531914893617,0.1152263374485596,0.5085426494963662,0.0372592880223813
GNB,HIV-1 IN,PC,Train,0.6470588235294118,0.0866141732283464,0.567068843151171,0.1527777777777778,0.5239272416529329,0.1000061064136103
GNB,HIV-1 IN,PC,Validation,0.5862068965517241,0.0805687203791469,0.5607675906183369,0.1416666666666666,0.5170285462360852,0.0703450126361106
GNB,HIV-1 IN,PC,Test,0.6764705882352942,0.1059907834101382,0.5638297872340425,0.1832669322709163,0.5312562612702866,0.1203024434973955
GNB,HIV-1 IN,PC,Train,0.6063829787234043,0.089763779527559,0.5635202271114266,0.1563786008230452,0.5209800809782498,0.0836696005433494
GNB,HIV-1 IN,PC,Validation,0.6296296296296297,0.0805687203791469,0.5650319829424307,0.1428571428571428,0.5209045152283333,0.0892952094608701
GNB,HIV-1 IN,PC,Test,0.575,0.1059907834101382,0.551063829787234,0.178988326848249,0.519398553760405,0.0693146847672223
GNB,HIV-1 IN,ECFP4,Train,0.4533762057877814,0.444794952681388,0.5085227272727273,0.4490445859872611,0.5027592334466371,0.0055287516929932
GNB,HIV-1 IN,ECFP4,Validation,0.4444444444444444,0.4528301886792453,0.4978723404255319,0.4485981308411215,0.4938569548047389,-0.0122672652437014
GNB,HIV-1 IN,ECFP4,Test,0.4651162790697674,0.4608294930875576,0.5063829787234042,0.4629629629629629,0.5031420192710515,0.0062883925916481
GNB,HIV-1 IN,ECFP4,Train,0.4506369426751592,0.446372239747634,0.5056818181818182,0.4484944532488114,0.5003179028195535,0.0006363739031843
GNB,HIV-1 IN,ECFP4,Validation,0.4636363636363636,0.4811320754716981,0.5148936170212766,0.4722222222222222,0.5118838671932134,0.0237019579944376
GNB,HIV-1 IN,ECFP4,Test,0.465,0.4285714285714285,0.5085106382978724,0.4460431654676259,0.5028232636928289,0.0056934391896773
GNB,HIV-1 IN,ECFP4,Train,0.4622496147919877,0.4724409448818897,0.5145493257629524,0.4672897196261682,0.5107682760585159,0.021498312664172
GNB,HIV-1 IN,ECFP4,Validation,0.4372093023255814,0.4454976303317535,0.4925373134328358,0.4413145539906103,0.488252691134869,-0.0234575891529074
GNB,HIV-1 IN,ECFP4,Test,0.4595959595959596,0.4193548387096774,0.5042553191489362,0.4385542168674698,0.4982149687619533,-0.0036045320936048
GNB,HIV-1 IN,ECFP4,Train,0.4863481228668942,0.4488188976377952,0.5379701916252662,0.4668304668304668,0.5299650043744533,0.0604996634111754
GNB,HIV-1 IN,ECFP4,Validation,0.4540816326530612,0.4218009478672986,0.511727078891258,0.4373464373464373,0.503536132848378,0.0071334609748013
GNB,HIV-1 IN,ECFP4,Test,0.4692737430167598,0.3870967741935484,0.5148936170212766,0.4242424242424242,0.5058013515236517,0.0119117698806376
GNB,HIV-1 IN,ECFP4,Train,0.457286432160804,0.4305993690851735,0.5134943181818182,0.4435418359057677,0.5059973589611914,0.0120755676647614
GNB,HIV-1 IN,ECFP4,Validation,0.4427860696517413,0.419811320754717,0.5,0.4309927360774818,0.492851396811467,-0.0143798647367087
GNB,HIV-1 IN,ECFP4,Test,0.463768115942029,0.4423963133640553,0.5063829787234042,0.4528301886792453,0.5018305677492213,0.0036765703708375
GNB,HIV-1 IN,ECFP4,Train,0.4521452145214521,0.4321766561514195,0.5085227272727273,0.4419354838709677,0.5016180438379837,0.0032517106438075
GNB,HIV-1 IN,ECFP4,Validation,0.4651162790697674,0.4716981132075472,0.5170212765957447,0.468384074941452,0.5129808395495101,0.0259311179594106
GNB,HIV-1 IN,ECFP4,Test,0.4639175257731959,0.4147465437788018,0.5085106382978724,0.437956204379562,0.5018396750514562,0.0037256824490851
GNB,HIV-1 IN,ECFP4,Train,0.454983922829582,0.4456692913385827,0.5095812633073101,0.4502784407319014,0.5038423976072759,0.0077002900337811
GNB,HIV-1 IN,ECFP4,Validation,0.4380952380952381,0.4360189573459715,0.4946695095948827,0.4370546318289786,0.4893273081303502,-0.0213548004746157
GNB,HIV-1 IN,ECFP4,Test,0.4684210526315789,0.4101382488479262,0.5127659574468085,0.4373464373464373,0.5054643813409592,0.0111021043940562
GNB,HIV-1 IN,ECFP4,Train,0.4895470383275261,0.44251968503937,0.5408090844570618,0.4648469809760132,0.5319833567315713,0.0647757122134008
GNB,HIV-1 IN,ECFP4,Validation,0.4578947368421052,0.4123222748815165,0.5159914712153518,0.4339152119700748,0.506548734339983,0.0132727082170425
GNB,HIV-1 IN,ECFP4,Test,0.4739884393063583,0.3778801843317972,0.5191489361702127,0.4205128205128205,0.509098194932697,0.0188093628508868
GNB,HIV-1 IN,ECFP4,Train,0.4558303886925795,0.4069400630914827,0.5142045454545454,0.43,0.5045036232770075,0.0091399306125969
GNB,HIV-1 IN,ECFP4,Validation,0.4517766497461929,0.419811320754717,0.5085106382978724,0.4352078239608802,0.5006033347959631,0.0012168911019254
GNB,HIV-1 IN,ECFP4,Test,0.4690721649484536,0.4193548387096774,0.5127659574468085,0.4428223844282238,0.5061201071018744,0.0123943495335901
GNB,HIV-1 IN,ECFP4,Train,0.4518900343642612,0.4148264984227129,0.5099431818181818,0.4325657894736842,0.5013408977901679,0.0027095006779269
GNB,HIV-1 IN,ECFP4,Validation,0.4597156398104265,0.4575471698113207,0.5127659574468085,0.458628841607565,0.5078433523475209,0.0156934487952848
GNB,HIV-1 IN,ECFP4,Test,0.4644808743169399,0.391705069124424,0.5106382978723404,0.425,0.5021766452341487,0.0044508328033079
GNB,HIV-1 IN,ECFP4,Train,0.4534883720930232,0.4299212598425196,0.5095812633073101,0.4413904607922393,0.5024283301796578,0.0048849493271594
GNB,HIV-1 IN,ECFP4,Validation,0.445,0.4218009478672986,0.5031982942430704,0.4330900243309002,0.4957841948638818,-0.0084814570482259
GNB,HIV-1 IN,ECFP4,Test,0.4666666666666667,0.3870967741935484,0.5127659574468085,0.4231738035264483,0.5038250669386715,0.0078455593370998
GNB,HIV-1 IN,ECFP4,Train,0.4862888482632541,0.4188976377952756,0.5386799148332151,0.4500846023688663,0.5279242710940202,0.0570193008886324
GNB,HIV-1 IN,ECFP4,Validation,0.4585635359116022,0.3933649289099526,0.5181236673773987,0.423469387755102,0.5067599838348212,0.0138162824291014
GNB,HIV-1 IN,ECFP4,Test,0.4702380952380952,0.3640552995391705,0.5170212765957447,0.4103896103896104,0.5061383217063442,0.0127706104247641
GNB,HIV-1 IN,ECFP4,Train,0.4611111111111111,0.3927444794952681,0.5198863636363636,0.424190800681431,0.5083877436236031,0.0171645929963022
GNB,HIV-1 IN,ECFP4,Validation,0.4444444444444444,0.3962264150943396,0.5042553191489362,0.4189526184538653,0.4946248354541466,-0.0109097671289965
GNB,HIV-1 IN,ECFP4,Test,0.449438202247191,0.3686635944700461,0.5,0.4050632911392405,0.4906559079069598,-0.0192068350390065
GNB,HIV-1 IN,ECFP4,Train,0.4548672566371681,0.4053627760252365,0.5134943181818182,0.4286905754795663,0.5037149797438845,0.0075416008637645
GNB,HIV-1 IN,ECFP4,Validation,0.47,0.4433962264150943,0.5234042553191489,0.4563106796116505,0.5162717566183999,0.0327525666400257
GNB,HIV-1 IN,ECFP4,Test,0.4689265536723164,0.3824884792626728,0.5148936170212766,0.4213197969543147,0.5054734886431941,0.0112632545976127
GNB,HIV-1 IN,ECFP4,Train,0.4596912521440823,0.4220472440944882,0.5159687721788503,0.4400656814449918,0.5075352499542208,0.0152251191699292
GNB,HIV-1 IN,ECFP4,Validation,0.4559585492227979,0.4170616113744075,0.5138592750533049,0.4356435643564356,0.5050424335941804,0.0101950196759141
GNB,HIV-1 IN,ECFP4,Test,0.4624277456647399,0.3686635944700461,0.5106382978723404,0.4102564102564102,0.500537330831861,0.0011108632714737
GNB,HIV-1 IN,ECFP4,Train,0.4904580152671756,0.4047244094488189,0.5422285308729595,0.4434857635893011,0.5298815845693707,0.0615252919873608
GNB,HIV-1 IN,ECFP4,Validation,0.4642857142857143,0.3696682464454976,0.5245202558635395,0.4116094986807387,0.5104155185715861,0.02161344947928
GNB,HIV-1 IN,ECFP4,Test,0.4585987261146497,0.3317972350230415,0.5106382978723404,0.3850267379679144,0.4979144277882005,-0.0044088300675509
GNB,HIV-1 IN,ECFP4,Train,0.0,0.0,0.5497159090909091,0.0,0.5,0.0
GNB,HIV-1 IN,ECFP4,Validation,0.0,0.0,0.548936170212766,0.0,0.5,0.0
GNB,HIV-1 IN,ECFP4,Test,0.0,0.0,0.5382978723404256,0.0,0.5,0.0
GNB,HIV-1 IN,ECFP4,Train,0.0,0.0,0.5497159090909091,0.0,0.5,0.0
GNB,HIV-1 IN,ECFP4,Validation,0.0,0.0,0.548936170212766,0.0,0.5,0.0
GNB,HIV-1 IN,ECFP4,Test,0.0,0.0,0.5382978723404256,0.0,0.5,0.0
GNB,HIV-1 IN,ECFP4,Train,0.0,0.0,0.5493257629524485,0.0,0.5,0.0
GNB,HIV-1 IN,ECFP4,Validation,0.0,0.0,0.5501066098081023,0.0,0.5,0.0
GNB,HIV-1 IN,ECFP4,Test,0.0,0.0,0.5382978723404256,0.0,0.5,0.0
GNB,HIV-1 IN,ECFP4,Train,0.0,0.0,0.5493257629524485,0.0,0.5,0.0
GNB,HIV-1 IN,ECFP4,Validation,0.0,0.0,0.5501066098081023,0.0,0.5,0.0
GNB,HIV-1 IN,ECFP4,Test,0.0,0.0,0.5382978723404256,0.0,0.5,0.0
GNB,HIV-1 IN,ECFP4,Train,0.0,0.0,0.5497159090909091,0.0,0.5,0.0
GNB,HIV-1 IN,ECFP4,Validation,0.0,0.0,0.548936170212766,0.0,0.5,0.0
GNB,HIV-1 IN,ECFP4,Test,0.0,0.0,0.5382978723404256,0.0,0.5,0.0
GNB,HIV-1 IN,ECFP4,Train,0.0,0.0,0.5497159090909091,0.0,0.5,0.0
GNB,HIV-1 IN,ECFP4,Validation,0.0,0.0,0.548936170212766,0.0,0.5,0.0
GNB,HIV-1 IN,ECFP4,Test,0.0,0.0,0.5382978723404256,0.0,0.5,0.0
GNB,HIV-1 IN,ECFP4,Train,0.0,0.0,0.5493257629524485,0.0,0.5,0.0
GNB,HIV-1 IN,ECFP4,Validation,0.0,0.0,0.5501066098081023,0.0,0.5,0.0
GNB,HIV-1 IN,ECFP4,Test,0.0,0.0,0.5382978723404256,0.0,0.5,0.0
GNB,HIV-1 IN,ECFP4,Train,0.0,0.0,0.5493257629524485,0.0,0.5,0.0
GNB,HIV-1 IN,ECFP4,Validation,0.0,0.0,0.5501066098081023,0.0,0.5,0.0
GNB,HIV-1 IN,ECFP4,Test,0.0,0.0,0.5382978723404256,0.0,0.5,0.0
GNB,HIV-1 IN,ECFP4,Train,0.4498644986449864,0.2618296529968454,0.5234375,0.3310069790628115,0.4997778755940299,-0.0005025976197224
GNB,HIV-1 IN,ECFP4,Validation,0.4122137404580153,0.2547169811320754,0.5,0.314868804664723,0.4781336843644874,-0.0485342021785618
GNB,HIV-1 IN,ECFP4,Test,0.3928571428571428,0.2027649769585253,0.4872340425531914,0.2674772036474164,0.4669951367006065,-0.0772409375913712
GNB,HIV-1 IN,ECFP4,Train,0.4521072796934866,0.3722397476340694,0.5142045454545454,0.4083044982698962,0.5013653518532104,0.0028127917308331
GNB,HIV-1 IN,ECFP4,Validation,0.4684210526315789,0.419811320754717,0.5234042553191489,0.4427860696517413,0.5141692262688313,0.0287341330630146
GNB,HIV-1 IN,ECFP4,Test,0.4573170731707317,0.3456221198156682,0.5085106382978724,0.3937007874015748,0.496921731844593,-0.0064393782372399
GNB,HIV-1 IN,ECFP4,Train,0.7414965986394558,0.1716535433070866,0.5997161107168204,0.278772378516624,0.5612789680359722,0.1994850880675509
GNB,HIV-1 IN,ECFP4,Validation,0.8275862068965517,0.2274881516587677,0.6311300639658849,0.3568773234200743,0.5943642308681436,0.2852026608568389
GNB,HIV-1 IN,ECFP4,Test,0.7619047619047619,0.1474654377880184,0.5851063829787234,0.2471042471042471,0.5539698730442069,0.1886361786186355
GNB,HIV-1 IN,ECFP4,Train,0.0,0.0,0.5493257629524485,0.0,0.5,0.0
GNB,HIV-1 IN,ECFP4,Validation,0.0,0.0,0.5501066098081023,0.0,0.5,0.0
GNB,HIV-1 IN,ECFP4,Test,0.0,0.0,0.5382978723404256,0.0,0.5,0.0
GNB,HIV-1 IN,ECFP4,Train,0.4504201680672269,0.4227129337539432,0.5078125,0.436126932465419,0.5001161567994522,0.0002339839059026
GNB,HIV-1 IN,ECFP4,Validation,0.4411764705882353,0.4245283018867924,0.4978723404255319,0.4326923076923077,0.4913339183852567,-0.017401017823748
GNB,HIV-1 IN,ECFP4,Test,0.457286432160804,0.4193548387096774,0.502127659574468,0.4375,0.4962386841769731,-0.0075901217187665
GNB,HIV-1 IN,ECFP4,Train,0.4522613065326633,0.4258675078864353,0.5092329545454546,0.4386677497969131,0.5016934438656984,0.0034097168635462
GNB,HIV-1 IN,ECFP4,Validation,0.4694835680751174,0.4716981132075472,0.5212765957446809,0.4705882352941176,0.5168568085417581,0.0336997570454849
GNB,HIV-1 IN,ECFP4,Test,0.4644808743169399,0.391705069124424,0.5106382978723404,0.425,0.5021766452341487,0.0044508328033079
GNB,HIV-1 IN,ECFP4,Train,0.4551386623164764,0.4393700787401575,0.5102909865152591,0.4471153846153846,0.50392276546827,0.007873954685729
GNB,HIV-1 IN,ECFP4,Validation,0.4362745098039216,0.4218009478672986,0.4946695095948827,0.4289156626506024,0.4880322568793857,-0.024019021693516
GNB,HIV-1 IN,ECFP4,Test,0.4598930481283422,0.3963133640552995,0.5063829787234042,0.4257425742574257,0.4985519389446458,-0.0029498027473747
GNB,HIV-1 IN,ECFP4,Train,0.4844827586206897,0.44251968503937,0.5365507452093683,0.4625514403292181,0.5281073877393233,0.0568350912192555
GNB,HIV-1 IN,ECFP4,Validation,0.4554973821989528,0.4123222748815165,0.5138592750533049,0.4328358208955223,0.504610749843859,0.0093371332129059
GNB,HIV-1 IN,ECFP4,Test,0.4659090909090909,0.3778801843317972,0.5127659574468085,0.4173027989821883,0.5031693411777562,0.006529187151438
GNB,HIV-1 IN,MIX,Train,0.8861940298507462,0.749211356466877,0.84375,0.811965811965812,0.8351999934789166,0.6869236503860341
GNB,HIV-1 IN,MIX,Validation,0.7161290322580646,0.5235849056603774,0.6914893617021277,0.6049046321525886,0.6765211350007313,0.3736658118421413
GNB,HIV-1 IN,MIX,Test,0.9083969465648856,0.5483870967741935,0.7659574468085106,0.6839080459770115,0.7504781333673339,0.5569990370836486
GNB,HIV-1 IN,MIX,Train,0.84472049689441,0.8580441640378549,0.8650568181818182,0.8513302034428795,0.8644225988147931,0.7278816868360644
GNB,HIV-1 IN,MIX,Validation,0.7387387387387387,0.7735849056603774,0.774468085106383,0.7557603686635944,0.7743893520549949,0.546981585309183
GNB,HIV-1 IN,MIX,Test,0.8181818181818182,0.7880184331797235,0.8212765957446808,0.8028169014084507,0.8189104023606127,0.6398753968908535
GNB,HIV-1 IN,MIX,Train,0.8991452991452992,0.8283464566929134,0.8807665010645848,0.8622950819672132,0.8760595332560175,0.75945562384733
GNB,HIV-1 IN,MIX,Validation,0.6827956989247311,0.6018957345971564,0.6950959488272921,0.6397984886649875,0.6866067820272603,0.3795410983815643
GNB,HIV-1 IN,MIX,Test,0.9209039548022598,0.7511520737327189,0.8553191489361702,0.8274111675126904,0.847908052676636,0.7159194490572434
GNB,HIV-1 IN,MIX,Train,0.9377682403433476,0.6881889763779527,0.8388928317955997,0.7938237965485921,0.8253606380597774,0.6881823738710342
GNB,HIV-1 IN,MIX,Validation,0.751937984496124,0.4597156398104265,0.6886993603411514,0.5705882352941176,0.6678423160292443,0.3739798699698345
GNB,HIV-1 IN,MIX,Test,0.8934426229508197,0.5023041474654378,0.7425531914893617,0.6430678466076696,0.7254603741279757,0.5127678755462426
GNB,HIV-1 IN,MIX,Train,0.9067460317460316,0.7208201892744479,0.8409090909090909,0.8031634446397188,0.8300483375312808,0.6850514202086413
GNB,HIV-1 IN,MIX,Validation,0.7555555555555555,0.4811320754716981,0.6957446808510638,0.5878962536023055,0.676612549363756,0.3884544052125466
GNB,HIV-1 IN,MIX,Test,0.9067796610169492,0.4930875576036866,0.7425531914893617,0.6388059701492538,0.7248046483670607,0.5169077871857054
GNB,HIV-1 IN,MIX,Train,0.8714524207011686,0.8233438485804416,0.8657670454545454,0.8467153284671532,0.8619303222230373,0.7284209071174566
GNB,HIV-1 IN,MIX,Validation,0.755,0.7122641509433962,0.7659574468085106,0.7330097087378641,0.7611708351616205,0.5256970948907499
GNB,HIV-1 IN,MIX,Test,0.8674033149171271,0.7235023041474654,0.8212765957446808,0.7889447236180904,0.814320322034207,0.644027445090864
GNB,HIV-1 IN,MIX,Train,0.9263351749539596,0.7921259842519685,0.8779276082327893,0.8539898132427843,0.8702231988443304,0.7569934239676112
GNB,HIV-1 IN,MIX,Validation,0.73125,0.5545023696682464,0.7078891257995735,0.6307277628032345,0.69391785150079,0.4069674135321277
GNB,HIV-1 IN,MIX,Test,0.9430379746835444,0.6866359447004609,0.8361702127659575,0.7946666666666666,0.8255314110854083,0.6870798045463975
GNB,HIV-1 IN,MIX,Train,0.942528735632184,0.6456692913385826,0.8225691980127751,0.7663551401869159,0.8066847748682577,0.6606256744496989
GNB,HIV-1 IN,MIX,Validation,0.7314814814814815,0.3744075829383886,0.6567164179104478,0.4952978056426332,0.6310022410815974,0.3095952742591267
GNB,HIV-1 IN,MIX,Test,0.9142857142857144,0.4423963133640553,0.723404255319149,0.5962732919254659,0.7034115954172055,0.4869167869340864
GNB,HIV-1 IN,MIX,Train,0.9135021097046412,0.6829652996845426,0.828125,0.7815884476534296,0.8149968617285763,0.663267508441407
GNB,HIV-1 IN,MIX,Validation,0.7916666666666666,0.4481132075471698,0.6978723404255319,0.572289156626506,0.6756069913704842,0.4007974375112338
GNB,HIV-1 IN,MIX,Test,0.9473684210526316,0.4147465437788018,0.7191489361702128,0.5769230769230769,0.6974918489644997,0.49033383514014
GNB,HIV-1 IN,MIX,Train,0.8990825688073395,0.7728706624605678,0.8586647727272727,0.8312128922815946,0.85090561546801,0.7168557516780542
GNB,HIV-1 IN,MIX,Validation,0.786096256684492,0.6933962264150944,0.776595744680851,0.7368421052631579,0.7691787333625859,0.5473114114399332
GNB,HIV-1 IN,MIX,Test,0.9036144578313252,0.6912442396313364,0.823404255319149,0.783289817232376,0.8140015664559843,0.655029865920991
GNB,HIV-1 IN,MIX,Train,0.9423459244532804,0.7464566929133858,0.865152590489709,0.8330404217926186,0.8544944963274939,0.7362897323957169
GNB,HIV-1 IN,MIX,Validation,0.7985611510791367,0.5260663507109005,0.7270788912579957,0.6342857142857142,0.7087696094639774,0.4548665334458197
GNB,HIV-1 IN,MIX,Test,0.9642857142857144,0.6221198156682027,0.8148936170212766,0.7563025210084033,0.8011784849092003,0.6566335663954418
GNB,HIV-1 IN,MIX,Train,0.946987951807229,0.6188976377952756,0.8126330731014905,0.7485714285714286,0.7952369325927283,0.6445265064376102
GNB,HIV-1 IN,MIX,Validation,0.7340425531914894,0.3270142180094786,0.6439232409381663,0.4524590163934426,0.6150574966016387,0.2859673402895306
GNB,HIV-1 IN,MIX,Test,0.934065934065934,0.391705069124424,0.7063829787234043,0.551948051948052,0.6839948270523306,0.4642858363898932
GNB,HIV-1 IN,MIX,Train,0.9327354260089686,0.6561514195583596,0.8238636363636364,0.7703703703703704,0.8086958648179395,0.660269066974913
GNB,HIV-1 IN,MIX,Validation,0.8440366972477065,0.4339622641509434,0.7085106382978723,0.573208722741433,0.6840353956413633,0.4339525936011881
GNB,HIV-1 IN,MIX,Test,0.9888888888888888,0.4101382488479262,0.725531914893617,0.5798045602605864,0.7030928398389829,0.5146378007772544
GNB,HIV-1 IN,MIX,Train,0.9168316831683168,0.7302839116719243,0.8487215909090909,0.8129938542581212,0.8380101728902257,0.7012700831961532
GNB,HIV-1 IN,MIX,Validation,0.8393782383419689,0.7641509433962265,0.8276595744680851,0.8,0.8219979523182682,0.6513918941803927
GNB,HIV-1 IN,MIX,Test,0.9319727891156464,0.631336405529954,0.8085106382978723,0.7527472527472527,0.7959053569151746,0.6363748711439908
GNB,HIV-1 IN,MIX,Train,0.9577167019027484,0.7133858267716535,0.8566359119943222,0.8176895306859205,0.8437730167449999,0.7244203290137673
GNB,HIV-1 IN,MIX,Validation,0.8487394957983193,0.4786729857819905,0.7270788912579957,0.6121212121212121,0.7044527719607626,0.4674838117307677
GNB,HIV-1 IN,MIX,Test,0.9831932773109244,0.5391705069124424,0.7829787234042553,0.6964285714285714,0.7656326842862607,0.6090803592176054
GNB,HIV-1 IN,MIX,Train,0.9441624365482234,0.5858267716535434,0.7977288857345636,0.7230320699708455,0.7787014995218621,0.6179388666605384
GNB,HIV-1 IN,MIX,Validation,0.7108433734939759,0.2796208530805687,0.6247334754797441,0.4013605442176871,0.5932987986333077,0.2432340825929541
GNB,HIV-1 IN,MIX,Test,0.948051948051948,0.336405529953917,0.6851063829787234,0.4965986394557823,0.6602976266370376,0.4318228084942456
GNB,HIV-1 IN,MIX,Train,0.0,0.0,0.5497159090909091,0.0,0.5,0.0
GNB,HIV-1 IN,MIX,Validation,0.0,0.0,0.548936170212766,0.0,0.5,0.0
GNB,HIV-1 IN,MIX,Test,0.0,0.0,0.5382978723404256,0.0,0.5,0.0
GNB,HIV-1 IN,MIX,Train,0.0,0.0,0.5497159090909091,0.0,0.5,0.0
GNB,HIV-1 IN,MIX,Validation,0.0,0.0,0.548936170212766,0.0,0.5,0.0
GNB,HIV-1 IN,MIX,Test,0.0,0.0,0.5382978723404256,0.0,0.5,0.0
GNB,HIV-1 IN,MIX,Train,0.0,0.0,0.5493257629524485,0.0,0.5,0.0
GNB,HIV-1 IN,MIX,Validation,0.0,0.0,0.5501066098081023,0.0,0.5,0.0
GNB,HIV-1 IN,MIX,Test,0.0,0.0,0.5382978723404256,0.0,0.5,0.0
GNB,HIV-1 IN,MIX,Train,0.0,0.0,0.5493257629524485,0.0,0.5,0.0
GNB,HIV-1 IN,MIX,Validation,0.0,0.0,0.5501066098081023,0.0,0.5,0.0
GNB,HIV-1 IN,MIX,Test,0.0,0.0,0.5382978723404256,0.0,0.5,0.0
GNB,HIV-1 IN,MIX,Train,0.0,0.0,0.5497159090909091,0.0,0.5,0.0
GNB,HIV-1 IN,MIX,Validation,0.0,0.0,0.548936170212766,0.0,0.5,0.0
GNB,HIV-1 IN,MIX,Test,0.0,0.0,0.5382978723404256,0.0,0.5,0.0
GNB,HIV-1 IN,MIX,Train,0.0,0.0,0.5497159090909091,0.0,0.5,0.0
GNB,HIV-1 IN,MIX,Validation,0.0,0.0,0.548936170212766,0.0,0.5,0.0
GNB,HIV-1 IN,MIX,Test,0.0,0.0,0.5382978723404256,0.0,0.5,0.0
GNB,HIV-1 IN,MIX,Train,0.0,0.0,0.5493257629524485,0.0,0.5,0.0
GNB,HIV-1 IN,MIX,Validation,0.0,0.0,0.5501066098081023,0.0,0.5,0.0
GNB,HIV-1 IN,MIX,Test,0.0,0.0,0.5382978723404256,0.0,0.5,0.0
GNB,HIV-1 IN,MIX,Train,0.0,0.0,0.5493257629524485,0.0,0.5,0.0
GNB,HIV-1 IN,MIX,Validation,0.0,0.0,0.5501066098081023,0.0,0.5,0.0
GNB,HIV-1 IN,MIX,Test,0.0,0.0,0.5382978723404256,0.0,0.5,0.0
GNB,HIV-1 IN,MIX,Train,0.9263157894736842,0.138801261829653,0.6072443181818182,0.2414266117969821,0.564878667090537,0.2573669987584102
GNB,HIV-1 IN,MIX,Validation,0.8717948717948718,0.160377358490566,0.6106382978723405,0.2709163346613545,0.5704987567646629,0.2543421269949014
GNB,HIV-1 IN,MIX,Test,0.5,0.0046082949308755,0.5382978723404256,0.0091324200913242,0.5003278628804576,0.0050219738722595
GNB,HIV-1 IN,MIX,Train,0.935483870967742,0.0457413249211356,0.5688920454545454,0.0872180451127819,0.5215786727964851,0.1463261741420993
GNB,HIV-1 IN,MIX,Validation,1.0,0.0377358490566037,0.5659574468085107,0.0727272727272727,0.5188679245283019,0.1451663403006537
GNB,HIV-1 IN,MIX,Test,0.0,0.0,0.5382978723404256,0.0,0.5,0.0
GNB,HIV-1 IN,MIX,Train,0.88,0.1039370078740157,0.5897799858055358,0.1859154929577464,0.5461545504486358,0.2045941998024057
GNB,HIV-1 IN,MIX,Validation,0.6666666666666666,0.0094786729857819,0.5522388059701493,0.0186915887850467,0.502801351996767,0.0349619118121315
GNB,HIV-1 IN,MIX,Test,0.0,0.0,0.5361702127659574,0.0,0.4980237154150198,-0.04276447896009
GNB,HIV-1 IN,MIX,Train,0.9692307692307692,0.0992125984251968,0.5926188786373314,0.18,0.5483143095485157,0.2291958783785337
GNB,HIV-1 IN,MIX,Validation,0.0,0.0,0.5373134328358209,0.0,0.4883720930232558,-0.1029476658778094
GNB,HIV-1 IN,MIX,Test,0.0,0.0,0.5361702127659574,0.0,0.4980237154150198,-0.04276447896009
GNB,HIV-1 IN,MIX,Train,0.9056603773584906,0.6813880126182965,0.8245738636363636,0.7776777677767777,0.8116242388672879,0.655152353838473
GNB,HIV-1 IN,MIX,Validation,0.8015873015873016,0.4764150943396226,0.7106382978723405,0.5976331360946746,0.6897579347667105,0.4263273850175685
GNB,HIV-1 IN,MIX,Test,0.9361702127659576,0.4055299539170507,0.7127659574468085,0.5659163987138264,0.6909072694486439,0.4758660698352699
GNB,HIV-1 IN,MIX,Train,0.9094412331406552,0.7444794952681388,0.8515625,0.818733738074588,0.8418779905281263,0.7051502888751302
GNB,HIV-1 IN,MIX,Validation,0.8160919540229885,0.6698113207547169,0.7829787234042553,0.7357512953367875,0.7728901565013895,0.5624386664252327
GNB,HIV-1 IN,MIX,Test,0.9013157894736842,0.631336405529954,0.7978723404255319,0.7425474254742548,0.7860239339902734,0.6096592182663894
GNB,HIV-1 IN,MIX,Train,0.9246031746031746,0.7338582677165354,0.8530872959545777,0.8182616330114135,0.8423813302406965,0.7108170816176055
GNB,HIV-1 IN,MIX,Validation,0.7925925925925926,0.5071090047393365,0.7185501066098081,0.6184971098265896,0.6992909364781954,0.4379540093844845
GNB,HIV-1 IN,MIX,Test,0.944,0.543778801843318,0.774468085106383,0.6900584795321637,0.7580554088267974,0.582329156748294
GNB,HIV-1 IN,MIX,Train,0.930952380952381,0.6157480314960629,0.8062455642299503,0.7412322274881517,0.7891401656188326,0.6290323385571227
GNB,HIV-1 IN,MIX,Validation,0.7142857142857143,0.3317535545023696,0.6396588486140725,0.4530744336569579,0.611613211359712,0.2731471588664041
GNB,HIV-1 IN,MIX,Test,0.8674698795180723,0.3317972350230415,0.6680851063829787,0.48,0.6441594870767381,0.3769370461334067
GNB,HIV-1 PR,PC,Train,0.927675988428158,0.8336221837088388,0.7848509266720387,0.8781378366042902,0.4857766090957988,-0.0195970730037918
GNB,HIV-1 PR,PC,Validation,0.9252873563218392,0.8363636363636363,0.785024154589372,0.878581173260573,0.4699059561128527,-0.0419641392618972
GNB,HIV-1 PR,PC,Test,0.9085365853658536,0.7842105263157895,0.7294685990338164,0.8418079096045198,0.4509287925696594,-0.0664204554463964
GNB,HIV-1 PR,PC,Train,0.942528735632184,0.6395147313691508,0.628525382755842,0.7620030975735673,0.561136676029403,0.0646964914336163
GNB,HIV-1 PR,PC,Validation,0.9251968503937008,0.6103896103896104,0.5917874396135265,0.7355242566510172,0.4776085982982535,-0.0234727401481518
GNB,HIV-1 PR,PC,Test,0.9084249084249084,0.6526315789473685,0.6207729468599034,0.7595712098009189,0.4586687306501548,-0.0478904718480268
GNB,HIV-1 PR,PC,Train,0.9289719626168224,0.8613518197573656,0.8098307816277196,0.8938848920863309,0.4938943006832804,-0.0090456128357044
GNB,HIV-1 PR,PC,Validation,0.9246987951807228,0.7974025974025974,0.751207729468599,0.8563458856345886,0.467666815942678,-0.0414125397569073
GNB,HIV-1 PR,PC,Test,0.9112426035502958,0.8105263157894737,0.7536231884057971,0.8579387186629527,0.4640866873065015,-0.0509391358440569
GNB,HIV-1 PR,PC,Train,0.9262877442273536,0.9030303030303032,0.8429951690821256,0.9145111793073214,0.474503657262278,-0.0447260260880571
GNB,HIV-1 PR,PC,Validation,0.9297297297297298,0.8958333333333334,0.8401937046004843,0.9124668435013262,0.4996408045977011,-0.0006010218847051
GNB,HIV-1 PR,PC,Test,0.9100817438692098,0.8789473684210526,0.8091787439613527,0.8942436412315931,0.4541795665634675,-0.0793119238285744
GNB,HIV-1 PR,PC,Train,0.9285714285714286,0.8448873483535528,0.7953263497179693,0.8847549909255898,0.4914091914181557,-0.0121566870149342
GNB,HIV-1 PR,PC,Validation,0.9261363636363636,0.8467532467532467,0.7946859903381642,0.8846675712347354,0.4751007613076578,-0.0356187153135101
GNB,HIV-1 PR,PC,Test,0.9093655589123868,0.7921052631578948,0.7367149758454107,0.8466947960618847,0.4548761609907121,-0.0618891118778278
GNB,HIV-1 PR,PC,Train,0.939929328621908,0.6915077989601387,0.6720386784850927,0.7968047928107839,0.5526504512042073,0.0578359328887765
GNB,HIV-1 PR,PC,Validation,0.925531914893617,0.6779220779220779,0.6497584541062802,0.782608695652174,0.4768920734437976,-0.0253109716950467
GNB,HIV-1 PR,PC,Test,0.9065743944636678,0.6894736842105263,0.6497584541062802,0.7832585949177877,0.4476780185758514,-0.0625808570995873
GNB,HIV-1 PR,PC,Train,0.9294990723562152,0.8682842287694974,0.8162771958098308,0.8978494623655914,0.4973605051893464,-0.0039903423392385
GNB,HIV-1 PR,PC,Validation,0.9262536873156342,0.8155844155844156,0.7681159420289855,0.8674033149171271,0.4767577250335871,-0.0308040282742502
GNB,HIV-1 PR,PC,Test,0.9132947976878611,0.8315789473684211,0.7729468599033816,0.8705234159779615,0.4746130030959752,-0.0376253091309779
GNB,HIV-1 PR,PC,Train,0.92579185520362,0.8857142857142857,0.8276972624798712,0.9053097345132743,0.4715927750410509,-0.0462879558420739
GNB,HIV-1 PR,PC,Validation,0.9315068493150684,0.8854166666666666,0.8329297820823245,0.9078771695594126,0.5116738505747126,0.018614084706957
GNB,HIV-1 PR,PC,Test,0.9085872576177284,0.8631578947368421,0.7946859903381642,0.8852901484480432,0.4462848297213622,-0.088280884044721
GNB,HIV-1 PR,PC,Train,0.9291784702549576,0.8526863084922011,0.8025785656728445,0.8892905558065973,0.4953086714874798,-0.006771808965165
GNB,HIV-1 PR,PC,Validation,0.927170868347339,0.8597402597402597,0.8067632850241546,0.8921832884097035,0.4815942678011643,-0.0272672237738089
GNB,HIV-1 PR,PC,Test,0.9109792284866468,0.8078947368421052,0.751207729468599,0.8563458856345886,0.4627708978328173,-0.0525392056337342
GNB,HIV-1 PR,PC,Train,0.9359550561797751,0.7218370883882149,0.6954069298952458,0.815068493150685,0.5333323372975557,0.0377928577411412
GNB,HIV-1 PR,PC,Validation,0.9183673469387756,0.7012987012987013,0.6642512077294686,0.7952871870397643,0.4368562472010747,-0.0710436818480456
GNB,HIV-1 PR,PC,Test,0.905844155844156,0.7342105263157894,0.6859903381642513,0.811046511627907,0.4406346749226006,-0.0746905765589267
GNB,HIV-1 PR,PC,Train,0.92942254812099,0.878682842287695,0.8251410153102336,0.9033407572383072,0.4968126855116636,-0.00499297553931
GNB,HIV-1 PR,PC,Validation,0.927536231884058,0.8311688311688312,0.782608695652174,0.8767123287671232,0.4845499328257949,-0.0211619477845242
GNB,HIV-1 PR,PC,Test,0.9152542372881356,0.8526315789473684,0.7922705314009661,0.8828337874659401,0.4851393188854489,-0.0231804952995843
GNB,HIV-1 PR,PC,Train,0.9269406392694064,0.8787878787878788,0.822866344605475,0.9022222222222224,0.4796238244514106,-0.0321986423928693
GNB,HIV-1 PR,PC,Validation,0.9307479224376732,0.875,0.8232445520581114,0.902013422818792,0.5064655172413793,0.0099596163204753
GNB,HIV-1 PR,PC,Test,0.9106145251396648,0.8578947368421053,0.7922705314009661,0.8834688346883469,0.458359133126935,-0.0668567848785706
GNB,HIV-1 PR,PC,Train,0.9298409728718428,0.8613518197573656,0.8106365834004835,0.8942869995501574,0.4996414271200621,-0.0005299280275236
GNB,HIV-1 PR,PC,Validation,0.9275766016713092,0.8649350649350649,0.8115942028985508,0.8951612903225806,0.4841916703985669,-0.0237747945489036
GNB,HIV-1 PR,PC,Test,0.907514450867052,0.8263157894736842,0.7632850241545893,0.8650137741046832,0.4425696594427245,-0.085115790778005
GNB,HIV-1 PR,PC,Train,0.9291084854994628,0.7495667244367418,0.7139403706688154,0.829736211031175,0.4954730173907847,-0.0053400542009977
GNB,HIV-1 PR,PC,Validation,0.9177631578947368,0.7246753246753247,0.6835748792270532,0.8098693759071117,0.4313031795790417,-0.0793894624867332
GNB,HIV-1 PR,PC,Test,0.9018987341772152,0.75,0.6956521739130435,0.8189655172413793,0.4191176470588235,-0.1044860833804788
GNB,HIV-1 PR,PC,Train,0.9301270417422868,0.8882149046793761,0.8340048348106366,0.9086879432624112,0.5015787167075042,0.0025562217990108
GNB,HIV-1 PR,PC,Validation,0.9295774647887324,0.8571428571428571,0.8067632850241546,0.8918918918918919,0.4975369458128079,-0.00359660831045
GNB,HIV-1 PR,PC,Test,0.914364640883978,0.8710526315789474,0.8067632850241546,0.8921832884097035,0.4796439628482972,-0.0337286167197254
GNB,HIV-1 PR,PC,Train,0.927643784786642,0.8658008658008658,0.8123993558776168,0.8956560680698612,0.4846245708314673,-0.0231833694697048
GNB,HIV-1 PR,PC,Validation,0.9327731092436976,0.8671875,0.8184019370460048,0.8987854251012146,0.5198006465517242,0.0295560135354123
GNB,HIV-1 PR,PC,Test,0.9096045197740112,0.8473684210526315,0.782608695652174,0.8773841961852861,0.4530959752321981,-0.073163438289313
GNB,HIV-1 PR,PC,Train,0.9294975688816856,0.9939341421143848,0.9242546333601934,0.9606365159128978,0.4969670710571924,-0.0206798870343644
GNB,HIV-1 PR,PC,Validation,0.9292682926829268,0.9896103896103896,0.9202898550724636,0.958490566037736,0.4948051948051948,-0.0271085757873102
GNB,HIV-1 PR,PC,Test,0.9176755447941888,0.9973684210526316,0.9154589371980676,0.9558638083228248,0.4986842105263158,-0.0147188078040711
GNB,HIV-1 PR,PC,Train,0.9545454545454546,0.0181975736568457,0.0862207896857373,0.0357142857142857,0.5033516603916414,0.0129699810121596
GNB,HIV-1 PR,PC,Validation,0.8,0.0103896103896103,0.0772946859903381,0.0205128205128205,0.4879534258844604,-0.056295834351749
GNB,HIV-1 PR,PC,Test,0.875,0.0184210526315789,0.0966183574879227,0.0360824742268041,0.4945046439628482,-0.021920430407689
GNB,HIV-1 PR,PC,Train,0.9545454545454546,0.0181975736568457,0.0862207896857373,0.0357142857142857,0.5033516603916414,0.0129699810121596
GNB,HIV-1 PR,PC,Validation,1.0,0.0103896103896103,0.0797101449275362,0.0205655526992287,0.5051948051948052,0.0271085757873102
GNB,HIV-1 PR,PC,Test,1.0,0.0184210526315789,0.0990338164251207,0.0361757105943152,0.5092105263157894,0.0392282988873628
GNB,HIV-1 PR,PC,Train,1.0,0.0025974025974025,0.072463768115942,0.005181347150259,0.5012987012987012,0.0135049695206861
GNB,HIV-1 PR,PC,Validation,0.0,0.0,0.0702179176755447,0.0,0.5,0.0
GNB,HIV-1 PR,PC,Test,1.0,0.0026315789473684,0.0845410628019323,0.0052493438320209,0.5013157894736842,0.0147188078040711
GNB,HIV-1 PR,PC,Train,0.9294975688816856,0.9939341421143848,0.9242546333601934,0.9606365159128978,0.4969670710571924,-0.0206798870343644
GNB,HIV-1 PR,PC,Validation,0.9292682926829268,0.9896103896103896,0.9202898550724636,0.958490566037736,0.4948051948051948,-0.0271085757873102
GNB,HIV-1 PR,PC,Test,0.9176755447941888,0.9973684210526316,0.9154589371980676,0.9558638083228248,0.4986842105263158,-0.0147188078040711
GNB,HIV-1 PR,PC,Train,0.9545454545454546,0.0181975736568457,0.0862207896857373,0.0357142857142857,0.5033516603916414,0.0129699810121596
GNB,HIV-1 PR,PC,Validation,0.8,0.0103896103896103,0.0772946859903381,0.0205128205128205,0.4879534258844604,-0.056295834351749
GNB,HIV-1 PR,PC,Test,0.875,0.0184210526315789,0.0966183574879227,0.0360824742268041,0.4945046439628482,-0.021920430407689
GNB,HIV-1 PR,PC,Train,0.9545454545454546,0.0181975736568457,0.0862207896857373,0.0357142857142857,0.5033516603916414,0.0129699810121596
GNB,HIV-1 PR,PC,Validation,1.0,0.0103896103896103,0.0797101449275362,0.0205655526992287,0.5051948051948052,0.0271085757873102
GNB,HIV-1 PR,PC,Test,1.0,0.0184210526315789,0.0990338164251207,0.0361757105943152,0.5092105263157894,0.0392282988873628
GNB,HIV-1 PR,PC,Train,1.0,0.0025974025974025,0.072463768115942,0.005181347150259,0.5012987012987012,0.0135049695206861
GNB,HIV-1 PR,PC,Validation,0.0,0.0,0.0702179176755447,0.0,0.5,0.0
GNB,HIV-1 PR,PC,Test,1.0,0.0026315789473684,0.0845410628019323,0.0052493438320209,0.5013157894736842,0.0147188078040711
GNB,HIV-1 PR,PC,Train,0.9270746018440904,0.9584055459272096,0.8912167606768735,0.9424797613975288,0.4792027729636048,-0.0550753313592929
GNB,HIV-1 PR,PC,Validation,0.9275,0.9636363636363636,0.8961352657004831,0.9452229299363056,0.4818181818181818,-0.051345531805247
GNB,HIV-1 PR,PC,Test,0.914572864321608,0.9578947368421052,0.8792270531400966,0.93573264781491,0.4789473684210526,-0.0599744281220244
GNB,HIV-1 PR,PC,Train,0.956989247311828,0.0771230502599653,0.1385979049153908,0.1427425821972734,0.5155730193828563,0.0302031981736109
GNB,HIV-1 PR,PC,Validation,0.8974358974358975,0.0909090909090909,0.144927536231884,0.1650943396226415,0.4764890282131661,-0.0410848780600427
GNB,HIV-1 PR,PC,Test,0.9696969696969696,0.0842105263157894,0.1570048309178744,0.1549636803874092,0.5273993808049536,0.0555498055545274
GNB,HIV-1 PR,PC,Train,0.9325842696629212,0.0719237435008665,0.1321514907332796,0.1335478680611424,0.5014791131297436,0.0029273366879366
GNB,HIV-1 PR,PC,Validation,0.9655172413793104,0.0727272727272727,0.1352657004830917,0.1352657004830917,0.5191222570532915,0.038244514106583
GNB,HIV-1 PR,PC,Test,0.9666666666666668,0.0763157894736842,0.1497584541062802,0.1414634146341463,0.5234520123839009,0.0496723981323925
GNB,HIV-1 PR,PC,Train,0.9217479674796748,0.7852813852813852,0.7383252818035426,0.8480598410472183,0.4501119570085087,-0.062772536755431
GNB,HIV-1 PR,PC,Validation,0.9325513196480938,0.828125,0.784503631961259,0.8772413793103448,0.517510775862069,0.0235861229541659
GNB,HIV-1 PR,PC,Test,0.9022082018927444,0.7526315789473684,0.6980676328502415,0.8206599713055954,0.4204334365325077,-0.1031516917957251
GNB,HIV-1 PR,PC,Train,0.9304267161410018,0.8691507798960139,0.8178887993553586,0.8987455197132617,0.5035409071893863,0.0053530818928276
GNB,HIV-1 PR,PC,Validation,0.9277777777777778,0.8675324675324675,0.8140096618357487,0.8966442953020134,0.4854903716972682,-0.0219921412499493
GNB,HIV-1 PR,PC,Test,0.913793103448276,0.8368421052631579,0.7777777777777778,0.8736263736263736,0.4772445820433437,-0.0341337874248775
GNB,HIV-1 PR,PC,Train,0.9321872015281756,0.8457538994800693,0.7993553585817889,0.886869604725125,0.5148309727285404,0.0208539321835371
GNB,HIV-1 PR,PC,Validation,0.9178885630498532,0.812987012987013,0.7584541062801933,0.8622589531680441,0.4237348858038513,-0.1021519507800485
GNB,HIV-1 PR,PC,Test,0.9039039039039038,0.7921052631578948,0.7318840579710145,0.844319775596073,0.4254643962848297,-0.1031716556063316
GNB,HIV-1 PR,PC,Train,0.9283088235294118,0.8752166377816292,0.8211120064464141,0.9009812667261374,0.489332456821849,-0.0165690181122
GNB,HIV-1 PR,PC,Validation,0.9279538904899136,0.8363636363636363,0.7874396135265701,0.8797814207650273,0.4871473354231975,-0.0178135466025244
GNB,HIV-1 PR,PC,Test,0.9119318181818182,0.8447368421052631,0.782608695652174,0.8770491803278688,0.4664860681114551,-0.0515726513072147
GNB,HIV-1 PR,PC,Train,0.9273229070837168,0.8727272727272727,0.8180354267310789,0.8991971454058876,0.4823406478578892,-0.0272756280709482
GNB,HIV-1 PR,PC,Validation,0.9361111111111112,0.8776041666666666,0.8305084745762712,0.9059139784946236,0.5422503591954022,0.0645558831928473
GNB,HIV-1 PR,PC,Test,0.907514450867052,0.8263157894736842,0.7632850241545893,0.8650137741046832,0.4425696594427245,-0.085115790778005
GNB,HIV-1 PR,ECFP4,Train,0.945054945054945,0.7452339688041595,0.7228041901692184,0.8333333333333334,0.5852606625629992,0.0984479181281611
GNB,HIV-1 PR,ECFP4,Validation,0.9488817891373802,0.7714285714285715,0.748792270531401,0.8510028653295129,0.6098522167487684,0.1305675722030569
GNB,HIV-1 PR,ECFP4,Test,0.9183673469387756,0.7105263157894737,0.6763285024154589,0.8011869436201781,0.5023219814241486,0.0028103195548736
GNB,HIV-1 PR,ECFP4,Train,0.9361924686192468,0.7755632582322357,0.7421434327155519,0.8483412322274881,0.5372069164724397,0.0451715329950878
GNB,HIV-1 PR,ECFP4,Validation,0.939297124600639,0.7636363636363637,0.7342995169082126,0.8424068767908309,0.5542319749216301,0.0644587565992262
GNB,HIV-1 PR,ECFP4,Test,0.9141104294478528,0.7842105263157895,0.7342995169082126,0.8441926345609065,0.4803405572755418,-0.0263865323035586
GNB,HIV-1 PR,ECFP4,Train,0.9282907662082516,0.8188908145580589,0.7727639000805802,0.8701657458563536,0.489905177393972,-0.0134265643438434
GNB,HIV-1 PR,ECFP4,Validation,0.9335347432024168,0.8025974025974026,0.7632850241545893,0.8631284916201117,0.5219883564711152,0.0280349047786411
GNB,HIV-1 PR,ECFP4,Test,0.9253731343283582,0.8157894736842105,0.7705314009661836,0.8671328671328671,0.5402476780185759,0.0562426963677525
GNB,HIV-1 PR,ECFP4,Train,0.945945945945946,0.8181818181818182,0.7874396135265701,0.8774373259052924,0.5987460815047023,0.1270616831192043
GNB,HIV-1 PR,ECFP4,Validation,0.9367088607594936,0.7708333333333334,0.738498789346247,0.8457142857142858,0.5405890804597702,0.0489299093201228
GNB,HIV-1 PR,ECFP4,Test,0.933734939759036,0.8157894736842105,0.7777777777777778,0.8707865168539326,0.5843653250773994,0.1162383050872266
GNB,HIV-1 PR,ECFP4,Train,0.9448648648648648,0.75736568457539,0.7332796132151491,0.8407888407888408,0.5855793940118329,0.1003107149103478
GNB,HIV-1 PR,ECFP4,Validation,0.9493670886075948,0.7792207792207793,0.7560386473429952,0.8559201141226819,0.6137483206448724,0.1365990798097882
GNB,HIV-1 PR,ECFP4,Test,0.919732441471572,0.7236842105263158,0.6884057971014492,0.8100147275405007,0.5089009287925697,0.0109121936598082
GNB,HIV-1 PR,ECFP4,Train,0.9368635437881874,0.7972270363951474,0.7614826752618856,0.8614232209737828,0.542291679117114,0.053142481355054
GNB,HIV-1 PR,ECFP4,Validation,0.940251572327044,0.7766233766233767,0.7463768115942029,0.8506401137980085,0.5607254814151367,0.0734481987050148
GNB,HIV-1 PR,ECFP4,Test,0.9151515151515152,0.7947368421052632,0.7439613526570048,0.8507042253521127,0.4856037151702786,-0.0196569018913598
GNB,HIV-1 PR,ECFP4,Train,0.9286412512218964,0.8232235701906413,0.7767929089443997,0.8727606798346348,0.4920715552102632,-0.0106393346403319
GNB,HIV-1 PR,ECFP4,Validation,0.933933933933934,0.8077922077922078,0.7681159420289855,0.8662952646239555,0.5245857590685178,0.031635766001108
GNB,HIV-1 PR,ECFP4,Test,0.9258160237388724,0.8210526315789474,0.7753623188405797,0.8702928870292888,0.5428792569659442,0.0605129312288748
GNB,HIV-1 PR,ECFP4,Train,0.946,0.819047619047619,0.788244766505636,0.8779582366589327,0.5991789819376026,0.1278181646185264
GNB,HIV-1 PR,ECFP4,Validation,0.9337539432176656,0.7708333333333334,0.7360774818401937,0.8445078459343794,0.5233477011494253,0.0282470751183306
GNB,HIV-1 PR,ECFP4,Test,0.934131736526946,0.8210526315789474,0.782608695652174,0.8739495798319328,0.5869969040247678,0.120989260747157
GNB,HIV-1 PR,ECFP4,Train,0.944055944055944,0.8188908145580589,0.7864625302175665,0.877030162412993,0.5876063268192593,0.1132675060688142
GNB,HIV-1 PR,ECFP4,Validation,0.9475218658892128,0.8441558441558441,0.8115942028985508,0.8928571428571429,0.6117330944917152,0.1513090664903148
GNB,HIV-1 PR,ECFP4,Test,0.9270516717325228,0.8026315789473685,0.7608695652173914,0.8603667136812412,0.548374613003096,0.0657614445154406
GNB,HIV-1 PR,ECFP4,Train,0.938953488372093,0.8396880415944541,0.8001611603545528,0.8865507776761208,0.5577750552799856,0.078835151103475
GNB,HIV-1 PR,ECFP4,Validation,0.9450867052023122,0.8493506493506493,0.8140096618357487,0.8946648426812586,0.5970891177787729,0.1337634336567482
GNB,HIV-1 PR,ECFP4,Test,0.9188405797101448,0.8342105263157895,0.7801932367149759,0.8744827586206897,0.5053405572755418,0.0078688947536463
GNB,HIV-1 PR,ECFP4,Train,0.9295908658420552,0.8466204506065858,0.797743755036261,0.8861678004535147,0.4980228689814538,-0.0028038179873795
GNB,HIV-1 PR,ECFP4,Validation,0.936046511627907,0.8363636363636363,0.7946859903381642,0.8834019204389575,0.538871473354232,0.0529373406256339
GNB,HIV-1 PR,ECFP4,Test,0.9289772727272728,0.8605263157894737,0.8115942028985508,0.8934426229508197,0.5626160990712075,0.0963562930889994
GNB,HIV-1 PR,ECFP4,Train,0.9430740037950665,0.8606060606060606,0.822061191626409,0.8999547306473518,0.5854754440961337,0.121737043393943
GNB,HIV-1 PR,ECFP4,Validation,0.9365558912386708,0.8072916666666666,0.7699757869249395,0.8671328671328671,0.5415768678160919,0.0532629789489144
GNB,HIV-1 PR,ECFP4,Test,0.930835734870317,0.85,0.8043478260869565,0.8885832187070152,0.5720588235294117,0.107435121933664
GNB,HIV-1 PR,ECFP4,Train,0.9317773788150808,0.8994800693240901,0.8452860596293312,0.9153439153439152,0.5129584254666427,0.0218323409817011
GNB,HIV-1 PR,ECFP4,Validation,0.9285714285714286,0.9116883116883115,0.8526570048309179,0.9200524246395806,0.4903269144648455,-0.0175237576016417
GNB,HIV-1 PR,ECFP4,Test,0.9201101928374656,0.8789473684210526,0.8188405797101449,0.8990578734858681,0.5130030959752322,0.021725491981904
GNB,HIV-1 PR,ECFP4,Train,0.9321428571428572,0.9046793760831888,0.8501208702659145,0.9182058047493404,0.5155580788461922,0.0267822338631613
GNB,HIV-1 PR,ECFP4,Validation,0.93368700265252,0.9142857142857144,0.8599033816425121,0.9238845144356956,0.5261083743842365,0.0467162155823672
GNB,HIV-1 PR,ECFP4,Test,0.9148936170212766,0.9052631578947368,0.8357487922705314,0.91005291005291,0.4820433436532508,-0.034150809534155
GNB,HIV-1 PR,ECFP4,Train,0.9273840769903762,0.9185441941074524,0.8573730862207897,0.9229429690901176,0.4822606028008526,-0.0335888574593955
GNB,HIV-1 PR,ECFP4,Validation,0.935483870967742,0.903896103896104,0.8526570048309179,0.9194187582562748,0.5381549484997761,0.0645080800078897
GNB,HIV-1 PR,ECFP4,Test,0.9230769230769232,0.9157894736842104,0.8526570048309179,0.9194187582562748,0.5314241486068112,0.0604857730043033
GNB,HIV-1 PR,ECFP4,Train,0.9303135888501742,0.9246753246753248,0.8655394524959742,0.9274858879722102,0.5025675473951337,0.0049552345073743
GNB,HIV-1 PR,ECFP4,Validation,0.9228650137741048,0.8723958333333334,0.8135593220338984,0.8969210174029452,0.4534392959770115,-0.0729416915490919
GNB,HIV-1 PR,ECFP4,Test,0.9171122994652406,0.9026315789473685,0.8357487922705314,0.9098143236074272,0.4954334365325077,-0.0084876009690078
GNB,HIV-1 PR,ECFP4,Train,0.9298952457695407,1.0,0.9298952457695407,0.9636743215031316,0.5,0.0
GNB,HIV-1 PR,ECFP4,Validation,0.929951690821256,1.0,0.929951690821256,0.9637046307884856,0.5,0.0
GNB,HIV-1 PR,ECFP4,Test,0.9178743961352656,1.0,0.9178743961352656,0.9571788413098236,0.5,0.0
GNB,HIV-1 PR,ECFP4,Train,0.9298952457695407,1.0,0.9298952457695407,0.9636743215031316,0.5,0.0
GNB,HIV-1 PR,ECFP4,Validation,0.929951690821256,1.0,0.929951690821256,0.9637046307884856,0.5,0.0
GNB,HIV-1 PR,ECFP4,Test,0.9178743961352656,1.0,0.9178743961352656,0.9571788413098236,0.5,0.0
GNB,HIV-1 PR,ECFP4,Train,0.9298952457695407,1.0,0.9298952457695407,0.9636743215031316,0.5,0.0
GNB,HIV-1 PR,ECFP4,Validation,0.929951690821256,1.0,0.929951690821256,0.9637046307884856,0.5,0.0
GNB,HIV-1 PR,ECFP4,Test,0.9178743961352656,1.0,0.9178743961352656,0.9571788413098236,0.5,0.0
GNB,HIV-1 PR,ECFP4,Train,0.929951690821256,1.0,0.929951690821256,0.9637046307884856,0.5,0.0
GNB,HIV-1 PR,ECFP4,Validation,0.9297820823244553,1.0,0.9297820823244553,0.9636135508155584,0.5,0.0
GNB,HIV-1 PR,ECFP4,Test,0.9178743961352656,1.0,0.9178743961352656,0.9571788413098236,0.5,0.0
GNB,HIV-1 PR,ECFP4,Train,0.9298952457695407,1.0,0.9298952457695407,0.9636743215031316,0.5,0.0
GNB,HIV-1 PR,ECFP4,Validation,0.929951690821256,1.0,0.929951690821256,0.9637046307884856,0.5,0.0
GNB,HIV-1 PR,ECFP4,Test,0.9178743961352656,1.0,0.9178743961352656,0.9571788413098236,0.5,0.0
GNB,HIV-1 PR,ECFP4,Train,0.9298952457695407,1.0,0.9298952457695407,0.9636743215031316,0.5,0.0
GNB,HIV-1 PR,ECFP4,Validation,0.929951690821256,1.0,0.929951690821256,0.9637046307884856,0.5,0.0
GNB,HIV-1 PR,ECFP4,Test,0.9178743961352656,1.0,0.9178743961352656,0.9571788413098236,0.5,0.0
GNB,HIV-1 PR,ECFP4,Train,0.9298952457695407,1.0,0.9298952457695407,0.9636743215031316,0.5,0.0
GNB,HIV-1 PR,ECFP4,Validation,0.929951690821256,1.0,0.929951690821256,0.9637046307884856,0.5,0.0
GNB,HIV-1 PR,ECFP4,Test,0.9178743961352656,1.0,0.9178743961352656,0.9571788413098236,0.5,0.0
GNB,HIV-1 PR,ECFP4,Train,0.929951690821256,1.0,0.929951690821256,0.9637046307884856,0.5,0.0
GNB,HIV-1 PR,ECFP4,Validation,0.9297820823244553,1.0,0.9297820823244553,0.9636135508155584,0.5,0.0
GNB,HIV-1 PR,ECFP4,Test,0.9178743961352656,1.0,0.9178743961352656,0.9571788413098236,0.5,0.0
GNB,HIV-1 PR,ECFP4,Train,0.9298952457695407,1.0,0.9298952457695407,0.9636743215031316,0.5,0.0
GNB,HIV-1 PR,ECFP4,Validation,0.929951690821256,1.0,0.929951690821256,0.9637046307884856,0.5,0.0
GNB,HIV-1 PR,ECFP4,Test,0.9178743961352656,1.0,0.9178743961352656,0.9571788413098236,0.5,0.0
GNB,HIV-1 PR,ECFP4,Train,0.9298952457695407,1.0,0.9298952457695407,0.9636743215031316,0.5,0.0
GNB,HIV-1 PR,ECFP4,Validation,0.929951690821256,1.0,0.929951690821256,0.9637046307884856,0.5,0.0
GNB,HIV-1 PR,ECFP4,Test,0.9178743961352656,1.0,0.9178743961352656,0.9571788413098236,0.5,0.0
GNB,HIV-1 PR,ECFP4,Train,0.9298952457695407,1.0,0.9298952457695407,0.9636743215031316,0.5,0.0
GNB,HIV-1 PR,ECFP4,Validation,0.929951690821256,1.0,0.929951690821256,0.9637046307884856,0.5,0.0
GNB,HIV-1 PR,ECFP4,Test,0.9178743961352656,1.0,0.9178743961352656,0.9571788413098236,0.5,0.0
GNB,HIV-1 PR,ECFP4,Train,0.929951690821256,1.0,0.929951690821256,0.9637046307884856,0.5,0.0
GNB,HIV-1 PR,ECFP4,Validation,0.9297820823244553,1.0,0.9297820823244553,0.9636135508155584,0.5,0.0
GNB,HIV-1 PR,ECFP4,Test,0.9178743961352656,1.0,0.9178743961352656,0.9571788413098236,0.5,0.0
GNB,HIV-1 PR,ECFP4,Train,0.934981684981685,0.8847487001733102,0.8356164383561644,0.9091718610863758,0.5343283730751609,0.0539313503449459
GNB,HIV-1 PR,ECFP4,Validation,0.9302949061662198,0.9012987012987012,0.8454106280193237,0.9155672823218998,0.5023734885803851,0.0040560206894418
GNB,HIV-1 PR,ECFP4,Test,0.9217877094972068,0.868421052631579,0.8115942028985508,0.8943089430894309,0.5224458204334366,0.0360380438936533
GNB,HIV-1 PR,ECFP4,Train,0.9368709972552608,0.8873483535528596,0.8396454472199839,0.9114374721851356,0.5471224526384988,0.0742470964109391
GNB,HIV-1 PR,ECFP4,Validation,0.9326145552560648,0.8987012987012987,0.8454106280193237,0.9153439153439152,0.5183161665920286,0.0306459269271924
GNB,HIV-1 PR,ECFP4,Test,0.9207650273224044,0.8868421052631579,0.8260869565217391,0.903485254691689,0.5169504643962848,0.029072454017534
GNB,HIV-1 PR,ECFP4,Train,0.928379588182632,0.8986135181975736,0.8412570507655117,0.9132540730955526,0.4895366441562581,-0.0178166518044684
GNB,HIV-1 PR,ECFP4,Validation,0.9344262295081968,0.8883116883116883,0.8381642512077294,0.910785619174434,0.5303627407075683,0.0484104554763014
GNB,HIV-1 PR,ECFP4,Test,0.9245283018867924,0.9026315789473685,0.8429951690821256,0.9134487350199734,0.5395510835913313,0.0711866337046219
GNB,HIV-1 PR,ECFP4,Train,0.933920704845815,0.9177489177489178,0.8631239935587761,0.925764192139738,0.5278399761158382,0.0506476912250239
GNB,HIV-1 PR,ECFP4,Validation,0.9243697478991596,0.859375,0.8038740920096852,0.8906882591093117,0.4641702586206896,-0.0534823102069365
GNB,HIV-1 PR,ECFP4,Test,0.9203296703296704,0.881578947368421,0.821256038647343,0.9005376344086021,0.5143188854489164,0.0241287471976803
GNB,HIV-1 PR,MIX,Train,1.0,0.7937608318890814,0.8082191780821918,0.885024154589372,0.8968804159445407,0.4609595088987254
GNB,HIV-1 PR,MIX,Validation,0.9541284403669724,0.8103896103896104,0.7874396135265701,0.8764044943820225,0.6465741155396327,0.1836467043026104
GNB,HIV-1 PR,MIX,Test,0.933130699088146,0.8078947368421052,0.7705314009661836,0.8660084626234132,0.5804179566563468,0.1093218253624684
GNB,HIV-1 PR,MIX,Train,1.0,0.7989601386481803,0.8130539887187752,0.8882466281310212,0.8994800693240901,0.4667956936726408
GNB,HIV-1 PR,MIX,Validation,0.9396825396825396,0.7688311688311689,0.7391304347826086,0.8457142857142858,0.5568293775190327,0.0680079030726345
GNB,HIV-1 PR,MIX,Test,0.9387755102040816,0.8473684210526315,0.8091787439613527,0.8907330567081605,0.614860681114551,0.1673232938811391
GNB,HIV-1 PR,MIX,Train,1.0,0.854419410745234,0.8646253021756648,0.9214953271028036,0.9272097053726168,0.5399146219173349
GNB,HIV-1 PR,MIX,Validation,0.937888198757764,0.7844155844155845,0.751207729468599,0.8543140028288543,0.5473802060008957,0.0581747404689991
GNB,HIV-1 PR,MIX,Test,0.9325842696629212,0.8736842105263158,0.8260869565217391,0.9021739130434784,0.5839009287925696,0.1327360914560839
GNB,HIV-1 PR,MIX,Train,1.0,0.7948051948051948,0.8091787439613527,0.8856729377713459,0.8974025974025974,0.4619739315371738
GNB,HIV-1 PR,MIX,Validation,0.9593023255813954,0.859375,0.8353510895883777,0.9065934065934066,0.6883081896551724,0.2579645618125585
GNB,HIV-1 PR,MIX,Test,0.92507204610951,0.8447368421052631,0.7946859903381642,0.8830811554332875,0.5400154798761609,0.0596605349513472
GNB,HIV-1 PR,MIX,Train,1.0,0.8197573656845754,0.8323932312651088,0.900952380952381,0.9098786828422876,0.4916898940529042
GNB,HIV-1 PR,MIX,Validation,0.954954954954955,0.825974025974026,0.8019323671497585,0.8857938718662952,0.6543663233318405,0.1986311209577766
GNB,HIV-1 PR,MIX,Test,0.9349112426035504,0.8315789473684211,0.7922705314009661,0.8802228412256268,0.5922600619195046,0.1308608834614565
GNB,HIV-1 PR,MIX,Train,1.0,0.8128249566724437,0.8259468170829976,0.8967495219885278,0.9064124783362218,0.4830997656789108
GNB,HIV-1 PR,MIX,Validation,0.9404388714733544,0.7792207792207793,0.748792270531401,0.8522727272727273,0.5620241827138379,0.0752945020558561
GNB,HIV-1 PR,MIX,Test,0.938953488372093,0.85,0.8115942028985508,0.8922651933701657,0.6161764705882353,0.1701967214105309
GNB,HIV-1 PR,MIX,Train,1.0,0.8830155979202773,0.8912167606768735,0.9378739070409572,0.9415077989601386,0.5882573019003059
GNB,HIV-1 PR,MIX,Validation,0.940119760479042,0.8155844155844156,0.7801932367149759,0.8734353268428373,0.5629646215853112,0.0814024975841968
GNB,HIV-1 PR,MIX,Test,0.9335180055401662,0.8868421052631579,0.8381642512077294,0.9095816464237516,0.5904798761609906,0.1487036793202865
GNB,HIV-1 PR,MIX,Train,1.0,0.8086580086580086,0.822061191626409,0.8942077549066539,0.9043290043290044,0.4779326650436609
GNB,HIV-1 PR,MIX,Validation,0.9603399433427762,0.8828125,0.8571428571428571,0.9199457259158752,0.7000269396551724,0.2900815580284203
GNB,HIV-1 PR,MIX,Test,0.9261363636363636,0.8578947368421053,0.8067632850241546,0.8907103825136612,0.5465944272445821,0.0717014690229637
GNB,HIV-1 PR,MIX,Train,1.0,0.8882149046793761,0.8960515713134569,0.9407985314364388,0.944107452339688,0.5981247574677542
GNB,HIV-1 PR,MIX,Validation,0.956268221574344,0.8519480519480519,0.8260869565217391,0.9010989010989012,0.6673533363188535,0.2266300526951128
GNB,HIV-1 PR,MIX,Test,0.938375350140056,0.881578947368421,0.8381642512077294,0.9090909090909092,0.6172600619195046,0.1868701076513525
GNB,HIV-1 PR,MIX,Train,1.0,0.8578856152512998,0.8678485092667204,0.9235074626865672,0.9289428076256498,0.5453024619488002
GNB,HIV-1 PR,MIX,Validation,0.9444444444444444,0.8389610389610389,0.8043478260869565,0.8885832187070152,0.5918943125839677,0.1237566917948061
GNB,HIV-1 PR,MIX,Test,0.9413407821229052,0.8868421052631579,0.8454106280193237,0.913279132791328,0.6345975232198142,0.2161039942450453
GNB,HIV-1 PR,MIX,Train,1.0,0.9280762564991336,0.9331184528605962,0.9626966292134832,0.9640381282495668,0.6891710037745887
GNB,HIV-1 PR,MIX,Validation,0.9431818181818182,0.8623376623376623,0.8236714975845411,0.9009497964721844,0.5863412449619345,0.1235123797202294
GNB,HIV-1 PR,MIX,Test,0.9361702127659576,0.9263157894736842,0.8743961352657005,0.9312169312169312,0.6102167182662539,0.2096153136923999
GNB,HIV-1 PR,MIX,Train,1.0,0.8883116883116883,0.8961352657004831,0.9408528198074276,0.9441558441558442,0.598157343674896
GNB,HIV-1 PR,MIX,Validation,0.9618528610354224,0.9192708333333334,0.8910411622276029,0.940079893475366,0.7182561063218391,0.3545267928804444
GNB,HIV-1 PR,MIX,Test,0.9289617486338798,0.8947368421052632,0.8405797101449275,0.9115281501340484,0.5650154798761611,0.1115107825330074
GNB,HIV-1 PR,MIX,Train,0.9982285208148804,0.9766031195840554,0.9766317485898468,0.9872974156811212,0.9768073069184644,0.8497270550792363
GNB,HIV-1 PR,MIX,Validation,0.9526315789473684,0.9402597402597402,0.9009661835748792,0.94640522875817,0.6597850425436633,0.2970737135790677
GNB,HIV-1 PR,MIX,Test,0.9402597402597402,0.9526315789473684,0.9009661835748792,0.94640522875817,0.6380804953560371,0.2970737135790677
GNB,HIV-1 PR,MIX,Train,1.0,0.940207972270364,0.9443996776792908,0.9691826708351944,0.970103986135182,0.724117914269606
GNB,HIV-1 PR,MIX,Validation,0.9477806788511748,0.9428571428571428,0.8985507246376812,0.9453125,0.6266009852216748,0.2455365847963528
GNB,HIV-1 PR,MIX,Test,0.9442970822281168,0.936842105263158,0.8913043478260869,0.940554821664465,0.6595975232198142,0.3071962165883586
GNB,HIV-1 PR,MIX,Train,0.9982378854625552,0.9818024263431544,0.9814665592264304,0.9899519440803844,0.979406960298014,0.8758828000353042
GNB,HIV-1 PR,MIX,Validation,0.9465648854961832,0.9662337662337662,0.9178743961352656,0.9562982005141388,0.6210479175996417,0.2815858060397423
GNB,HIV-1 PR,MIX,Test,0.9383033419023136,0.9605263157894736,0.9057971014492754,0.9492847854356308,0.6273219814241486,0.2935079277069489
GNB,HIV-1 PR,MIX,Train,1.0,0.974025974025974,0.9758454106280192,0.986842105263158,0.987012987012987,0.8510439026723147
GNB,HIV-1 PR,MIX,Validation,0.963917525773196,0.9739583333333334,0.9418886198547216,0.9689119170984456,0.745599856321839,0.5263042148933711
GNB,HIV-1 PR,MIX,Test,0.9328165374677002,0.95,0.8913043478260869,0.9413298565840938,0.5926470588235294,0.2060418898523235
GNB,HIV-1 PR,MIX,Train,0.9336569579288024,1.0,0.9339242546333602,0.9656903765690376,0.5287356321839081,0.2316429274939711
GNB,HIV-1 PR,MIX,Validation,0.945945945945946,1.0,0.9468599033816424,0.9722222222222222,0.6206896551724138,0.4778407475884805
GNB,HIV-1 PR,MIX,Test,0.9178743961352656,1.0,0.9178743961352656,0.9571788413098236,0.5,0.0
GNB,HIV-1 PR,MIX,Train,0.9389747762408462,1.0,0.9395648670427076,0.9685270667226186,0.5689655172413793,0.3598802054019041
GNB,HIV-1 PR,MIX,Validation,0.9322033898305084,1.0,0.932367149758454,0.9649122807017544,0.5172413793103448,0.1792901126022126
GNB,HIV-1 PR,MIX,Test,0.9178743961352656,1.0,0.9178743961352656,0.9571788413098236,0.5,0.0
GNB,HIV-1 PR,MIX,Train,0.9397394136807816,1.0,0.9403706688154714,0.9689336691855585,0.5747126436781609,0.3747276770260134
GNB,HIV-1 PR,MIX,Validation,0.929951690821256,1.0,0.929951690821256,0.9637046307884856,0.5,0.0
GNB,HIV-1 PR,MIX,Test,0.9178743961352656,1.0,0.9178743961352656,0.9571788413098236,0.5,0.0
GNB,HIV-1 PR,MIX,Train,0.9367396593673966,1.0,0.9371980676328504,0.9673366834170856,0.5517241379310345,0.3112942381303883
GNB,HIV-1 PR,MIX,Validation,0.938875305623472,1.0,0.9394673123486684,0.9684741488020177,0.5689655172413793,0.3598611428800859
GNB,HIV-1 PR,MIX,Test,0.9178743961352656,1.0,0.9178743961352656,0.9571788413098236,0.5,0.0
GNB,HIV-1 PR,MIX,Train,0.9336569579288024,1.0,0.9339242546333602,0.9656903765690376,0.5287356321839081,0.2316429274939711
GNB,HIV-1 PR,MIX,Validation,0.945945945945946,1.0,0.9468599033816424,0.9722222222222222,0.6206896551724138,0.4778407475884805
GNB,HIV-1 PR,MIX,Test,0.9178743961352656,1.0,0.9178743961352656,0.9571788413098236,0.5,0.0
GNB,HIV-1 PR,MIX,Train,0.9389747762408462,1.0,0.9395648670427076,0.9685270667226186,0.5689655172413793,0.3598802054019041
GNB,HIV-1 PR,MIX,Validation,0.9322033898305084,1.0,0.932367149758454,0.9649122807017544,0.5172413793103448,0.1792901126022126
GNB,HIV-1 PR,MIX,Test,0.9178743961352656,1.0,0.9178743961352656,0.9571788413098236,0.5,0.0
GNB,HIV-1 PR,MIX,Train,0.9397394136807816,1.0,0.9403706688154714,0.9689336691855585,0.5747126436781609,0.3747276770260134
GNB,HIV-1 PR,MIX,Validation,0.929951690821256,1.0,0.929951690821256,0.9637046307884856,0.5,0.0
GNB,HIV-1 PR,MIX,Test,0.9178743961352656,1.0,0.9178743961352656,0.9571788413098236,0.5,0.0
GNB,HIV-1 PR,MIX,Train,0.9367396593673966,1.0,0.9371980676328504,0.9673366834170856,0.5517241379310345,0.3112942381303883
GNB,HIV-1 PR,MIX,Validation,0.938875305623472,1.0,0.9394673123486684,0.9684741488020177,0.5689655172413793,0.3598611428800859
GNB,HIV-1 PR,MIX,Test,0.9178743961352656,1.0,0.9178743961352656,0.9571788413098236,0.5,0.0
GNB,HIV-1 PR,MIX,Train,0.934412955465587,1.0,0.934730056406124,0.9660946002511512,0.5344827586206897,0.2538548262112228
GNB,HIV-1 PR,MIX,Validation,0.945945945945946,1.0,0.9468599033816424,0.9722222222222222,0.6206896551724138,0.4778407475884805
GNB,HIV-1 PR,MIX,Test,0.9178743961352656,1.0,0.9178743961352656,0.9571788413098236,0.5,0.0
GNB,HIV-1 PR,MIX,Train,0.9389747762408462,1.0,0.9395648670427076,0.9685270667226186,0.5689655172413793,0.3598802054019041
GNB,HIV-1 PR,MIX,Validation,0.9322033898305084,1.0,0.932367149758454,0.9649122807017544,0.5172413793103448,0.1792901126022126
GNB,HIV-1 PR,MIX,Test,0.9178743961352656,1.0,0.9178743961352656,0.9571788413098236,0.5,0.0
GNB,HIV-1 PR,MIX,Train,0.9397394136807816,1.0,0.9403706688154714,0.9689336691855585,0.5747126436781609,0.3747276770260134
GNB,HIV-1 PR,MIX,Validation,0.929951690821256,1.0,0.929951690821256,0.9637046307884856,0.5,0.0
GNB,HIV-1 PR,MIX,Test,0.9178743961352656,1.0,0.9178743961352656,0.9571788413098236,0.5,0.0
GNB,HIV-1 PR,MIX,Train,0.9367396593673966,1.0,0.9371980676328504,0.9673366834170856,0.5517241379310345,0.3112942381303883
GNB,HIV-1 PR,MIX,Validation,0.938875305623472,1.0,0.9394673123486684,0.9684741488020177,0.5689655172413793,0.3598611428800859
GNB,HIV-1 PR,MIX,Test,0.9178743961352656,1.0,0.9178743961352656,0.9571788413098236,0.5,0.0
GNB,HIV-1 PR,MIX,Train,0.9981949458483754,0.9584055459272096,0.959709911361805,0.97789566755084,0.9677085200900416,0.7720974303829571
GNB,HIV-1 PR,MIX,Validation,0.9621621621621622,0.9246753246753248,0.8961352657004831,0.943046357615894,0.7209583519928346,0.3659675521546341
GNB,HIV-1 PR,MIX,Test,0.9397905759162304,0.9447368421052632,0.893719806763285,0.9422572178477692,0.6341331269349846,0.2757976941911964
GNB,HIV-1 PR,MIX,Train,1.0,0.9324090121317158,0.9371474617244158,0.9650224215246636,0.966204506065858,0.701166059332851
GNB,HIV-1 PR,MIX,Validation,0.952,0.9272727272727272,0.8888888888888888,0.9394736842105263,0.6532915360501568,0.2678734049514789
GNB,HIV-1 PR,MIX,Test,0.9441489361702128,0.9342105263157896,0.8888888888888888,0.9391534391534392,0.65828173374613,0.3010276099023581
GNB,HIV-1 PR,MIX,Train,0.9982190560997328,0.9714038128249568,0.9717969379532636,0.984628897672376,0.9742076535389153,0.8255249501706421
GNB,HIV-1 PR,MIX,Validation,0.9455958549222798,0.948051948051948,0.9009661835748792,0.9468223086900128,0.6119570085087327,0.2275820352462123
GNB,HIV-1 PR,MIX,Test,0.9381443298969072,0.9578947368421052,0.9033816425120772,0.9479166666666666,0.6260061919504644,0.2852007101699185
GNB,HIV-1 PR,MIX,Train,0.9991079393398752,0.9696969696969696,0.9710144927536232,0.984182776801406,0.9791013584117032,0.8247313906728027
GNB,HIV-1 PR,MIX,Validation,0.9640102827763496,0.9765625,0.9443099273607748,0.9702457956015524,0.7469019396551723,0.5393102656065845
GNB,HIV-1 PR,MIX,Test,0.9331619537275064,0.9552631578947368,0.8961352657004831,0.9440832249674902,0.5952786377708978,0.2196402790317654
GNB,HIV-1 RT,PC,Train,0.6104868913857678,0.2290934645115952,0.3481518481518481,0.3331630045988758,0.4349266977134833,-0.1334261386641582
GNB,HIV-1 RT,PC,Validation,0.6208791208791209,0.2378947368421052,0.3547904191616766,0.3439878234398782,0.4401908917371149,-0.1217780326365239
GNB,HIV-1 RT,PC,Test,0.6178010471204188,0.2345924453280318,0.3143712574850299,0.3400576368876081,0.3960841014518947,-0.1983636470126842
GNB,HIV-1 RT,PC,Train,0.6870882740447958,0.7329585382993675,0.5729270729270729,0.7092825569534172,0.456289286420841,-0.092576563910858
GNB,HIV-1 RT,PC,Validation,0.691699604743083,0.7368421052631579,0.5793413173652695,0.7135575942915392,0.4642759749113717,-0.0755584560415064
GNB,HIV-1 RT,PC,Test,0.7309941520467836,0.7455268389662028,0.6017964071856288,0.7381889763779528,0.4545816013012832,-0.0928032631240539
GNB,HIV-1 RT,PC,Train,0.625,0.2844101123595505,0.3699450823764353,0.3909266409266409,0.4323604965942831,-0.1310893868368753
GNB,HIV-1 RT,PC,Validation,0.712,0.3755274261603376,0.4482758620689655,0.4917127071823204,0.5012352156708424,0.0023142090199911
GNB,HIV-1 RT,PC,Test,0.6508620689655172,0.3001988071570576,0.3517964071856287,0.4108843537414966,0.4046448581239833,-0.1727479251695355
GNB,HIV-1 RT,PC,Train,0.6352739726027398,0.2605337078651685,0.3679480778831752,0.3695219123505976,0.4463290300983874,-0.1070695788700994
GNB,HIV-1 RT,PC,Validation,0.6231884057971014,0.2721518987341772,0.3658170914542729,0.3788546255506608,0.434003410506985,-0.1293764485952795
GNB,HIV-1 RT,PC,Test,0.62,0.246520874751491,0.3188622754491018,0.352773826458037,0.3929574070727152,-0.2015926326880585
GNB,HIV-1 RT,PC,Train,0.6460431654676259,0.3155305692199578,0.3906093906093906,0.4239848914069877,0.4453300514493571,-0.1041334355211429
GNB,HIV-1 RT,PC,Validation,0.6590909090909091,0.3052631578947368,0.3937125748502994,0.4172661870503597,0.4583310608126534,-0.0803743644558056
GNB,HIV-1 RT,PC,Test,0.6425339366515838,0.2823061630218688,0.3413173652694611,0.3922651933701657,0.401759142116995,-0.1800935703999141
GNB,HIV-1 RT,PC,Train,0.6870882740447958,0.7329585382993675,0.5729270729270729,0.7092825569534172,0.456289286420841,-0.092576563910858
GNB,HIV-1 RT,PC,Validation,0.691699604743083,0.7368421052631579,0.5793413173652695,0.7135575942915392,0.4642759749113717,-0.0755584560415064
GNB,HIV-1 RT,PC,Test,0.7309941520467836,0.7455268389662028,0.6017964071856288,0.7381889763779528,0.4545816013012832,-0.0928032631240539
GNB,HIV-1 RT,PC,Train,0.6526717557251909,0.360252808988764,0.4088866699950075,0.4642533936651584,0.4443751091575944,-0.1032849115131527
GNB,HIV-1 RT,PC,Validation,0.7027972027972028,0.4240506329113924,0.4632683658170914,0.5289473684210526,0.4918180625696858,-0.0149936880387956
GNB,HIV-1 RT,PC,Test,0.6766917293233082,0.3578528827037773,0.3877245508982035,0.4681404421326398,0.418320380745828,-0.1439182336274653
GNB,HIV-1 RT,PC,Train,0.6417033773861968,0.3068820224719101,0.3854218671992012,0.4152019002375297,0.4427328937920863,-0.1096074885368929
GNB,HIV-1 RT,PC,Validation,0.6516393442622951,0.3354430379746835,0.4002998500749625,0.4428969359331476,0.4475142651013314,-0.0988266346746465
GNB,HIV-1 RT,PC,Test,0.6391304347826087,0.2922465208747515,0.342814371257485,0.4010914051841746,0.3946081089222242,-0.1913207982843387
GNB,HIV-1 RT,PC,Train,0.6713947990543735,0.3991567111735769,0.4340659340659341,0.500661084178052,0.4595092709581183,-0.0743298446948208
GNB,HIV-1 RT,PC,Validation,0.664179104477612,0.3747368421052631,0.4206586826347305,0.4791386271870794,0.4542077992909735,-0.084693401956373
GNB,HIV-1 RT,PC,Test,0.6808510638297872,0.3817097415506958,0.3997005988023952,0.489171974522293,0.4181275980480752,-0.1429799976532676
GNB,HIV-1 RT,PC,Train,0.6870882740447958,0.7329585382993675,0.5729270729270729,0.7092825569534172,0.456289286420841,-0.092576563910858
GNB,HIV-1 RT,PC,Validation,0.691699604743083,0.7368421052631579,0.5793413173652695,0.7135575942915392,0.4642759749113717,-0.0755584560415064
GNB,HIV-1 RT,PC,Test,0.7309941520467836,0.7455268389662028,0.6017964071856288,0.7381889763779528,0.4545816013012832,-0.0928032631240539
GNB,HIV-1 RT,PC,Train,0.6645569620253164,0.4424157303370786,0.4448327508736894,0.5311973018549747,0.4465964662048087,-0.096975911340451
GNB,HIV-1 RT,PC,Validation,0.7018072289156626,0.4915611814345991,0.4902548725637181,0.5781637717121588,0.4893039067794758,-0.0194013323337287
GNB,HIV-1 RT,PC,Test,0.6846846846846847,0.4532803180914513,0.4311377245508982,0.5454545454545454,0.4084583408639075,-0.1579174852616642
GNB,HIV-1 RT,PC,Train,0.6637824474660075,0.3771067415730337,0.4213679480778832,0.4809673085535154,0.4536656333081058,-0.0856152401763174
GNB,HIV-1 RT,PC,Validation,0.6779661016949152,0.4219409282700422,0.4467766116941529,0.5201560468140443,0.4648564744977154,-0.0641742304725711
GNB,HIV-1 RT,PC,Test,0.6690647482014388,0.3697813121272366,0.3877245508982035,0.4763124199743918,0.4061027772757394,-0.1643062205050895
GNB,HIV-1 RT,PC,Train,0.6784101174345076,0.5277582572030921,0.4865134865134865,0.5936758893280633,0.4564525310195081,-0.0794235542239151
GNB,HIV-1 RT,PC,Validation,0.6820652173913043,0.5284210526315789,0.4895209580838323,0.5954922894424673,0.461101718025634,-0.070892670846368
GNB,HIV-1 RT,PC,Test,0.7028423772609819,0.5407554671968191,0.4820359281437126,0.6112359550561798,0.421892885113561,-0.1364702270211666
GNB,HIV-1 RT,PC,Train,0.6877054569362262,0.7350667603654252,0.5744255744255744,0.7105978260869565,0.4573433974538697,-0.0905359044979776
GNB,HIV-1 RT,PC,Validation,0.6909448818897638,0.7389473684210527,0.5793413173652695,0.7141403865717192,0.4627379329151896,-0.0791462879716451
GNB,HIV-1 RT,PC,Test,0.7309941520467836,0.7455268389662028,0.6017964071856288,0.7381889763779528,0.4545816013012832,-0.0928032631240539
GNB,HIV-1 RT,PC,Train,0.6804733727810651,0.5653089887640449,0.5022466300549177,0.6175680859225163,0.4562296239157012,-0.0807058938482826
GNB,HIV-1 RT,PC,Validation,0.7030456852791879,0.5843881856540084,0.5292353823088456,0.6382488479262672,0.4890852845368487,-0.0201317164617493
GNB,HIV-1 RT,PC,Test,0.706766917293233,0.5606361829025845,0.4940119760479042,0.6252771618625277,0.4257726369058377,-0.1305441470806591
GNB,HIV-1 RT,PC,Train,0.6581108829568788,0.4501404494382022,0.4428357463804293,0.5346121768140116,0.4375054578797228,-0.1133650533687573
GNB,HIV-1 RT,PC,Validation,0.6704225352112676,0.5021097046413502,0.4707646176911544,0.5741857659831122,0.4479460440305196,-0.0946150205116303
GNB,HIV-1 RT,PC,Test,0.6997084548104956,0.4771371769383697,0.4520958083832335,0.5673758865248227,0.4264473763479727,-0.1269303239896076
GNB,HIV-1 RT,PC,Train,0.7107892107892108,1.0,0.7107892107892108,0.830948905109489,0.5,0.0
GNB,HIV-1 RT,PC,Validation,0.7110778443113772,1.0,0.7110778443113772,0.8311461067366579,0.5,0.0
GNB,HIV-1 RT,PC,Test,0.7529940119760479,1.0,0.7529940119760479,0.8590947907771136,0.5,0.0
GNB,HIV-1 RT,PC,Train,0.6968433591423466,0.8222066057624736,0.6193806193806194,0.7543520309477756,0.4715523529675925,-0.0701280025493873
GNB,HIV-1 RT,PC,Validation,0.7024647887323944,0.84,0.6332335329341318,0.7651006711409396,0.4821761658031088,-0.0452879247949585
GNB,HIV-1 RT,PC,Test,0.7364746945898778,0.8389662027833003,0.6526946107784432,0.7843866171003717,0.4619073438158926,-0.0940715074743359
GNB,HIV-1 RT,PC,Train,0.7109335996005991,1.0,0.7109335996005991,0.8310475634665888,0.5,0.0
GNB,HIV-1 RT,PC,Validation,0.7106446776611695,1.0,0.7106446776611695,0.8308501314636284,0.5,0.0
GNB,HIV-1 RT,PC,Test,0.7529940119760479,1.0,0.7529940119760479,0.8590947907771136,0.5,0.0
GNB,HIV-1 RT,PC,Train,0.7109335996005991,1.0,0.7109335996005991,0.8310475634665888,0.5,0.0
GNB,HIV-1 RT,PC,Validation,0.7106446776611695,1.0,0.7106446776611695,0.8308501314636284,0.5,0.0
GNB,HIV-1 RT,PC,Test,0.7529940119760479,1.0,0.7529940119760479,0.8590947907771136,0.5,0.0
GNB,HIV-1 RT,PC,Train,0.7107892107892108,1.0,0.7107892107892108,0.830948905109489,0.5,0.0
GNB,HIV-1 RT,PC,Validation,0.7110778443113772,1.0,0.7110778443113772,0.8311461067366579,0.5,0.0
GNB,HIV-1 RT,PC,Test,0.7529940119760479,1.0,0.7529940119760479,0.8590947907771136,0.5,0.0
GNB,HIV-1 RT,PC,Train,0.6968433591423466,0.8222066057624736,0.6193806193806194,0.7543520309477756,0.4715523529675925,-0.0701280025493873
GNB,HIV-1 RT,PC,Validation,0.7024647887323944,0.84,0.6332335329341318,0.7651006711409396,0.4821761658031088,-0.0452879247949585
GNB,HIV-1 RT,PC,Test,0.7364746945898778,0.8389662027833003,0.6526946107784432,0.7843866171003717,0.4619073438158926,-0.0940715074743359
GNB,HIV-1 RT,PC,Train,0.7109335996005991,1.0,0.7109335996005991,0.8310475634665888,0.5,0.0
GNB,HIV-1 RT,PC,Validation,0.7106446776611695,1.0,0.7106446776611695,0.8308501314636284,0.5,0.0
GNB,HIV-1 RT,PC,Test,0.7529940119760479,1.0,0.7529940119760479,0.8590947907771136,0.5,0.0
GNB,HIV-1 RT,PC,Train,0.7109335996005991,1.0,0.7109335996005991,0.8310475634665888,0.5,0.0
GNB,HIV-1 RT,PC,Validation,0.7106446776611695,1.0,0.7106446776611695,0.8308501314636284,0.5,0.0
GNB,HIV-1 RT,PC,Test,0.7529940119760479,1.0,0.7529940119760479,0.8590947907771136,0.5,0.0
GNB,HIV-1 RT,PC,Train,0.7083333333333334,0.8721011946591708,0.6538461538461539,0.7817322834645669,0.4947725316991881,-0.0143392382351806
GNB,HIV-1 RT,PC,Validation,0.7114093959731543,0.8926315789473684,0.6661676646706587,0.7917833800186741,0.5007199345514045,0.0021045492518311
GNB,HIV-1 RT,PC,Test,0.7332185886402753,0.8469184890656064,0.6526946107784432,0.7859778597785978,0.4537622748358335,-0.1184962828447114
GNB,HIV-1 RT,PC,Train,0.6968433591423466,0.8222066057624736,0.6193806193806194,0.7543520309477756,0.4715523529675925,-0.0701280025493873
GNB,HIV-1 RT,PC,Validation,0.7024647887323944,0.84,0.6332335329341318,0.7651006711409396,0.4821761658031088,-0.0452879247949585
GNB,HIV-1 RT,PC,Test,0.7364746945898778,0.8389662027833003,0.6526946107784432,0.7843866171003717,0.4619073438158926,-0.0940715074743359
GNB,HIV-1 RT,PC,Train,0.7007125890736342,0.8286516853932584,0.6265601597603595,0.7593307593307593,0.4790926820748675,-0.0518031549708266
GNB,HIV-1 RT,PC,Validation,0.6966490299823633,0.8333333333333334,0.623688155922039,0.7588856868395774,0.4710708117443869,-0.0734924184591078
GNB,HIV-1 RT,PC,Test,0.7284172661870504,0.805168986083499,0.6272455089820359,0.7648725212464589,0.4450087354659919,-0.1269706256677189
GNB,HIV-1 RT,PC,Train,0.6807387862796834,0.7247191011235955,0.562656015976036,0.7020408163265306,0.4443975471075663,-0.1175179323569881
GNB,HIV-1 RT,PC,Validation,0.6827309236947792,0.7172995780590717,0.5622188905547226,0.6995884773662552,0.4493233641590696,-0.1056689942667791
GNB,HIV-1 RT,PC,Test,0.7134146341463414,0.6978131212723658,0.561377245508982,0.7055276381909548,0.4216338333634557,-0.1534425044480503
GNB,HIV-1 RT,PC,Train,0.6714129244249726,0.4307800421644413,0.4455544455544455,0.5248287671232876,0.4563226635692673,-0.0795203979752599
GNB,HIV-1 RT,PC,Validation,0.6539792387543253,0.3978947368421052,0.4221556886227545,0.4947643979057591,0.4398800109080993,-0.1100033273397653
GNB,HIV-1 RT,PC,Test,0.6896551724137931,0.4373757455268389,0.4281437125748503,0.5352798053527981,0.4186878727634194,-0.1404116776105992
GNB,HIV-1 RT,PC,Train,0.6970238095238095,0.8229093464511595,0.6198801198801199,0.7547534643893007,0.4719037233119355,-0.0693486357613329
GNB,HIV-1 RT,PC,Validation,0.7024647887323944,0.84,0.6332335329341318,0.7651006711409396,0.4821761658031088,-0.0452879247949585
GNB,HIV-1 RT,PC,Test,0.7364746945898778,0.8389662027833003,0.6526946107784432,0.7843866171003717,0.4619073438158926,-0.0940715074743359
GNB,HIV-1 RT,PC,Train,0.6687830687830688,0.4438202247191011,0.4483275087368946,0.5335584634867032,0.4516165026877026,-0.0878744847204864
GNB,HIV-1 RT,PC,Validation,0.6915887850467289,0.4683544303797468,0.4737631184407796,0.5584905660377358,0.4777005312520495,-0.040476390033431
GNB,HIV-1 RT,PC,Test,0.7021276595744681,0.4592445328031809,0.4461077844311377,0.5552884615384616,0.4326525694318934,-0.1161927935879661
GNB,HIV-1 RT,PC,Train,0.6632522407170295,0.3637640449438202,0.4163754368447329,0.4698412698412698,0.4547663057188876,-0.0840862937752762
GNB,HIV-1 RT,PC,Validation,0.6666666666666666,0.4135021097046413,0.4362818590704648,0.5104166666666666,0.4528650444896264,-0.086101921076538
GNB,HIV-1 RT,PC,Test,0.6641509433962264,0.3499005964214712,0.3772455089820359,0.4583333333333333,0.4052533285137659,-0.1670492238379702
GNB,HIV-1 RT,ECFP4,Train,0.7142857142857143,0.5973295853829936,0.5439560439560439,0.6505931879066208,0.505055120843483,0.009335805049492
GNB,HIV-1 RT,ECFP4,Validation,0.7080103359173127,0.5768421052631579,0.5299401197604791,0.6357308584686775,0.4956749386419417,-0.0079421682947994
GNB,HIV-1 RT,ECFP4,Test,0.7341463414634146,0.5984095427435387,0.5344311377245509,0.6593647316538883,0.468901741068739,-0.0550922176080707
GNB,HIV-1 RT,ECFP4,Train,0.7212543554006968,0.5818692902319045,0.542957042957043,0.6441073512252042,0.5145961304354687,0.0267614464897759
GNB,HIV-1 RT,ECFP4,Validation,0.7052631578947368,0.5642105263157895,0.5224550898203593,0.6269005847953216,0.491949822743387,-0.0147357707351411
GNB,HIV-1 RT,ECFP4,Test,0.7180156657963447,0.5467196819085487,0.497005988023952,0.6207674943566591,0.4460871136815471,-0.0940214027742164
GNB,HIV-1 RT,ECFP4,Train,0.7099494097807757,0.5912921348314607,0.5376934598102846,0.6452107279693486,0.4985821641342105,-0.0026157537555757
GNB,HIV-1 RT,ECFP4,Validation,0.7547169811320755,0.6751054852320675,0.6131934032983508,0.7126948775055679,0.5681226908025623,0.128381826426827
GNB,HIV-1 RT,ECFP4,Test,0.7409200968523002,0.6083499005964215,0.5449101796407185,0.6681222707423581,0.4799325260557865,-0.0356289933419511
GNB,HIV-1 RT,ECFP4,Train,0.7184615384615385,0.6558988764044944,0.5726410384423365,0.6857562408223201,0.5118872620364441,0.0225817070828814
GNB,HIV-1 RT,ECFP4,Validation,0.7274725274725274,0.6983122362869199,0.5997001499250375,0.71259418729817,0.5279125948273977,0.0543656273250841
GNB,HIV-1 RT,ECFP4,Test,0.743421052631579,0.6739562624254473,0.5793413173652695,0.7069864442127216,0.4824326766672691,-0.0325545130240916
GNB,HIV-1 RT,ECFP4,Train,0.7142857142857143,0.5973295853829936,0.5439560439560439,0.6505931879066208,0.505055120843483,0.009335805049492
GNB,HIV-1 RT,ECFP4,Validation,0.7080103359173127,0.5768421052631579,0.5299401197604791,0.6357308584686775,0.4956749386419417,-0.0079421682947994
GNB,HIV-1 RT,ECFP4,Test,0.7341463414634146,0.5984095427435387,0.5344311377245509,0.6593647316538883,0.468901741068739,-0.0550922176080707
GNB,HIV-1 RT,ECFP4,Train,0.7212543554006968,0.5818692902319045,0.542957042957043,0.6441073512252042,0.5145961304354687,0.0267614464897759
GNB,HIV-1 RT,ECFP4,Validation,0.7052631578947368,0.5642105263157895,0.5224550898203593,0.6269005847953216,0.491949822743387,-0.0147357707351411
GNB,HIV-1 RT,ECFP4,Test,0.7180156657963447,0.5467196819085487,0.497005988023952,0.6207674943566591,0.4460871136815471,-0.0940214027742164
GNB,HIV-1 RT,ECFP4,Train,0.7099494097807757,0.5912921348314607,0.5376934598102846,0.6452107279693486,0.4985821641342105,-0.0026157537555757
GNB,HIV-1 RT,ECFP4,Validation,0.7547169811320755,0.6751054852320675,0.6131934032983508,0.7126948775055679,0.5681226908025623,0.128381826426827
GNB,HIV-1 RT,ECFP4,Test,0.7409200968523002,0.6083499005964215,0.5449101796407185,0.6681222707423581,0.4799325260557865,-0.0356289933419511
GNB,HIV-1 RT,ECFP4,Train,0.7194076383476228,0.6481741573033708,0.5701447828257613,0.6819357222016993,0.5132062496361414,0.0249530822551942
GNB,HIV-1 RT,ECFP4,Validation,0.7208237986270023,0.6645569620253164,0.5787106446776612,0.6915477497255763,0.5162163048468551,0.030941765078915
GNB,HIV-1 RT,ECFP4,Test,0.7438752783964365,0.6640159045725647,0.5748502994011976,0.7016806722689075,0.4835231038014338,-0.0302751384666477
GNB,HIV-1 RT,ECFP4,Train,0.7142857142857143,0.5973295853829936,0.5439560439560439,0.6505931879066208,0.505055120843483,0.009335805049492
GNB,HIV-1 RT,ECFP4,Validation,0.7080103359173127,0.5768421052631579,0.5299401197604791,0.6357308584686775,0.4956749386419417,-0.0079421682947994
GNB,HIV-1 RT,ECFP4,Test,0.7341463414634146,0.5984095427435387,0.5344311377245509,0.6593647316538883,0.468901741068739,-0.0550922176080707
GNB,HIV-1 RT,ECFP4,Train,0.7212543554006968,0.5818692902319045,0.542957042957043,0.6441073512252042,0.5145961304354687,0.0267614464897759
GNB,HIV-1 RT,ECFP4,Validation,0.7052631578947368,0.5642105263157895,0.5224550898203593,0.6269005847953216,0.491949822743387,-0.0147357707351411
GNB,HIV-1 RT,ECFP4,Test,0.7180156657963447,0.5467196819085487,0.497005988023952,0.6207674943566591,0.4460871136815471,-0.0940214027742164
GNB,HIV-1 RT,ECFP4,Train,0.7099494097807757,0.5912921348314607,0.5376934598102846,0.6452107279693486,0.4985821641342105,-0.0026157537555757
GNB,HIV-1 RT,ECFP4,Validation,0.7547169811320755,0.6751054852320675,0.6131934032983508,0.7126948775055679,0.5681226908025623,0.128381826426827
GNB,HIV-1 RT,ECFP4,Test,0.7409200968523002,0.6083499005964215,0.5449101796407185,0.6681222707423581,0.4799325260557865,-0.0356289933419511
GNB,HIV-1 RT,ECFP4,Train,0.7208564631245044,0.6383426966292135,0.5671492760858712,0.6770949720670391,0.5151989821660748,0.0285350923003011
GNB,HIV-1 RT,ECFP4,Validation,0.7223529411764706,0.6476793248945147,0.5727136431784108,0.6829810901001112,0.5181401805819724,0.0342166335813813
GNB,HIV-1 RT,ECFP4,Test,0.7471264367816092,0.6461232604373758,0.5688622754491018,0.6929637526652452,0.4897282968853546,-0.0185898476116845
GNB,HIV-1 RT,ECFP4,Train,0.7140454163162321,0.5966268446943078,0.5434565434565435,0.6500765696784073,0.5047037504991401,0.0086851996237176
GNB,HIV-1 RT,ECFP4,Validation,0.7064935064935065,0.5726315789473684,0.5269461077844312,0.6325581395348837,0.4935696754840469,-0.0117968148501867
GNB,HIV-1 RT,ECFP4,Test,0.7341463414634146,0.5984095427435387,0.5344311377245509,0.6593647316538883,0.468901741068739,-0.0550922176080707
GNB,HIV-1 RT,ECFP4,Train,0.7216404886561955,0.5811665495432186,0.542957042957043,0.6438302841572596,0.5151083179495022,0.0276922760519811
GNB,HIV-1 RT,ECFP4,Validation,0.7034120734908137,0.5642105263157895,0.5209580838323353,0.6261682242990654,0.4893591491682574,-0.0194862546581412
GNB,HIV-1 RT,ECFP4,Test,0.71875,0.5487077534791253,0.498502994011976,0.6223224351747464,0.4470811494668353,-0.0923297331271948
GNB,HIV-1 RT,ECFP4,Train,0.7094594594594594,0.5898876404494382,0.5366949575636545,0.6441717791411042,0.4978799169431992,-0.0039098432408392
GNB,HIV-1 RT,ECFP4,Validation,0.7559241706161137,0.6729957805907173,0.6131934032983508,0.7120535714285714,0.5696585120570166,0.1310487089584499
GNB,HIV-1 RT,ECFP4,Test,0.7409200968523002,0.6083499005964215,0.5449101796407185,0.6681222707423581,0.4799325260557865,-0.0356289933419511
GNB,HIV-1 RT,ECFP4,Train,0.7214983713355049,0.6221910112359551,0.5606590114827759,0.6681749622926093,0.5157587180532107,0.0293356099761637
GNB,HIV-1 RT,ECFP4,Validation,0.7255369928400954,0.6413502109704642,0.5727136431784108,0.6808510638297872,0.5227476443453357,0.0426875666037005
GNB,HIV-1 RT,ECFP4,Test,0.7505827505827506,0.6401590457256461,0.5688622754491018,0.6909871244635193,0.4958370986203988,-0.007490735912103
GNB,HIV-1 RT,ECFP4,Train,0.7150928167877321,0.6226282501756851,0.5554445554445554,0.6656649135987979,0.5064782010809341,0.0120956226512507
GNB,HIV-1 RT,ECFP4,Validation,0.7088607594936709,0.5894736842105263,0.5359281437125748,0.6436781609195402,0.4968093809653667,-0.0058837001999623
GNB,HIV-1 RT,ECFP4,Test,0.7334905660377359,0.6182902584493042,0.5434131736526946,0.6709816612729234,0.4667208868004097,-0.0596142197038044
GNB,HIV-1 RT,ECFP4,Train,0.7179276315789473,0.6134926212227688,0.5539460539460539,0.6616142478211444,0.5105459651882411,0.019583035017128
GNB,HIV-1 RT,ECFP4,Validation,0.7052896725440806,0.5894736842105263,0.5329341317365269,0.6422018348623854,0.4916280338151076,-0.015456210423745
GNB,HIV-1 RT,ECFP4,Test,0.7103960396039604,0.5705765407554672,0.5014970059880239,0.6328555678059536,0.430742815832279,-0.1221878841590105
GNB,HIV-1 RT,ECFP4,Train,0.7124183006535948,0.6123595505617978,0.5486769845232152,0.6586102719033232,0.5022074091323669,0.0041053261858508
GNB,HIV-1 RT,ECFP4,Validation,0.7539503386004515,0.7046413502109705,0.6266866566716641,0.7284623773173392,0.5699372554163661,0.1343013981068452
GNB,HIV-1 RT,ECFP4,Test,0.7336448598130841,0.6242544731610338,0.5464071856287425,0.6745435016111708,0.4666726911259714,-0.0599140533007649
GNB,HIV-1 RT,ECFP4,Train,0.0,0.0,0.2890664003994009,0.0,0.5,0.0
GNB,HIV-1 RT,ECFP4,Validation,0.0,0.0,0.2893553223388306,0.0,0.5,0.0
GNB,HIV-1 RT,ECFP4,Test,0.0,0.0,0.2470059880239521,0.0,0.5,0.0
GNB,HIV-1 RT,ECFP4,Train,0.7150928167877321,0.6226282501756851,0.5554445554445554,0.6656649135987979,0.5064782010809341,0.0120956226512507
GNB,HIV-1 RT,ECFP4,Validation,0.7088607594936709,0.5894736842105263,0.5359281437125748,0.6436781609195402,0.4968093809653667,-0.0058837001999623
GNB,HIV-1 RT,ECFP4,Test,0.7334905660377359,0.6182902584493042,0.5434131736526946,0.6709816612729234,0.4667208868004097,-0.0596142197038044
GNB,HIV-1 RT,ECFP4,Train,0.7179276315789473,0.6134926212227688,0.5539460539460539,0.6616142478211444,0.5105459651882411,0.019583035017128
GNB,HIV-1 RT,ECFP4,Validation,0.7052896725440806,0.5894736842105263,0.5329341317365269,0.6422018348623854,0.4916280338151076,-0.015456210423745
GNB,HIV-1 RT,ECFP4,Test,0.7103960396039604,0.5705765407554672,0.5014970059880239,0.6328555678059536,0.430742815832279,-0.1221878841590105
GNB,HIV-1 RT,ECFP4,Train,0.7124183006535948,0.6123595505617978,0.5486769845232152,0.6586102719033232,0.5022074091323669,0.0041053261858508
GNB,HIV-1 RT,ECFP4,Validation,0.7539503386004515,0.7046413502109705,0.6266866566716641,0.7284623773173392,0.5699372554163661,0.1343013981068452
GNB,HIV-1 RT,ECFP4,Test,0.7336448598130841,0.6242544731610338,0.5464071856287425,0.6745435016111708,0.4666726911259714,-0.0599140533007649
GNB,HIV-1 RT,ECFP4,Train,0.0,0.0,0.2890664003994009,0.0,0.5,0.0
GNB,HIV-1 RT,ECFP4,Validation,0.0,0.0,0.2893553223388306,0.0,0.5,0.0
GNB,HIV-1 RT,ECFP4,Test,0.0,0.0,0.2470059880239521,0.0,0.5,0.0
GNB,HIV-1 RT,ECFP4,Train,0.7150928167877321,0.6226282501756851,0.5554445554445554,0.6656649135987979,0.5064782010809341,0.0120956226512507
GNB,HIV-1 RT,ECFP4,Validation,0.7088607594936709,0.5894736842105263,0.5359281437125748,0.6436781609195402,0.4968093809653667,-0.0058837001999623
GNB,HIV-1 RT,ECFP4,Test,0.7334905660377359,0.6182902584493042,0.5434131736526946,0.6709816612729234,0.4667208868004097,-0.0596142197038044
GNB,HIV-1 RT,ECFP4,Train,0.7179276315789473,0.6134926212227688,0.5539460539460539,0.6616142478211444,0.5105459651882411,0.019583035017128
GNB,HIV-1 RT,ECFP4,Validation,0.7052896725440806,0.5894736842105263,0.5329341317365269,0.6422018348623854,0.4916280338151076,-0.015456210423745
GNB,HIV-1 RT,ECFP4,Test,0.7103960396039604,0.5705765407554672,0.5014970059880239,0.6328555678059536,0.430742815832279,-0.1221878841590105
GNB,HIV-1 RT,ECFP4,Train,0.7124183006535948,0.6123595505617978,0.5486769845232152,0.6586102719033232,0.5022074091323669,0.0041053261858508
GNB,HIV-1 RT,ECFP4,Validation,0.7539503386004515,0.7046413502109705,0.6266866566716641,0.7284623773173392,0.5699372554163661,0.1343013981068452
GNB,HIV-1 RT,ECFP4,Test,0.7336448598130841,0.6242544731610338,0.5464071856287425,0.6745435016111708,0.4666726911259714,-0.0599140533007649
GNB,HIV-1 RT,ECFP4,Train,1.0,0.0007022471910112,0.2895656515227159,0.0014035087719298,0.5003511235955056,0.014251226765911
GNB,HIV-1 RT,ECFP4,Validation,0.0,0.0,0.2893553223388306,0.0,0.5,0.0
GNB,HIV-1 RT,ECFP4,Test,0.0,0.0,0.2470059880239521,0.0,0.5,0.0
GNB,HIV-1 RT,ECFP4,Train,0.7154405820533549,0.6219255094869993,0.5554445554445554,0.6654135338345865,0.5069903885949677,0.0130454023711296
GNB,HIV-1 RT,ECFP4,Validation,0.7088607594936709,0.5894736842105263,0.5359281437125748,0.6436781609195402,0.4968093809653667,-0.0058837001999623
GNB,HIV-1 RT,ECFP4,Test,0.7334905660377359,0.6182902584493042,0.5434131736526946,0.6709816612729234,0.4667208868004097,-0.0596142197038044
GNB,HIV-1 RT,ECFP4,Train,0.7174629324546952,0.6120871398453971,0.5529470529470529,0.6605991657186197,0.5098432244995552,0.0182699208488958
GNB,HIV-1 RT,ECFP4,Validation,0.7052896725440806,0.5894736842105263,0.5329341317365269,0.6422018348623854,0.4916280338151076,-0.015456210423745
GNB,HIV-1 RT,ECFP4,Test,0.7103960396039604,0.5705765407554672,0.5014970059880239,0.6328555678059536,0.430742815832279,-0.1221878841590105
GNB,HIV-1 RT,ECFP4,Train,0.7124183006535948,0.6123595505617978,0.5486769845232152,0.6586102719033232,0.5022074091323669,0.0041053261858508
GNB,HIV-1 RT,ECFP4,Validation,0.7539503386004515,0.7046413502109705,0.6266866566716641,0.7284623773173392,0.5699372554163661,0.1343013981068452
GNB,HIV-1 RT,ECFP4,Test,0.7336448598130841,0.6242544731610338,0.5464071856287425,0.6745435016111708,0.4666726911259714,-0.0599140533007649
GNB,HIV-1 RT,ECFP4,Train,0.7166921898928025,0.6573033707865169,0.5716425361957065,0.6857142857142857,0.5091352777939493,0.0173883371760927
GNB,HIV-1 RT,ECFP4,Validation,0.7197309417040358,0.6772151898734177,0.5832083958020989,0.6978260869565217,0.5147733980455171,0.0284652271739985
GNB,HIV-1 RT,ECFP4,Test,0.7494407158836689,0.6660039761431411,0.5808383233532934,0.7052631578947368,0.4936080486776311,-0.0117176229959102
GNB,HIV-1 RT,MIX,Train,0.9349112426035504,0.7772312016865777,0.8031968031968032,0.8488104374520338,0.8221216457482975,0.5940969375078113
GNB,HIV-1 RT,MIX,Validation,0.8984126984126984,0.5957894736842105,0.6646706586826348,0.7164556962025317,0.7149931824379602,0.3904249054431191
GNB,HIV-1 RT,MIX,Test,0.9246987951807228,0.610337972166998,0.6691616766467066,0.7353293413173653,0.7294114103259233,0.3957603619337585
GNB,HIV-1 RT,MIX,Train,0.9353551476456504,0.8236120871398454,0.8341658341658341,0.8759342301943199,0.8418578570414252,0.6406205251472594
GNB,HIV-1 RT,MIX,Validation,0.84375,0.5684210526315789,0.6182634730538922,0.6792452830188679,0.6546768475593128,0.2806830299542108
GNB,HIV-1 RT,MIX,Test,0.9060773480662984,0.6520874751491054,0.687125748502994,0.7583815028901734,0.7230134345442496,0.3860752736502494
GNB,HIV-1 RT,MIX,Train,0.9527896995708156,0.7794943820224719,0.8157763354967549,0.8574739281575898,0.8422515088005279,0.6290492828381443
GNB,HIV-1 RT,MIX,Validation,0.8426395939086294,0.70042194092827,0.6941529235382309,0.7649769585253456,0.6895892088061039,0.3496890238483525
GNB,HIV-1 RT,MIX,Test,0.8979591836734694,0.6123260437375746,0.655688622754491,0.7281323877068558,0.7001024158081812,0.3453182661409466
GNB,HIV-1 RT,MIX,Train,0.93262987012987,0.8068820224719101,0.8212680978532202,0.865210843373494,0.8317657089907046,0.6181917784835735
GNB,HIV-1 RT,MIX,Validation,0.836104513064133,0.7426160337552743,0.7136431784107946,0.7865921787709497,0.6925515401936994,0.36193969523869
GNB,HIV-1 RT,MIX,Test,0.8921052631578947,0.6739562624254473,0.6931137724550899,0.7678369195922989,0.7127357069702993,0.3705171450300821
GNB,HIV-1 RT,MIX,Train,0.933609958506224,0.7905832747716093,0.8111888111888111,0.8561643835616438,0.8262070087156839,0.6042857196948386
GNB,HIV-1 RT,MIX,Validation,0.8882175226586103,0.6189473684210526,0.6736526946107785,0.7295285359801489,0.7136187619307336,0.3873164132028188
GNB,HIV-1 RT,MIX,Test,0.9181286549707602,0.6242544731610338,0.6751497005988024,0.7431952662721893,0.727278751732032,0.3921867732430321
GNB,HIV-1 RT,MIX,Train,0.9353551476456504,0.8236120871398454,0.8341658341658341,0.8759342301943199,0.8418578570414252,0.6406205251472594
GNB,HIV-1 RT,MIX,Validation,0.84375,0.5684210526315789,0.6182634730538922,0.6792452830188679,0.6546768475593128,0.2806830299542108
GNB,HIV-1 RT,MIX,Test,0.9060773480662984,0.6520874751491054,0.687125748502994,0.7583815028901734,0.7230134345442496,0.3860752736502494
GNB,HIV-1 RT,MIX,Train,0.9502529510961214,0.7914325842696629,0.8222666000998502,0.8636015325670499,0.8447663784906173,0.6360566628993511
GNB,HIV-1 RT,MIX,Validation,0.8341584158415841,0.7109704641350211,0.6941529235382309,0.7676537585421412,0.6819101025338318,0.3375872865589852
GNB,HIV-1 RT,MIX,Test,0.8983050847457628,0.6322067594433399,0.6691616766467066,0.7421236872812136,0.7070124706307609,0.3577552484622183
GNB,HIV-1 RT,MIX,Train,0.93262987012987,0.8068820224719101,0.8212680978532202,0.865210843373494,0.8317657089907046,0.6181917784835735
GNB,HIV-1 RT,MIX,Validation,0.836104513064133,0.7426160337552743,0.7136431784107946,0.7865921787709497,0.6925515401936994,0.36193969523869
GNB,HIV-1 RT,MIX,Test,0.8921052631578947,0.6739562624254473,0.6931137724550899,0.7678369195922989,0.7127357069702993,0.3705171450300821
GNB,HIV-1 RT,MIX,Train,0.932300163132137,0.803232607167955,0.8186813186813187,0.8629671574178935,0.8299410013387271,0.6140898510810454
GNB,HIV-1 RT,MIX,Validation,0.8825214899713467,0.6484210526315789,0.688622754491018,0.7475728155339806,0.7179929097354787,0.3956305030825705
GNB,HIV-1 RT,MIX,Test,0.9131652661064426,0.6481113320079522,0.688622754491018,0.7581395348837209,0.7301162720645822,0.3979137874933453
GNB,HIV-1 RT,MIX,Train,0.9353551476456504,0.8236120871398454,0.8341658341658341,0.8759342301943199,0.8418578570414252,0.6406205251472594
GNB,HIV-1 RT,MIX,Validation,0.84375,0.5684210526315789,0.6182634730538922,0.6792452830188679,0.6546768475593128,0.2806830299542108
GNB,HIV-1 RT,MIX,Test,0.9060773480662984,0.6520874751491054,0.687125748502994,0.7583815028901734,0.7230134345442496,0.3860752736502494
GNB,HIV-1 RT,MIX,Train,0.9488870568837592,0.8082865168539326,0.8327508736894658,0.8729616989002654,0.8506026712076227,0.6504224855719889
GNB,HIV-1 RT,MIX,Validation,0.8260869565217391,0.7215189873417721,0.6941529235382309,0.7702702702702703,0.6742309962615596,0.3256587936757438
GNB,HIV-1 RT,MIX,Test,0.8944444444444445,0.6401590457256461,0.6721556886227545,0.746234067207416,0.7049280077113078,0.3545934177176301
GNB,HIV-1 RT,MIX,Train,0.93262987012987,0.8068820224719101,0.8212680978532202,0.865210843373494,0.8317657089907046,0.6181917784835735
GNB,HIV-1 RT,MIX,Validation,0.836104513064133,0.7426160337552743,0.7136431784107946,0.7865921787709497,0.6925515401936994,0.36193969523869
GNB,HIV-1 RT,MIX,Test,0.8921052631578947,0.6739562624254473,0.6931137724550899,0.7678369195922989,0.7127357069702993,0.3705171450300821
GNB,HIV-1 RT,MIX,Train,0.9325842696629212,0.8165846802529867,0.8276723276723277,0.870738104158861,0.8357534800228663,0.6280183469314456
GNB,HIV-1 RT,MIX,Validation,0.8719346049046321,0.6736842105263158,0.6976047904191617,0.7600950118764845,0.7150804472320698,0.3918682757004016
GNB,HIV-1 RT,MIX,Test,0.9153005464480874,0.6660039761431411,0.7020958083832335,0.7710011507479861,0.7390625941321766,0.4143082429388358
GNB,HIV-1 RT,MIX,Train,0.9360511590727418,0.8229093464511595,0.8341658341658341,0.8758414360508602,0.8423700445554588,0.641237428119298
GNB,HIV-1 RT,MIX,Validation,0.8411214953271028,0.5684210526315789,0.6167664670658682,0.678391959798995,0.6520861739841832,0.2759484353436743
GNB,HIV-1 RT,MIX,Test,0.90633608815427,0.6540755467196819,0.688622754491018,0.7598152424942263,0.7240074703295379,0.3878959362499475
GNB,HIV-1 RT,MIX,Train,0.946645109135004,0.8223314606741573,0.8407388916625063,0.880120255543029,0.8541709116842289,0.6607511488946224
GNB,HIV-1 RT,MIX,Validation,0.8270142180094787,0.7362869198312236,0.7031484257871065,0.7790178571428571,0.6790242889311559,0.336798780850061
GNB,HIV-1 RT,MIX,Test,0.8961748633879781,0.6520874751491054,0.6811377245508982,0.7548906789413119,0.7108922224230374,0.3654874843081721
GNB,HIV-1 RT,MIX,Train,0.9326845093268452,0.8075842696629213,0.8217673489765353,0.8656379375235228,0.8321168325862102,0.618996593054567
GNB,HIV-1 RT,MIX,Validation,0.8357142857142857,0.740506329113924,0.712143928035982,0.785234899328859,0.6914966878730242,0.359654887087874
GNB,HIV-1 RT,MIX,Test,0.8871391076115486,0.6719681908548708,0.688622754491018,0.7647058823529411,0.7056810651244051,0.3583825347017125
GNB,HIV-1 RT,MIX,Train,0.7107892107892108,1.0,0.7107892107892108,0.830948905109489,0.5,0.0
GNB,HIV-1 RT,MIX,Validation,0.7110778443113772,1.0,0.7110778443113772,0.8311461067366579,0.5,0.0
GNB,HIV-1 RT,MIX,Test,0.7529940119760479,1.0,0.7529940119760479,0.8590947907771136,0.5,0.0
GNB,HIV-1 RT,MIX,Train,0.924287856071964,0.8664792691496838,0.8546453546453546,0.8944504896626768,0.8460202908788143,0.6654373115528395
GNB,HIV-1 RT,MIX,Validation,0.8404558404558404,0.6210526315789474,0.6467065868263473,0.7142857142857143,0.6654485955822199,0.3003553351407145
GNB,HIV-1 RT,MIX,Test,0.8875,0.705765407554672,0.7110778443113772,0.7862679955703211,0.7165190674136996,0.381026091157408
GNB,HIV-1 RT,MIX,Train,0.7109335996005991,1.0,0.7109335996005991,0.8310475634665888,0.5,0.0
GNB,HIV-1 RT,MIX,Validation,0.7106446776611695,1.0,0.7106446776611695,0.8308501314636284,0.5,0.0
GNB,HIV-1 RT,MIX,Test,0.7529940119760479,1.0,0.7529940119760479,0.8590947907771136,0.5,0.0
GNB,HIV-1 RT,MIX,Train,1.0,0.0007022471910112,0.2895656515227159,0.0014035087719298,0.5003511235955056,0.014251226765911
GNB,HIV-1 RT,MIX,Validation,0.0,0.0,0.2893553223388306,0.0,0.5,0.0
GNB,HIV-1 RT,MIX,Test,0.0,0.0,0.2470059880239521,0.0,0.5,0.0
GNB,HIV-1 RT,MIX,Train,0.7107892107892108,1.0,0.7107892107892108,0.830948905109489,0.5,0.0
GNB,HIV-1 RT,MIX,Validation,0.7110778443113772,1.0,0.7110778443113772,0.8311461067366579,0.5,0.0
GNB,HIV-1 RT,MIX,Test,0.7529940119760479,1.0,0.7529940119760479,0.8590947907771136,0.5,0.0
GNB,HIV-1 RT,MIX,Train,0.924287856071964,0.8664792691496838,0.8546453546453546,0.8944504896626768,0.8460202908788143,0.6654373115528395
GNB,HIV-1 RT,MIX,Validation,0.8404558404558404,0.6210526315789474,0.6467065868263473,0.7142857142857143,0.6654485955822199,0.3003553351407145
GNB,HIV-1 RT,MIX,Test,0.8875,0.705765407554672,0.7110778443113772,0.7862679955703211,0.7165190674136996,0.381026091157408
GNB,HIV-1 RT,MIX,Train,0.7109335996005991,1.0,0.7109335996005991,0.8310475634665888,0.5,0.0
GNB,HIV-1 RT,MIX,Validation,0.7106446776611695,1.0,0.7106446776611695,0.8308501314636284,0.5,0.0
GNB,HIV-1 RT,MIX,Test,0.7529940119760479,1.0,0.7529940119760479,0.8590947907771136,0.5,0.0
GNB,HIV-1 RT,MIX,Train,1.0,0.0007022471910112,0.2895656515227159,0.0014035087719298,0.5003511235955056,0.014251226765911
GNB,HIV-1 RT,MIX,Validation,0.0,0.0,0.2893553223388306,0.0,0.5,0.0
GNB,HIV-1 RT,MIX,Test,0.0,0.0,0.2470059880239521,0.0,0.5,0.0
GNB,HIV-1 RT,MIX,Train,0.92319391634981,0.8531271960646521,0.8451548451548452,0.8867786705624543,0.8393442543362984,0.6481432207461374
GNB,HIV-1 RT,MIX,Validation,0.850356294536817,0.7536842105263157,0.7305389221556886,0.7991071428571429,0.7136296700299972,0.4011691239780918
GNB,HIV-1 RT,MIX,Test,0.8877805486284289,0.7077534791252486,0.7125748502994012,0.7876106194690266,0.7175131031989879,0.3830130466703256
GNB,HIV-1 RT,MIX,Train,0.924287856071964,0.8664792691496838,0.8546453546453546,0.8944504896626768,0.8460202908788143,0.6654373115528395
GNB,HIV-1 RT,MIX,Validation,0.8404558404558404,0.6210526315789474,0.6467065868263473,0.7142857142857143,0.6654485955822199,0.3003553351407145
GNB,HIV-1 RT,MIX,Test,0.8875,0.705765407554672,0.7110778443113772,0.7862679955703211,0.7165190674136996,0.381026091157408
GNB,HIV-1 RT,MIX,Train,0.9405405405405406,0.8553370786516854,0.8587119321018473,0.8959176167708717,0.8611745842308515,0.6849990049794692
GNB,HIV-1 RT,MIX,Validation,0.8043956043956044,0.7721518987341772,0.704647676161919,0.7879440258342304,0.6555060011805601,0.3028805225481287
GNB,HIV-1 RT,MIX,Test,0.8813131313131313,0.6938369781312127,0.6991017964071856,0.7764182424916574,0.7044942466413638,0.3590087297657613
GNB,HIV-1 RT,MIX,Train,0.9545454545454546,0.0147471910112359,0.2990514228657014,0.0290456431535269,0.5065100376472415,0.0566309952452286
GNB,HIV-1 RT,MIX,Validation,1.0,0.0021097046413502,0.2908545727136432,0.0042105263157894,0.5010548523206751,0.0247259148371788
GNB,HIV-1 RT,MIX,Test,0.0,0.0,0.2470059880239521,0.0,0.5,0.0
GNB,HIV-1 RT,MIX,Train,0.9293089753772836,0.8222066057624736,0.8291708291708292,0.87248322147651,0.8342466534857272,0.6273812329748354
GNB,HIV-1 RT,MIX,Validation,0.8650793650793651,0.6884210526315789,0.7020958083832335,0.7667057444314185,0.7120861739841833,0.3879027992602598
GNB,HIV-1 RT,MIX,Test,0.907651715039578,0.68389662027833,0.7095808383233533,0.780045351473923,0.7358877040785589,0.4106697721989729
GNB,HIV-1 RT,MIX,Train,0.924287856071964,0.8664792691496838,0.8546453546453546,0.8944504896626768,0.8460202908788143,0.6654373115528395
GNB,HIV-1 RT,MIX,Validation,0.8404558404558404,0.6210526315789474,0.6467065868263473,0.7142857142857143,0.6654485955822199,0.3003553351407145
GNB,HIV-1 RT,MIX,Test,0.8875,0.705765407554672,0.7110778443113772,0.7862679955703211,0.7165190674136996,0.381026091157408
GNB,HIV-1 RT,MIX,Train,0.9460547504025764,0.8251404494382022,0.8422366450324513,0.881470367591898,0.8547118482078748,0.6625929963367757
GNB,HIV-1 RT,MIX,Validation,0.8160377358490566,0.729957805907173,0.6911544227886057,0.7706013363028953,0.6629063640934829,0.3070080807508028
GNB,HIV-1 RT,MIX,Test,0.883289124668435,0.6620278330019881,0.6796407185628742,0.7568181818181818,0.6976805831676607,0.3438767426737165
GNB,HIV-1 RT,MIX,Train,0.9242304656669298,0.8223314606741573,0.8257613579630554,0.8703084355258268,0.8282641759329334,0.6173344988048541
GNB,HIV-1 RT,MIX,Validation,0.8272727272727273,0.7679324894514767,0.7211394302848576,0.7964989059080962,0.6870750530158938,0.3580753549804475
GNB,HIV-1 RT,MIX,Test,0.8796992481203008,0.6978131212723658,0.7005988023952096,0.7782705099778271,0.7034520151816375,0.3578123846328172
