Model,Enzyme,Descriptor,Phase,PRC,REC,ACC,F1-Score,AUC,MCC
ABC,HIV-1 IN,PC,Train,0.4212678936605317,0.3249211356466877,0.4950284090909091,0.3668744434550312,0.4796440303556435,-0.0425426671873344
ABC,HIV-1 IN,PC,Validation,0.4438202247191011,0.3726415094339622,0.5063829787234042,0.4051282051282051,0.4944602896007021,-0.0113656273842951
ABC,HIV-1 IN,PC,Test,0.3896103896103896,0.2764976958525346,0.4659574468085106,0.3234501347708894,0.452478096938125,-0.1009508652245246
ABC,HIV-1 IN,PC,Train,0.5015923566878981,0.4968454258675079,0.5511363636363636,0.4992076069730586,0.5462263305048134,0.0925352924348338
ABC,HIV-1 IN,PC,Validation,0.5,0.4716981132075472,0.548936170212766,0.4854368932038835,0.5420506069913705,0.0846414643506282
ABC,HIV-1 IN,PC,Test,0.4761904761904761,0.4147465437788018,0.5191489361702127,0.4433497536945813,0.5117210979763575,0.0238344073403398
ABC,HIV-1 IN,PC,Train,0.473972602739726,0.2724409448818897,0.5358410220014195,0.346,0.5121894646890068,0.0276869611114405
ABC,HIV-1 IN,PC,Validation,0.5773195876288659,0.2654028436018957,0.582089552238806,0.3636363636363636,0.5532440574598626,0.1307961265084414
ABC,HIV-1 IN,PC,Test,0.4,0.184331797235023,0.4957446808510638,0.252365930599369,0.4735888235186973,-0.0643438448286962
ABC,HIV-1 IN,PC,Train,0.51183970856102,0.44251968503937,0.5585521646557843,0.4746621621621621,0.548133227532605,0.0982193203713832
ABC,HIV-1 IN,PC,Validation,0.4808743169398907,0.4170616113744075,0.535181236673774,0.4467005076142132,0.5244222785554208,0.0498148348983622
ABC,HIV-1 IN,PC,Test,0.4968944099378882,0.3686635944700461,0.5361702127659574,0.4232804232804232,0.5242527458516238,0.050955241142067
ABC,HIV-1 IN,PC,Train,0.4212678936605317,0.3249211356466877,0.4950284090909091,0.3668744434550312,0.4796440303556435,-0.0425426671873344
ABC,HIV-1 IN,PC,Validation,0.4438202247191011,0.3726415094339622,0.5063829787234042,0.4051282051282051,0.4944602896007021,-0.0113656273842951
ABC,HIV-1 IN,PC,Test,0.3896103896103896,0.2764976958525346,0.4659574468085106,0.3234501347708894,0.452478096938125,-0.1009508652245246
ABC,HIV-1 IN,PC,Train,0.5015923566878981,0.4968454258675079,0.5511363636363636,0.4992076069730586,0.5462263305048134,0.0925352924348338
ABC,HIV-1 IN,PC,Validation,0.5,0.4716981132075472,0.548936170212766,0.4854368932038835,0.5420506069913705,0.0846414643506282
ABC,HIV-1 IN,PC,Test,0.4761904761904761,0.4147465437788018,0.5191489361702127,0.4433497536945813,0.5117210979763575,0.0238344073403398
ABC,HIV-1 IN,PC,Train,0.473972602739726,0.2724409448818897,0.5358410220014195,0.346,0.5121894646890068,0.0276869611114405
ABC,HIV-1 IN,PC,Validation,0.5773195876288659,0.2654028436018957,0.582089552238806,0.3636363636363636,0.5532440574598626,0.1307961265084414
ABC,HIV-1 IN,PC,Test,0.4,0.184331797235023,0.4957446808510638,0.252365930599369,0.4735888235186973,-0.0643438448286962
ABC,HIV-1 IN,PC,Train,0.51183970856102,0.44251968503937,0.5585521646557843,0.4746621621621621,0.548133227532605,0.0982193203713832
ABC,HIV-1 IN,PC,Validation,0.4808743169398907,0.4170616113744075,0.535181236673774,0.4467005076142132,0.5244222785554208,0.0498148348983622
ABC,HIV-1 IN,PC,Test,0.4968944099378882,0.3686635944700461,0.5361702127659574,0.4232804232804232,0.5242527458516238,0.050955241142067
ABC,HIV-1 IN,PC,Train,0.4574074074074074,0.389589905362776,0.5170454545454546,0.4207836456558773,0.5055184668932743,0.0112929343619986
ABC,HIV-1 IN,PC,Validation,0.4473684210526316,0.4009433962264151,0.5063829787234042,0.4228855721393035,0.4969833260201842,-0.0061175896198676
ABC,HIV-1 IN,PC,Test,0.4313725490196078,0.304147465437788,0.4936170212765957,0.3567567567567568,0.4801369738256134,-0.0422659068490068
ABC,HIV-1 IN,PC,Train,0.4681583476764199,0.4290220820189274,0.5234375,0.4477366255144033,0.5148986379086885,0.030112779865163
ABC,HIV-1 IN,PC,Validation,0.4879227053140096,0.4764150943396226,0.5382978723404256,0.4821002386634845,0.532781190580664,0.0657157478866185
ABC,HIV-1 IN,PC,Test,0.4855491329479768,0.3870967741935484,0.5276595744680851,0.4307692307692308,0.5176590590335332,0.0365078624302998
ABC,HIV-1 IN,PC,Train,0.4397163120567376,0.1952755905511811,0.525195173882186,0.2704471101417666,0.4955706118130583,-0.0110165236097549
ABC,HIV-1 IN,PC,Validation,0.5584415584415584,0.2037914691943128,0.5692963752665245,0.2986111111111111,0.5360042617289393,0.0967044791787381
ABC,HIV-1 IN,PC,Test,0.379746835443038,0.1382488479262673,0.4978723404255319,0.2027027027027027,0.472286479299102,-0.0738941232301187
ABC,HIV-1 IN,PC,Train,0.4790159189580318,0.521259842519685,0.5287437899219305,0.4992458521870286,0.5280717817249588,0.0558799580180534
ABC,HIV-1 IN,PC,Validation,0.4746543778801843,0.4881516587677725,0.5266524520255863,0.4813084112149532,0.5231455968257467,0.046186954115676
ABC,HIV-1 IN,PC,Test,0.4896907216494845,0.4377880184331797,0.5297872340425532,0.462287104622871,0.5232418353035464,0.0470690178716102
ABC,HIV-1 IN,PC,Train,0.4376163873370577,0.3706624605678233,0.5021306818181818,0.4013663535439795,0.4902407910074258,-0.0199923342022177
ABC,HIV-1 IN,PC,Validation,0.4473684210526316,0.4009433962264151,0.5063829787234042,0.4228855721393035,0.4969833260201842,-0.0061175896198676
ABC,HIV-1 IN,PC,Test,0.390728476821192,0.271889400921659,0.4680851063829787,0.3206521739130434,0.4541265186426477,-0.0979485493128022
ABC,HIV-1 IN,PC,Train,0.4439252336448598,0.4495268138801261,0.4985795454545454,0.4467084639498432,0.4941432519013034,-0.0117009130293115
ABC,HIV-1 IN,PC,Validation,0.4331797235023041,0.4433962264150943,0.4872340425531914,0.4382284382284382,0.4833260201842914,-0.0332856408633419
ABC,HIV-1 IN,PC,Test,0.466321243523316,0.4147465437788018,0.5106382978723404,0.4390243902439024,0.5038159596364364,0.0077340211682891
ABC,HIV-1 IN,PC,Train,0.4453333333333333,0.262992125984252,0.5202271114265437,0.3306930693069307,0.4971291379275265,-0.0064643336377278
ABC,HIV-1 IN,PC,Validation,0.5428571428571428,0.2701421800947867,0.5692963752665245,0.360759493670886,0.5420478342334399,0.100364324595582
ABC,HIV-1 IN,PC,Test,0.3578947368421052,0.1566820276497695,0.4808510638297872,0.2179487179487179,0.4577876541410903,-0.104805041543673
ABC,HIV-1 IN,PC,Train,0.4755381604696673,0.3826771653543307,0.531582682753726,0.4240837696335078,0.5182119676900853,0.0376960280039819
ABC,HIV-1 IN,PC,Validation,0.4311377245508982,0.3412322274881517,0.5010660980810234,0.3809523809523809,0.4865075866122929,-0.0280355453277059
ABC,HIV-1 IN,PC,Test,0.4932432432432432,0.336405529953917,0.5340425531914894,0.4,0.5199814211034407,0.0428931263874972
ABC,HIV-1 IN,PC,Train,0.4212678936605317,0.3249211356466877,0.4950284090909091,0.3668744434550312,0.4796440303556435,-0.0425426671873344
ABC,HIV-1 IN,PC,Validation,0.4438202247191011,0.3726415094339622,0.5063829787234042,0.4051282051282051,0.4944602896007021,-0.0113656273842951
ABC,HIV-1 IN,PC,Test,0.3896103896103896,0.2764976958525346,0.4659574468085106,0.3234501347708894,0.452478096938125,-0.1009508652245246
ABC,HIV-1 IN,PC,Train,0.5015923566878981,0.4968454258675079,0.5511363636363636,0.4992076069730586,0.5462263305048134,0.0925352924348338
ABC,HIV-1 IN,PC,Validation,0.5,0.4716981132075472,0.548936170212766,0.4854368932038835,0.5420506069913705,0.0846414643506282
ABC,HIV-1 IN,PC,Test,0.4761904761904761,0.4147465437788018,0.5191489361702127,0.4433497536945813,0.5117210979763575,0.0238344073403398
ABC,HIV-1 IN,PC,Train,0.473972602739726,0.2724409448818897,0.5358410220014195,0.346,0.5121894646890068,0.0276869611114405
ABC,HIV-1 IN,PC,Validation,0.5773195876288659,0.2654028436018957,0.582089552238806,0.3636363636363636,0.5532440574598626,0.1307961265084414
ABC,HIV-1 IN,PC,Test,0.4,0.184331797235023,0.4957446808510638,0.252365930599369,0.4735888235186973,-0.0643438448286962
ABC,HIV-1 IN,PC,Train,0.51183970856102,0.44251968503937,0.5585521646557843,0.4746621621621621,0.548133227532605,0.0982193203713832
ABC,HIV-1 IN,PC,Validation,0.4808743169398907,0.4170616113744075,0.535181236673774,0.4467005076142132,0.5244222785554208,0.0498148348983622
ABC,HIV-1 IN,PC,Test,0.4968944099378882,0.3686635944700461,0.5361702127659574,0.4232804232804232,0.5242527458516238,0.050955241142067
ABC,HIV-1 IN,PC,Train,0.4532871972318339,0.4132492113564668,0.5113636363636364,0.4323432343234323,0.5024902387531689,0.0050371296226427
ABC,HIV-1 IN,PC,Validation,0.4563106796116505,0.4433962264150943,0.5106382978723404,0.4497607655502392,0.5046438496416558,0.0093143028611429
ABC,HIV-1 IN,PC,Test,0.4294117647058823,0.336405529953917,0.4872340425531914,0.3772609819121447,0.4765031602338755,-0.0487578436511887
ABC,HIV-1 IN,PC,Train,0.4595041322314049,0.4384858044164038,0.5149147727272727,0.4487489911218725,0.5080025921306824,0.0160857134406921
ABC,HIV-1 IN,PC,Validation,0.4719626168224299,0.4764150943396226,0.5234042553191489,0.4741784037558685,0.5192152991077958,0.0383997201140886
ABC,HIV-1 IN,PC,Test,0.478021978021978,0.4009216589861751,0.5212765957446809,0.4360902255639097,0.512713793919965,0.0260233589949551
ABC,HIV-1 IN,PC,Train,0.4338983050847457,0.2015748031496063,0.5216465578424414,0.2752688172043011,0.4929062646238987,-0.0173503691278753
ABC,HIV-1 IN,PC,Validation,0.5517241379310345,0.2274881516587677,0.5692963752665245,0.3221476510067114,0.5381626804805466,0.0976851706947877
ABC,HIV-1 IN,PC,Test,0.3928571428571428,0.152073732718894,0.5,0.2192691029900332,0.475246352525455,-0.0644207875072394
ABC,HIV-1 IN,PC,Train,0.4790159189580318,0.521259842519685,0.5287437899219305,0.4992458521870286,0.5280717817249588,0.0558799580180534
ABC,HIV-1 IN,PC,Validation,0.4746543778801843,0.4881516587677725,0.5266524520255863,0.4813084112149532,0.5231455968257467,0.046186954115676
ABC,HIV-1 IN,PC,Test,0.4896907216494845,0.4377880184331797,0.5297872340425532,0.462287104622871,0.5232418353035464,0.0470690178716102
ABC,HIV-1 IN,PC,Train,0.4422018348623853,0.3801261829652997,0.5049715909090909,0.4088210347752332,0.4936806625420814,-0.0129096064691404
ABC,HIV-1 IN,PC,Validation,0.4540816326530612,0.419811320754717,0.5106382978723404,0.4362745098039216,0.5025413192920871,0.0051293660783054
ABC,HIV-1 IN,PC,Test,0.4437086092715231,0.3087557603686636,0.502127659574468,0.3641304347826087,0.4883699750459918,-0.0248323004710042
ABC,HIV-1 IN,PC,Train,0.4308426073131955,0.4274447949526814,0.4879261363636363,0.4291369754552652,0.4824562476055396,-0.0351134532636138
ABC,HIV-1 IN,PC,Validation,0.4439461883408072,0.4669811320754717,0.4957446808510638,0.4551724137931034,0.493180488518356,-0.0135912729966212
ABC,HIV-1 IN,PC,Test,0.4631578947368421,0.4055299539170507,0.5085106382978724,0.4324324324324324,0.5011839492905412,0.0024054559520455
ABC,HIV-1 IN,PC,Train,0.4642857142857143,0.1228346456692913,0.5408090844570618,0.1942714819427148,0.5032777879509247,0.010065321733694
ABC,HIV-1 IN,PC,Validation,0.6166666666666667,0.1753554502369668,0.579957356076759,0.2730627306273063,0.5431040817076307,0.1283991635010438
ABC,HIV-1 IN,PC,Test,0.4583333333333333,0.1013824884792626,0.5297872340425532,0.1660377358490566,0.4993078450301452,-0.0022790120454561
ABC,HIV-1 IN,PC,Train,0.4810810810810811,0.4204724409448819,0.5344215755855216,0.4487394957983193,0.524189708844534,0.0492654612022438
ABC,HIV-1 IN,PC,Validation,0.4213483146067415,0.3554502369668246,0.4904051172707889,0.3856041131105398,0.4781127153826371,-0.0448762404223569
ABC,HIV-1 IN,PC,Test,0.4657534246575342,0.3133640552995391,0.5170212765957447,0.3746556473829201,0.5025318300213111,0.0054551379232547
ABC,HIV-1 IN,PC,Train,0.4340277777777778,0.3943217665615142,0.4957386363636363,0.4132231404958678,0.4865665680352791,-0.0271868681021591
ABC,HIV-1 IN,PC,Validation,0.4139784946236559,0.3632075471698113,0.4808510638297872,0.3869346733668342,0.4703634635073863,-0.0603142018283206
ABC,HIV-1 IN,PC,Test,0.4285714285714285,0.3179723502304147,0.4893617021276595,0.365079365079365,0.4771679932970256,-0.0479702551795576
ABC,HIV-1 IN,PC,Train,0.4614285714285714,0.5094637223974764,0.5113636363636364,0.4842578710644677,0.5111918095191516,0.0222730538000188
ABC,HIV-1 IN,PC,Validation,0.4329004329004329,0.4716981132075472,0.4829787234042553,0.4514672686230248,0.4819730876115255,-0.0358859284373145
ABC,HIV-1 IN,PC,Test,0.4672897196261682,0.4608294930875576,0.5085106382978724,0.4640371229698375,0.5051183038560317,0.0102475328391375
ABC,HIV-1 IN,PC,Train,0.5538461538461539,0.1133858267716535,0.5592618878637331,0.188235294117647,0.5192252131274289,0.0661076247580226
ABC,HIV-1 IN,PC,Validation,0.7073170731707317,0.1374407582938388,0.5863539445628998,0.2301587301587301,0.545464565193431,0.1601549275946781
ABC,HIV-1 IN,PC,Test,0.5675675675675675,0.0967741935483871,0.548936170212766,0.1653543307086614,0.5167665434145098,0.0620753033838391
ABC,HIV-1 IN,PC,Train,0.4704944178628389,0.4645669291338583,0.5230660042583393,0.4675118858954041,0.5178131803292031,0.0356690593253363
ABC,HIV-1 IN,PC,Validation,0.4573991031390134,0.4834123222748815,0.509594882729211,0.4700460829493088,0.507210037106433,0.0143647671658968
ABC,HIV-1 IN,PC,Test,0.4898989898989899,0.4470046082949309,0.5297872340425532,0.4674698795180723,0.5238975610644614,0.0482565929266284
ABC,HIV-1 IN,PC,Train,0.4212678936605317,0.3249211356466877,0.4950284090909091,0.3668744434550312,0.4796440303556435,-0.0425426671873344
ABC,HIV-1 IN,PC,Validation,0.4438202247191011,0.3726415094339622,0.5063829787234042,0.4051282051282051,0.4944602896007021,-0.0113656273842951
ABC,HIV-1 IN,PC,Test,0.3896103896103896,0.2764976958525346,0.4659574468085106,0.3234501347708894,0.452478096938125,-0.1009508652245246
ABC,HIV-1 IN,PC,Train,0.5015923566878981,0.4968454258675079,0.5511363636363636,0.4992076069730586,0.5462263305048134,0.0925352924348338
ABC,HIV-1 IN,PC,Validation,0.5,0.4716981132075472,0.548936170212766,0.4854368932038835,0.5420506069913705,0.0846414643506282
ABC,HIV-1 IN,PC,Test,0.4761904761904761,0.4147465437788018,0.5191489361702127,0.4433497536945813,0.5117210979763575,0.0238344073403398
ABC,HIV-1 IN,PC,Train,0.473972602739726,0.2724409448818897,0.5358410220014195,0.346,0.5121894646890068,0.0276869611114405
ABC,HIV-1 IN,PC,Validation,0.5773195876288659,0.2654028436018957,0.582089552238806,0.3636363636363636,0.5532440574598626,0.1307961265084414
ABC,HIV-1 IN,PC,Test,0.4,0.184331797235023,0.4957446808510638,0.252365930599369,0.4735888235186973,-0.0643438448286962
ABC,HIV-1 IN,PC,Train,0.51183970856102,0.44251968503937,0.5585521646557843,0.4746621621621621,0.548133227532605,0.0982193203713832
ABC,HIV-1 IN,PC,Validation,0.4808743169398907,0.4170616113744075,0.535181236673774,0.4467005076142132,0.5244222785554208,0.0498148348983622
ABC,HIV-1 IN,PC,Test,0.4968944099378882,0.3686635944700461,0.5361702127659574,0.4232804232804232,0.5242527458516238,0.050955241142067
ABC,HIV-1 IN,PC,Train,0.4212678936605317,0.3249211356466877,0.4950284090909091,0.3668744434550312,0.4796440303556435,-0.0425426671873344
ABC,HIV-1 IN,PC,Validation,0.4438202247191011,0.3726415094339622,0.5063829787234042,0.4051282051282051,0.4944602896007021,-0.0113656273842951
ABC,HIV-1 IN,PC,Test,0.3896103896103896,0.2764976958525346,0.4659574468085106,0.3234501347708894,0.452478096938125,-0.1009508652245246
ABC,HIV-1 IN,PC,Train,0.5015923566878981,0.4968454258675079,0.5511363636363636,0.4992076069730586,0.5462263305048134,0.0925352924348338
ABC,HIV-1 IN,PC,Validation,0.5,0.4716981132075472,0.548936170212766,0.4854368932038835,0.5420506069913705,0.0846414643506282
ABC,HIV-1 IN,PC,Test,0.4761904761904761,0.4147465437788018,0.5191489361702127,0.4433497536945813,0.5117210979763575,0.0238344073403398
ABC,HIV-1 IN,PC,Train,0.473972602739726,0.2724409448818897,0.5358410220014195,0.346,0.5121894646890068,0.0276869611114405
ABC,HIV-1 IN,PC,Validation,0.5773195876288659,0.2654028436018957,0.582089552238806,0.3636363636363636,0.5532440574598626,0.1307961265084414
ABC,HIV-1 IN,PC,Test,0.4,0.184331797235023,0.4957446808510638,0.252365930599369,0.4735888235186973,-0.0643438448286962
ABC,HIV-1 IN,PC,Train,0.51183970856102,0.44251968503937,0.5585521646557843,0.4746621621621621,0.548133227532605,0.0982193203713832
ABC,HIV-1 IN,PC,Validation,0.4808743169398907,0.4170616113744075,0.535181236673774,0.4467005076142132,0.5244222785554208,0.0498148348983622
ABC,HIV-1 IN,PC,Test,0.4968944099378882,0.3686635944700461,0.5361702127659574,0.4232804232804232,0.5242527458516238,0.050955241142067
ABC,HIV-1 IN,PC,Train,0.454225352112676,0.4069400630914827,0.5127840909090909,0.4292845257903494,0.5032116336129249,0.0065141430087085
ABC,HIV-1 IN,PC,Validation,0.45,0.4245283018867924,0.5063829787234042,0.4368932038834951,0.4990858563697528,-0.0018400318337093
ABC,HIV-1 IN,PC,Test,0.4276729559748428,0.3133640552995391,0.4893617021276595,0.3617021276595745,0.476840130416568,-0.0488064787867482
ABC,HIV-1 IN,PC,Train,0.4372355430183356,0.4889589905362776,0.4865056818181818,0.4616530156366344,0.4867275572836427,-0.0264140052054187
ABC,HIV-1 IN,PC,Validation,0.456,0.5377358490566038,0.502127659574468,0.4935064935064935,0.5053020330554336,0.0105747197205952
ABC,HIV-1 IN,PC,Test,0.4714285714285714,0.456221198156682,0.5127659574468085,0.4637002341920375,0.5087430101455347,0.0175341526915961
ABC,HIV-1 IN,PC,Train,0.4394366197183099,0.2456692913385826,0.5188076650106459,0.3151515151515151,0.494281674093064,-0.0131075571618022
ABC,HIV-1 IN,PC,Validation,0.5346534653465347,0.2559241706161137,0.5650319829424307,0.3461538461538461,0.5368768139902275,0.0892585593068423
ABC,HIV-1 IN,PC,Test,0.38,0.1751152073732718,0.4872340425531914,0.2397476340694006,0.4650279594178612,-0.0852001255662736
ABC,HIV-1 IN,PC,Train,0.4740634005763688,0.5181102362204725,0.5237757274662882,0.4951091045899172,0.5232670044151458,0.0463121618991238
ABC,HIV-1 IN,PC,Validation,0.4541284403669725,0.4691943127962085,0.5074626865671642,0.4615384615384615,0.5039770013593446,0.0079336257202617
ABC,HIV-1 IN,PC,Test,0.4656084656084656,0.4055299539170507,0.5106382978723404,0.4334975369458128,0.5031602338755214,0.0064262154989106
ABC,HIV-1 IN,PC,Train,0.4266666666666667,0.4037854889589905,0.4872159090909091,0.4149108589951377,0.479670522257273,-0.0409062832531002
ABC,HIV-1 IN,PC,Validation,0.4292929292929293,0.4009433962264151,0.4893617021276595,0.4146341463414634,0.4814794500511921,-0.0373288499764346
ABC,HIV-1 IN,PC,Test,0.4345238095238095,0.336405529953917,0.4914893617021276,0.3792207792207792,0.4804557294038359,-0.0406613204325577
ABC,HIV-1 IN,PC,Train,0.4744027303754266,0.4384858044164038,0.5284090909090909,0.4557377049180328,0.5202764939394681,0.0409310843671375
ABC,HIV-1 IN,PC,Validation,0.446078431372549,0.4292452830188679,0.502127659574468,0.4375,0.4956303934474185,-0.0087739309280079
ABC,HIV-1 IN,PC,Test,0.4576271186440678,0.3732718894009216,0.5063829787234042,0.4111675126903553,0.496912624542358,-0.006353150263878
ABC,HIV-1 IN,PC,Train,0.5974025974025974,0.1448818897637795,0.5706174591909156,0.2332065906210393,0.5323892652953265,0.1033014011232521
ABC,HIV-1 IN,PC,Validation,0.7142857142857143,0.1658767772511848,0.5948827292110874,0.2692307692307692,0.555806605679856,0.1815281573895584
ABC,HIV-1 IN,PC,Test,0.5609756097560976,0.1059907834101382,0.548936170212766,0.1782945736434108,0.5174222691754249,0.0615608018550982
ABC,HIV-1 IN,PC,Train,0.4679582712369597,0.494488188976378,0.5188076650106459,0.4808575803981623,0.5166239394494294,0.0331231663733225
ABC,HIV-1 IN,PC,Validation,0.4426229508196721,0.5118483412322274,0.4904051172707889,0.4747252747252747,0.4923582791432455,-0.0152189984720585
ABC,HIV-1 IN,PC,Test,0.5124378109452736,0.4746543778801843,0.548936170212766,0.492822966507177,0.543651299612029,0.0879717300273547
ABC,HIV-1 IN,PC,Train,0.4212678936605317,0.3249211356466877,0.4950284090909091,0.3668744434550312,0.4796440303556435,-0.0425426671873344
ABC,HIV-1 IN,PC,Validation,0.4438202247191011,0.3726415094339622,0.5063829787234042,0.4051282051282051,0.4944602896007021,-0.0113656273842951
ABC,HIV-1 IN,PC,Test,0.3896103896103896,0.2764976958525346,0.4659574468085106,0.3234501347708894,0.452478096938125,-0.1009508652245246
ABC,HIV-1 IN,PC,Train,0.5015923566878981,0.4968454258675079,0.5511363636363636,0.4992076069730586,0.5462263305048134,0.0925352924348338
ABC,HIV-1 IN,PC,Validation,0.5,0.4716981132075472,0.548936170212766,0.4854368932038835,0.5420506069913705,0.0846414643506282
ABC,HIV-1 IN,PC,Test,0.4761904761904761,0.4147465437788018,0.5191489361702127,0.4433497536945813,0.5117210979763575,0.0238344073403398
ABC,HIV-1 IN,PC,Train,0.473972602739726,0.2724409448818897,0.5358410220014195,0.346,0.5121894646890068,0.0276869611114405
ABC,HIV-1 IN,PC,Validation,0.5773195876288659,0.2654028436018957,0.582089552238806,0.3636363636363636,0.5532440574598626,0.1307961265084414
ABC,HIV-1 IN,PC,Test,0.4,0.184331797235023,0.4957446808510638,0.252365930599369,0.4735888235186973,-0.0643438448286962
ABC,HIV-1 IN,PC,Train,0.51183970856102,0.44251968503937,0.5585521646557843,0.4746621621621621,0.548133227532605,0.0982193203713832
ABC,HIV-1 IN,PC,Validation,0.4808743169398907,0.4170616113744075,0.535181236673774,0.4467005076142132,0.5244222785554208,0.0498148348983622
ABC,HIV-1 IN,PC,Test,0.4968944099378882,0.3686635944700461,0.5361702127659574,0.4232804232804232,0.5242527458516238,0.050955241142067
ABC,HIV-1 IN,PC,Train,0.4212678936605317,0.3249211356466877,0.4950284090909091,0.3668744434550312,0.4796440303556435,-0.0425426671873344
ABC,HIV-1 IN,PC,Validation,0.4438202247191011,0.3726415094339622,0.5063829787234042,0.4051282051282051,0.4944602896007021,-0.0113656273842951
ABC,HIV-1 IN,PC,Test,0.3896103896103896,0.2764976958525346,0.4659574468085106,0.3234501347708894,0.452478096938125,-0.1009508652245246
ABC,HIV-1 IN,PC,Train,0.4992199687987519,0.5047318611987381,0.5490056818181818,0.5019607843137255,0.5450015895140977,0.0899179220596793
ABC,HIV-1 IN,PC,Validation,0.4903846153846153,0.4811320754716981,0.5404255319148936,0.4857142857142857,0.5351396811467017,0.0704082066106631
ABC,HIV-1 IN,PC,Test,0.4712041884816754,0.4147465437788018,0.5148936170212766,0.4411764705882353,0.5077685288063969,0.0157703059319924
ABC,HIV-1 IN,PC,Train,0.473972602739726,0.2724409448818897,0.5358410220014195,0.346,0.5121894646890068,0.0276869611114405
ABC,HIV-1 IN,PC,Validation,0.5773195876288659,0.2654028436018957,0.582089552238806,0.3636363636363636,0.5532440574598626,0.1307961265084414
ABC,HIV-1 IN,PC,Test,0.4,0.184331797235023,0.4957446808510638,0.252365930599369,0.4735888235186973,-0.0643438448286962
ABC,HIV-1 IN,PC,Train,0.51183970856102,0.44251968503937,0.5585521646557843,0.4746621621621621,0.548133227532605,0.0982193203713832
ABC,HIV-1 IN,PC,Validation,0.4808743169398907,0.4170616113744075,0.535181236673774,0.4467005076142132,0.5244222785554208,0.0498148348983622
ABC,HIV-1 IN,PC,Test,0.4968944099378882,0.3686635944700461,0.5361702127659574,0.4232804232804232,0.5242527458516238,0.050955241142067
ABC,HIV-1 IN,PC,Train,0.4518518518518518,0.3848580441640378,0.5127840909090909,0.4156729131175468,0.5012145517977812,0.0024854464105432
ABC,HIV-1 IN,PC,Validation,0.4577114427860697,0.4339622641509434,0.5127659574468085,0.4455205811138014,0.5057408219979523,0.011548024366564
ABC,HIV-1 IN,PC,Test,0.4267515923566879,0.3087557603686636,0.4893617021276595,0.3582887700534759,0.4765122675361105,-0.0496522827258251
ABC,HIV-1 IN,PC,Train,0.4463519313304721,0.4921135646687697,0.4964488636363636,0.4681170292573143,0.4960567823343849,-0.0078475510628719
ABC,HIV-1 IN,PC,Validation,0.4650205761316872,0.5330188679245284,0.5127659574468085,0.4967032967032967,0.5145714494661402,0.0290198035546637
ABC,HIV-1 IN,PC,Test,0.48,0.4423963133640553,0.5212765957446809,0.460431654676259,0.515664559844083,0.0315894045362744
ABC,HIV-1 IN,PC,Train,0.4176245210727969,0.1716535433070866,0.5188076650106459,0.2433035714285714,0.4876355571832591,-0.0316716501381755
ABC,HIV-1 IN,PC,Validation,0.5466666666666666,0.1943127962085308,0.5650319829424307,0.2867132867132867,0.5312649252360483,0.0848710798993576
ABC,HIV-1 IN,PC,Test,0.3684210526315789,0.1290322580645161,0.4957446808510638,0.1911262798634812,0.4696544689532066,-0.0821788308242104
ABC,HIV-1 IN,PC,Train,0.4752981260647359,0.4393700787401575,0.5287437899219305,0.4566284779050736,0.5207186311013449,0.0418209059995447
ABC,HIV-1 IN,PC,Validation,0.4648648648648649,0.4075829383886256,0.5223880597014925,0.4343434343434343,0.5119310040780337,0.0242891902291071
ABC,HIV-1 IN,PC,Test,0.4876543209876543,0.3640552995391705,0.5297872340425532,0.41688654353562,0.5179960292162256,0.0377540848222501
ABC,HIV-1 IN,PC,Train,0.4363636363636363,0.3785488958990536,0.5,0.4054054054054054,0.4890160500167102,-0.0224015806381461
ABC,HIV-1 IN,PC,Validation,0.4385026737967914,0.3867924528301887,0.5,0.4110275689223057,0.489907854322071,-0.0205199958646229
ABC,HIV-1 IN,PC,Test,0.4382716049382716,0.3271889400921659,0.4957446808510638,0.3746701846965699,0.4837525728128814,-0.0340856717221125
ABC,HIV-1 IN,PC,Train,0.4485981308411215,0.4542586750788643,0.5028409090909091,0.45141065830721,0.4984471669967966,-0.0031023297593372
ABC,HIV-1 IN,PC,Validation,0.4330357142857143,0.4575471698113207,0.4851063829787234,0.4449541284403669,0.4826495538979084,-0.0345721876770695
ABC,HIV-1 IN,PC,Test,0.4769230769230769,0.4285714285714285,0.5191489361702127,0.4514563106796116,0.51270468661773,0.0257099023718763
ABC,HIV-1 IN,PC,Train,0.5073529411764706,0.1086614173228346,0.5507452093683464,0.178988326848249,0.5110490549146472,0.0372330672450458
ABC,HIV-1 IN,PC,Validation,0.7333333333333333,0.1563981042654028,0.5948827292110874,0.2578125,0.5549432381792131,0.1856120395423376
ABC,HIV-1 IN,PC,Test,0.5263157894736842,0.0921658986175115,0.5425531914893617,0.1568627450980392,0.5105098267791115,0.0384398787922921
ABC,HIV-1 IN,PC,Train,0.4675716440422323,0.4881889763779528,0.5188076650106459,0.4776579352850539,0.5160583124783821,0.0320155572440912
ABC,HIV-1 IN,PC,Validation,0.4380530973451327,0.4691943127962085,0.4904051172707889,0.4530892448512585,0.4884731253903523,-0.0229527797239836
ABC,HIV-1 IN,PC,Test,0.5025641025641026,0.4516129032258064,0.5404255319148936,0.4757281553398058,0.5341068468698202,0.0690204905969009
ABC,HIV-1 IN,PC,Train,0.4212678936605317,0.3249211356466877,0.4950284090909091,0.3668744434550312,0.4796440303556435,-0.0425426671873344
ABC,HIV-1 IN,PC,Validation,0.4438202247191011,0.3726415094339622,0.5063829787234042,0.4051282051282051,0.4944602896007021,-0.0113656273842951
ABC,HIV-1 IN,PC,Test,0.3896103896103896,0.2764976958525346,0.4659574468085106,0.3234501347708894,0.452478096938125,-0.1009508652245246
ABC,HIV-1 IN,PC,Train,0.5015923566878981,0.4968454258675079,0.5511363636363636,0.4992076069730586,0.5462263305048134,0.0925352924348338
ABC,HIV-1 IN,PC,Validation,0.5,0.4716981132075472,0.548936170212766,0.4854368932038835,0.5420506069913705,0.0846414643506282
ABC,HIV-1 IN,PC,Test,0.4761904761904761,0.4147465437788018,0.5191489361702127,0.4433497536945813,0.5117210979763575,0.0238344073403398
ABC,HIV-1 IN,PC,Train,0.473972602739726,0.2724409448818897,0.5358410220014195,0.346,0.5121894646890068,0.0276869611114405
ABC,HIV-1 IN,PC,Validation,0.5773195876288659,0.2654028436018957,0.582089552238806,0.3636363636363636,0.5532440574598626,0.1307961265084414
ABC,HIV-1 IN,PC,Test,0.4,0.184331797235023,0.4957446808510638,0.252365930599369,0.4735888235186973,-0.0643438448286962
ABC,HIV-1 IN,PC,Train,0.51183970856102,0.44251968503937,0.5585521646557843,0.4746621621621621,0.548133227532605,0.0982193203713832
ABC,HIV-1 IN,PC,Validation,0.4808743169398907,0.4170616113744075,0.535181236673774,0.4467005076142132,0.5244222785554208,0.0498148348983622
ABC,HIV-1 IN,PC,Test,0.4968944099378882,0.3686635944700461,0.5361702127659574,0.4232804232804232,0.5242527458516238,0.050955241142067
ABC,HIV-1 IN,PC,Train,0.4532871972318339,0.4132492113564668,0.5113636363636364,0.4323432343234323,0.5024902387531689,0.0050371296226427
ABC,HIV-1 IN,PC,Validation,0.4563106796116505,0.4433962264150943,0.5106382978723404,0.4497607655502392,0.5046438496416558,0.0093143028611429
ABC,HIV-1 IN,PC,Test,0.4294117647058823,0.336405529953917,0.4872340425531914,0.3772609819121447,0.4765031602338755,-0.0487578436511887
ABC,HIV-1 IN,PC,Train,0.4681583476764199,0.4290220820189274,0.5234375,0.4477366255144033,0.5148986379086885,0.030112779865163
ABC,HIV-1 IN,PC,Validation,0.4879227053140096,0.4764150943396226,0.5382978723404256,0.4821002386634845,0.532781190580664,0.0657157478866185
ABC,HIV-1 IN,PC,Test,0.4855491329479768,0.3870967741935484,0.5276595744680851,0.4307692307692308,0.5176590590335332,0.0365078624302998
ABC,HIV-1 IN,PC,Train,0.4709141274238227,0.2677165354330709,0.5344215755855216,0.3413654618473896,0.5104732547966387,0.0238745264256663
ABC,HIV-1 IN,PC,Validation,0.5773195876288659,0.2654028436018957,0.582089552238806,0.3636363636363636,0.5532440574598626,0.1307961265084414
ABC,HIV-1 IN,PC,Test,0.4,0.184331797235023,0.4957446808510638,0.252365930599369,0.4735888235186973,-0.0643438448286962
ABC,HIV-1 IN,PC,Train,0.4790159189580318,0.521259842519685,0.5287437899219305,0.4992458521870286,0.5280717817249588,0.0558799580180534
ABC,HIV-1 IN,PC,Validation,0.4746543778801843,0.4881516587677725,0.5266524520255863,0.4813084112149532,0.5231455968257467,0.046186954115676
ABC,HIV-1 IN,PC,Test,0.4896907216494845,0.4377880184331797,0.5297872340425532,0.462287104622871,0.5232418353035464,0.0470690178716102
ABC,HIV-1 IN,PC,Train,0.4545454545454545,0.3785488958990536,0.515625,0.4130808950086058,0.5032279363216198,0.0066345545047602
ABC,HIV-1 IN,PC,Validation,0.4607329842931937,0.4150943396226415,0.5170212765957447,0.4367245657568238,0.5079347667105455,0.0160776717067646
ABC,HIV-1 IN,PC,Test,0.4370860927152318,0.304147465437788,0.4978723404255319,0.358695652173913,0.4840895429955738,-0.033971831576229
ABC,HIV-1 IN,PC,Train,0.4490445859872611,0.444794952681388,0.5042613636363636,0.4469096671949287,0.498883264454389,-0.0022354673009296
ABC,HIV-1 IN,PC,Validation,0.4605263157894737,0.4952830188679245,0.5106382978723404,0.4772727272727273,0.5092694164107064,0.0184580179954051
ABC,HIV-1 IN,PC,Test,0.483695652173913,0.4101382488479262,0.5255319148936171,0.4438902743142144,0.5173220888508405,0.0353857542467908
ABC,HIV-1 IN,PC,Train,0.4301075268817204,0.1259842519685039,0.5308729595457772,0.1948842874543239,0.4945166737878695,-0.0161198769220985
ABC,HIV-1 IN,PC,Validation,0.5692307692307692,0.1753554502369668,0.5692963752665245,0.2681159420289855,0.5334141592270106,0.0962197564349333
ABC,HIV-1 IN,PC,Test,0.4150943396226415,0.1013824884792626,0.5191489361702127,0.1629629629629629,0.489426422105244,-0.0333300626454913
ABC,HIV-1 IN,PC,Train,0.4810996563573883,0.4409448818897638,0.5337118523775728,0.4601479046836483,0.5253820016683961,0.051297825970859
ABC,HIV-1 IN,PC,Validation,0.453551912568306,0.3933649289099526,0.5138592750533049,0.4213197969543147,0.5028840148425732,0.0058826093110514
ABC,HIV-1 IN,PC,Test,0.4713375796178344,0.3410138248847926,0.5191489361702127,0.3957219251336898,0.5064752918890366,0.0136885509957586
ABC,HIV-1 IN,PC,Train,0.4332191780821918,0.3990536277602524,0.4943181818181818,0.4154351395730706,0.4857025244744414,-0.0288758274067828
ABC,HIV-1 IN,PC,Validation,0.4345549738219895,0.3915094339622642,0.4957446808510638,0.4119106699751861,0.4864523913997367,-0.0274505869463424
ABC,HIV-1 IN,PC,Test,0.4276729559748428,0.3133640552995391,0.4893617021276595,0.3617021276595745,0.476840130416568,-0.0488064787867482
ABC,HIV-1 IN,PC,Train,0.4556213017751479,0.4858044164037854,0.5071022727272727,0.4702290076335877,0.5051761100106782,0.0103090753634447
ABC,HIV-1 IN,PC,Validation,0.4330357142857143,0.4575471698113207,0.4851063829787234,0.4449541284403669,0.4826495538979084,-0.0345721876770695
ABC,HIV-1 IN,PC,Test,0.4679802955665024,0.4377880184331797,0.5106382978723404,0.4523809523809524,0.5054552740387243,0.0109807763261931
ABC,HIV-1 IN,PC,Train,0.4855491329479768,0.1322834645669291,0.5457771469127041,0.2079207920792079,0.5086481922317849,0.026222879920808
ABC,HIV-1 IN,PC,Validation,0.6666666666666666,0.1706161137440758,0.5884861407249466,0.2716981132075471,0.5504243359418054,0.1571811042643231
ABC,HIV-1 IN,PC,Test,0.4528301886792453,0.1105990783410138,0.5276595744680851,0.1777777777777777,0.49798728620608,-0.0063444822090039
ABC,HIV-1 IN,PC,Train,0.4690402476780185,0.4771653543307086,0.5209368346344926,0.4730679156908665,0.5170064497751734,0.0339642846117996
ABC,HIV-1 IN,PC,Validation,0.4429824561403508,0.4786729857819905,0.4946695095948827,0.4601366742596811,0.4932124618832433,-0.0135119308187837
ABC,HIV-1 IN,PC,Test,0.4974619289340101,0.4516129032258064,0.5361702127659574,0.4734299516908212,0.5301542776998598,0.0609332884304784
ABC,HIV-1 IN,PC,Train,0.4230769230769231,0.3296529968454258,0.4957386363636363,0.3705673758865248,0.4807179712909299,-0.0402032588153831
ABC,HIV-1 IN,PC,Validation,0.445054945054945,0.3820754716981132,0.5063829787234042,0.4111675126903553,0.4953013017405294,-0.0095996057606743
ABC,HIV-1 IN,PC,Test,0.3896103896103896,0.2764976958525346,0.4659574468085106,0.3234501347708894,0.452478096938125,-0.1009508652245246
ABC,HIV-1 IN,PC,Train,0.5141342756183745,0.4589905362776025,0.5610795454545454,0.485,0.5518466893274317,0.1052208663555162
ABC,HIV-1 IN,PC,Validation,0.4972972972972973,0.4339622641509434,0.5468085106382978,0.4634760705289673,0.5367485739359369,0.0748583026172991
ABC,HIV-1 IN,PC,Test,0.4970414201183432,0.3870967741935484,0.5361702127659574,0.4352331606217616,0.5255641973734541,0.0531160394782678
ABC,HIV-1 IN,PC,Train,0.4705144291091593,0.5905511811023622,0.5159687721788503,0.5237430167597765,0.522665771429734,0.0455043559314094
ABC,HIV-1 IN,PC,Validation,0.5,0.6208530805687204,0.5501066098081023,0.5539112050739958,0.5565505712921122,0.1133136566620799
ABC,HIV-1 IN,PC,Test,0.4424778761061947,0.4608294930875576,0.4829787234042553,0.4514672686230248,0.4814028888362689,-0.0371121809897486
ABC,HIV-1 IN,PC,Train,0.5185185185185185,0.462992125984252,0.5642299503193754,0.4891846921797005,0.5551394738448392,0.1118928616656713
ABC,HIV-1 IN,PC,Validation,0.483695652173913,0.4218009478672986,0.5373134328358209,0.4506329113924051,0.5267919468018664,0.0545951428887415
ABC,HIV-1 IN,PC,Test,0.4970414201183432,0.3870967741935484,0.5361702127659574,0.4352331606217616,0.5255641973734541,0.0531160394782678
ABC,HIV-1 IN,PC,Train,0.4230769230769231,0.3296529968454258,0.4957386363636363,0.3705673758865248,0.4807179712909299,-0.0402032588153831
ABC,HIV-1 IN,PC,Validation,0.445054945054945,0.3820754716981132,0.5063829787234042,0.4111675126903553,0.4953013017405294,-0.0095996057606743
ABC,HIV-1 IN,PC,Test,0.3896103896103896,0.2764976958525346,0.4659574468085106,0.3234501347708894,0.452478096938125,-0.1009508652245246
ABC,HIV-1 IN,PC,Train,0.5141342756183745,0.4589905362776025,0.5610795454545454,0.485,0.5518466893274317,0.1052208663555162
ABC,HIV-1 IN,PC,Validation,0.4972972972972973,0.4339622641509434,0.5468085106382978,0.4634760705289673,0.5367485739359369,0.0748583026172991
ABC,HIV-1 IN,PC,Test,0.4970414201183432,0.3870967741935484,0.5361702127659574,0.4352331606217616,0.5255641973734541,0.0531160394782678
ABC,HIV-1 IN,PC,Train,0.4705144291091593,0.5905511811023622,0.5159687721788503,0.5237430167597765,0.522665771429734,0.0455043559314094
ABC,HIV-1 IN,PC,Validation,0.5,0.6208530805687204,0.5501066098081023,0.5539112050739958,0.5565505712921122,0.1133136566620799
ABC,HIV-1 IN,PC,Test,0.4424778761061947,0.4608294930875576,0.4829787234042553,0.4514672686230248,0.4814028888362689,-0.0371121809897486
ABC,HIV-1 IN,PC,Train,0.5185185185185185,0.462992125984252,0.5642299503193754,0.4891846921797005,0.5551394738448392,0.1118928616656713
ABC,HIV-1 IN,PC,Validation,0.483695652173913,0.4218009478672986,0.5373134328358209,0.4506329113924051,0.5267919468018664,0.0545951428887415
ABC,HIV-1 IN,PC,Test,0.4970414201183432,0.3870967741935484,0.5361702127659574,0.4352331606217616,0.5255641973734541,0.0531160394782678
ABC,HIV-1 IN,PC,Train,0.4590747330960854,0.4069400630914827,0.5170454545454546,0.431438127090301,0.5070876026051729,0.0144009494104938
ABC,HIV-1 IN,PC,Validation,0.45,0.4245283018867924,0.5063829787234042,0.4368932038834951,0.4990858563697528,-0.0018400318337093
ABC,HIV-1 IN,PC,Test,0.4409937888198758,0.3271889400921659,0.4978723404255319,0.3756613756613756,0.4857288573978616,-0.0299838013028986
ABC,HIV-1 IN,PC,Train,0.4678899082568807,0.4022082018927445,0.5248579545454546,0.4325699745547073,0.5137655996543825,0.0281213775230712
ABC,HIV-1 IN,PC,Validation,0.4874371859296482,0.4575471698113207,0.5382978723404256,0.4720194647201946,0.5310991663010092,0.0626390759200184
ABC,HIV-1 IN,PC,Test,0.4938271604938271,0.3686635944700461,0.5340425531914894,0.4221635883905013,0.5222764612666436,0.0467340543902955
ABC,HIV-1 IN,PC,Train,0.4792899408284023,0.510236220472441,0.5294535131298793,0.494279176201373,0.5277279293576675,0.0552305594387606
ABC,HIV-1 IN,PC,Validation,0.5194174757281553,0.5071090047393365,0.5671641791044776,0.513189448441247,0.5616940372533892,0.1236837895795372
ABC,HIV-1 IN,PC,Test,0.4587628865979381,0.4101382488479262,0.5042553191489362,0.4330900243309002,0.4975592430010381,-0.0049429846354198
ABC,HIV-1 IN,PC,Train,0.4798270893371757,0.5244094488188976,0.5294535131298793,0.5011286681715575,0.5290005900425238,0.0577246643897653
ABC,HIV-1 IN,PC,Validation,0.4768518518518518,0.4881516587677725,0.5287846481876333,0.4824355971896955,0.5250835813218707,0.0500706792897427
ABC,HIV-1 IN,PC,Test,0.4897959183673469,0.4423963133640553,0.5297872340425532,0.4648910411622276,0.523569698184004,0.0476618425230328
ABC,HIV-1 IN,PC,Train,0.4491682070240296,0.3832807570977918,0.5106534090909091,0.4136170212765957,0.4991339186005755,-0.0017717222332298
ABC,HIV-1 IN,PC,Validation,0.4545454545454545,0.4009433962264151,0.5127659574468085,0.4260651629072681,0.5027972795085563,0.0056876075494335
ABC,HIV-1 IN,PC,Test,0.4025974025974026,0.2857142857142857,0.474468085106383,0.3342318059299191,0.461038961038961,-0.0827650060234795
ABC,HIV-1 IN,PC,Train,0.439469320066335,0.417981072555205,0.4978693181818182,0.4284559417946645,0.4906442830476284,-0.0188133260786961
ABC,HIV-1 IN,PC,Validation,0.4202898550724637,0.410377358490566,0.4787234042553192,0.4152744630071599,0.4726305397103993,-0.0548669685366804
ABC,HIV-1 IN,PC,Test,0.4666666666666667,0.3870967741935484,0.5127659574468085,0.4231738035264483,0.5038250669386715,0.0078455593370998
ABC,HIV-1 IN,PC,Train,0.4325452016689847,0.489763779527559,0.4804826117814053,0.4593796159527326,0.4813159982909113,-0.0371936025957774
ABC,HIV-1 IN,PC,Validation,0.4711111111111111,0.5023696682464455,0.5223880597014925,0.4862385321100917,0.5205646790844631,0.0409559345900711
ABC,HIV-1 IN,PC,Test,0.4611398963730569,0.4101382488479262,0.5063829787234042,0.4341463414634146,0.4995355275860184,-0.0009413725049707
ABC,HIV-1 IN,PC,Train,0.4899193548387097,0.3826771653543307,0.5422285308729595,0.4297082228116711,0.5279018901707054,0.0581359450274007
ABC,HIV-1 IN,PC,Validation,0.4189189189189189,0.2938388625592417,0.4989339019189765,0.3454038997214484,0.4802527646129542,-0.042276984759478
ABC,HIV-1 IN,PC,Test,0.5211267605633803,0.3410138248847926,0.551063829787234,0.4122562674094707,0.5361195606637402,0.078429868764023
ABC,HIV-1 IN,PC,Train,0.4230769230769231,0.3296529968454258,0.4957386363636363,0.3705673758865248,0.4807179712909299,-0.0402032588153831
ABC,HIV-1 IN,PC,Validation,0.445054945054945,0.3820754716981132,0.5063829787234042,0.4111675126903553,0.4953013017405294,-0.0095996057606743
ABC,HIV-1 IN,PC,Test,0.3896103896103896,0.2764976958525346,0.4659574468085106,0.3234501347708894,0.452478096938125,-0.1009508652245246
ABC,HIV-1 IN,PC,Train,0.5141342756183745,0.4589905362776025,0.5610795454545454,0.485,0.5518466893274317,0.1052208663555162
ABC,HIV-1 IN,PC,Validation,0.4972972972972973,0.4339622641509434,0.5468085106382978,0.4634760705289673,0.5367485739359369,0.0748583026172991
ABC,HIV-1 IN,PC,Test,0.4970414201183432,0.3870967741935484,0.5361702127659574,0.4352331606217616,0.5255641973734541,0.0531160394782678
ABC,HIV-1 IN,PC,Train,0.4705144291091593,0.5905511811023622,0.5159687721788503,0.5237430167597765,0.522665771429734,0.0455043559314094
ABC,HIV-1 IN,PC,Validation,0.5,0.6208530805687204,0.5501066098081023,0.5539112050739958,0.5565505712921122,0.1133136566620799
ABC,HIV-1 IN,PC,Test,0.4424778761061947,0.4608294930875576,0.4829787234042553,0.4514672686230248,0.4814028888362689,-0.0371121809897486
ABC,HIV-1 IN,PC,Train,0.5185185185185185,0.462992125984252,0.5642299503193754,0.4891846921797005,0.5551394738448392,0.1118928616656713
ABC,HIV-1 IN,PC,Validation,0.483695652173913,0.4218009478672986,0.5373134328358209,0.4506329113924051,0.5267919468018664,0.0545951428887415
ABC,HIV-1 IN,PC,Test,0.4970414201183432,0.3870967741935484,0.5361702127659574,0.4352331606217616,0.5255641973734541,0.0531160394782678
ABC,HIV-1 IN,PC,Train,0.4537953795379538,0.4337539432176656,0.5099431818181818,0.4435483870967742,0.503052682203148,0.0061348394766041
ABC,HIV-1 IN,PC,Validation,0.4537037037037037,0.4622641509433962,0.5063829787234042,0.4579439252336448,0.5024499049290625,0.0048923022102857
ABC,HIV-1 IN,PC,Test,0.4342857142857143,0.3502304147465437,0.4893617021276595,0.3877551020408163,0.4794630334602284,-0.0423571163954068
ABC,HIV-1 IN,PC,Train,0.4678899082568807,0.4022082018927445,0.5248579545454546,0.4325699745547073,0.5137655996543825,0.0281213775230712
ABC,HIV-1 IN,PC,Validation,0.4874371859296482,0.4575471698113207,0.5382978723404256,0.4720194647201946,0.5310991663010092,0.0626390759200184
ABC,HIV-1 IN,PC,Test,0.4938271604938271,0.3686635944700461,0.5340425531914894,0.4221635883905013,0.5222764612666436,0.0467340543902955
ABC,HIV-1 IN,PC,Train,0.4758522727272727,0.5275590551181102,0.525195173882186,0.5003734129947722,0.5254074345357993,0.0505670089579481
ABC,HIV-1 IN,PC,Validation,0.5,0.5308056872037915,0.5501066098081023,0.5149425287356322,0.5483485800360043,0.0963069764928411
ABC,HIV-1 IN,PC,Test,0.4558823529411764,0.4285714285714285,0.5,0.4418052256532066,0.4949181253529079,-0.0102232308905101
ABC,HIV-1 IN,PC,Train,0.4798270893371757,0.5244094488188976,0.5294535131298793,0.5011286681715575,0.5290005900425238,0.0577246643897653
ABC,HIV-1 IN,PC,Validation,0.4768518518518518,0.4881516587677725,0.5287846481876333,0.4824355971896955,0.5250835813218707,0.0500706792897427
ABC,HIV-1 IN,PC,Test,0.4897959183673469,0.4423963133640553,0.5297872340425532,0.4648910411622276,0.523569698184004,0.0476618425230328
ABC,HIV-1 IN,PC,Train,0.445632798573975,0.3943217665615142,0.5063920454545454,0.4184100418410041,0.4962564905158992,-0.007608532619827
ABC,HIV-1 IN,PC,Validation,0.4545454545454545,0.4245283018867924,0.5106382978723404,0.4390243902439024,0.5029618253620008,0.005969668012026
ABC,HIV-1 IN,PC,Test,0.445859872611465,0.3225806451612903,0.502127659574468,0.374331550802139,0.4893535636873645,-0.0225062111308606
ABC,HIV-1 IN,PC,Train,0.4273927392739274,0.4085173501577287,0.4872159090909091,0.4177419354838709,0.4800984683605181,-0.0399952218481413
ABC,HIV-1 IN,PC,Validation,0.4439461883408072,0.4669811320754717,0.4957446808510638,0.4551724137931034,0.493180488518356,-0.0135912729966212
ABC,HIV-1 IN,PC,Test,0.4597701149425287,0.3686635944700461,0.5085106382978724,0.4092071611253197,0.4985610462468807,-0.0029712998413942
ABC,HIV-1 IN,PC,Train,0.4490500863557858,0.4094488188976378,0.5074520936834634,0.42833607907743,0.4986520580276302,-0.0027263412039819
ABC,HIV-1 IN,PC,Validation,0.4942528735632184,0.4075829383886256,0.5458422174840085,0.4467532467532467,0.5332488335353981,0.0684812781906117
ABC,HIV-1 IN,PC,Test,0.4807692307692308,0.3456221198156682,0.5255319148936171,0.4021447721179624,0.5127320085244349,0.02695813977077
ABC,HIV-1 IN,PC,Train,0.4791288566243194,0.415748031496063,0.5330021291696239,0.4451939291736931,0.5224734989521658,0.0458288109396518
ABC,HIV-1 IN,PC,Validation,0.4294117647058823,0.3459715639810427,0.4989339019189765,0.3832020997375328,0.4850012858664904,-0.0310438123253503
ABC,HIV-1 IN,PC,Test,0.4825174825174825,0.3179723502304147,0.5276595744680851,0.3833333333333333,0.5127411158266699,0.0276112260766886
ABC,HIV-1 IN,PC,Train,0.4459459459459459,0.416403785488959,0.5042613636363636,0.430668841761827,0.4963155878349188,-0.0074268966381911
ABC,HIV-1 IN,PC,Validation,0.441025641025641,0.4056603773584906,0.5,0.4226044226044226,0.4915898786017259,-0.016987379586843
ABC,HIV-1 IN,PC,Test,0.4419889502762431,0.3686635944700461,0.4936170212765957,0.4020100502512563,0.484727054152019,-0.0312935423005064
ABC,HIV-1 IN,PC,Train,0.460370994940978,0.4305993690851735,0.5163352272727273,0.4449877750611247,0.5085813382893568,0.0172939411491888
ABC,HIV-1 IN,PC,Validation,0.4433497536945813,0.4245283018867924,0.5,0.4337349397590361,0.4932719028813808,-0.0135175000935297
ABC,HIV-1 IN,PC,Test,0.4887640449438202,0.4009216589861751,0.5297872340425532,0.440506329113924,0.520618932259886,0.0423823338482561
ABC,HIV-1 IN,PC,Train,0.4385321100917431,0.3763779527559055,0.5017743080198722,0.4050847457627118,0.4905145577733015,-0.0193816077287753
ABC,HIV-1 IN,PC,Validation,0.475,0.3601895734597156,0.5330490405117271,0.4097035040431266,0.5173040890554391,0.0363153794863131
ABC,HIV-1 IN,PC,Test,0.4791666666666667,0.3179723502304147,0.5255319148936171,0.3822714681440443,0.5107648312416896,0.0232829123350768
ABC,HIV-1 IN,PC,Train,0.4705882352941176,0.4031496062992126,0.5266146202980837,0.4342663273960984,0.5155282915216993,0.031739750665404
ABC,HIV-1 IN,PC,Validation,0.478494623655914,0.4218009478672986,0.5330490405117271,0.4483627204030226,0.5229159778096183,0.0466089993828814
ABC,HIV-1 IN,PC,Test,0.5157232704402516,0.3778801843317972,0.548936170212766,0.4361702127659574,0.5367661791224203,0.0774800451679523
ABC,HIV-1 IN,PC,Train,0.4230769230769231,0.3296529968454258,0.4957386363636363,0.3705673758865248,0.4807179712909299,-0.0402032588153831
ABC,HIV-1 IN,PC,Validation,0.445054945054945,0.3820754716981132,0.5063829787234042,0.4111675126903553,0.4953013017405294,-0.0095996057606743
ABC,HIV-1 IN,PC,Test,0.3896103896103896,0.2764976958525346,0.4659574468085106,0.3234501347708894,0.452478096938125,-0.1009508652245246
ABC,HIV-1 IN,PC,Train,0.5141342756183745,0.4589905362776025,0.5610795454545454,0.485,0.5518466893274317,0.1052208663555162
ABC,HIV-1 IN,PC,Validation,0.4972972972972973,0.4339622641509434,0.5468085106382978,0.4634760705289673,0.5367485739359369,0.0748583026172991
ABC,HIV-1 IN,PC,Test,0.4970414201183432,0.3870967741935484,0.5361702127659574,0.4352331606217616,0.5255641973734541,0.0531160394782678
ABC,HIV-1 IN,PC,Train,0.4705144291091593,0.5905511811023622,0.5159687721788503,0.5237430167597765,0.522665771429734,0.0455043559314094
ABC,HIV-1 IN,PC,Validation,0.5,0.6208530805687204,0.5501066098081023,0.5539112050739958,0.5565505712921122,0.1133136566620799
ABC,HIV-1 IN,PC,Test,0.4424778761061947,0.4608294930875576,0.4829787234042553,0.4514672686230248,0.4814028888362689,-0.0371121809897486
ABC,HIV-1 IN,PC,Train,0.5185185185185185,0.462992125984252,0.5642299503193754,0.4891846921797005,0.5551394738448392,0.1118928616656713
ABC,HIV-1 IN,PC,Validation,0.483695652173913,0.4218009478672986,0.5373134328358209,0.4506329113924051,0.5267919468018664,0.0545951428887415
ABC,HIV-1 IN,PC,Test,0.4970414201183432,0.3870967741935484,0.5361702127659574,0.4352331606217616,0.5255641973734541,0.0531160394782678
ABC,HIV-1 IN,PC,Train,0.4230769230769231,0.3296529968454258,0.4957386363636363,0.3705673758865248,0.4807179712909299,-0.0402032588153831
ABC,HIV-1 IN,PC,Validation,0.445054945054945,0.3820754716981132,0.5063829787234042,0.4111675126903553,0.4953013017405294,-0.0095996057606743
ABC,HIV-1 IN,PC,Test,0.3896103896103896,0.2764976958525346,0.4659574468085106,0.3234501347708894,0.452478096938125,-0.1009508652245246
ABC,HIV-1 IN,PC,Train,0.5141342756183745,0.4589905362776025,0.5610795454545454,0.485,0.5518466893274317,0.1052208663555162
ABC,HIV-1 IN,PC,Validation,0.4972972972972973,0.4339622641509434,0.5468085106382978,0.4634760705289673,0.5367485739359369,0.0748583026172991
ABC,HIV-1 IN,PC,Test,0.4970414201183432,0.3870967741935484,0.5361702127659574,0.4352331606217616,0.5255641973734541,0.0531160394782678
ABC,HIV-1 IN,PC,Train,0.4705144291091593,0.5905511811023622,0.5159687721788503,0.5237430167597765,0.522665771429734,0.0455043559314094
ABC,HIV-1 IN,PC,Validation,0.5,0.6208530805687204,0.5501066098081023,0.5539112050739958,0.5565505712921122,0.1133136566620799
ABC,HIV-1 IN,PC,Test,0.4424778761061947,0.4608294930875576,0.4829787234042553,0.4514672686230248,0.4814028888362689,-0.0371121809897486
ABC,HIV-1 IN,PC,Train,0.5185185185185185,0.462992125984252,0.5642299503193754,0.4891846921797005,0.5551394738448392,0.1118928616656713
ABC,HIV-1 IN,PC,Validation,0.483695652173913,0.4218009478672986,0.5373134328358209,0.4506329113924051,0.5267919468018664,0.0545951428887415
ABC,HIV-1 IN,PC,Test,0.4970414201183432,0.3870967741935484,0.5361702127659574,0.4352331606217616,0.5255641973734541,0.0531160394782678
ABC,HIV-1 IN,PC,Train,0.4427350427350427,0.4085173501577287,0.5021306818181818,0.4249384741591468,0.4936643598333863,-0.0127925686950879
ABC,HIV-1 IN,PC,Validation,0.4482758620689655,0.4292452830188679,0.5042553191489362,0.4385542168674698,0.4975683779435425,-0.0048854008490202
ABC,HIV-1 IN,PC,Test,0.4268292682926829,0.3225806451612903,0.4872340425531914,0.3674540682414698,0.4755195715925028,-0.0512102032594707
ABC,HIV-1 IN,PC,Train,0.4393491124260355,0.4684542586750788,0.4914772727272727,0.4534351145038168,0.4893950879938701,-0.0211214284217978
ABC,HIV-1 IN,PC,Validation,0.4462809917355372,0.5094339622641509,0.4936170212765957,0.4757709251101321,0.4950270586514553,-0.0099025264196256
ABC,HIV-1 IN,PC,Test,0.4773869346733668,0.4377880184331797,0.5191489361702127,0.4567307692307692,0.5133604123786452,0.0269605534175072
ABC,HIV-1 IN,PC,Train,0.4579310344827586,0.5228346456692914,0.5060326472675657,0.488235294117647,0.5075413538423976,0.0150154932467034
ABC,HIV-1 IN,PC,Validation,0.4934497816593886,0.5355450236966824,0.5437100213219617,0.5136363636363637,0.5429663102979536,0.0855235608500608
ABC,HIV-1 IN,PC,Test,0.4422110552763819,0.4055299539170507,0.4893617021276595,0.4230769230769231,0.4833973880257191,-0.0335031280709718
ABC,HIV-1 IN,PC,Train,0.4746743849493487,0.5165354330708661,0.524485450674237,0.4947209653092006,0.5237715925044253,0.0473199601003063
ABC,HIV-1 IN,PC,Validation,0.4516129032258064,0.4644549763033175,0.5053304904051172,0.4579439252336448,0.5016073331128992,0.0032074273691441
ABC,HIV-1 IN,PC,Test,0.4680851063829787,0.4055299539170507,0.5127659574468085,0.4345679012345679,0.5051365184605017,0.01045407226009
ABC,HIV-1 IN,PC,Train,0.4283305227655986,0.4006309148264984,0.4893465909090909,0.4140179299103504,0.4813232093512337,-0.0376392711071754
ABC,HIV-1 IN,PC,Validation,0.4322916666666667,0.3915094339622642,0.4936170212765957,0.4108910891089108,0.4845144069036127,-0.0313518094005091
ABC,HIV-1 IN,PC,Test,0.4424242424242424,0.336405529953917,0.4978723404255319,0.3821989528795811,0.4863845831587767,-0.0284419372134564
ABC,HIV-1 IN,PC,Train,0.4488734835355286,0.4085173501577287,0.5078125,0.4277456647398844,0.4988323184897171,-0.0023625504426913
ABC,HIV-1 IN,PC,Validation,0.4411764705882353,0.4245283018867924,0.4978723404255319,0.4326923076923077,0.4913339183852567,-0.017401017823748
ABC,HIV-1 IN,PC,Test,0.4852071005917159,0.3778801843317972,0.5276595744680851,0.4248704663212435,0.5170033332726179,0.0353286945870773
ABC,HIV-1 IN,PC,Train,0.4392220421393841,0.4267716535433071,0.496096522356281,0.4329073482428115,0.4898716148853486,-0.0203152594024449
ABC,HIV-1 IN,PC,Validation,0.4712041884816754,0.4265402843601896,0.5266524520255863,0.4477611940298507,0.5175337080715676,0.0355071460227837
ABC,HIV-1 IN,PC,Test,0.440251572327044,0.3225806451612903,0.4978723404255319,0.3723404255319149,0.485400994517404,-0.0307655467932196
ABC,HIV-1 IN,PC,Train,0.4614147909967845,0.4519685039370079,0.5152590489709014,0.4566428003182179,0.5095759832346538,0.0191905824961562
ABC,HIV-1 IN,PC,Validation,0.4407582938388625,0.4407582938388625,0.4968017057569296,0.4407582938388625,0.4916969763767956,-0.0166060472464087
ABC,HIV-1 IN,PC,Test,0.5146198830409356,0.4055299539170507,0.548936170212766,0.4536082474226804,0.5387333564051657,0.0802733903562499
ABC,HIV-1 IN,PC,Train,0.4230769230769231,0.3296529968454258,0.4957386363636363,0.3705673758865248,0.4807179712909299,-0.0402032588153831
ABC,HIV-1 IN,PC,Validation,0.445054945054945,0.3820754716981132,0.5063829787234042,0.4111675126903553,0.4953013017405294,-0.0095996057606743
ABC,HIV-1 IN,PC,Test,0.3896103896103896,0.2764976958525346,0.4659574468085106,0.3234501347708894,0.452478096938125,-0.1009508652245246
ABC,HIV-1 IN,PC,Train,0.5141342756183745,0.4589905362776025,0.5610795454545454,0.485,0.5518466893274317,0.1052208663555162
ABC,HIV-1 IN,PC,Validation,0.4972972972972973,0.4339622641509434,0.5468085106382978,0.4634760705289673,0.5367485739359369,0.0748583026172991
ABC,HIV-1 IN,PC,Test,0.4970414201183432,0.3870967741935484,0.5361702127659574,0.4352331606217616,0.5255641973734541,0.0531160394782678
ABC,HIV-1 IN,PC,Train,0.4705144291091593,0.5905511811023622,0.5159687721788503,0.5237430167597765,0.522665771429734,0.0455043559314094
ABC,HIV-1 IN,PC,Validation,0.5,0.6208530805687204,0.5501066098081023,0.5539112050739958,0.5565505712921122,0.1133136566620799
ABC,HIV-1 IN,PC,Test,0.4424778761061947,0.4608294930875576,0.4829787234042553,0.4514672686230248,0.4814028888362689,-0.0371121809897486
ABC,HIV-1 IN,PC,Train,0.5185185185185185,0.462992125984252,0.5642299503193754,0.4891846921797005,0.5551394738448392,0.1118928616656713
ABC,HIV-1 IN,PC,Validation,0.483695652173913,0.4218009478672986,0.5373134328358209,0.4506329113924051,0.5267919468018664,0.0545951428887415
ABC,HIV-1 IN,PC,Test,0.4970414201183432,0.3870967741935484,0.5361702127659574,0.4352331606217616,0.5255641973734541,0.0531160394782678
ABC,HIV-1 IN,PC,Train,0.4230769230769231,0.3296529968454258,0.4957386363636363,0.3705673758865248,0.4807179712909299,-0.0402032588153831
ABC,HIV-1 IN,PC,Validation,0.445054945054945,0.3820754716981132,0.5063829787234042,0.4111675126903553,0.4953013017405294,-0.0095996057606743
ABC,HIV-1 IN,PC,Test,0.3896103896103896,0.2764976958525346,0.4659574468085106,0.3234501347708894,0.452478096938125,-0.1009508652245246
ABC,HIV-1 IN,PC,Train,0.512280701754386,0.4605678233438486,0.5596590909090909,0.4850498338870432,0.5506973483644307,0.1027710781663621
ABC,HIV-1 IN,PC,Validation,0.4946236559139785,0.4339622641509434,0.5446808510638298,0.4623115577889447,0.5348105894398129,0.0708440717341903
ABC,HIV-1 IN,PC,Test,0.4941176470588235,0.3870967741935484,0.5340425531914894,0.4341085271317829,0.5235879127884738,0.0489468275413096
ABC,HIV-1 IN,PC,Train,0.4705144291091593,0.5905511811023622,0.5159687721788503,0.5237430167597765,0.522665771429734,0.0455043559314094
ABC,HIV-1 IN,PC,Validation,0.5,0.6208530805687204,0.5501066098081023,0.5539112050739958,0.5565505712921122,0.1133136566620799
ABC,HIV-1 IN,PC,Test,0.4424778761061947,0.4608294930875576,0.4829787234042553,0.4514672686230248,0.4814028888362689,-0.0371121809897486
ABC,HIV-1 IN,PC,Train,0.5185185185185185,0.462992125984252,0.5642299503193754,0.4891846921797005,0.5551394738448392,0.1118928616656713
ABC,HIV-1 IN,PC,Validation,0.483695652173913,0.4218009478672986,0.5373134328358209,0.4506329113924051,0.5267919468018664,0.0545951428887415
ABC,HIV-1 IN,PC,Test,0.4970414201183432,0.3870967741935484,0.5361702127659574,0.4352331606217616,0.5255641973734541,0.0531160394782678
ABC,HIV-1 IN,PC,Train,0.4475524475524475,0.4037854889589905,0.5071022727272727,0.4245439469320066,0.4977583775544307,-0.004541574245606
ABC,HIV-1 IN,PC,Validation,0.4541062801932367,0.4433962264150943,0.5085106382978724,0.4486873508353222,0.5027058651455316,0.005424389674969
ABC,HIV-1 IN,PC,Test,0.4285714285714285,0.3179723502304147,0.4893617021276595,0.365079365079365,0.4771679932970256,-0.0479702551795576
ABC,HIV-1 IN,PC,Train,0.4499252615844544,0.4747634069400631,0.5021306818181818,0.4620107444359171,0.499655605278817,-0.0006862246476976
ABC,HIV-1 IN,PC,Validation,0.4602510460251046,0.5188679245283019,0.5085106382978724,0.4878048780487805,0.5094339622641509,0.0187800599124283
ABC,HIV-1 IN,PC,Test,0.4947916666666667,0.4377880184331797,0.5340425531914894,0.4645476772616136,0.5271944044735069,0.055160305596236
ABC,HIV-1 IN,PC,Train,0.4573268921095008,0.4472440944881889,0.5117104329311568,0.4522292993630573,0.5059217888461617,0.0118694705563383
ABC,HIV-1 IN,PC,Validation,0.5129533678756477,0.4691943127962085,0.5607675906183369,0.4900990099009901,0.5524266137624454,0.1059984923681569
ABC,HIV-1 IN,PC,Test,0.4566473988439306,0.3640552995391705,0.5063829787234042,0.4051282051282051,0.4962568987814428,-0.0077383865182327
ABC,HIV-1 IN,PC,Train,0.4745762711864407,0.4409448818897638,0.5280340667139816,0.4571428571428571,0.5202140430120654,0.0407729906331811
ABC,HIV-1 IN,PC,Validation,0.4644808743169399,0.4028436018957346,0.5223880597014925,0.4314720812182741,0.5114993203277123,0.0234554995459757
ABC,HIV-1 IN,PC,Test,0.49375,0.3640552995391705,0.5340425531914894,0.4190981432360742,0.521948598386186,0.0461834185571546
ABC,HIV-1 IN,PC,Train,0.4518388791593695,0.4069400630914827,0.5106534090909091,0.4282157676348547,0.5012736491168008,0.0025811552116971
ABC,HIV-1 IN,PC,Validation,0.465,0.4386792452830189,0.5191489361702127,0.4514563106796116,0.5119752815562381,0.0241044170215919
ABC,HIV-1 IN,PC,Test,0.4345238095238095,0.336405529953917,0.4914893617021276,0.3792207792207792,0.4804557294038359,-0.0406613204325577
ABC,HIV-1 IN,PC,Train,0.4448275862068965,0.4069400630914827,0.5042613636363636,0.4250411861614497,0.4954596956284287,-0.0091791170456262
ABC,HIV-1 IN,PC,Validation,0.4401913875598086,0.4339622641509434,0.4957446808510638,0.4370546318289786,0.4902369460289602,-0.0195523999612208
ABC,HIV-1 IN,PC,Test,0.4858757062146893,0.3963133640552995,0.5276595744680851,0.4365482233502538,0.5183147847944483,0.0376878618898488
ABC,HIV-1 IN,PC,Train,0.4462962962962963,0.3795275590551181,0.5081618168914124,0.4102127659574468,0.4966113247471972,-0.0069360229515706
ABC,HIV-1 IN,PC,Validation,0.4876543209876543,0.3744075829383886,0.5415778251599147,0.4235924932975871,0.5263510782908997,0.0551382239007886
ABC,HIV-1 IN,PC,Test,0.4620689655172413,0.3087557603686636,0.5148936170212766,0.3701657458563536,0.5002276825558734,0.0004915007666108
ABC,HIV-1 IN,PC,Train,0.4703891708967851,0.4377952755905512,0.524485450674237,0.4535073409461664,0.516701255366335,0.0336795331531998
ABC,HIV-1 IN,PC,Validation,0.4329896907216495,0.3981042654028436,0.4946695095948827,0.4148148148148148,0.4858738381277784,-0.0285389534412709
ABC,HIV-1 IN,PC,Test,0.4910179640718562,0.3778801843317972,0.5319148936170213,0.4270833333333333,0.5209559024425784,0.0436563016219402
ABC,HIV-1 IN,PC,Train,0.4230769230769231,0.3296529968454258,0.4957386363636363,0.3705673758865248,0.4807179712909299,-0.0402032588153831
ABC,HIV-1 IN,PC,Validation,0.445054945054945,0.3820754716981132,0.5063829787234042,0.4111675126903553,0.4953013017405294,-0.0095996057606743
ABC,HIV-1 IN,PC,Test,0.3896103896103896,0.2764976958525346,0.4659574468085106,0.3234501347708894,0.452478096938125,-0.1009508652245246
ABC,HIV-1 IN,PC,Train,0.5141342756183745,0.4589905362776025,0.5610795454545454,0.485,0.5518466893274317,0.1052208663555162
ABC,HIV-1 IN,PC,Validation,0.4972972972972973,0.4339622641509434,0.5468085106382978,0.4634760705289673,0.5367485739359369,0.0748583026172991
ABC,HIV-1 IN,PC,Test,0.4970414201183432,0.3870967741935484,0.5361702127659574,0.4352331606217616,0.5255641973734541,0.0531160394782678
ABC,HIV-1 IN,PC,Train,0.4705144291091593,0.5905511811023622,0.5159687721788503,0.5237430167597765,0.522665771429734,0.0455043559314094
ABC,HIV-1 IN,PC,Validation,0.5,0.6208530805687204,0.5501066098081023,0.5539112050739958,0.5565505712921122,0.1133136566620799
ABC,HIV-1 IN,PC,Test,0.4424778761061947,0.4608294930875576,0.4829787234042553,0.4514672686230248,0.4814028888362689,-0.0371121809897486
ABC,HIV-1 IN,PC,Train,0.5185185185185185,0.462992125984252,0.5642299503193754,0.4891846921797005,0.5551394738448392,0.1118928616656713
ABC,HIV-1 IN,PC,Validation,0.483695652173913,0.4218009478672986,0.5373134328358209,0.4506329113924051,0.5267919468018664,0.0545951428887415
ABC,HIV-1 IN,PC,Test,0.4970414201183432,0.3870967741935484,0.5361702127659574,0.4352331606217616,0.5255641973734541,0.0531160394782678
ABC,HIV-1 IN,PC,Train,0.4537953795379538,0.4337539432176656,0.5099431818181818,0.4435483870967742,0.503052682203148,0.0061348394766041
ABC,HIV-1 IN,PC,Validation,0.4537037037037037,0.4622641509433962,0.5063829787234042,0.4579439252336448,0.5024499049290625,0.0048923022102857
ABC,HIV-1 IN,PC,Test,0.4342857142857143,0.3502304147465437,0.4893617021276595,0.3877551020408163,0.4794630334602284,-0.0423571163954068
ABC,HIV-1 IN,PC,Train,0.4678899082568807,0.4022082018927445,0.5248579545454546,0.4325699745547073,0.5137655996543825,0.0281213775230712
ABC,HIV-1 IN,PC,Validation,0.4874371859296482,0.4575471698113207,0.5382978723404256,0.4720194647201946,0.5310991663010092,0.0626390759200184
ABC,HIV-1 IN,PC,Test,0.4938271604938271,0.3686635944700461,0.5340425531914894,0.4221635883905013,0.5222764612666436,0.0467340543902955
ABC,HIV-1 IN,PC,Train,0.4642857142857143,0.552755905511811,0.511000709723208,0.5046728971962616,0.5147500457791613,0.0294349443103841
ABC,HIV-1 IN,PC,Validation,0.510548523206751,0.5734597156398105,0.5607675906183369,0.5401785714285714,0.5619236562695176,0.1232308664610937
ABC,HIV-1 IN,PC,Test,0.4433962264150943,0.4331797235023041,0.4872340425531914,0.4382284382284382,0.4833882807234841,-0.0332856408633419
ABC,HIV-1 IN,PC,Train,0.4798270893371757,0.5244094488188976,0.5294535131298793,0.5011286681715575,0.5290005900425238,0.0577246643897653
ABC,HIV-1 IN,PC,Validation,0.4768518518518518,0.4881516587677725,0.5287846481876333,0.4824355971896955,0.5250835813218707,0.0500706792897427
ABC,HIV-1 IN,PC,Test,0.4897959183673469,0.4423963133640553,0.5297872340425532,0.4648910411622276,0.523569698184004,0.0476618425230328
ABC,HIV-1 IN,PC,Train,0.4466911764705882,0.3832807570977918,0.5085227272727273,0.4125636672325976,0.4971959341044515,-0.0057302952485222
ABC,HIV-1 IN,PC,Validation,0.4583333333333333,0.4150943396226415,0.5148936170212766,0.4356435643564356,0.5059967822144215,0.0121409604290047
ABC,HIV-1 IN,PC,Test,0.4387096774193548,0.3133640552995391,0.4978723404255319,0.3655913978494624,0.4847452687564889,-0.0323521805698536
ABC,HIV-1 IN,PC,Train,0.4469820554649266,0.4321766561514195,0.5035511363636364,0.4394546912590216,0.4970960800136942,-0.0058279517711865
ABC,HIV-1 IN,PC,Validation,0.4517543859649123,0.4858490566037736,0.502127659574468,0.4681818181818182,0.500676466286383,0.0013470348438461
ABC,HIV-1 IN,PC,Test,0.4942528735632184,0.3963133640552995,0.5340425531914894,0.4398976982097187,0.5242436385493889,0.0500607606189343
ABC,HIV-1 IN,PC,Train,0.4522184300341297,0.4173228346456692,0.5095812633073101,0.434070434070434,0.5012970762375633,0.0026188107570615
ABC,HIV-1 IN,PC,Validation,0.4943181818181818,0.4123222748815165,0.5458422174840085,0.4496124031007752,0.5336805172857195,0.0692101332275261
ABC,HIV-1 IN,PC,Test,0.4810126582278481,0.3502304147465437,0.5255319148936171,0.4053333333333333,0.5130598714048924,0.0275646944863343
ABC,HIV-1 IN,PC,Train,0.4808362369337979,0.4346456692913386,0.5337118523775728,0.456575682382134,0.5248163746973489,0.0502604638739686
ABC,HIV-1 IN,PC,Validation,0.4482758620689655,0.3696682464454976,0.511727078891258,0.4051948051948052,0.4987876115948418,-0.0024971073815361
ABC,HIV-1 IN,PC,Test,0.4726027397260274,0.3179723502304147,0.5212765957446809,0.3801652892561983,0.5068122620717291,0.0146778531172465
ABC,HIV-1 IN,PC,Train,0.4389067524115755,0.4305993690851735,0.4957386363636363,0.4347133757961783,0.4898474881601578,-0.020342866273628
ABC,HIV-1 IN,PC,Validation,0.438423645320197,0.419811320754717,0.4957446808510638,0.4289156626506024,0.4889754278192189,-0.0221495993380391
ABC,HIV-1 IN,PC,Test,0.4262295081967213,0.3594470046082949,0.4808510638297872,0.39,0.4722136208812225,-0.0568179534849056
ABC,HIV-1 IN,PC,Train,0.4433164128595601,0.4132492113564668,0.5021306818181818,0.4277551020408163,0.4940923059366314,-0.0119112772367355
ABC,HIV-1 IN,PC,Validation,0.4466019417475728,0.4339622641509434,0.502127659574468,0.4401913875598086,0.4960508995173321,-0.007920824480342
ABC,HIV-1 IN,PC,Test,0.4913294797687861,0.391705069124424,0.5319148936170213,0.4358974358974359,0.5219394910839511,0.0453571122200064
ABC,HIV-1 IN,PC,Train,0.4448398576512455,0.3937007874015748,0.5053229240596168,0.4177109440267335,0.4953000061038881,-0.0095515701495517
ABC,HIV-1 IN,PC,Validation,0.4850299401197604,0.3838862559241706,0.5394456289978679,0.4285714285714285,0.5252764612954187,0.0525213211312776
ABC,HIV-1 IN,PC,Test,0.4473684210526316,0.3133640552995391,0.5042553191489362,0.3685636856368564,0.4906741225114296,-0.019878081879411
ABC,HIV-1 IN,PC,Train,0.4659685863874345,0.4204724409448819,0.5216465578424414,0.4420529801324503,0.5125618018677898,0.0254483030624542
ABC,HIV-1 IN,PC,Validation,0.4611398963730569,0.4218009478672986,0.5181236673773987,0.4405940594059406,0.50935008633675,0.0189044262842998
ABC,HIV-1 IN,PC,Test,0.5161290322580645,0.3686635944700461,0.548936170212766,0.4301075268817204,0.5361104533615052,0.0765829229608773
ABC,HIV-1 IN,ECFP4,Train,0.3947797716150081,0.3817034700315457,0.4580965909090909,0.38813151563753,0.4511876523284343,-0.0979627570352506
ABC,HIV-1 IN,ECFP4,Validation,0.4182692307692308,0.410377358490566,0.4765957446808511,0.4142857142857143,0.4706925552142753,-0.0587223492179464
ABC,HIV-1 IN,ECFP4,Test,0.4451219512195122,0.336405529953917,0.5,0.3832020997375328,0.488360867743757,-0.0243477082461322
ABC,HIV-1 IN,ECFP4,Train,0.3993399339933993,0.3817034700315457,0.4630681818181818,0.3903225806451613,0.4557096161527237,-0.0890084120056833
ABC,HIV-1 IN,ECFP4,Validation,0.4046511627906977,0.410377358490566,0.4617021276595744,0.4074941451990632,0.4571266637414071,-0.0856457346687576
ABC,HIV-1 IN,ECFP4,Test,0.4451219512195122,0.336405529953917,0.5,0.3832020997375328,0.488360867743757,-0.0243477082461322
ABC,HIV-1 IN,ECFP4,Train,0.4158964879852125,0.3543307086614173,0.4847409510290986,0.3826530612244898,0.4730309874056441,-0.0551815492819951
ABC,HIV-1 IN,ECFP4,Validation,0.4545454545454545,0.4028436018957346,0.5138592750533049,0.4271356783919598,0.5037473823432161,0.007614891593205
ABC,HIV-1 IN,ECFP4,Test,0.4266666666666667,0.2949308755760368,0.4914893617021276,0.3487738419618528,0.477504963479718,-0.0481156333764022
ABC,HIV-1 IN,ECFP4,Train,0.4459459459459459,0.415748031496063,0.5039034776437189,0.4303178484107579,0.4959877108384707,-0.0080892392725642
ABC,HIV-1 IN,ECFP4,Validation,0.3414634146341463,0.2654028436018957,0.4392324093816631,0.2986666666666667,0.4233990962195525,-0.1598244160432687
ABC,HIV-1 IN,ECFP4,Test,0.4551282051282051,0.3271889400921659,0.5085106382978724,0.3806970509383378,0.4956102803227628,-0.0092945803787633
ABC,HIV-1 IN,ECFP4,Train,0.3947797716150081,0.3817034700315457,0.4580965909090909,0.38813151563753,0.4511876523284343,-0.0979627570352506
ABC,HIV-1 IN,ECFP4,Validation,0.4182692307692308,0.410377358490566,0.4765957446808511,0.4142857142857143,0.4706925552142753,-0.0587223492179464
ABC,HIV-1 IN,ECFP4,Test,0.4451219512195122,0.336405529953917,0.5,0.3832020997375328,0.488360867743757,-0.0243477082461322
ABC,HIV-1 IN,ECFP4,Train,0.3993399339933993,0.3817034700315457,0.4630681818181818,0.3903225806451613,0.4557096161527237,-0.0890084120056833
ABC,HIV-1 IN,ECFP4,Validation,0.4046511627906977,0.410377358490566,0.4617021276595744,0.4074941451990632,0.4571266637414071,-0.0856457346687576
ABC,HIV-1 IN,ECFP4,Test,0.4451219512195122,0.336405529953917,0.5,0.3832020997375328,0.488360867743757,-0.0243477082461322
ABC,HIV-1 IN,ECFP4,Train,0.4158964879852125,0.3543307086614173,0.4847409510290986,0.3826530612244898,0.4730309874056441,-0.0551815492819951
ABC,HIV-1 IN,ECFP4,Validation,0.4545454545454545,0.4028436018957346,0.5138592750533049,0.4271356783919598,0.5037473823432161,0.007614891593205
ABC,HIV-1 IN,ECFP4,Test,0.4266666666666667,0.2949308755760368,0.4914893617021276,0.3487738419618528,0.477504963479718,-0.0481156333764022
ABC,HIV-1 IN,ECFP4,Train,0.4459459459459459,0.415748031496063,0.5039034776437189,0.4303178484107579,0.4959877108384707,-0.0080892392725642
ABC,HIV-1 IN,ECFP4,Validation,0.3414634146341463,0.2654028436018957,0.4392324093816631,0.2986666666666667,0.4233990962195525,-0.1598244160432687
ABC,HIV-1 IN,ECFP4,Test,0.4551282051282051,0.3271889400921659,0.5085106382978724,0.3806970509383378,0.4956102803227628,-0.0092945803787633
ABC,HIV-1 IN,ECFP4,Train,0.4115456238361266,0.3485804416403785,0.4822443181818182,0.3774551665243382,0.4701558538951247,-0.0611375515538689
ABC,HIV-1 IN,ECFP4,Validation,0.44,0.3632075471698113,0.5042553191489362,0.3979328165374677,0.4916812929647506,-0.017125118152911
ABC,HIV-1 IN,ECFP4,Test,0.4057971014492754,0.2580645161290322,0.4829787234042553,0.3154929577464789,0.4669769220961366,-0.0722984667473655
ABC,HIV-1 IN,ECFP4,Train,0.4060721062618596,0.3375394321766561,0.4794034090909091,0.3686477174849268,0.4665733336593876,-0.0687297729899139
ABC,HIV-1 IN,ECFP4,Validation,0.425531914893617,0.3773584905660377,0.4893617021276595,0.4,0.4793769197016234,-0.0418945792445107
ABC,HIV-1 IN,ECFP4,Test,0.4044117647058823,0.2534562211981567,0.4829787234042553,0.311614730878187,0.4666490592156791,-0.0733306483588989
ABC,HIV-1 IN,ECFP4,Train,0.400375939849624,0.3354330708661417,0.4740951029098652,0.365038560411311,0.4616441840118822,-0.078734115368318
ABC,HIV-1 IN,ECFP4,Validation,0.445054945054945,0.3838862559241706,0.5074626865671642,0.4122137404580153,0.4962066938535581,-0.0077450161673735
ABC,HIV-1 IN,ECFP4,Test,0.4113475177304964,0.2672811059907834,0.4851063829787234,0.3240223463687151,0.469608932442032,-0.0661239172681485
ABC,HIV-1 IN,ECFP4,Train,0.452914798206278,0.3181102362204724,0.5195173882185947,0.3737280296022202,0.5014323790921483,0.0030645360804285
ABC,HIV-1 IN,ECFP4,Validation,0.3801652892561983,0.2180094786729857,0.488272921108742,0.2771084337349397,0.4636559021271905,-0.0826480597492334
ABC,HIV-1 IN,ECFP4,Test,0.3982300884955752,0.2073732718894009,0.4893617021276595,0.2727272727272727,0.4692992841660443,-0.0716300567460146
ABC,HIV-1 IN,ECFP4,Train,0.4472440944881889,0.4479495268138801,0.5021306818181818,0.4475965327029156,0.4972305773604284,-0.005538060980311
ABC,HIV-1 IN,ECFP4,Validation,0.4660194174757281,0.4528301886792453,0.5191489361702127,0.4593301435406698,0.5132367997659792,0.0265494302026279
ABC,HIV-1 IN,ECFP4,Test,0.4777777777777778,0.3963133640552995,0.5212765957446809,0.4332493702770781,0.5123859310395075,0.0254046683296565
ABC,HIV-1 IN,ECFP4,Train,0.4407294832826747,0.4574132492113564,0.4943181818181818,0.4489164086687306,0.4909805264144637,-0.017987993313921
ABC,HIV-1 IN,ECFP4,Validation,0.4362139917695473,0.5,0.4829787234042553,0.4659340659340659,0.4844961240310077,-0.0308767796917877
ABC,HIV-1 IN,ECFP4,Test,0.4947368421052631,0.4331797235023041,0.5340425531914894,0.4619164619164619,0.5268665415930494,0.0545853466041098
ABC,HIV-1 IN,ECFP4,Train,0.4571428571428571,0.4283464566929134,0.5131298793470547,0.4422764227642276,0.5055168975971027,0.0111150539789253
ABC,HIV-1 IN,ECFP4,Validation,0.4591836734693877,0.4265402843601896,0.5159914712153518,0.4422604422604422,0.5078437855909474,0.0158233134350138
ABC,HIV-1 IN,ECFP4,Test,0.4770114942528735,0.3824884792626728,0.5212765957446809,0.4245524296675191,0.5114023423981349,0.02354473038877
ABC,HIV-1 IN,ECFP4,Train,0.4516640253565768,0.4488188976377952,0.5060326472675657,0.4502369668246445,0.5008952369325927,0.001791516659398
ABC,HIV-1 IN,ECFP4,Validation,0.3915343915343915,0.3507109004739336,0.4626865671641791,0.37,0.4524872331827033,-0.0963787923141384
ABC,HIV-1 IN,ECFP4,Test,0.4512195121951219,0.3410138248847926,0.5042553191489362,0.3884514435695538,0.492641299794175,-0.0153935432416861
ABC,HIV-1 IN,ECFP4,Train,0.3947797716150081,0.3817034700315457,0.4580965909090909,0.38813151563753,0.4511876523284343,-0.0979627570352506
ABC,HIV-1 IN,ECFP4,Validation,0.4182692307692308,0.410377358490566,0.4765957446808511,0.4142857142857143,0.4706925552142753,-0.0587223492179464
ABC,HIV-1 IN,ECFP4,Test,0.4451219512195122,0.336405529953917,0.5,0.3832020997375328,0.488360867743757,-0.0243477082461322
ABC,HIV-1 IN,ECFP4,Train,0.3993399339933993,0.3817034700315457,0.4630681818181818,0.3903225806451613,0.4557096161527237,-0.0890084120056833
ABC,HIV-1 IN,ECFP4,Validation,0.4046511627906977,0.410377358490566,0.4617021276595744,0.4074941451990632,0.4571266637414071,-0.0856457346687576
ABC,HIV-1 IN,ECFP4,Test,0.4451219512195122,0.336405529953917,0.5,0.3832020997375328,0.488360867743757,-0.0243477082461322
ABC,HIV-1 IN,ECFP4,Train,0.4158964879852125,0.3543307086614173,0.4847409510290986,0.3826530612244898,0.4730309874056441,-0.0551815492819951
ABC,HIV-1 IN,ECFP4,Validation,0.4545454545454545,0.4028436018957346,0.5138592750533049,0.4271356783919598,0.5037473823432161,0.007614891593205
ABC,HIV-1 IN,ECFP4,Test,0.4266666666666667,0.2949308755760368,0.4914893617021276,0.3487738419618528,0.477504963479718,-0.0481156333764022
ABC,HIV-1 IN,ECFP4,Train,0.4459459459459459,0.415748031496063,0.5039034776437189,0.4303178484107579,0.4959877108384707,-0.0080892392725642
ABC,HIV-1 IN,ECFP4,Validation,0.3414634146341463,0.2654028436018957,0.4392324093816631,0.2986666666666667,0.4233990962195525,-0.1598244160432687
ABC,HIV-1 IN,ECFP4,Test,0.4551282051282051,0.3271889400921659,0.5085106382978724,0.3806970509383378,0.4956102803227628,-0.0092945803787633
ABC,HIV-1 IN,ECFP4,Train,0.4128440366972477,0.3548895899053628,0.4822443181818182,0.3816793893129771,0.4707264486994514,-0.0598021596030967
ABC,HIV-1 IN,ECFP4,Validation,0.4530386740331492,0.3867924528301887,0.5127659574468085,0.4173027989821883,0.5015357612988153,0.0031408217481032
ABC,HIV-1 IN,ECFP4,Test,0.4113475177304964,0.2672811059907834,0.4851063829787234,0.3240223463687151,0.469608932442032,-0.0661239172681485
ABC,HIV-1 IN,ECFP4,Train,0.4101995565410199,0.2917981072555205,0.4921875,0.3410138248847926,0.4740644283047628,-0.0553091126154835
ABC,HIV-1 IN,ECFP4,Validation,0.4140127388535032,0.3066037735849056,0.4914893617021276,0.3523035230352303,0.475007313149042,-0.0527349734635652
ABC,HIV-1 IN,ECFP4,Test,0.3727272727272727,0.1889400921658986,0.4787234042553192,0.2507645259938837,0.4581064097193129,-0.0986552294996791
ABC,HIV-1 IN,ECFP4,Train,0.400375939849624,0.3354330708661417,0.4740951029098652,0.365038560411311,0.4616441840118822,-0.078734115368318
ABC,HIV-1 IN,ECFP4,Validation,0.445054945054945,0.3838862559241706,0.5074626865671642,0.4122137404580153,0.4962066938535581,-0.0077450161673735
ABC,HIV-1 IN,ECFP4,Test,0.4113475177304964,0.2672811059907834,0.4851063829787234,0.3240223463687151,0.469608932442032,-0.0661239172681485
ABC,HIV-1 IN,ECFP4,Train,0.4665127020785219,0.3181102362204724,0.5287437899219305,0.3782771535580524,0.5098303119086859,0.0212024369073635
ABC,HIV-1 IN,ECFP4,Validation,0.3813559322033898,0.2132701421800948,0.4904051172707889,0.2735562310030395,0.4651622028729931,-0.0798798425533852
ABC,HIV-1 IN,ECFP4,Test,0.4,0.2027649769585253,0.4914893617021276,0.2691131498470948,0.470947705870567,-0.0684152569791253
ABC,HIV-1 IN,ECFP4,Train,0.425438596491228,0.305993690851735,0.5014204545454546,0.3559633027522936,0.4837461994310353,-0.0345620215108979
ABC,HIV-1 IN,ECFP4,Validation,0.4415584415584415,0.320754716981132,0.5106382978723404,0.3715846994535519,0.4937106918238994,-0.0133354216791617
ABC,HIV-1 IN,ECFP4,Test,0.416,0.2396313364055299,0.4936170212765957,0.3040935672514619,0.4755468934992077,-0.055181005324481
ABC,HIV-1 IN,ECFP4,Train,0.4310344827586206,0.3154574132492113,0.5042613636363636,0.3642987249544626,0.487186070965691,-0.0271257922946057
ABC,HIV-1 IN,ECFP4,Validation,0.4431818181818182,0.3679245283018867,0.5063829787234042,0.4020618556701031,0.4940397835307883,-0.0122557477364329
ABC,HIV-1 IN,ECFP4,Test,0.4135338345864661,0.2534562211981567,0.4893617021276595,0.3142857142857143,0.4725779129706198,-0.0606987653124838
ABC,HIV-1 IN,ECFP4,Train,0.4442148760330578,0.3385826771653543,0.511000709723208,0.3842716711349419,0.4955187287635557,-0.0093906363422022
ABC,HIV-1 IN,ECFP4,Validation,0.4666666666666667,0.3649289099526066,0.5266524520255863,0.4095744680851064,0.5119218193173886,0.0248396142956382
ABC,HIV-1 IN,ECFP4,Test,0.4511278195488721,0.2764976958525346,0.5106382978723404,0.3428571428571428,0.49398007322271,-0.0133251025810534
ABC,HIV-1 IN,ECFP4,Train,0.466804979253112,0.3543307086614173,0.5266146202980837,0.4028648164726947,0.5111446824960834,0.0233771548018462
ABC,HIV-1 IN,ECFP4,Validation,0.4126984126984127,0.2464454976303317,0.5031982942430704,0.3086053412462908,0.4798118961019875,-0.0453152390001607
ABC,HIV-1 IN,ECFP4,Test,0.4330708661417323,0.2534562211981567,0.502127659574468,0.3197674418604651,0.4844356204805012,-0.0349464459569507
ABC,HIV-1 IN,ECFP4,Train,0.4635879218472469,0.4116719242902208,0.5205965909090909,0.4360902255639097,0.5107455228686246,0.0218268018500175
ABC,HIV-1 IN,ECFP4,Validation,0.4,0.3584905660377358,0.4680851063829787,0.3781094527363184,0.4583150504607283,-0.0845339656563527
ABC,HIV-1 IN,ECFP4,Test,0.4393063583815029,0.3502304147465437,0.4936170212765957,0.3897435897435897,0.4834156026301889,-0.0342861358873522
ABC,HIV-1 IN,ECFP4,Train,0.4341880341880342,0.4006309148264984,0.4950284090909091,0.4167350287120591,0.4864911680075644,-0.0272762746477125
ABC,HIV-1 IN,ECFP4,Validation,0.456221198156682,0.4669811320754717,0.5085106382978724,0.4615384615384615,0.5048083954951003,0.0095988196787926
ABC,HIV-1 IN,ECFP4,Test,0.4857142857142857,0.391705069124424,0.5276595744680851,0.4336734693877551,0.5179869219139906,0.0370976961777953
ABC,HIV-1 IN,ECFP4,Train,0.4248788368336025,0.4141732283464567,0.4833215046132008,0.4194577352472089,0.47711245396651,-0.0458910187974911
ABC,HIV-1 IN,ECFP4,Validation,0.4321608040201005,0.4075829383886256,0.4925373134328358,0.4195121951219512,0.4847992211322973,-0.0306012028109446
ABC,HIV-1 IN,ECFP4,Test,0.4468085106382978,0.3870967741935484,0.4957446808510638,0.4148148148148148,0.4880147902588295,-0.0243928352735433
ABC,HIV-1 IN,ECFP4,Train,0.4629629629629629,0.4330708661417323,0.518097941802697,0.4475183075671277,0.5104630816496776,0.0210850641264922
ABC,HIV-1 IN,ECFP4,Validation,0.4656084656084656,0.4170616113744075,0.5223880597014925,0.44,0.5127943715786766,0.0259531524634824
ABC,HIV-1 IN,ECFP4,Test,0.4484848484848485,0.3410138248847926,0.502127659574468,0.387434554973822,0.4906650152091948,-0.0195003248453464
ABC,HIV-1 IN,ECFP4,Train,0.3947797716150081,0.3817034700315457,0.4580965909090909,0.38813151563753,0.4511876523284343,-0.0979627570352506
ABC,HIV-1 IN,ECFP4,Validation,0.4182692307692308,0.410377358490566,0.4765957446808511,0.4142857142857143,0.4706925552142753,-0.0587223492179464
ABC,HIV-1 IN,ECFP4,Test,0.4451219512195122,0.336405529953917,0.5,0.3832020997375328,0.488360867743757,-0.0243477082461322
ABC,HIV-1 IN,ECFP4,Train,0.3993399339933993,0.3817034700315457,0.4630681818181818,0.3903225806451613,0.4557096161527237,-0.0890084120056833
ABC,HIV-1 IN,ECFP4,Validation,0.4046511627906977,0.410377358490566,0.4617021276595744,0.4074941451990632,0.4571266637414071,-0.0856457346687576
ABC,HIV-1 IN,ECFP4,Test,0.4451219512195122,0.336405529953917,0.5,0.3832020997375328,0.488360867743757,-0.0243477082461322
ABC,HIV-1 IN,ECFP4,Train,0.4158964879852125,0.3543307086614173,0.4847409510290986,0.3826530612244898,0.4730309874056441,-0.0551815492819951
ABC,HIV-1 IN,ECFP4,Validation,0.4545454545454545,0.4028436018957346,0.5138592750533049,0.4271356783919598,0.5037473823432161,0.007614891593205
ABC,HIV-1 IN,ECFP4,Test,0.4266666666666667,0.2949308755760368,0.4914893617021276,0.3487738419618528,0.477504963479718,-0.0481156333764022
ABC,HIV-1 IN,ECFP4,Train,0.4459459459459459,0.415748031496063,0.5039034776437189,0.4303178484107579,0.4959877108384707,-0.0080892392725642
ABC,HIV-1 IN,ECFP4,Validation,0.3414634146341463,0.2654028436018957,0.4392324093816631,0.2986666666666667,0.4233990962195525,-0.1598244160432687
ABC,HIV-1 IN,ECFP4,Test,0.4551282051282051,0.3271889400921659,0.5085106382978724,0.3806970509383378,0.4956102803227628,-0.0092945803787633
ABC,HIV-1 IN,ECFP4,Train,0.3947797716150081,0.3817034700315457,0.4580965909090909,0.38813151563753,0.4511876523284343,-0.0979627570352506
ABC,HIV-1 IN,ECFP4,Validation,0.4182692307692308,0.410377358490566,0.4765957446808511,0.4142857142857143,0.4706925552142753,-0.0587223492179464
ABC,HIV-1 IN,ECFP4,Test,0.4451219512195122,0.336405529953917,0.5,0.3832020997375328,0.488360867743757,-0.0243477082461322
ABC,HIV-1 IN,ECFP4,Train,0.3993399339933993,0.3817034700315457,0.4630681818181818,0.3903225806451613,0.4557096161527237,-0.0890084120056833
ABC,HIV-1 IN,ECFP4,Validation,0.4046511627906977,0.410377358490566,0.4617021276595744,0.4074941451990632,0.4571266637414071,-0.0856457346687576
ABC,HIV-1 IN,ECFP4,Test,0.4451219512195122,0.336405529953917,0.5,0.3832020997375328,0.488360867743757,-0.0243477082461322
ABC,HIV-1 IN,ECFP4,Train,0.4158964879852125,0.3543307086614173,0.4847409510290986,0.3826530612244898,0.4730309874056441,-0.0551815492819951
ABC,HIV-1 IN,ECFP4,Validation,0.4545454545454545,0.4028436018957346,0.5138592750533049,0.4271356783919598,0.5037473823432161,0.007614891593205
ABC,HIV-1 IN,ECFP4,Test,0.4266666666666667,0.2949308755760368,0.4914893617021276,0.3487738419618528,0.477504963479718,-0.0481156333764022
ABC,HIV-1 IN,ECFP4,Train,0.4459459459459459,0.415748031496063,0.5039034776437189,0.4303178484107579,0.4959877108384707,-0.0080892392725642
ABC,HIV-1 IN,ECFP4,Validation,0.3414634146341463,0.2654028436018957,0.4392324093816631,0.2986666666666667,0.4233990962195525,-0.1598244160432687
ABC,HIV-1 IN,ECFP4,Test,0.4551282051282051,0.3271889400921659,0.5085106382978724,0.3806970509383378,0.4956102803227628,-0.0092945803787633
ABC,HIV-1 IN,ECFP4,Train,0.4053398058252427,0.2634069400630915,0.4943181818181818,0.3193116634799235,0.4734347361814166,-0.0581006459687526
ABC,HIV-1 IN,ECFP4,Validation,0.4366197183098591,0.2924528301886792,0.5106382978723404,0.3502824858757062,0.4911876554044171,-0.0190993310485509
ABC,HIV-1 IN,ECFP4,Test,0.3636363636363636,0.184331797235023,0.474468085106383,0.2446483180428134,0.453825977668895,-0.1087352203398637
ABC,HIV-1 IN,ECFP4,Train,0.4313253012048192,0.2823343848580442,0.5092329545454546,0.3412774070543374,0.488712412067265,-0.0246347170791896
ABC,HIV-1 IN,ECFP4,Validation,0.4391891891891892,0.3066037735849056,0.5106382978723404,0.3611111111111111,0.4924491736141582,-0.0161786943496857
ABC,HIV-1 IN,ECFP4,Test,0.4,0.2027649769585253,0.4914893617021276,0.2691131498470948,0.470947705870567,-0.0684152569791253
ABC,HIV-1 IN,ECFP4,Train,0.4449064449064449,0.337007874015748,0.5117104329311568,0.3835125448028674,0.4960233168528353,-0.0083456813968515
ABC,HIV-1 IN,ECFP4,Validation,0.4457831325301205,0.3507109004739336,0.511727078891258,0.3925729442970822,0.497060876593556,-0.006115381279109
ABC,HIV-1 IN,ECFP4,Test,0.40625,0.2396313364055299,0.4872340425531914,0.3014492753623188,0.4696180397442669,-0.068048393476748
ABC,HIV-1 IN,ECFP4,Train,0.4583333333333333,0.3118110236220472,0.5237757274662882,0.3711340206185567,0.5047427211133493,0.0102358937907468
ABC,HIV-1 IN,ECFP4,Validation,0.3833333333333333,0.2180094786729857,0.4904051172707889,0.2779456193353474,0.4655938866233146,-0.0784536865396708
ABC,HIV-1 IN,ECFP4,Test,0.417391304347826,0.2211981566820276,0.4978723404255319,0.2891566265060241,0.4781880111473379,-0.0505885572175503
ABC,HIV-1 IN,ECFP4,Train,0.440251572327044,0.4416403785488959,0.4957386363636363,0.4409448818897638,0.4908460290677295,-0.0183027954443746
ABC,HIV-1 IN,ECFP4,Validation,0.4514563106796116,0.4386792452830189,0.5063829787234042,0.4449760765550239,0.500347374579494,0.0006967391904004
ABC,HIV-1 IN,ECFP4,Test,0.4566473988439306,0.3640552995391705,0.5063829787234042,0.4051282051282051,0.4962568987814428,-0.0077383865182327
ABC,HIV-1 IN,ECFP4,Train,0.4568690095846645,0.4511041009463722,0.5113636363636364,0.4539682539682539,0.5059138075791293,0.0118419098713599
ABC,HIV-1 IN,ECFP4,Validation,0.4713656387665198,0.5047169811320755,0.5212765957446809,0.4874715261958998,0.5198003510311541,0.0394334344412808
ABC,HIV-1 IN,ECFP4,Test,0.4860335195530726,0.4009216589861751,0.5276595744680851,0.4393939393939394,0.5186426476749058,0.038278481861327
ABC,HIV-1 IN,ECFP4,Train,0.4415781487101669,0.4582677165354331,0.4946770759403832,0.4497681607418856,0.491407760076502,-0.0171364317300451
ABC,HIV-1 IN,ECFP4,Validation,0.4413145539906103,0.4454976303317535,0.4968017057569296,0.4433962264150943,0.4921286601271171,-0.0157296825122879
ABC,HIV-1 IN,ECFP4,Test,0.4715025906735751,0.4193548387096774,0.5148936170212766,0.4439024390243902,0.5080963916868546,0.0164094148415489
ABC,HIV-1 IN,ECFP4,Train,0.4521452145214521,0.431496062992126,0.5081618168914124,0.4415793714746172,0.501277747258337,0.0025682554104013
ABC,HIV-1 IN,ECFP4,Validation,0.4088397790055249,0.3507109004739336,0.4797441364605543,0.3775510204081632,0.4679911091516954,-0.0654208481867101
ABC,HIV-1 IN,ECFP4,Test,0.4545454545454545,0.3225806451612903,0.5085106382978724,0.3773584905660377,0.4952824174423051,-0.0100215692192993
ABC,HIV-1 IN,ECFP4,Train,0.3947797716150081,0.3817034700315457,0.4580965909090909,0.38813151563753,0.4511876523284343,-0.0979627570352506
ABC,HIV-1 IN,ECFP4,Validation,0.4182692307692308,0.410377358490566,0.4765957446808511,0.4142857142857143,0.4706925552142753,-0.0587223492179464
ABC,HIV-1 IN,ECFP4,Test,0.4451219512195122,0.336405529953917,0.5,0.3832020997375328,0.488360867743757,-0.0243477082461322
ABC,HIV-1 IN,ECFP4,Train,0.3993399339933993,0.3817034700315457,0.4630681818181818,0.3903225806451613,0.4557096161527237,-0.0890084120056833
ABC,HIV-1 IN,ECFP4,Validation,0.4046511627906977,0.410377358490566,0.4617021276595744,0.4074941451990632,0.4571266637414071,-0.0856457346687576
ABC,HIV-1 IN,ECFP4,Test,0.4451219512195122,0.336405529953917,0.5,0.3832020997375328,0.488360867743757,-0.0243477082461322
ABC,HIV-1 IN,ECFP4,Train,0.4158964879852125,0.3543307086614173,0.4847409510290986,0.3826530612244898,0.4730309874056441,-0.0551815492819951
ABC,HIV-1 IN,ECFP4,Validation,0.4545454545454545,0.4028436018957346,0.5138592750533049,0.4271356783919598,0.5037473823432161,0.007614891593205
ABC,HIV-1 IN,ECFP4,Test,0.4266666666666667,0.2949308755760368,0.4914893617021276,0.3487738419618528,0.477504963479718,-0.0481156333764022
ABC,HIV-1 IN,ECFP4,Train,0.4459459459459459,0.415748031496063,0.5039034776437189,0.4303178484107579,0.4959877108384707,-0.0080892392725642
ABC,HIV-1 IN,ECFP4,Validation,0.3414634146341463,0.2654028436018957,0.4392324093816631,0.2986666666666667,0.4233990962195525,-0.1598244160432687
ABC,HIV-1 IN,ECFP4,Test,0.4551282051282051,0.3271889400921659,0.5085106382978724,0.3806970509383378,0.4956102803227628,-0.0092945803787633
ABC,HIV-1 IN,ECFP4,Train,0.4018867924528302,0.3359621451104101,0.4758522727272727,0.3659793814432989,0.4632007107980991,-0.0755786869135127
ABC,HIV-1 IN,ECFP4,Validation,0.4402173913043478,0.3820754716981132,0.502127659574468,0.4090909090909091,0.4914253327482814,-0.0174836911824167
ABC,HIV-1 IN,ECFP4,Test,0.4113475177304964,0.2672811059907834,0.4851063829787234,0.3240223463687151,0.469608932442032,-0.0661239172681485
ABC,HIV-1 IN,ECFP4,Train,0.3993399339933993,0.3817034700315457,0.4630681818181818,0.3903225806451613,0.4557096161527237,-0.0890084120056833
ABC,HIV-1 IN,ECFP4,Validation,0.4046511627906977,0.410377358490566,0.4617021276595744,0.4074941451990632,0.4571266637414071,-0.0856457346687576
ABC,HIV-1 IN,ECFP4,Test,0.4451219512195122,0.336405529953917,0.5,0.3832020997375328,0.488360867743757,-0.0243477082461322
ABC,HIV-1 IN,ECFP4,Train,0.400375939849624,0.3354330708661417,0.4740951029098652,0.365038560411311,0.4616441840118822,-0.078734115368318
ABC,HIV-1 IN,ECFP4,Validation,0.445054945054945,0.3838862559241706,0.5074626865671642,0.4122137404580153,0.4962066938535581,-0.0077450161673735
ABC,HIV-1 IN,ECFP4,Test,0.4113475177304964,0.2672811059907834,0.4851063829787234,0.3240223463687151,0.469608932442032,-0.0661239172681485
ABC,HIV-1 IN,ECFP4,Train,0.4459459459459459,0.415748031496063,0.5039034776437189,0.4303178484107579,0.4959877108384707,-0.0080892392725642
ABC,HIV-1 IN,ECFP4,Validation,0.3414634146341463,0.2654028436018957,0.4392324093816631,0.2986666666666667,0.4233990962195525,-0.1598244160432687
ABC,HIV-1 IN,ECFP4,Test,0.4551282051282051,0.3271889400921659,0.5085106382978724,0.3806970509383378,0.4956102803227628,-0.0092945803787633
ABC,HIV-1 IN,ECFP4,Train,0.4038461538461538,0.2649842271293375,0.4928977272727273,0.32,0.4722853952184156,-0.0604437350701867
ABC,HIV-1 IN,ECFP4,Validation,0.4353741496598639,0.3018867924528302,0.5085106382978724,0.3565459610027855,0.4900906830481205,-0.0212711793897924
ABC,HIV-1 IN,ECFP4,Test,0.3693693693693693,0.1889400921658986,0.4765957446808511,0.25,0.4561301251343327,-0.10298590864289
ABC,HIV-1 IN,ECFP4,Train,0.4215456674473068,0.2839116719242902,0.5021306818181818,0.3393025447690858,0.4823951124479332,-0.0381092076481632
ABC,HIV-1 IN,ECFP4,Validation,0.425,0.320754716981132,0.4978723404255319,0.3655913978494624,0.4820827848471552,-0.0376302799851009
ABC,HIV-1 IN,ECFP4,Test,0.3818181818181818,0.1935483870967742,0.4829787234042553,0.2568807339449541,0.462386841769731,-0.0885752386594945
ABC,HIV-1 IN,ECFP4,Train,0.4454545454545454,0.3086614173228346,0.5152590489709014,0.3646511627906976,0.4967079696433294,-0.0070690807590427
ABC,HIV-1 IN,ECFP4,Validation,0.4729729729729729,0.3317535545023696,0.5330490405117271,0.3899721448467966,0.5147139865535104,0.0315012695742715
ABC,HIV-1 IN,ECFP4,Test,0.4462809917355372,0.2488479262672811,0.5106382978723404,0.3195266272189349,0.4920128959399646,-0.0182139469458848
ABC,HIV-1 IN,ECFP4,Train,0.4632516703786191,0.3275590551181102,0.5259048970901349,0.3837638376383764,0.5080947730370913,0.0172875411966027
ABC,HIV-1 IN,ECFP4,Validation,0.4,0.2274881516587677,0.4989339019189765,0.2900302114803625,0.4742091921084536,-0.058808849920821
ABC,HIV-1 IN,ECFP4,Test,0.3893805309734513,0.2027649769585253,0.4851063829787234,0.2666666666666666,0.4650188521156263,-0.0816170418159128
ABC,HIV-1 IN,ECFP4,Train,0.4444444444444444,0.3974763406940063,0.5049715909090909,0.4196502914238135,0.4952497982539798,-0.0096375719328776
ABC,HIV-1 IN,ECFP4,Validation,0.4358974358974359,0.4009433962264151,0.4957446808510638,0.4176904176904177,0.4872934035395641,-0.0256657148105564
ABC,HIV-1 IN,ECFP4,Test,0.4588235294117647,0.3594470046082949,0.5085106382978724,0.4031007751937984,0.4979053204859656,-0.0043466294727803
ABC,HIV-1 IN,ECFP4,Train,0.4431818181818182,0.4305993690851735,0.5,0.4368,0.4937234571524058,-0.0125896209933987
ABC,HIV-1 IN,ECFP4,Validation,0.4741379310344827,0.5188679245283019,0.5234042553191489,0.4954954954954955,0.5229998537370192,0.045782592586217
ABC,HIV-1 IN,ECFP4,Test,0.4632768361581921,0.3778801843317972,0.5106382978723404,0.416243654822335,0.501193056592776,0.0024550521668673
ABC,HIV-1 IN,ECFP4,Train,0.4259567387687188,0.4031496062992126,0.4861603974449964,0.4142394822006472,0.4787065860953427,-0.0428439711624733
ABC,HIV-1 IN,ECFP4,Validation,0.4352331606217616,0.3981042654028436,0.4968017057569296,0.4158415841584158,0.4878118226239024,-0.0246426067576286
ABC,HIV-1 IN,ECFP4,Test,0.4456521739130434,0.3778801843317972,0.4957446808510638,0.4089775561097257,0.4873590644979144,-0.0258230425313068
ABC,HIV-1 IN,ECFP4,Train,0.4637223974763407,0.462992125984252,0.5166784953867991,0.4633569739952718,0.5118578200980691,0.0237190185956053
ABC,HIV-1 IN,ECFP4,Validation,0.4090909090909091,0.3838862559241706,0.4733475479744136,0.3960880195599022,0.4651989419155737,-0.0701061768514139
ABC,HIV-1 IN,ECFP4,Test,0.4397590361445783,0.336405529953917,0.4957446808510638,0.381201044386423,0.4844082985737964,-0.0325254112900033
ABC,HIV-1 IN,ECFP4,Train,0.3947797716150081,0.3817034700315457,0.4580965909090909,0.38813151563753,0.4511876523284343,-0.0979627570352506
ABC,HIV-1 IN,ECFP4,Validation,0.4182692307692308,0.410377358490566,0.4765957446808511,0.4142857142857143,0.4706925552142753,-0.0587223492179464
ABC,HIV-1 IN,ECFP4,Test,0.4451219512195122,0.336405529953917,0.5,0.3832020997375328,0.488360867743757,-0.0243477082461322
ABC,HIV-1 IN,ECFP4,Train,0.3993399339933993,0.3817034700315457,0.4630681818181818,0.3903225806451613,0.4557096161527237,-0.0890084120056833
ABC,HIV-1 IN,ECFP4,Validation,0.4046511627906977,0.410377358490566,0.4617021276595744,0.4074941451990632,0.4571266637414071,-0.0856457346687576
ABC,HIV-1 IN,ECFP4,Test,0.4451219512195122,0.336405529953917,0.5,0.3832020997375328,0.488360867743757,-0.0243477082461322
ABC,HIV-1 IN,ECFP4,Train,0.4158964879852125,0.3543307086614173,0.4847409510290986,0.3826530612244898,0.4730309874056441,-0.0551815492819951
ABC,HIV-1 IN,ECFP4,Validation,0.4545454545454545,0.4028436018957346,0.5138592750533049,0.4271356783919598,0.5037473823432161,0.007614891593205
ABC,HIV-1 IN,ECFP4,Test,0.4266666666666667,0.2949308755760368,0.4914893617021276,0.3487738419618528,0.477504963479718,-0.0481156333764022
ABC,HIV-1 IN,ECFP4,Train,0.4459459459459459,0.415748031496063,0.5039034776437189,0.4303178484107579,0.4959877108384707,-0.0080892392725642
ABC,HIV-1 IN,ECFP4,Validation,0.3414634146341463,0.2654028436018957,0.4392324093816631,0.2986666666666667,0.4233990962195525,-0.1598244160432687
ABC,HIV-1 IN,ECFP4,Test,0.4551282051282051,0.3271889400921659,0.5085106382978724,0.3806970509383378,0.4956102803227628,-0.0092945803787633
ABC,HIV-1 IN,ECFP4,Train,0.4128440366972477,0.3548895899053628,0.4822443181818182,0.3816793893129771,0.4707264486994514,-0.0598021596030967
ABC,HIV-1 IN,ECFP4,Validation,0.4530386740331492,0.3867924528301887,0.5127659574468085,0.4173027989821883,0.5015357612988153,0.0031408217481032
ABC,HIV-1 IN,ECFP4,Test,0.4113475177304964,0.2672811059907834,0.4851063829787234,0.3240223463687151,0.469608932442032,-0.0661239172681485
ABC,HIV-1 IN,ECFP4,Train,0.3952702702702703,0.3690851735015772,0.4616477272727273,0.3817292006525285,0.4532764368799875,-0.094183565332105
ABC,HIV-1 IN,ECFP4,Validation,0.4019138755980861,0.3962264150943396,0.4617021276595744,0.3990498812351544,0.455865145531666,-0.0883885646187023
ABC,HIV-1 IN,ECFP4,Test,0.4258064516129032,0.304147465437788,0.4893617021276595,0.3548387096774194,0.4761844046556529,-0.0505080311583087
ABC,HIV-1 IN,ECFP4,Train,0.400375939849624,0.3354330708661417,0.4740951029098652,0.365038560411311,0.4616441840118822,-0.078734115368318
ABC,HIV-1 IN,ECFP4,Validation,0.445054945054945,0.3838862559241706,0.5074626865671642,0.4122137404580153,0.4962066938535581,-0.0077450161673735
ABC,HIV-1 IN,ECFP4,Test,0.4113475177304964,0.2672811059907834,0.4851063829787234,0.3240223463687151,0.469608932442032,-0.0661239172681485
ABC,HIV-1 IN,ECFP4,Train,0.4575645756457565,0.3905511811023622,0.5166784953867991,0.421410365335599,0.5053531099310261,0.0109492484065011
ABC,HIV-1 IN,ECFP4,Validation,0.3333333333333333,0.2369668246445497,0.4434968017057569,0.2770083102493075,0.4246849627098717,-0.1606651932335804
ABC,HIV-1 IN,ECFP4,Test,0.4202898550724637,0.2672811059907834,0.4914893617021276,0.3267605633802817,0.4755377861969727,-0.0535558967687324
ABC,HIV-1 IN,ECFP4,Train,0.4222222222222222,0.2996845425867508,0.5,0.3505535055350554,0.481883614962626,-0.0386569544808641
ABC,HIV-1 IN,ECFP4,Validation,0.4379084967320261,0.3160377358490566,0.5085106382978724,0.3671232876712328,0.4913522012578616,-0.0183669907146746
ABC,HIV-1 IN,ECFP4,Test,0.424,0.2442396313364055,0.4978723404255319,0.3099415204678362,0.4798273255496256,-0.0455217604445904
ABC,HIV-1 IN,ECFP4,Train,0.435665914221219,0.3044164037854889,0.5092329545454546,0.3584029712163417,0.4907094938824085,-0.0199076024223706
ABC,HIV-1 IN,ECFP4,Validation,0.4437869822485207,0.3537735849056603,0.5085106382978724,0.3937007874015748,0.4947162498171712,-0.0109578021540605
ABC,HIV-1 IN,ECFP4,Test,0.4016393442622951,0.2258064516129032,0.4872340425531914,0.2890855457227139,0.4686344511028943,-0.0713351334376013
ABC,HIV-1 IN,ECFP4,Train,0.4408602150537634,0.3228346456692913,0.5102909865152591,0.3727272727272727,0.4934586665038962,-0.013843348632047
ABC,HIV-1 IN,ECFP4,Validation,0.4654088050314465,0.3507109004739336,0.5266524520255863,0.4,0.5106267680664243,0.0223358697937239
ABC,HIV-1 IN,ECFP4,Test,0.4488188976377952,0.2626728110599078,0.5106382978723404,0.3313953488372093,0.4929964845813374,-0.0157248782568139
ABC,HIV-1 IN,ECFP4,Train,0.4620390455531453,0.3354330708661417,0.524485450674237,0.3886861313868613,0.5075098170868176,0.0159280300552587
ABC,HIV-1 IN,ECFP4,Validation,0.4015748031496063,0.2417061611374407,0.4968017057569296,0.301775147928994,0.4735662588632939,-0.0591867912057413
ABC,HIV-1 IN,ECFP4,Test,0.396551724137931,0.2119815668202765,0.4872340425531914,0.2762762762762762,0.4676508624615216,-0.0748087165673445
ABC,HIV-1 IN,ECFP4,Train,0.4645390070921986,0.4132492113564668,0.5213068181818182,0.4373956594323873,0.5115341664017476,0.0234218147809354
ABC,HIV-1 IN,ECFP4,Validation,0.4322916666666667,0.3915094339622642,0.4936170212765957,0.4108910891089108,0.4845144069036127,-0.0313518094005091
ABC,HIV-1 IN,ECFP4,Test,0.4355828220858895,0.3271889400921659,0.4936170212765957,0.3736842105263158,0.4817762882279011,-0.03817631198774
ABC,HIV-1 IN,ECFP4,Train,0.4358974358974359,0.4022082018927445,0.4964488636363636,0.4183757178014766,0.4879258063727288,-0.0243795334571876
ABC,HIV-1 IN,ECFP4,Validation,0.45,0.4669811320754717,0.502127659574468,0.4583333333333333,0.4989944420067281,-0.002005550291837
ABC,HIV-1 IN,ECFP4,Test,0.4880952380952381,0.3778801843317972,0.5297872340425532,0.4259740259740259,0.5189796178575982,0.0394865758534251
ABC,HIV-1 IN,ECFP4,Train,0.4267310789049919,0.4173228346456692,0.4847409510290986,0.4219745222929936,0.4786872571161162,-0.0427186751684055
ABC,HIV-1 IN,ECFP4,Validation,0.4461538461538462,0.4123222748815165,0.5053304904051172,0.4285714285714285,0.4968588118593628,-0.0063413604304772
ABC,HIV-1 IN,ECFP4,Test,0.4468085106382978,0.3870967741935484,0.4957446808510638,0.4148148148148148,0.4880147902588295,-0.0243928352735433
ABC,HIV-1 IN,ECFP4,Train,0.4705882352941176,0.4283464566929134,0.525195173882186,0.448474855729596,0.5164988097418055,0.0333791691236535
ABC,HIV-1 IN,ECFP4,Validation,0.453551912568306,0.3933649289099526,0.5138592750533049,0.4213197969543147,0.5028840148425732,0.0058826093110514
ABC,HIV-1 IN,ECFP4,Test,0.4465408805031446,0.3271889400921659,0.502127659574468,0.3776595744680851,0.4896814265678221,-0.0217450807964552
ABC,HIV-1 IN,ECFP4,Train,0.3947797716150081,0.3817034700315457,0.4580965909090909,0.38813151563753,0.4511876523284343,-0.0979627570352506
ABC,HIV-1 IN,ECFP4,Validation,0.4182692307692308,0.410377358490566,0.4765957446808511,0.4142857142857143,0.4706925552142753,-0.0587223492179464
ABC,HIV-1 IN,ECFP4,Test,0.4451219512195122,0.336405529953917,0.5,0.3832020997375328,0.488360867743757,-0.0243477082461322
ABC,HIV-1 IN,ECFP4,Train,0.3993399339933993,0.3817034700315457,0.4630681818181818,0.3903225806451613,0.4557096161527237,-0.0890084120056833
ABC,HIV-1 IN,ECFP4,Validation,0.4046511627906977,0.410377358490566,0.4617021276595744,0.4074941451990632,0.4571266637414071,-0.0856457346687576
ABC,HIV-1 IN,ECFP4,Test,0.4451219512195122,0.336405529953917,0.5,0.3832020997375328,0.488360867743757,-0.0243477082461322
ABC,HIV-1 IN,ECFP4,Train,0.4158964879852125,0.3543307086614173,0.4847409510290986,0.3826530612244898,0.4730309874056441,-0.0551815492819951
ABC,HIV-1 IN,ECFP4,Validation,0.4545454545454545,0.4028436018957346,0.5138592750533049,0.4271356783919598,0.5037473823432161,0.007614891593205
ABC,HIV-1 IN,ECFP4,Test,0.4266666666666667,0.2949308755760368,0.4914893617021276,0.3487738419618528,0.477504963479718,-0.0481156333764022
ABC,HIV-1 IN,ECFP4,Train,0.4459459459459459,0.415748031496063,0.5039034776437189,0.4303178484107579,0.4959877108384707,-0.0080892392725642
ABC,HIV-1 IN,ECFP4,Validation,0.3414634146341463,0.2654028436018957,0.4392324093816631,0.2986666666666667,0.4233990962195525,-0.1598244160432687
ABC,HIV-1 IN,ECFP4,Test,0.4551282051282051,0.3271889400921659,0.5085106382978724,0.3806970509383378,0.4956102803227628,-0.0092945803787633
ABC,HIV-1 IN,ECFP4,Train,0.3947797716150081,0.3817034700315457,0.4580965909090909,0.38813151563753,0.4511876523284343,-0.0979627570352506
ABC,HIV-1 IN,ECFP4,Validation,0.4182692307692308,0.410377358490566,0.4765957446808511,0.4142857142857143,0.4706925552142753,-0.0587223492179464
ABC,HIV-1 IN,ECFP4,Test,0.4451219512195122,0.336405529953917,0.5,0.3832020997375328,0.488360867743757,-0.0243477082461322
ABC,HIV-1 IN,ECFP4,Train,0.3993399339933993,0.3817034700315457,0.4630681818181818,0.3903225806451613,0.4557096161527237,-0.0890084120056833
ABC,HIV-1 IN,ECFP4,Validation,0.4046511627906977,0.410377358490566,0.4617021276595744,0.4074941451990632,0.4571266637414071,-0.0856457346687576
ABC,HIV-1 IN,ECFP4,Test,0.4451219512195122,0.336405529953917,0.5,0.3832020997375328,0.488360867743757,-0.0243477082461322
ABC,HIV-1 IN,ECFP4,Train,0.4158964879852125,0.3543307086614173,0.4847409510290986,0.3826530612244898,0.4730309874056441,-0.0551815492819951
ABC,HIV-1 IN,ECFP4,Validation,0.4545454545454545,0.4028436018957346,0.5138592750533049,0.4271356783919598,0.5037473823432161,0.007614891593205
ABC,HIV-1 IN,ECFP4,Test,0.4266666666666667,0.2949308755760368,0.4914893617021276,0.3487738419618528,0.477504963479718,-0.0481156333764022
ABC,HIV-1 IN,ECFP4,Train,0.4459459459459459,0.415748031496063,0.5039034776437189,0.4303178484107579,0.4959877108384707,-0.0080892392725642
ABC,HIV-1 IN,ECFP4,Validation,0.3414634146341463,0.2654028436018957,0.4392324093816631,0.2986666666666667,0.4233990962195525,-0.1598244160432687
ABC,HIV-1 IN,ECFP4,Test,0.4551282051282051,0.3271889400921659,0.5085106382978724,0.3806970509383378,0.4956102803227628,-0.0092945803787633
ABC,HIV-1 IN,ECFP4,Train,0.4115456238361266,0.3485804416403785,0.4822443181818182,0.3774551665243382,0.4701558538951247,-0.0611375515538689
ABC,HIV-1 IN,ECFP4,Validation,0.44,0.3632075471698113,0.5042553191489362,0.3979328165374677,0.4916812929647506,-0.017125118152911
ABC,HIV-1 IN,ECFP4,Test,0.4057971014492754,0.2580645161290322,0.4829787234042553,0.3154929577464789,0.4669769220961366,-0.0722984667473655
ABC,HIV-1 IN,ECFP4,Train,0.4060721062618596,0.3375394321766561,0.4794034090909091,0.3686477174849268,0.4665733336593876,-0.0687297729899139
ABC,HIV-1 IN,ECFP4,Validation,0.425531914893617,0.3773584905660377,0.4893617021276595,0.4,0.4793769197016234,-0.0418945792445107
ABC,HIV-1 IN,ECFP4,Test,0.4044117647058823,0.2534562211981567,0.4829787234042553,0.311614730878187,0.4666490592156791,-0.0733306483588989
ABC,HIV-1 IN,ECFP4,Train,0.400375939849624,0.3354330708661417,0.4740951029098652,0.365038560411311,0.4616441840118822,-0.078734115368318
ABC,HIV-1 IN,ECFP4,Validation,0.445054945054945,0.3838862559241706,0.5074626865671642,0.4122137404580153,0.4962066938535581,-0.0077450161673735
ABC,HIV-1 IN,ECFP4,Test,0.4113475177304964,0.2672811059907834,0.4851063829787234,0.3240223463687151,0.469608932442032,-0.0661239172681485
ABC,HIV-1 IN,ECFP4,Train,0.452914798206278,0.3181102362204724,0.5195173882185947,0.3737280296022202,0.5014323790921483,0.0030645360804285
ABC,HIV-1 IN,ECFP4,Validation,0.3801652892561983,0.2180094786729857,0.488272921108742,0.2771084337349397,0.4636559021271905,-0.0826480597492334
ABC,HIV-1 IN,ECFP4,Test,0.3982300884955752,0.2073732718894009,0.4893617021276595,0.2727272727272727,0.4692992841660443,-0.0716300567460146
ABC,HIV-1 IN,ECFP4,Train,0.4472440944881889,0.4479495268138801,0.5021306818181818,0.4475965327029156,0.4972305773604284,-0.005538060980311
ABC,HIV-1 IN,ECFP4,Validation,0.4660194174757281,0.4528301886792453,0.5191489361702127,0.4593301435406698,0.5132367997659792,0.0265494302026279
ABC,HIV-1 IN,ECFP4,Test,0.4777777777777778,0.3963133640552995,0.5212765957446809,0.4332493702770781,0.5123859310395075,0.0254046683296565
ABC,HIV-1 IN,ECFP4,Train,0.4407294832826747,0.4574132492113564,0.4943181818181818,0.4489164086687306,0.4909805264144637,-0.017987993313921
ABC,HIV-1 IN,ECFP4,Validation,0.4362139917695473,0.5,0.4829787234042553,0.4659340659340659,0.4844961240310077,-0.0308767796917877
ABC,HIV-1 IN,ECFP4,Test,0.4947368421052631,0.4331797235023041,0.5340425531914894,0.4619164619164619,0.5268665415930494,0.0545853466041098
ABC,HIV-1 IN,ECFP4,Train,0.4571428571428571,0.4283464566929134,0.5131298793470547,0.4422764227642276,0.5055168975971027,0.0111150539789253
ABC,HIV-1 IN,ECFP4,Validation,0.4591836734693877,0.4265402843601896,0.5159914712153518,0.4422604422604422,0.5078437855909474,0.0158233134350138
ABC,HIV-1 IN,ECFP4,Test,0.4770114942528735,0.3824884792626728,0.5212765957446809,0.4245524296675191,0.5114023423981349,0.02354473038877
ABC,HIV-1 IN,ECFP4,Train,0.4516640253565768,0.4488188976377952,0.5060326472675657,0.4502369668246445,0.5008952369325927,0.001791516659398
ABC,HIV-1 IN,ECFP4,Validation,0.3915343915343915,0.3507109004739336,0.4626865671641791,0.37,0.4524872331827033,-0.0963787923141384
ABC,HIV-1 IN,ECFP4,Test,0.4512195121951219,0.3410138248847926,0.5042553191489362,0.3884514435695538,0.492641299794175,-0.0153935432416861
ABC,HIV-1 IN,ECFP4,Train,0.3947797716150081,0.3817034700315457,0.4580965909090909,0.38813151563753,0.4511876523284343,-0.0979627570352506
ABC,HIV-1 IN,ECFP4,Validation,0.4182692307692308,0.410377358490566,0.4765957446808511,0.4142857142857143,0.4706925552142753,-0.0587223492179464
ABC,HIV-1 IN,ECFP4,Test,0.4451219512195122,0.336405529953917,0.5,0.3832020997375328,0.488360867743757,-0.0243477082461322
ABC,HIV-1 IN,ECFP4,Train,0.3993399339933993,0.3817034700315457,0.4630681818181818,0.3903225806451613,0.4557096161527237,-0.0890084120056833
ABC,HIV-1 IN,ECFP4,Validation,0.4046511627906977,0.410377358490566,0.4617021276595744,0.4074941451990632,0.4571266637414071,-0.0856457346687576
ABC,HIV-1 IN,ECFP4,Test,0.4451219512195122,0.336405529953917,0.5,0.3832020997375328,0.488360867743757,-0.0243477082461322
ABC,HIV-1 IN,ECFP4,Train,0.4158964879852125,0.3543307086614173,0.4847409510290986,0.3826530612244898,0.4730309874056441,-0.0551815492819951
ABC,HIV-1 IN,ECFP4,Validation,0.4545454545454545,0.4028436018957346,0.5138592750533049,0.4271356783919598,0.5037473823432161,0.007614891593205
ABC,HIV-1 IN,ECFP4,Test,0.4266666666666667,0.2949308755760368,0.4914893617021276,0.3487738419618528,0.477504963479718,-0.0481156333764022
ABC,HIV-1 IN,ECFP4,Train,0.4459459459459459,0.415748031496063,0.5039034776437189,0.4303178484107579,0.4959877108384707,-0.0080892392725642
ABC,HIV-1 IN,ECFP4,Validation,0.3414634146341463,0.2654028436018957,0.4392324093816631,0.2986666666666667,0.4233990962195525,-0.1598244160432687
ABC,HIV-1 IN,ECFP4,Test,0.4551282051282051,0.3271889400921659,0.5085106382978724,0.3806970509383378,0.4956102803227628,-0.0092945803787633
ABC,HIV-1 IN,ECFP4,Train,0.4128440366972477,0.3548895899053628,0.4822443181818182,0.3816793893129771,0.4707264486994514,-0.0598021596030967
ABC,HIV-1 IN,ECFP4,Validation,0.4530386740331492,0.3867924528301887,0.5127659574468085,0.4173027989821883,0.5015357612988153,0.0031408217481032
ABC,HIV-1 IN,ECFP4,Test,0.4113475177304964,0.2672811059907834,0.4851063829787234,0.3240223463687151,0.469608932442032,-0.0661239172681485
ABC,HIV-1 IN,ECFP4,Train,0.4101995565410199,0.2917981072555205,0.4921875,0.3410138248847926,0.4740644283047628,-0.0553091126154835
ABC,HIV-1 IN,ECFP4,Validation,0.4140127388535032,0.3066037735849056,0.4914893617021276,0.3523035230352303,0.475007313149042,-0.0527349734635652
ABC,HIV-1 IN,ECFP4,Test,0.3727272727272727,0.1889400921658986,0.4787234042553192,0.2507645259938837,0.4581064097193129,-0.0986552294996791
ABC,HIV-1 IN,ECFP4,Train,0.400375939849624,0.3354330708661417,0.4740951029098652,0.365038560411311,0.4616441840118822,-0.078734115368318
ABC,HIV-1 IN,ECFP4,Validation,0.445054945054945,0.3838862559241706,0.5074626865671642,0.4122137404580153,0.4962066938535581,-0.0077450161673735
ABC,HIV-1 IN,ECFP4,Test,0.4113475177304964,0.2672811059907834,0.4851063829787234,0.3240223463687151,0.469608932442032,-0.0661239172681485
ABC,HIV-1 IN,ECFP4,Train,0.4665127020785219,0.3181102362204724,0.5287437899219305,0.3782771535580524,0.5098303119086859,0.0212024369073635
ABC,HIV-1 IN,ECFP4,Validation,0.3813559322033898,0.2132701421800948,0.4904051172707889,0.2735562310030395,0.4651622028729931,-0.0798798425533852
ABC,HIV-1 IN,ECFP4,Test,0.4,0.2027649769585253,0.4914893617021276,0.2691131498470948,0.470947705870567,-0.0684152569791253
ABC,HIV-1 IN,ECFP4,Train,0.425438596491228,0.305993690851735,0.5014204545454546,0.3559633027522936,0.4837461994310353,-0.0345620215108979
ABC,HIV-1 IN,ECFP4,Validation,0.4415584415584415,0.320754716981132,0.5106382978723404,0.3715846994535519,0.4937106918238994,-0.0133354216791617
ABC,HIV-1 IN,ECFP4,Test,0.416,0.2396313364055299,0.4936170212765957,0.3040935672514619,0.4755468934992077,-0.055181005324481
ABC,HIV-1 IN,ECFP4,Train,0.4310344827586206,0.3154574132492113,0.5042613636363636,0.3642987249544626,0.487186070965691,-0.0271257922946057
ABC,HIV-1 IN,ECFP4,Validation,0.4431818181818182,0.3679245283018867,0.5063829787234042,0.4020618556701031,0.4940397835307883,-0.0122557477364329
ABC,HIV-1 IN,ECFP4,Test,0.4135338345864661,0.2534562211981567,0.4893617021276595,0.3142857142857143,0.4725779129706198,-0.0606987653124838
ABC,HIV-1 IN,ECFP4,Train,0.4442148760330578,0.3385826771653543,0.511000709723208,0.3842716711349419,0.4955187287635557,-0.0093906363422022
ABC,HIV-1 IN,ECFP4,Validation,0.4666666666666667,0.3649289099526066,0.5266524520255863,0.4095744680851064,0.5119218193173886,0.0248396142956382
ABC,HIV-1 IN,ECFP4,Test,0.4511278195488721,0.2764976958525346,0.5106382978723404,0.3428571428571428,0.49398007322271,-0.0133251025810534
ABC,HIV-1 IN,ECFP4,Train,0.466804979253112,0.3543307086614173,0.5266146202980837,0.4028648164726947,0.5111446824960834,0.0233771548018462
ABC,HIV-1 IN,ECFP4,Validation,0.4126984126984127,0.2464454976303317,0.5031982942430704,0.3086053412462908,0.4798118961019875,-0.0453152390001607
ABC,HIV-1 IN,ECFP4,Test,0.4330708661417323,0.2534562211981567,0.502127659574468,0.3197674418604651,0.4844356204805012,-0.0349464459569507
ABC,HIV-1 IN,ECFP4,Train,0.4635879218472469,0.4116719242902208,0.5205965909090909,0.4360902255639097,0.5107455228686246,0.0218268018500175
ABC,HIV-1 IN,ECFP4,Validation,0.4,0.3584905660377358,0.4680851063829787,0.3781094527363184,0.4583150504607283,-0.0845339656563527
ABC,HIV-1 IN,ECFP4,Test,0.4393063583815029,0.3502304147465437,0.4936170212765957,0.3897435897435897,0.4834156026301889,-0.0342861358873522
ABC,HIV-1 IN,ECFP4,Train,0.4341880341880342,0.4006309148264984,0.4950284090909091,0.4167350287120591,0.4864911680075644,-0.0272762746477125
ABC,HIV-1 IN,ECFP4,Validation,0.456221198156682,0.4669811320754717,0.5085106382978724,0.4615384615384615,0.5048083954951003,0.0095988196787926
ABC,HIV-1 IN,ECFP4,Test,0.4857142857142857,0.391705069124424,0.5276595744680851,0.4336734693877551,0.5179869219139906,0.0370976961777953
ABC,HIV-1 IN,ECFP4,Train,0.4248788368336025,0.4141732283464567,0.4833215046132008,0.4194577352472089,0.47711245396651,-0.0458910187974911
ABC,HIV-1 IN,ECFP4,Validation,0.4321608040201005,0.4075829383886256,0.4925373134328358,0.4195121951219512,0.4847992211322973,-0.0306012028109446
ABC,HIV-1 IN,ECFP4,Test,0.4468085106382978,0.3870967741935484,0.4957446808510638,0.4148148148148148,0.4880147902588295,-0.0243928352735433
ABC,HIV-1 IN,ECFP4,Train,0.4629629629629629,0.4330708661417323,0.518097941802697,0.4475183075671277,0.5104630816496776,0.0210850641264922
ABC,HIV-1 IN,ECFP4,Validation,0.4656084656084656,0.4170616113744075,0.5223880597014925,0.44,0.5127943715786766,0.0259531524634824
ABC,HIV-1 IN,ECFP4,Test,0.4484848484848485,0.3410138248847926,0.502127659574468,0.387434554973822,0.4906650152091948,-0.0195003248453464
ABC,HIV-1 IN,ECFP4,Train,0.3947797716150081,0.3817034700315457,0.4580965909090909,0.38813151563753,0.4511876523284343,-0.0979627570352506
ABC,HIV-1 IN,ECFP4,Validation,0.4182692307692308,0.410377358490566,0.4765957446808511,0.4142857142857143,0.4706925552142753,-0.0587223492179464
ABC,HIV-1 IN,ECFP4,Test,0.4451219512195122,0.336405529953917,0.5,0.3832020997375328,0.488360867743757,-0.0243477082461322
ABC,HIV-1 IN,ECFP4,Train,0.3993399339933993,0.3817034700315457,0.4630681818181818,0.3903225806451613,0.4557096161527237,-0.0890084120056833
ABC,HIV-1 IN,ECFP4,Validation,0.4046511627906977,0.410377358490566,0.4617021276595744,0.4074941451990632,0.4571266637414071,-0.0856457346687576
ABC,HIV-1 IN,ECFP4,Test,0.4451219512195122,0.336405529953917,0.5,0.3832020997375328,0.488360867743757,-0.0243477082461322
ABC,HIV-1 IN,ECFP4,Train,0.4158964879852125,0.3543307086614173,0.4847409510290986,0.3826530612244898,0.4730309874056441,-0.0551815492819951
ABC,HIV-1 IN,ECFP4,Validation,0.4545454545454545,0.4028436018957346,0.5138592750533049,0.4271356783919598,0.5037473823432161,0.007614891593205
ABC,HIV-1 IN,ECFP4,Test,0.4266666666666667,0.2949308755760368,0.4914893617021276,0.3487738419618528,0.477504963479718,-0.0481156333764022
ABC,HIV-1 IN,ECFP4,Train,0.4459459459459459,0.415748031496063,0.5039034776437189,0.4303178484107579,0.4959877108384707,-0.0080892392725642
ABC,HIV-1 IN,ECFP4,Validation,0.3414634146341463,0.2654028436018957,0.4392324093816631,0.2986666666666667,0.4233990962195525,-0.1598244160432687
ABC,HIV-1 IN,ECFP4,Test,0.4551282051282051,0.3271889400921659,0.5085106382978724,0.3806970509383378,0.4956102803227628,-0.0092945803787633
ABC,HIV-1 IN,ECFP4,Train,0.3947797716150081,0.3817034700315457,0.4580965909090909,0.38813151563753,0.4511876523284343,-0.0979627570352506
ABC,HIV-1 IN,ECFP4,Validation,0.4182692307692308,0.410377358490566,0.4765957446808511,0.4142857142857143,0.4706925552142753,-0.0587223492179464
ABC,HIV-1 IN,ECFP4,Test,0.4451219512195122,0.336405529953917,0.5,0.3832020997375328,0.488360867743757,-0.0243477082461322
ABC,HIV-1 IN,ECFP4,Train,0.3993399339933993,0.3817034700315457,0.4630681818181818,0.3903225806451613,0.4557096161527237,-0.0890084120056833
ABC,HIV-1 IN,ECFP4,Validation,0.4046511627906977,0.410377358490566,0.4617021276595744,0.4074941451990632,0.4571266637414071,-0.0856457346687576
ABC,HIV-1 IN,ECFP4,Test,0.4451219512195122,0.336405529953917,0.5,0.3832020997375328,0.488360867743757,-0.0243477082461322
ABC,HIV-1 IN,ECFP4,Train,0.4158964879852125,0.3543307086614173,0.4847409510290986,0.3826530612244898,0.4730309874056441,-0.0551815492819951
ABC,HIV-1 IN,ECFP4,Validation,0.4545454545454545,0.4028436018957346,0.5138592750533049,0.4271356783919598,0.5037473823432161,0.007614891593205
ABC,HIV-1 IN,ECFP4,Test,0.4266666666666667,0.2949308755760368,0.4914893617021276,0.3487738419618528,0.477504963479718,-0.0481156333764022
ABC,HIV-1 IN,ECFP4,Train,0.4459459459459459,0.415748031496063,0.5039034776437189,0.4303178484107579,0.4959877108384707,-0.0080892392725642
ABC,HIV-1 IN,ECFP4,Validation,0.3414634146341463,0.2654028436018957,0.4392324093816631,0.2986666666666667,0.4233990962195525,-0.1598244160432687
ABC,HIV-1 IN,ECFP4,Test,0.4551282051282051,0.3271889400921659,0.5085106382978724,0.3806970509383378,0.4956102803227628,-0.0092945803787633
ABC,HIV-1 IN,ECFP4,Train,0.4053398058252427,0.2634069400630915,0.4943181818181818,0.3193116634799235,0.4734347361814166,-0.0581006459687526
ABC,HIV-1 IN,ECFP4,Validation,0.4366197183098591,0.2924528301886792,0.5106382978723404,0.3502824858757062,0.4911876554044171,-0.0190993310485509
ABC,HIV-1 IN,ECFP4,Test,0.3636363636363636,0.184331797235023,0.474468085106383,0.2446483180428134,0.453825977668895,-0.1087352203398637
ABC,HIV-1 IN,ECFP4,Train,0.4313253012048192,0.2823343848580442,0.5092329545454546,0.3412774070543374,0.488712412067265,-0.0246347170791896
ABC,HIV-1 IN,ECFP4,Validation,0.4391891891891892,0.3066037735849056,0.5106382978723404,0.3611111111111111,0.4924491736141582,-0.0161786943496857
ABC,HIV-1 IN,ECFP4,Test,0.4,0.2027649769585253,0.4914893617021276,0.2691131498470948,0.470947705870567,-0.0684152569791253
ABC,HIV-1 IN,ECFP4,Train,0.4449064449064449,0.337007874015748,0.5117104329311568,0.3835125448028674,0.4960233168528353,-0.0083456813968515
ABC,HIV-1 IN,ECFP4,Validation,0.4457831325301205,0.3507109004739336,0.511727078891258,0.3925729442970822,0.497060876593556,-0.006115381279109
ABC,HIV-1 IN,ECFP4,Test,0.40625,0.2396313364055299,0.4872340425531914,0.3014492753623188,0.4696180397442669,-0.068048393476748
ABC,HIV-1 IN,ECFP4,Train,0.4583333333333333,0.3118110236220472,0.5237757274662882,0.3711340206185567,0.5047427211133493,0.0102358937907468
ABC,HIV-1 IN,ECFP4,Validation,0.3833333333333333,0.2180094786729857,0.4904051172707889,0.2779456193353474,0.4655938866233146,-0.0784536865396708
ABC,HIV-1 IN,ECFP4,Test,0.417391304347826,0.2211981566820276,0.4978723404255319,0.2891566265060241,0.4781880111473379,-0.0505885572175503
ABC,HIV-1 IN,ECFP4,Train,0.440251572327044,0.4416403785488959,0.4957386363636363,0.4409448818897638,0.4908460290677295,-0.0183027954443746
ABC,HIV-1 IN,ECFP4,Validation,0.4514563106796116,0.4386792452830189,0.5063829787234042,0.4449760765550239,0.500347374579494,0.0006967391904004
ABC,HIV-1 IN,ECFP4,Test,0.4566473988439306,0.3640552995391705,0.5063829787234042,0.4051282051282051,0.4962568987814428,-0.0077383865182327
ABC,HIV-1 IN,ECFP4,Train,0.4568690095846645,0.4511041009463722,0.5113636363636364,0.4539682539682539,0.5059138075791293,0.0118419098713599
ABC,HIV-1 IN,ECFP4,Validation,0.4713656387665198,0.5047169811320755,0.5212765957446809,0.4874715261958998,0.5198003510311541,0.0394334344412808
ABC,HIV-1 IN,ECFP4,Test,0.4860335195530726,0.4009216589861751,0.5276595744680851,0.4393939393939394,0.5186426476749058,0.038278481861327
ABC,HIV-1 IN,ECFP4,Train,0.4415781487101669,0.4582677165354331,0.4946770759403832,0.4497681607418856,0.491407760076502,-0.0171364317300451
ABC,HIV-1 IN,ECFP4,Validation,0.4413145539906103,0.4454976303317535,0.4968017057569296,0.4433962264150943,0.4921286601271171,-0.0157296825122879
ABC,HIV-1 IN,ECFP4,Test,0.4715025906735751,0.4193548387096774,0.5148936170212766,0.4439024390243902,0.5080963916868546,0.0164094148415489
ABC,HIV-1 IN,ECFP4,Train,0.4521452145214521,0.431496062992126,0.5081618168914124,0.4415793714746172,0.501277747258337,0.0025682554104013
ABC,HIV-1 IN,ECFP4,Validation,0.4088397790055249,0.3507109004739336,0.4797441364605543,0.3775510204081632,0.4679911091516954,-0.0654208481867101
ABC,HIV-1 IN,ECFP4,Test,0.4545454545454545,0.3225806451612903,0.5085106382978724,0.3773584905660377,0.4952824174423051,-0.0100215692192993
ABC,HIV-1 IN,ECFP4,Train,0.3947797716150081,0.3817034700315457,0.4580965909090909,0.38813151563753,0.4511876523284343,-0.0979627570352506
ABC,HIV-1 IN,ECFP4,Validation,0.4182692307692308,0.410377358490566,0.4765957446808511,0.4142857142857143,0.4706925552142753,-0.0587223492179464
ABC,HIV-1 IN,ECFP4,Test,0.4451219512195122,0.336405529953917,0.5,0.3832020997375328,0.488360867743757,-0.0243477082461322
ABC,HIV-1 IN,ECFP4,Train,0.3993399339933993,0.3817034700315457,0.4630681818181818,0.3903225806451613,0.4557096161527237,-0.0890084120056833
ABC,HIV-1 IN,ECFP4,Validation,0.4046511627906977,0.410377358490566,0.4617021276595744,0.4074941451990632,0.4571266637414071,-0.0856457346687576
ABC,HIV-1 IN,ECFP4,Test,0.4451219512195122,0.336405529953917,0.5,0.3832020997375328,0.488360867743757,-0.0243477082461322
ABC,HIV-1 IN,ECFP4,Train,0.4158964879852125,0.3543307086614173,0.4847409510290986,0.3826530612244898,0.4730309874056441,-0.0551815492819951
ABC,HIV-1 IN,ECFP4,Validation,0.4545454545454545,0.4028436018957346,0.5138592750533049,0.4271356783919598,0.5037473823432161,0.007614891593205
ABC,HIV-1 IN,ECFP4,Test,0.4266666666666667,0.2949308755760368,0.4914893617021276,0.3487738419618528,0.477504963479718,-0.0481156333764022
ABC,HIV-1 IN,ECFP4,Train,0.4459459459459459,0.415748031496063,0.5039034776437189,0.4303178484107579,0.4959877108384707,-0.0080892392725642
ABC,HIV-1 IN,ECFP4,Validation,0.3414634146341463,0.2654028436018957,0.4392324093816631,0.2986666666666667,0.4233990962195525,-0.1598244160432687
ABC,HIV-1 IN,ECFP4,Test,0.4551282051282051,0.3271889400921659,0.5085106382978724,0.3806970509383378,0.4956102803227628,-0.0092945803787633
ABC,HIV-1 IN,ECFP4,Train,0.4018867924528302,0.3359621451104101,0.4758522727272727,0.3659793814432989,0.4632007107980991,-0.0755786869135127
ABC,HIV-1 IN,ECFP4,Validation,0.4402173913043478,0.3820754716981132,0.502127659574468,0.4090909090909091,0.4914253327482814,-0.0174836911824167
ABC,HIV-1 IN,ECFP4,Test,0.4113475177304964,0.2672811059907834,0.4851063829787234,0.3240223463687151,0.469608932442032,-0.0661239172681485
ABC,HIV-1 IN,ECFP4,Train,0.3993399339933993,0.3817034700315457,0.4630681818181818,0.3903225806451613,0.4557096161527237,-0.0890084120056833
ABC,HIV-1 IN,ECFP4,Validation,0.4046511627906977,0.410377358490566,0.4617021276595744,0.4074941451990632,0.4571266637414071,-0.0856457346687576
ABC,HIV-1 IN,ECFP4,Test,0.4451219512195122,0.336405529953917,0.5,0.3832020997375328,0.488360867743757,-0.0243477082461322
ABC,HIV-1 IN,ECFP4,Train,0.400375939849624,0.3354330708661417,0.4740951029098652,0.365038560411311,0.4616441840118822,-0.078734115368318
ABC,HIV-1 IN,ECFP4,Validation,0.445054945054945,0.3838862559241706,0.5074626865671642,0.4122137404580153,0.4962066938535581,-0.0077450161673735
ABC,HIV-1 IN,ECFP4,Test,0.4113475177304964,0.2672811059907834,0.4851063829787234,0.3240223463687151,0.469608932442032,-0.0661239172681485
ABC,HIV-1 IN,ECFP4,Train,0.4459459459459459,0.415748031496063,0.5039034776437189,0.4303178484107579,0.4959877108384707,-0.0080892392725642
ABC,HIV-1 IN,ECFP4,Validation,0.3414634146341463,0.2654028436018957,0.4392324093816631,0.2986666666666667,0.4233990962195525,-0.1598244160432687
ABC,HIV-1 IN,ECFP4,Test,0.4551282051282051,0.3271889400921659,0.5085106382978724,0.3806970509383378,0.4956102803227628,-0.0092945803787633
ABC,HIV-1 IN,ECFP4,Train,0.4038461538461538,0.2649842271293375,0.4928977272727273,0.32,0.4722853952184156,-0.0604437350701867
ABC,HIV-1 IN,ECFP4,Validation,0.4353741496598639,0.3018867924528302,0.5085106382978724,0.3565459610027855,0.4900906830481205,-0.0212711793897924
ABC,HIV-1 IN,ECFP4,Test,0.3693693693693693,0.1889400921658986,0.4765957446808511,0.25,0.4561301251343327,-0.10298590864289
ABC,HIV-1 IN,ECFP4,Train,0.4215456674473068,0.2839116719242902,0.5021306818181818,0.3393025447690858,0.4823951124479332,-0.0381092076481632
ABC,HIV-1 IN,ECFP4,Validation,0.425,0.320754716981132,0.4978723404255319,0.3655913978494624,0.4820827848471552,-0.0376302799851009
ABC,HIV-1 IN,ECFP4,Test,0.3818181818181818,0.1935483870967742,0.4829787234042553,0.2568807339449541,0.462386841769731,-0.0885752386594945
ABC,HIV-1 IN,ECFP4,Train,0.4454545454545454,0.3086614173228346,0.5152590489709014,0.3646511627906976,0.4967079696433294,-0.0070690807590427
ABC,HIV-1 IN,ECFP4,Validation,0.4729729729729729,0.3317535545023696,0.5330490405117271,0.3899721448467966,0.5147139865535104,0.0315012695742715
ABC,HIV-1 IN,ECFP4,Test,0.4462809917355372,0.2488479262672811,0.5106382978723404,0.3195266272189349,0.4920128959399646,-0.0182139469458848
ABC,HIV-1 IN,ECFP4,Train,0.4632516703786191,0.3275590551181102,0.5259048970901349,0.3837638376383764,0.5080947730370913,0.0172875411966027
ABC,HIV-1 IN,ECFP4,Validation,0.4,0.2274881516587677,0.4989339019189765,0.2900302114803625,0.4742091921084536,-0.058808849920821
ABC,HIV-1 IN,ECFP4,Test,0.3893805309734513,0.2027649769585253,0.4851063829787234,0.2666666666666666,0.4650188521156263,-0.0816170418159128
ABC,HIV-1 IN,ECFP4,Train,0.4444444444444444,0.3974763406940063,0.5049715909090909,0.4196502914238135,0.4952497982539798,-0.0096375719328776
ABC,HIV-1 IN,ECFP4,Validation,0.4358974358974359,0.4009433962264151,0.4957446808510638,0.4176904176904177,0.4872934035395641,-0.0256657148105564
ABC,HIV-1 IN,ECFP4,Test,0.4588235294117647,0.3594470046082949,0.5085106382978724,0.4031007751937984,0.4979053204859656,-0.0043466294727803
ABC,HIV-1 IN,ECFP4,Train,0.4431818181818182,0.4305993690851735,0.5,0.4368,0.4937234571524058,-0.0125896209933987
ABC,HIV-1 IN,ECFP4,Validation,0.4741379310344827,0.5188679245283019,0.5234042553191489,0.4954954954954955,0.5229998537370192,0.045782592586217
ABC,HIV-1 IN,ECFP4,Test,0.4632768361581921,0.3778801843317972,0.5106382978723404,0.416243654822335,0.501193056592776,0.0024550521668673
ABC,HIV-1 IN,ECFP4,Train,0.4259567387687188,0.4031496062992126,0.4861603974449964,0.4142394822006472,0.4787065860953427,-0.0428439711624733
ABC,HIV-1 IN,ECFP4,Validation,0.4352331606217616,0.3981042654028436,0.4968017057569296,0.4158415841584158,0.4878118226239024,-0.0246426067576286
ABC,HIV-1 IN,ECFP4,Test,0.4456521739130434,0.3778801843317972,0.4957446808510638,0.4089775561097257,0.4873590644979144,-0.0258230425313068
ABC,HIV-1 IN,ECFP4,Train,0.4637223974763407,0.462992125984252,0.5166784953867991,0.4633569739952718,0.5118578200980691,0.0237190185956053
ABC,HIV-1 IN,ECFP4,Validation,0.4090909090909091,0.3838862559241706,0.4733475479744136,0.3960880195599022,0.4651989419155737,-0.0701061768514139
ABC,HIV-1 IN,ECFP4,Test,0.4397590361445783,0.336405529953917,0.4957446808510638,0.381201044386423,0.4844082985737964,-0.0325254112900033
ABC,HIV-1 IN,ECFP4,Train,0.3947797716150081,0.3817034700315457,0.4580965909090909,0.38813151563753,0.4511876523284343,-0.0979627570352506
ABC,HIV-1 IN,ECFP4,Validation,0.4182692307692308,0.410377358490566,0.4765957446808511,0.4142857142857143,0.4706925552142753,-0.0587223492179464
ABC,HIV-1 IN,ECFP4,Test,0.4451219512195122,0.336405529953917,0.5,0.3832020997375328,0.488360867743757,-0.0243477082461322
ABC,HIV-1 IN,ECFP4,Train,0.3993399339933993,0.3817034700315457,0.4630681818181818,0.3903225806451613,0.4557096161527237,-0.0890084120056833
ABC,HIV-1 IN,ECFP4,Validation,0.4046511627906977,0.410377358490566,0.4617021276595744,0.4074941451990632,0.4571266637414071,-0.0856457346687576
ABC,HIV-1 IN,ECFP4,Test,0.4451219512195122,0.336405529953917,0.5,0.3832020997375328,0.488360867743757,-0.0243477082461322
ABC,HIV-1 IN,ECFP4,Train,0.4158964879852125,0.3543307086614173,0.4847409510290986,0.3826530612244898,0.4730309874056441,-0.0551815492819951
ABC,HIV-1 IN,ECFP4,Validation,0.4545454545454545,0.4028436018957346,0.5138592750533049,0.4271356783919598,0.5037473823432161,0.007614891593205
ABC,HIV-1 IN,ECFP4,Test,0.4266666666666667,0.2949308755760368,0.4914893617021276,0.3487738419618528,0.477504963479718,-0.0481156333764022
ABC,HIV-1 IN,ECFP4,Train,0.4459459459459459,0.415748031496063,0.5039034776437189,0.4303178484107579,0.4959877108384707,-0.0080892392725642
ABC,HIV-1 IN,ECFP4,Validation,0.3414634146341463,0.2654028436018957,0.4392324093816631,0.2986666666666667,0.4233990962195525,-0.1598244160432687
ABC,HIV-1 IN,ECFP4,Test,0.4551282051282051,0.3271889400921659,0.5085106382978724,0.3806970509383378,0.4956102803227628,-0.0092945803787633
ABC,HIV-1 IN,ECFP4,Train,0.4128440366972477,0.3548895899053628,0.4822443181818182,0.3816793893129771,0.4707264486994514,-0.0598021596030967
ABC,HIV-1 IN,ECFP4,Validation,0.4530386740331492,0.3867924528301887,0.5127659574468085,0.4173027989821883,0.5015357612988153,0.0031408217481032
ABC,HIV-1 IN,ECFP4,Test,0.4113475177304964,0.2672811059907834,0.4851063829787234,0.3240223463687151,0.469608932442032,-0.0661239172681485
ABC,HIV-1 IN,ECFP4,Train,0.3952702702702703,0.3690851735015772,0.4616477272727273,0.3817292006525285,0.4532764368799875,-0.094183565332105
ABC,HIV-1 IN,ECFP4,Validation,0.4019138755980861,0.3962264150943396,0.4617021276595744,0.3990498812351544,0.455865145531666,-0.0883885646187023
ABC,HIV-1 IN,ECFP4,Test,0.4258064516129032,0.304147465437788,0.4893617021276595,0.3548387096774194,0.4761844046556529,-0.0505080311583087
ABC,HIV-1 IN,ECFP4,Train,0.400375939849624,0.3354330708661417,0.4740951029098652,0.365038560411311,0.4616441840118822,-0.078734115368318
ABC,HIV-1 IN,ECFP4,Validation,0.445054945054945,0.3838862559241706,0.5074626865671642,0.4122137404580153,0.4962066938535581,-0.0077450161673735
ABC,HIV-1 IN,ECFP4,Test,0.4113475177304964,0.2672811059907834,0.4851063829787234,0.3240223463687151,0.469608932442032,-0.0661239172681485
ABC,HIV-1 IN,ECFP4,Train,0.4575645756457565,0.3905511811023622,0.5166784953867991,0.421410365335599,0.5053531099310261,0.0109492484065011
ABC,HIV-1 IN,ECFP4,Validation,0.3333333333333333,0.2369668246445497,0.4434968017057569,0.2770083102493075,0.4246849627098717,-0.1606651932335804
ABC,HIV-1 IN,ECFP4,Test,0.4202898550724637,0.2672811059907834,0.4914893617021276,0.3267605633802817,0.4755377861969727,-0.0535558967687324
ABC,HIV-1 IN,ECFP4,Train,0.4222222222222222,0.2996845425867508,0.5,0.3505535055350554,0.481883614962626,-0.0386569544808641
ABC,HIV-1 IN,ECFP4,Validation,0.4379084967320261,0.3160377358490566,0.5085106382978724,0.3671232876712328,0.4913522012578616,-0.0183669907146746
ABC,HIV-1 IN,ECFP4,Test,0.424,0.2442396313364055,0.4978723404255319,0.3099415204678362,0.4798273255496256,-0.0455217604445904
ABC,HIV-1 IN,ECFP4,Train,0.435665914221219,0.3044164037854889,0.5092329545454546,0.3584029712163417,0.4907094938824085,-0.0199076024223706
ABC,HIV-1 IN,ECFP4,Validation,0.4437869822485207,0.3537735849056603,0.5085106382978724,0.3937007874015748,0.4947162498171712,-0.0109578021540605
ABC,HIV-1 IN,ECFP4,Test,0.4016393442622951,0.2258064516129032,0.4872340425531914,0.2890855457227139,0.4686344511028943,-0.0713351334376013
ABC,HIV-1 IN,ECFP4,Train,0.4408602150537634,0.3228346456692913,0.5102909865152591,0.3727272727272727,0.4934586665038962,-0.013843348632047
ABC,HIV-1 IN,ECFP4,Validation,0.4654088050314465,0.3507109004739336,0.5266524520255863,0.4,0.5106267680664243,0.0223358697937239
ABC,HIV-1 IN,ECFP4,Test,0.4488188976377952,0.2626728110599078,0.5106382978723404,0.3313953488372093,0.4929964845813374,-0.0157248782568139
ABC,HIV-1 IN,ECFP4,Train,0.4620390455531453,0.3354330708661417,0.524485450674237,0.3886861313868613,0.5075098170868176,0.0159280300552587
ABC,HIV-1 IN,ECFP4,Validation,0.4015748031496063,0.2417061611374407,0.4968017057569296,0.301775147928994,0.4735662588632939,-0.0591867912057413
ABC,HIV-1 IN,ECFP4,Test,0.396551724137931,0.2119815668202765,0.4872340425531914,0.2762762762762762,0.4676508624615216,-0.0748087165673445
ABC,HIV-1 IN,ECFP4,Train,0.4645390070921986,0.4132492113564668,0.5213068181818182,0.4373956594323873,0.5115341664017476,0.0234218147809354
ABC,HIV-1 IN,ECFP4,Validation,0.4322916666666667,0.3915094339622642,0.4936170212765957,0.4108910891089108,0.4845144069036127,-0.0313518094005091
ABC,HIV-1 IN,ECFP4,Test,0.4355828220858895,0.3271889400921659,0.4936170212765957,0.3736842105263158,0.4817762882279011,-0.03817631198774
ABC,HIV-1 IN,ECFP4,Train,0.4358974358974359,0.4022082018927445,0.4964488636363636,0.4183757178014766,0.4879258063727288,-0.0243795334571876
ABC,HIV-1 IN,ECFP4,Validation,0.45,0.4669811320754717,0.502127659574468,0.4583333333333333,0.4989944420067281,-0.002005550291837
ABC,HIV-1 IN,ECFP4,Test,0.4880952380952381,0.3778801843317972,0.5297872340425532,0.4259740259740259,0.5189796178575982,0.0394865758534251
ABC,HIV-1 IN,ECFP4,Train,0.4267310789049919,0.4173228346456692,0.4847409510290986,0.4219745222929936,0.4786872571161162,-0.0427186751684055
ABC,HIV-1 IN,ECFP4,Validation,0.4461538461538462,0.4123222748815165,0.5053304904051172,0.4285714285714285,0.4968588118593628,-0.0063413604304772
ABC,HIV-1 IN,ECFP4,Test,0.4468085106382978,0.3870967741935484,0.4957446808510638,0.4148148148148148,0.4880147902588295,-0.0243928352735433
ABC,HIV-1 IN,ECFP4,Train,0.4705882352941176,0.4283464566929134,0.525195173882186,0.448474855729596,0.5164988097418055,0.0333791691236535
ABC,HIV-1 IN,ECFP4,Validation,0.453551912568306,0.3933649289099526,0.5138592750533049,0.4213197969543147,0.5028840148425732,0.0058826093110514
ABC,HIV-1 IN,ECFP4,Test,0.4465408805031446,0.3271889400921659,0.502127659574468,0.3776595744680851,0.4896814265678221,-0.0217450807964552
ABC,HIV-1 IN,MIX,Train,0.7094339622641509,0.5930599369085173,0.7073863636363636,0.6460481099656358,0.6970467643198915,0.4046962870979731
ABC,HIV-1 IN,MIX,Validation,0.5739130434782609,0.3113207547169811,0.5851063829787234,0.4036697247706422,0.560699137048413,0.1405164596908127
ABC,HIV-1 IN,MIX,Test,0.5681818181818182,0.4608294930875576,0.5893617021276596,0.5089058524173028,0.5802171180852806,0.1652559782467418
ABC,HIV-1 IN,MIX,Train,0.6920529801324503,0.6593059936908517,0.7144886363636364,0.6752827140549273,0.7094979580857359,0.4211903434537071
ABC,HIV-1 IN,MIX,Validation,0.6031746031746031,0.7169811320754716,0.6595744680851063,0.6551724137931034,0.6646921164253327,0.3286639515756805
ABC,HIV-1 IN,MIX,Test,0.8322981366459627,0.6175115207373272,0.7659574468085106,0.708994708994709,0.7553960765741972,0.5365894958118607
ABC,HIV-1 IN,MIX,Train,0.6858789625360231,0.3748031496062992,0.6408800567778566,0.4847250509164969,0.6169881381106432,0.2702104694771478
ABC,HIV-1 IN,MIX,Validation,0.7849462365591398,0.3459715639810427,0.6631130063965884,0.4802631578947368,0.6342260920680407,0.3349520388162427
ABC,HIV-1 IN,MIX,Test,0.9344262295081968,0.5253456221198156,0.7638297872340426,0.672566371681416,0.7468625343800659,0.5614431262948962
ABC,HIV-1 IN,MIX,Train,0.708029197080292,0.6110236220472441,0.7111426543647977,0.6559594251901945,0.7021526378970071,0.4126433936428734
ABC,HIV-1 IN,MIX,Validation,0.7315436241610739,0.5165876777251185,0.697228144989339,0.6055555555555555,0.6807744590175979,0.3863225183538536
ABC,HIV-1 IN,MIX,Test,0.8011049723756906,0.6682027649769585,0.7702127659574468,0.7286432160804021,0.7629551374291907,0.538782615887014
ABC,HIV-1 IN,MIX,Train,0.7094339622641509,0.5930599369085173,0.7073863636363636,0.6460481099656358,0.6970467643198915,0.4046962870979731
ABC,HIV-1 IN,MIX,Validation,0.5739130434782609,0.3113207547169811,0.5851063829787234,0.4036697247706422,0.560699137048413,0.1405164596908127
ABC,HIV-1 IN,MIX,Test,0.5681818181818182,0.4608294930875576,0.5893617021276596,0.5089058524173028,0.5802171180852806,0.1652559782467418
ABC,HIV-1 IN,MIX,Train,0.6920529801324503,0.6593059936908517,0.7144886363636364,0.6752827140549273,0.7094979580857359,0.4211903434537071
ABC,HIV-1 IN,MIX,Validation,0.6031746031746031,0.7169811320754716,0.6595744680851063,0.6551724137931034,0.6646921164253327,0.3286639515756805
ABC,HIV-1 IN,MIX,Test,0.8322981366459627,0.6175115207373272,0.7659574468085106,0.708994708994709,0.7553960765741972,0.5365894958118607
ABC,HIV-1 IN,MIX,Train,0.6858789625360231,0.3748031496062992,0.6408800567778566,0.4847250509164969,0.6169881381106432,0.2702104694771478
ABC,HIV-1 IN,MIX,Validation,0.7849462365591398,0.3459715639810427,0.6631130063965884,0.4802631578947368,0.6342260920680407,0.3349520388162427
ABC,HIV-1 IN,MIX,Test,0.9344262295081968,0.5253456221198156,0.7638297872340426,0.672566371681416,0.7468625343800659,0.5614431262948962
ABC,HIV-1 IN,MIX,Train,0.708029197080292,0.6110236220472441,0.7111426543647977,0.6559594251901945,0.7021526378970071,0.4126433936428734
ABC,HIV-1 IN,MIX,Validation,0.7315436241610739,0.5165876777251185,0.697228144989339,0.6055555555555555,0.6807744590175979,0.3863225183538536
ABC,HIV-1 IN,MIX,Test,0.8011049723756906,0.6682027649769585,0.7702127659574468,0.7286432160804021,0.7629551374291907,0.538782615887014
ABC,HIV-1 IN,MIX,Train,0.7871198568872988,0.694006309148265,0.7776988636363636,0.7376362112321878,0.7701297695612127,0.5493609735030401
ABC,HIV-1 IN,MIX,Validation,0.7894736842105263,0.6367924528301887,0.7595744680851064,0.7049608355091384,0.7486287845546292,0.5143106726723402
ABC,HIV-1 IN,MIX,Test,0.7365591397849462,0.631336405529954,0.725531914893617,0.6799007444168734,0.7188302581009454,0.4461818024978868
ABC,HIV-1 IN,MIX,Train,0.7440147329650092,0.637223974763407,0.7379261363636364,0.6864910790144435,0.7288187057279567,0.4677660103995496
ABC,HIV-1 IN,MIX,Validation,0.6276150627615062,0.7075471698113207,0.6787234042553192,0.6651884700665188,0.6812929647506217,0.3608974304101535
ABC,HIV-1 IN,MIX,Test,0.7456647398843931,0.5944700460829493,0.7191489361702128,0.6615384615384615,0.7102785013023443,0.4347241029670933
ABC,HIV-1 IN,MIX,Train,0.8188235294117647,0.5480314960629922,0.7416607523066004,0.6566037735849056,0.7242741459643126,0.4862667070268809
ABC,HIV-1 IN,MIX,Validation,0.6736111111111112,0.4597156398104265,0.6567164179104478,0.5464788732394367,0.6387725485873837,0.299337904468465
ABC,HIV-1 IN,MIX,Test,0.8955223880597015,0.5529953917050692,0.7638297872340426,0.6837606837606838,0.7488297116628113,0.5495412808119365
ABC,HIV-1 IN,MIX,Train,0.7557932263814616,0.6677165354330709,0.7530163236337828,0.7090301003344481,0.7453569757268713,0.4987769690440286
ABC,HIV-1 IN,MIX,Validation,0.7628205128205128,0.5639810426540285,0.7249466950959488,0.6485013623978202,0.710285094970425,0.4440737472189852
ABC,HIV-1 IN,MIX,Test,0.8379888268156425,0.6912442396313364,0.7957446808510639,0.7575757575757576,0.7883098668512413,0.5919794334558034
ABC,HIV-1 IN,MIX,Train,0.8216318785578748,0.6829652996845426,0.7904829545454546,0.7459086993970715,0.7807591356303849,0.5772789742205341
ABC,HIV-1 IN,MIX,Validation,0.7218045112781954,0.4528301886792453,0.674468085106383,0.5565217391304348,0.6547096679830334,0.3418097623086013
ABC,HIV-1 IN,MIX,Test,0.7607361963190185,0.5714285714285714,0.7191489361702128,0.6526315789473685,0.7086391869000565,0.4370720296487441
ABC,HIV-1 IN,MIX,Train,0.7526395173453997,0.7870662460567823,0.7876420454545454,0.7694680030840401,0.7875899705736108,0.5733026387818654
ABC,HIV-1 IN,MIX,Validation,0.63671875,0.7688679245283019,0.6978723404255319,0.6965811965811965,0.7042014041246161,0.4080746659888264
ABC,HIV-1 IN,MIX,Test,0.6923076923076923,0.8294930875576036,0.7510638297872341,0.7547169811320755,0.7566437769803829,0.5147004404678956
ABC,HIV-1 IN,MIX,Train,0.8794871794871795,0.5401574803149606,0.759403832505323,0.6692682926829269,0.7397169830515371,0.5331712786400346
ABC,HIV-1 IN,MIX,Validation,0.8145161290322581,0.4786729857819905,0.7164179104477612,0.6029850746268657,0.6947628494801424,0.4394068329091155
ABC,HIV-1 IN,MIX,Test,0.9207317073170732,0.695852534562212,0.8319148936170213,0.7926509186351706,0.8222345676763629,0.6740771621006673
ABC,HIV-1 IN,MIX,Train,0.7854889589905363,0.784251968503937,0.8062455642299503,0.7848699763593381,0.8042706870943457,0.6086280636407695
ABC,HIV-1 IN,MIX,Validation,0.7433155080213903,0.6587677725118484,0.744136460554371,0.6984924623115578,0.7363606304419706,0.4802980888714194
ABC,HIV-1 IN,MIX,Test,0.7310924369747899,0.8018433179723502,0.7723404255319148,0.7648351648351648,0.7744394455474399,0.5473110109059447
ABC,HIV-1 IN,MIX,Train,0.7094339622641509,0.5930599369085173,0.7073863636363636,0.6460481099656358,0.6970467643198915,0.4046962870979731
ABC,HIV-1 IN,MIX,Validation,0.5739130434782609,0.3113207547169811,0.5851063829787234,0.4036697247706422,0.560699137048413,0.1405164596908127
ABC,HIV-1 IN,MIX,Test,0.5681818181818182,0.4608294930875576,0.5893617021276596,0.5089058524173028,0.5802171180852806,0.1652559782467418
ABC,HIV-1 IN,MIX,Train,0.6920529801324503,0.6593059936908517,0.7144886363636364,0.6752827140549273,0.7094979580857359,0.4211903434537071
ABC,HIV-1 IN,MIX,Validation,0.6031746031746031,0.7169811320754716,0.6595744680851063,0.6551724137931034,0.6646921164253327,0.3286639515756805
ABC,HIV-1 IN,MIX,Test,0.8322981366459627,0.6175115207373272,0.7659574468085106,0.708994708994709,0.7553960765741972,0.5365894958118607
ABC,HIV-1 IN,MIX,Train,0.6858789625360231,0.3748031496062992,0.6408800567778566,0.4847250509164969,0.6169881381106432,0.2702104694771478
ABC,HIV-1 IN,MIX,Validation,0.7849462365591398,0.3459715639810427,0.6631130063965884,0.4802631578947368,0.6342260920680407,0.3349520388162427
ABC,HIV-1 IN,MIX,Test,0.9344262295081968,0.5253456221198156,0.7638297872340426,0.672566371681416,0.7468625343800659,0.5614431262948962
ABC,HIV-1 IN,MIX,Train,0.708029197080292,0.6110236220472441,0.7111426543647977,0.6559594251901945,0.7021526378970071,0.4126433936428734
ABC,HIV-1 IN,MIX,Validation,0.7315436241610739,0.5165876777251185,0.697228144989339,0.6055555555555555,0.6807744590175979,0.3863225183538536
ABC,HIV-1 IN,MIX,Test,0.8011049723756906,0.6682027649769585,0.7702127659574468,0.7286432160804021,0.7629551374291907,0.538782615887014
ABC,HIV-1 IN,MIX,Train,0.7871198568872988,0.694006309148265,0.7776988636363636,0.7376362112321878,0.7701297695612127,0.5493609735030401
ABC,HIV-1 IN,MIX,Validation,0.7857142857142857,0.6226415094339622,0.7531914893617021,0.6947368421052632,0.741553312856516,0.501605933234854
ABC,HIV-1 IN,MIX,Test,0.7365591397849462,0.631336405529954,0.725531914893617,0.6799007444168734,0.7188302581009454,0.4461818024978868
ABC,HIV-1 IN,MIX,Train,0.7412698412698413,0.7365930599369085,0.765625,0.7389240506329114,0.7629993723457152,0.5263077240820189
ABC,HIV-1 IN,MIX,Validation,0.6598360655737705,0.7594339622641509,0.7148936170212766,0.706140350877193,0.7188642679537809,0.4359468161990542
ABC,HIV-1 IN,MIX,Test,0.7276995305164319,0.7142857142857143,0.7446808510638298,0.7209302325581395,0.7425183512140034,0.4857450311709552
ABC,HIV-1 IN,MIX,Train,0.8188235294117647,0.5480314960629922,0.7416607523066004,0.6566037735849056,0.7242741459643126,0.4862667070268809
ABC,HIV-1 IN,MIX,Validation,0.6736111111111112,0.4597156398104265,0.6567164179104478,0.5464788732394367,0.6387725485873837,0.299337904468465
ABC,HIV-1 IN,MIX,Test,0.8955223880597015,0.5529953917050692,0.7638297872340426,0.6837606837606838,0.7488297116628113,0.5495412808119365
ABC,HIV-1 IN,MIX,Train,0.7613019891500904,0.662992125984252,0.7544357700496807,0.7087542087542088,0.7462247451626686,0.5017872098402799
ABC,HIV-1 IN,MIX,Validation,0.7727272727272727,0.5639810426540285,0.7292110874200426,0.6520547945205479,0.7141610639626731,0.4537388382655296
ABC,HIV-1 IN,MIX,Test,0.8418079096045198,0.6866359447004609,0.7957446808510639,0.7563451776649747,0.7879820039707838,0.592604615026808
ABC,HIV-1 IN,MIX,Train,0.8546168958742633,0.6861198738170347,0.8061079545454546,0.7611548556430446,0.7952563193374579,0.6115128245907677
ABC,HIV-1 IN,MIX,Validation,0.905511811023622,0.5424528301886793,0.7680851063829788,0.6784660766961652,0.7479706011408513,0.5557238726122522
ABC,HIV-1 IN,MIX,Test,0.9248554913294798,0.7373271889400922,0.851063829787234,0.8205128205128205,0.842971894865303,0.7090508464479955
ABC,HIV-1 IN,MIX,Train,0.8384201077199281,0.7365930599369085,0.8174715909090909,0.7842149454240135,0.8101569950847333,0.6311525013567422
ABC,HIV-1 IN,MIX,Validation,0.7442922374429224,0.7688679245283019,0.776595744680851,0.7563805104408353,0.7759068304812052,0.5504416818679132
ABC,HIV-1 IN,MIX,Test,0.7989949748743719,0.7327188940092166,0.7914893617021277,0.7644230769230769,0.7873080636053988,0.5797713555978872
ABC,HIV-1 IN,MIX,Train,0.9207650273224044,0.5307086614173229,0.7679205110007097,0.6733266733266733,0.7466204805794625,0.5596722596086718
ABC,HIV-1 IN,MIX,Validation,0.7265625,0.4407582938388625,0.673773987206823,0.5486725663716814,0.6525496895550902,0.3407298877239893
ABC,HIV-1 IN,MIX,Test,0.9185185185185184,0.5714285714285714,0.7787234042553192,0.7045454545454546,0.7639751552795031,0.5816930694194017
ABC,HIV-1 IN,MIX,Train,0.8519230769230769,0.6976377952755906,0.8090844570617459,0.7670995670995671,0.7990772955706118,0.6167628849319918
ABC,HIV-1 IN,MIX,Validation,0.8732394366197183,0.5876777251184834,0.7761194029850746,0.7025495750708215,0.758955141629009,0.5607736083324768
ABC,HIV-1 IN,MIX,Test,0.9204545454545454,0.7465437788018433,0.8531914893617021,0.8244274809160306,0.8456039052111984,0.711981592019455
ABC,HIV-1 IN,MIX,Train,0.8913412563667232,0.8280757097791798,0.8771306818181818,0.8585445625511039,0.872694185638944,0.7517927341946603
ABC,HIV-1 IN,MIX,Validation,0.8456375838926175,0.5943396226415094,0.7680851063829788,0.6980609418282548,0.752596167909902,0.5402426740689895
ABC,HIV-1 IN,MIX,Test,0.7795698924731183,0.6682027649769585,0.7595744680851064,0.7196029776674938,0.7530737145042896,0.5160021611374763
ABC,HIV-1 IN,MIX,Train,0.8915254237288136,0.8296529968454258,0.8778409090909091,0.8594771241830066,0.8734828291720669,0.7532048143113956
ABC,HIV-1 IN,MIX,Validation,0.7155172413793104,0.7830188679245284,0.7617021276595745,0.7477477477477478,0.7636024572180782,0.5247165500064213
ABC,HIV-1 IN,MIX,Test,0.8294930875576036,0.8294930875576036,0.8425531914893617,0.8294930875576036,0.841624014134533,0.6832480282690662
ABC,HIV-1 IN,MIX,Train,0.977124183006536,0.4708661417322834,0.7565649396735273,0.6354941551540914,0.7309111070418524,0.5572931341522311
ABC,HIV-1 IN,MIX,Validation,0.8288288288288288,0.4360189573459715,0.7057569296375267,0.5714285714285714,0.6811877732466292,0.4241377822878994
ABC,HIV-1 IN,MIX,Test,0.9464285714285714,0.488479262672811,0.7510638297872341,0.6443768996960486,0.7323819238265241,0.5438409943657364
ABC,HIV-1 IN,MIX,Train,0.8687782805429864,0.9070866141732284,0.8963804116394606,0.8875192604006163,0.8973417566990173,0.7921827261856135
ABC,HIV-1 IN,MIX,Validation,0.7704081632653061,0.7156398104265402,0.7761194029850746,0.742014742014742,0.7706106028876888,0.5459043135079763
ABC,HIV-1 IN,MIX,Test,0.737037037037037,0.9170506912442395,0.8106382978723404,0.8172484599589322,0.8182091400885231,0.6417056944752498
ABC,HIV-1 IN,MIX,Train,0.7094339622641509,0.5930599369085173,0.7073863636363636,0.6460481099656358,0.6970467643198915,0.4046962870979731
ABC,HIV-1 IN,MIX,Validation,0.5739130434782609,0.3113207547169811,0.5851063829787234,0.4036697247706422,0.560699137048413,0.1405164596908127
ABC,HIV-1 IN,MIX,Test,0.5681818181818182,0.4608294930875576,0.5893617021276596,0.5089058524173028,0.5802171180852806,0.1652559782467418
ABC,HIV-1 IN,MIX,Train,0.6920529801324503,0.6593059936908517,0.7144886363636364,0.6752827140549273,0.7094979580857359,0.4211903434537071
ABC,HIV-1 IN,MIX,Validation,0.6031746031746031,0.7169811320754716,0.6595744680851063,0.6551724137931034,0.6646921164253327,0.3286639515756805
ABC,HIV-1 IN,MIX,Test,0.8322981366459627,0.6175115207373272,0.7659574468085106,0.708994708994709,0.7553960765741972,0.5365894958118607
ABC,HIV-1 IN,MIX,Train,0.6858789625360231,0.3748031496062992,0.6408800567778566,0.4847250509164969,0.6169881381106432,0.2702104694771478
ABC,HIV-1 IN,MIX,Validation,0.7849462365591398,0.3459715639810427,0.6631130063965884,0.4802631578947368,0.6342260920680407,0.3349520388162427
ABC,HIV-1 IN,MIX,Test,0.9344262295081968,0.5253456221198156,0.7638297872340426,0.672566371681416,0.7468625343800659,0.5614431262948962
ABC,HIV-1 IN,MIX,Train,0.708029197080292,0.6110236220472441,0.7111426543647977,0.6559594251901945,0.7021526378970071,0.4126433936428734
ABC,HIV-1 IN,MIX,Validation,0.7315436241610739,0.5165876777251185,0.697228144989339,0.6055555555555555,0.6807744590175979,0.3863225183538536
ABC,HIV-1 IN,MIX,Test,0.8011049723756906,0.6682027649769585,0.7702127659574468,0.7286432160804021,0.7629551374291907,0.538782615887014
ABC,HIV-1 IN,MIX,Train,0.7094339622641509,0.5930599369085173,0.7073863636363636,0.6460481099656358,0.6970467643198915,0.4046962870979731
ABC,HIV-1 IN,MIX,Validation,0.5739130434782609,0.3113207547169811,0.5851063829787234,0.4036697247706422,0.560699137048413,0.1405164596908127
ABC,HIV-1 IN,MIX,Test,0.5681818181818182,0.4608294930875576,0.5893617021276596,0.5089058524173028,0.5802171180852806,0.1652559782467418
ABC,HIV-1 IN,MIX,Train,0.6920529801324503,0.6593059936908517,0.7144886363636364,0.6752827140549273,0.7094979580857359,0.4211903434537071
ABC,HIV-1 IN,MIX,Validation,0.6031746031746031,0.7169811320754716,0.6595744680851063,0.6551724137931034,0.6646921164253327,0.3286639515756805
ABC,HIV-1 IN,MIX,Test,0.8322981366459627,0.6175115207373272,0.7659574468085106,0.708994708994709,0.7553960765741972,0.5365894958118607
ABC,HIV-1 IN,MIX,Train,0.6858789625360231,0.3748031496062992,0.6408800567778566,0.4847250509164969,0.6169881381106432,0.2702104694771478
ABC,HIV-1 IN,MIX,Validation,0.7849462365591398,0.3459715639810427,0.6631130063965884,0.4802631578947368,0.6342260920680407,0.3349520388162427
ABC,HIV-1 IN,MIX,Test,0.9344262295081968,0.5253456221198156,0.7638297872340426,0.672566371681416,0.7468625343800659,0.5614431262948962
ABC,HIV-1 IN,MIX,Train,0.708029197080292,0.6110236220472441,0.7111426543647977,0.6559594251901945,0.7021526378970071,0.4126433936428734
ABC,HIV-1 IN,MIX,Validation,0.7315436241610739,0.5165876777251185,0.697228144989339,0.6055555555555555,0.6807744590175979,0.3863225183538536
ABC,HIV-1 IN,MIX,Test,0.8011049723756906,0.6682027649769585,0.7702127659574468,0.7286432160804021,0.7629551374291907,0.538782615887014
ABC,HIV-1 IN,MIX,Train,0.8305439330543933,0.6261829652996845,0.7741477272727273,0.7140287769784173,0.7607659012544936,0.547949434584645
ABC,HIV-1 IN,MIX,Validation,0.8445945945945946,0.589622641509434,0.7659574468085106,0.6944444444444444,0.7502376773438642,0.5361689819955182
ABC,HIV-1 IN,MIX,Test,0.8823529411764706,0.6221198156682027,0.7872340425531915,0.7297297297297297,0.7754867853044571,0.5861996406582335
ABC,HIV-1 IN,MIX,Train,0.7484076433121019,0.7413249211356467,0.7713068181818182,0.7448494453248812,0.7685952771052911,0.537670679072511
ABC,HIV-1 IN,MIX,Validation,0.659919028340081,0.7688679245283019,0.7170212765957447,0.710239651416122,0.7216432645897323,0.4417345912547963
ABC,HIV-1 IN,MIX,Test,0.7355769230769231,0.7050691244239631,0.7468085106382979,0.72,0.7438389100380685,0.4894866125990108
ABC,HIV-1 IN,MIX,Train,0.8085106382978723,0.5984251968503937,0.7551454932576295,0.6877828054298643,0.741073063541476,0.5088084327101345
ABC,HIV-1 IN,MIX,Validation,0.68125,0.5165876777251185,0.673773987206823,0.5876010781671159,0.6594566295602338,0.3346450654256273
ABC,HIV-1 IN,MIX,Test,0.8758620689655172,0.5852534562211982,0.7702127659574468,0.7016574585635359,0.7570536055809548,0.5549043655037003
ABC,HIV-1 IN,MIX,Train,0.806949806949807,0.658267716535433,0.7750177430801988,0.7250650477016479,0.7645343750635822,0.54596615531614
ABC,HIV-1 IN,MIX,Validation,0.8273381294964028,0.5450236966824644,0.744136460554371,0.6571428571428571,0.7260002204342555,0.4924085315427998
ABC,HIV-1 IN,MIX,Test,0.9135802469135802,0.6820276497695853,0.823404255319149,0.7810026385224275,0.8133458406950693,0.6573719850173785
ABC,HIV-1 IN,MIX,Train,0.8267857142857142,0.7302839116719243,0.8096590909090909,0.7755443886097152,0.8024804571279518,0.6149651230195574
ABC,HIV-1 IN,MIX,Validation,0.7678571428571429,0.4056603773584906,0.676595744680851,0.5308641975308642,0.6524425917800206,0.356093116316799
ABC,HIV-1 IN,MIX,Test,0.7457627118644068,0.6082949308755761,0.723404255319149,0.6700507614213198,0.7152146591136773,0.4428651737041364
ABC,HIV-1 IN,MIX,Train,0.843859649122807,0.7586750788643533,0.828125,0.7990033222591362,0.821843999380497,0.6524257359565173
ABC,HIV-1 IN,MIX,Validation,0.6822429906542056,0.6886792452830188,0.7148936170212766,0.6854460093896714,0.7125566769050753,0.4247717850108422
ABC,HIV-1 IN,MIX,Test,0.7607655502392344,0.7327188940092166,0.7702127659574468,0.7464788732394366,0.7675452177555965,0.5368141055619443
ABC,HIV-1 IN,MIX,Train,0.8798882681564246,0.4960629921259842,0.7423704755145494,0.6344410876132931,0.7202537182852143,0.5034631817958417
ABC,HIV-1 IN,MIX,Validation,0.7761194029850746,0.4928909952606635,0.7078891257995735,0.6028985507246377,0.6883059627466108,0.414734673681404
ABC,HIV-1 IN,MIX,Test,0.9215686274509804,0.6497695852534562,0.8127659574468085,0.7621621621621621,0.8011693776069653,0.6408488187023413
ABC,HIV-1 IN,MIX,Train,0.8010033444816054,0.7543307086614173,0.8048261178140526,0.7769667477696675,0.8002919693177888,0.6046026377884764
ABC,HIV-1 IN,MIX,Validation,0.7687861271676301,0.6303317535545023,0.7484008528784648,0.6927083333333334,0.7376464969322899,0.4900536024369643
ABC,HIV-1 IN,MIX,Test,0.76,0.7880184331797235,0.7872340425531915,0.7737556561085973,0.787289849000929,0.5734111096346947
ABC,HIV-1 IN,MIX,Train,0.7094339622641509,0.5930599369085173,0.7073863636363636,0.6460481099656358,0.6970467643198915,0.4046962870979731
ABC,HIV-1 IN,MIX,Validation,0.5739130434782609,0.3113207547169811,0.5851063829787234,0.4036697247706422,0.560699137048413,0.1405164596908127
ABC,HIV-1 IN,MIX,Test,0.5681818181818182,0.4608294930875576,0.5893617021276596,0.5089058524173028,0.5802171180852806,0.1652559782467418
ABC,HIV-1 IN,MIX,Train,0.6920529801324503,0.6593059936908517,0.7144886363636364,0.6752827140549273,0.7094979580857359,0.4211903434537071
ABC,HIV-1 IN,MIX,Validation,0.6031746031746031,0.7169811320754716,0.6595744680851063,0.6551724137931034,0.6646921164253327,0.3286639515756805
ABC,HIV-1 IN,MIX,Test,0.8322981366459627,0.6175115207373272,0.7659574468085106,0.708994708994709,0.7553960765741972,0.5365894958118607
ABC,HIV-1 IN,MIX,Train,0.6858789625360231,0.3748031496062992,0.6408800567778566,0.4847250509164969,0.6169881381106432,0.2702104694771478
ABC,HIV-1 IN,MIX,Validation,0.7849462365591398,0.3459715639810427,0.6631130063965884,0.4802631578947368,0.6342260920680407,0.3349520388162427
ABC,HIV-1 IN,MIX,Test,0.9344262295081968,0.5253456221198156,0.7638297872340426,0.672566371681416,0.7468625343800659,0.5614431262948962
ABC,HIV-1 IN,MIX,Train,0.708029197080292,0.6110236220472441,0.7111426543647977,0.6559594251901945,0.7021526378970071,0.4126433936428734
ABC,HIV-1 IN,MIX,Validation,0.7315436241610739,0.5165876777251185,0.697228144989339,0.6055555555555555,0.6807744590175979,0.3863225183538536
ABC,HIV-1 IN,MIX,Test,0.8011049723756906,0.6682027649769585,0.7702127659574468,0.7286432160804021,0.7629551374291907,0.538782615887014
ABC,HIV-1 IN,MIX,Train,0.7634615384615384,0.6261829652996845,0.7443181818181818,0.6880415944540728,0.733634118308757,0.4816961937885547
ABC,HIV-1 IN,MIX,Validation,0.6946564885496184,0.4292452830188679,0.6574468085106383,0.5306122448979592,0.6371032616644726,0.304312694094511
ABC,HIV-1 IN,MIX,Test,0.7314285714285714,0.5898617511520737,0.7106382978723405,0.6530612244897959,0.7020455000819658,0.4167151340275389
ABC,HIV-1 IN,MIX,Train,0.7440147329650092,0.637223974763407,0.7379261363636364,0.6864910790144435,0.7288187057279567,0.4677660103995496
ABC,HIV-1 IN,MIX,Validation,0.6276150627615062,0.7075471698113207,0.6787234042553192,0.6651884700665188,0.6812929647506217,0.3608974304101535
ABC,HIV-1 IN,MIX,Test,0.7456647398843931,0.5944700460829493,0.7191489361702128,0.6615384615384615,0.7102785013023443,0.4347241029670933
ABC,HIV-1 IN,MIX,Train,0.7470355731225297,0.5952755905511811,0.7267565649396736,0.6625766871165644,0.7149504567742985,0.4458682805965456
ABC,HIV-1 IN,MIX,Validation,0.6217948717948718,0.4597156398104265,0.6311300639658849,0.5286103542234333,0.6155167346338954,0.2439447704203178
ABC,HIV-1 IN,MIX,Test,0.920863309352518,0.5898617511520737,0.7872340425531915,0.7191011235955056,0.7731917451412543,0.5968515122390786
ABC,HIV-1 IN,MIX,Train,0.7337057728119181,0.6204724409448819,0.7274662881476224,0.6723549488054608,0.7178589594905288,0.4463930027891288
ABC,HIV-1 IN,MIX,Validation,0.7581699346405228,0.5497630331753555,0.7185501066098081,0.6373626373626373,0.7031760902310885,0.4311857685952153
ABC,HIV-1 IN,MIX,Test,0.8111111111111111,0.6728110599078341,0.776595744680851,0.7355163727959698,0.7692118540645889,0.552177938106358
ABC,HIV-1 IN,MIX,Train,0.8532494758909853,0.6419558359621451,0.7890625,0.7326732673267327,0.7757582797381786,0.5797485032538032
ABC,HIV-1 IN,MIX,Validation,0.8925619834710744,0.5094339622641509,0.7510638297872341,0.6486486486486487,0.7295231826824632,0.522430998443579
ABC,HIV-1 IN,MIX,Test,0.9403973509933776,0.6543778801843319,0.8212765957446808,0.7717391304347826,0.8094023788273438,0.6606325324208518
ABC,HIV-1 IN,MIX,Train,0.8306595365418895,0.7350157728706624,0.8132102272727273,0.7799163179916317,0.8061383773914035,0.6222139520298088
ABC,HIV-1 IN,MIX,Validation,0.7129629629629629,0.7264150943396226,0.7446808510638298,0.719626168224299,0.7430525084101214,0.4853601909219273
ABC,HIV-1 IN,MIX,Test,0.7839195979899497,0.7188940092165899,0.7787234042553192,0.75,0.7744667674541448,0.5538583492456818
ABC,HIV-1 IN,MIX,Train,0.8796296296296297,0.5984251968503937,0.7821149751596878,0.7122774133083412,0.765620867159047,0.573271529121405
ABC,HIV-1 IN,MIX,Validation,0.7241379310344828,0.4976303317535545,0.6886993603411514,0.5898876404494382,0.6712957860318159,0.3687833026136735
ABC,HIV-1 IN,MIX,Test,0.9027777777777778,0.5990783410138248,0.7851063829787234,0.7202216066481995,0.7718711863171891,0.5880215727806389
ABC,HIV-1 IN,MIX,Train,0.8390804597701149,0.6897637795275591,0.8005677785663591,0.7571305099394987,0.7906183238723067,0.5988434047618122
ABC,HIV-1 IN,MIX,Validation,0.8601398601398601,0.5829383886255924,0.7697228144989339,0.6949152542372882,0.7527095043903157,0.5461674747318634
ABC,HIV-1 IN,MIX,Test,0.9132947976878611,0.728110599078341,0.8425531914893617,0.8102564102564103,0.8344110307644669,0.6913523468685825
ABC,HIV-1 IN,MIX,Train,0.8552188552188552,0.8012618296529969,0.8494318181818182,0.8273615635179153,0.8450753592709428,0.6952702213792981
ABC,HIV-1 IN,MIX,Validation,0.8366013071895425,0.6037735849056604,0.7680851063829788,0.7013698630136986,0.7534371800497294,0.5382732035662164
ABC,HIV-1 IN,MIX,Test,0.7352941176470589,0.6912442396313364,0.7425531914893617,0.7125890736342043,0.7389027522267354,0.4806017790678537
ABC,HIV-1 IN,MIX,Train,0.8544520547945206,0.7870662460567823,0.84375,0.819376026272578,0.838623562304877,0.683899442492915
ABC,HIV-1 IN,MIX,Validation,0.6978723404255319,0.7735849056603774,0.7468085106382979,0.7337807606263982,0.7491955536053825,0.4959983203319566
ABC,HIV-1 IN,MIX,Test,0.7807017543859649,0.8202764976958525,0.8106382978723404,0.8,0.8113240195989144,0.6210944461804233
ABC,HIV-1 IN,MIX,Train,0.9682539682539684,0.4803149606299212,0.758694109297374,0.6421052631578947,0.7336975319945472,0.5581841840251536
ABC,HIV-1 IN,MIX,Validation,0.8181818181818182,0.4265402843601896,0.6993603411513859,0.5607476635514018,0.6745104522576142,0.4097877328151703
ABC,HIV-1 IN,MIX,Test,0.95,0.6129032258064516,0.8063829787234043,0.7450980392156863,0.7926176208083642,0.6379690501447095
ABC,HIV-1 IN,MIX,Train,0.8571428571428571,0.8503937007874016,0.8687012065294535,0.8537549407114624,0.8670573155099799,0.7346529369628855
ABC,HIV-1 IN,MIX,Validation,0.8100558659217877,0.6872037914691943,0.7867803837953091,0.7435897435897436,0.7777104228663801,0.5687844852221876
ABC,HIV-1 IN,MIX,Test,0.7723577235772358,0.8755760368663594,0.823404255319149,0.8207343412526998,0.8271160816742864,0.6530259744122018
ABC,HIV-1 IN,MIX,Train,0.7094339622641509,0.5930599369085173,0.7073863636363636,0.6460481099656358,0.6970467643198915,0.4046962870979731
ABC,HIV-1 IN,MIX,Validation,0.5739130434782609,0.3113207547169811,0.5851063829787234,0.4036697247706422,0.560699137048413,0.1405164596908127
ABC,HIV-1 IN,MIX,Test,0.5681818181818182,0.4608294930875576,0.5893617021276596,0.5089058524173028,0.5802171180852806,0.1652559782467418
ABC,HIV-1 IN,MIX,Train,0.6920529801324503,0.6593059936908517,0.7144886363636364,0.6752827140549273,0.7094979580857359,0.4211903434537071
ABC,HIV-1 IN,MIX,Validation,0.6031746031746031,0.7169811320754716,0.6595744680851063,0.6551724137931034,0.6646921164253327,0.3286639515756805
ABC,HIV-1 IN,MIX,Test,0.8322981366459627,0.6175115207373272,0.7659574468085106,0.708994708994709,0.7553960765741972,0.5365894958118607
ABC,HIV-1 IN,MIX,Train,0.6858789625360231,0.3748031496062992,0.6408800567778566,0.4847250509164969,0.6169881381106432,0.2702104694771478
ABC,HIV-1 IN,MIX,Validation,0.7849462365591398,0.3459715639810427,0.6631130063965884,0.4802631578947368,0.6342260920680407,0.3349520388162427
ABC,HIV-1 IN,MIX,Test,0.9344262295081968,0.5253456221198156,0.7638297872340426,0.672566371681416,0.7468625343800659,0.5614431262948962
ABC,HIV-1 IN,MIX,Train,0.708029197080292,0.6110236220472441,0.7111426543647977,0.6559594251901945,0.7021526378970071,0.4126433936428734
ABC,HIV-1 IN,MIX,Validation,0.7315436241610739,0.5165876777251185,0.697228144989339,0.6055555555555555,0.6807744590175979,0.3863225183538536
ABC,HIV-1 IN,MIX,Test,0.8011049723756906,0.6682027649769585,0.7702127659574468,0.7286432160804021,0.7629551374291907,0.538782615887014
ABC,HIV-1 IN,MIX,Train,0.7911025145067698,0.6451104100946372,0.7634943181818182,0.7106863596872285,0.7527877631868535,0.5218155638913192
ABC,HIV-1 IN,MIX,Validation,0.7313432835820896,0.4622641509433962,0.6808510638297872,0.5664739884393064,0.661364633611233,0.3557083806266593
ABC,HIV-1 IN,MIX,Test,0.7401129943502824,0.6036866359447005,0.7191489361702128,0.6649746192893401,0.7109342270632594,0.4340569712733911
ABC,HIV-1 IN,MIX,Train,0.7390542907180385,0.6656151419558359,0.7436079545454546,0.700414937759336,0.7365543410037577,0.4793969250064227
ABC,HIV-1 IN,MIX,Validation,0.6396761133603239,0.7452830188679245,0.6957446808510638,0.6884531590413944,0.7001608892789235,0.3989202594289788
ABC,HIV-1 IN,MIX,Test,0.7456647398843931,0.5944700460829493,0.7191489361702128,0.6615384615384615,0.7102785013023443,0.4347241029670933
ABC,HIV-1 IN,MIX,Train,0.7748917748917749,0.5637795275590551,0.7295954577714692,0.6526891522333638,0.7147063012472278,0.4551307217330002
ABC,HIV-1 IN,MIX,Validation,0.6590909090909091,0.4123222748815165,0.6396588486140725,0.5072886297376094,0.6189518351151769,0.2631784390354981
ABC,HIV-1 IN,MIX,Test,0.9212598425196852,0.5391705069124424,0.7659574468085106,0.6802325581395349,0.7498224076064188,0.5609221527472878
ABC,HIV-1 IN,MIX,Train,0.7544802867383512,0.662992125984252,0.7508871540099361,0.7057837384744342,0.7429947710024619,0.4944272371379466
ABC,HIV-1 IN,MIX,Validation,0.7662337662337663,0.5592417061611374,0.7249466950959488,0.6465753424657534,0.7098534112201036,0.4446122990389338
ABC,HIV-1 IN,MIX,Test,0.8352272727272727,0.6774193548387096,0.7893617021276595,0.7480916030534351,0.7813974244549279,0.5797092661067018
ABC,HIV-1 IN,MIX,Train,0.8545454545454545,0.667192429022082,0.7990056818181818,0.7493356953055802,0.7870845866040642,0.5982972309395296
ABC,HIV-1 IN,MIX,Validation,0.8615384615384616,0.5283018867924528,0.7489361702127659,0.6549707602339181,0.7292672224659937,0.5100803742649556
ABC,HIV-1 IN,MIX,Test,0.9216867469879518,0.7050691244239631,0.8361702127659575,0.7989556135770235,0.8268428626072384,0.6818177338642765
ABC,HIV-1 IN,MIX,Train,0.8348134991119005,0.7413249211356467,0.8174715909090909,0.7852965747702589,0.8105849411879784,0.6308744629545453
ABC,HIV-1 IN,MIX,Validation,0.7188940092165899,0.7358490566037735,0.7510638297872341,0.7272727272727273,0.7497074740383209,0.4984816698591272
ABC,HIV-1 IN,MIX,Test,0.7860696517412935,0.728110599078341,0.7829787234042553,0.7559808612440191,0.7790750623850202,0.5624280666030111
ABC,HIV-1 IN,MIX,Train,0.9069148936170212,0.537007874015748,0.7665010645848119,0.6745796241345203,0.745894117886427,0.5532117495048086
ABC,HIV-1 IN,MIX,Validation,0.7164179104477612,0.4549763033175355,0.673773987206823,0.5565217391304348,0.6538447408060546,0.3388355177135653
ABC,HIV-1 IN,MIX,Test,0.9111111111111112,0.5668202764976958,0.774468085106383,0.6988636363636364,0.759694723229085,0.5722607512331978
ABC,HIV-1 IN,MIX,Train,0.8542914171656687,0.6740157480314961,0.801277501774308,0.7535211267605634,0.7898502512767299,0.6025585214367982
ABC,HIV-1 IN,MIX,Validation,0.8661971830985915,0.5829383886255924,0.7718550106609808,0.6968838526912181,0.7546474888864396,0.5514452823656778
ABC,HIV-1 IN,MIX,Test,0.9204545454545454,0.7465437788018433,0.8531914893617021,0.8244274809160306,0.8456039052111984,0.711981592019455
ABC,HIV-1 IN,MIX,Train,0.8615635179153095,0.8343848580441641,0.8650568181818182,0.8477564102564102,0.8622828682985679,0.7269398310053181
ABC,HIV-1 IN,MIX,Validation,0.8053691275167785,0.5660377358490566,0.7425531914893617,0.6648199445983379,0.7268173175369315,0.4851078904530894
ABC,HIV-1 IN,MIX,Test,0.7611940298507462,0.7050691244239631,0.7617021276595745,0.7320574162679426,0.7576729021329301,0.5192956723688605
ABC,HIV-1 IN,MIX,Train,0.8929889298892989,0.7634069400630915,0.8522727272727273,0.8231292517006803,0.8442357697731478,0.7039511323192981
ABC,HIV-1 IN,MIX,Validation,0.7227272727272728,0.75,0.7574468085106383,0.7361111111111112,0.7567829457364341,0.5121446154336571
ABC,HIV-1 IN,MIX,Test,0.8405797101449275,0.8018433179723502,0.8382978723404255,0.8207547169811321,0.8357042676818273,0.6742391066639015
ABC,HIV-1 IN,MIX,Train,0.971875,0.489763779527559,0.7636621717530163,0.6513089005235602,0.7390679362754075,0.5678318414910473
ABC,HIV-1 IN,MIX,Validation,0.8207547169811321,0.4123222748815165,0.6950959488272921,0.5488958990536278,0.6693394320144017,0.4028403177946727
ABC,HIV-1 IN,MIX,Test,0.9477611940298508,0.5852534562211982,0.7936170212765957,0.7236467236467237,0.7787927360157374,0.6157147239665838
ABC,HIV-1 IN,MIX,Train,0.8712715855572999,0.8740157480314961,0.8850248403122782,0.8726415094339622,0.8840362977883579,0.7678585892503682
ABC,HIV-1 IN,MIX,Validation,0.8064516129032258,0.7109004739336493,0.7931769722814499,0.7556675062972292,0.7856827951063594,0.5810526319860302
ABC,HIV-1 IN,MIX,Test,0.763265306122449,0.8617511520737328,0.8127659574468085,0.8095238095238095,0.8162510701080126,0.6312157483615397
ABC,HIV-1 IN,MIX,Train,0.7007434944237918,0.5946372239747634,0.703125,0.643344709897611,0.6933134440287253,0.3958734710055215
ABC,HIV-1 IN,MIX,Validation,0.5739130434782609,0.3113207547169811,0.5851063829787234,0.4036697247706422,0.560699137048413,0.1405164596908127
ABC,HIV-1 IN,MIX,Test,0.5649717514124294,0.4608294930875576,0.5872340425531914,0.5076142131979695,0.5782408335003004,0.1610026959202842
ABC,HIV-1 IN,MIX,Train,0.6980108499095841,0.6088328075709779,0.7052556818181818,0.6503791069924179,0.6965352668345846,0.4004423253551691
ABC,HIV-1 IN,MIX,Validation,0.6283185840707964,0.6698113207547169,0.6723404255319149,0.6484018264840182,0.6721149627029399,0.3428287801936259
ABC,HIV-1 IN,MIX,Test,0.9361702127659576,0.6082949308755761,0.8,0.7374301675977654,0.7863609041729659,0.623054938766076
ABC,HIV-1 IN,MIX,Train,0.6226415094339622,0.831496062992126,0.6969481902058198,0.7120701281186783,0.709029685242833,0.4249285863455854
ABC,HIV-1 IN,MIX,Validation,0.5458333333333333,0.6208530805687204,0.5970149253731343,0.5809312638580931,0.5991862302068408,0.1974281602436526
ABC,HIV-1 IN,MIX,Test,0.7360406091370558,0.6682027649769585,0.7361702127659574,0.7004830917874396,0.731334584069507,0.467461932776377
ABC,HIV-1 IN,MIX,Train,0.708029197080292,0.6110236220472441,0.7111426543647977,0.6559594251901945,0.7021526378970071,0.4126433936428734
ABC,HIV-1 IN,MIX,Validation,0.7315436241610739,0.5165876777251185,0.697228144989339,0.6055555555555555,0.6807744590175979,0.3863225183538536
ABC,HIV-1 IN,MIX,Test,0.8011049723756906,0.6682027649769585,0.7702127659574468,0.7286432160804021,0.7629551374291907,0.538782615887014
ABC,HIV-1 IN,MIX,Train,0.7007434944237918,0.5946372239747634,0.703125,0.643344709897611,0.6933134440287253,0.3958734710055215
ABC,HIV-1 IN,MIX,Validation,0.5739130434782609,0.3113207547169811,0.5851063829787234,0.4036697247706422,0.560699137048413,0.1405164596908127
ABC,HIV-1 IN,MIX,Test,0.5649717514124294,0.4608294930875576,0.5872340425531914,0.5076142131979695,0.5782408335003004,0.1610026959202842
ABC,HIV-1 IN,MIX,Train,0.6980108499095841,0.6088328075709779,0.7052556818181818,0.6503791069924179,0.6965352668345846,0.4004423253551691
ABC,HIV-1 IN,MIX,Validation,0.6283185840707964,0.6698113207547169,0.6723404255319149,0.6484018264840182,0.6721149627029399,0.3428287801936259
ABC,HIV-1 IN,MIX,Test,0.9361702127659576,0.6082949308755761,0.8,0.7374301675977654,0.7863609041729659,0.623054938766076
ABC,HIV-1 IN,MIX,Train,0.6226415094339622,0.831496062992126,0.6969481902058198,0.7120701281186783,0.709029685242833,0.4249285863455854
ABC,HIV-1 IN,MIX,Validation,0.5458333333333333,0.6208530805687204,0.5970149253731343,0.5809312638580931,0.5991862302068408,0.1974281602436526
ABC,HIV-1 IN,MIX,Test,0.7360406091370558,0.6682027649769585,0.7361702127659574,0.7004830917874396,0.731334584069507,0.467461932776377
ABC,HIV-1 IN,MIX,Train,0.708029197080292,0.6110236220472441,0.7111426543647977,0.6559594251901945,0.7021526378970071,0.4126433936428734
ABC,HIV-1 IN,MIX,Validation,0.7315436241610739,0.5165876777251185,0.697228144989339,0.6055555555555555,0.6807744590175979,0.3863225183538536
ABC,HIV-1 IN,MIX,Test,0.8011049723756906,0.6682027649769585,0.7702127659574468,0.7286432160804021,0.7629551374291907,0.538782615887014
ABC,HIV-1 IN,MIX,Train,0.7586206896551724,0.694006309148265,0.7627840909090909,0.7248764415156508,0.7565638780883445,0.5186942711150544
ABC,HIV-1 IN,MIX,Validation,0.7894736842105263,0.6367924528301887,0.7595744680851064,0.7049608355091384,0.7486287845546292,0.5143106726723402
ABC,HIV-1 IN,MIX,Test,0.7135416666666666,0.631336405529954,0.7127659574468085,0.6699266503667481,0.706972550591064,0.4198168469457673
ABC,HIV-1 IN,MIX,Train,0.7514677103718199,0.6056782334384858,0.7322443181818182,0.6707423580786026,0.7207977730499923,0.4569125870376615
ABC,HIV-1 IN,MIX,Validation,0.6428571428571429,0.6792452830188679,0.6851063829787234,0.6605504587155964,0.6845838818195115,0.3677985319153785
ABC,HIV-1 IN,MIX,Test,0.7962962962962963,0.5944700460829493,0.7425531914893617,0.6807387862796834,0.7320176317371268,0.486752563224517
ABC,HIV-1 IN,MIX,Train,0.7719298245614035,0.6929133858267716,0.7693399574166075,0.7302904564315352,0.7624773647480112,0.5321827428390076
ABC,HIV-1 IN,MIX,Validation,0.6569767441860465,0.5355450236966824,0.6652452025586354,0.5900783289817232,0.6534314265770234,0.3167764964743264
ABC,HIV-1 IN,MIX,Test,0.8859060402684564,0.6082949308755761,0.7829787234042553,0.7213114754098361,0.7705506274931239,0.5797263202647902
ABC,HIV-1 IN,MIX,Train,0.7544483985765125,0.6677165354330709,0.752306600425834,0.70843776106934,0.74471098089483,0.4973142842411425
ABC,HIV-1 IN,MIX,Validation,0.7777777777777778,0.5639810426540285,0.7313432835820896,0.6538461538461539,0.7160990484587971,0.458611218457946
ABC,HIV-1 IN,MIX,Test,0.8409090909090909,0.6820276497695853,0.7936170212765957,0.7531806615776081,0.785677856505346,0.588527421167552
ABC,HIV-1 IN,MIX,Train,0.8255813953488372,0.6719242902208202,0.7883522727272727,0.7408695652173913,0.7778226102266892,0.573727166054088
ABC,HIV-1 IN,MIX,Validation,0.753731343283582,0.4764150943396226,0.6936170212765957,0.5838150289017341,0.6742540587977183,0.3841215245584285
ABC,HIV-1 IN,MIX,Test,0.7682926829268293,0.5806451612903226,0.725531914893617,0.6614173228346457,0.7152237664159122,0.4502230369895135
ABC,HIV-1 IN,MIX,Train,0.7427701674277016,0.7697160883280757,0.7762784090909091,0.756003098373354,0.7756849175490508,0.5498642172158917
ABC,HIV-1 IN,MIX,Validation,0.636,0.75,0.6936170212765957,0.6883116883116883,0.6986434108527132,0.3961873440147159
ABC,HIV-1 IN,MIX,Test,0.71484375,0.8433179723502304,0.7723404255319148,0.773784355179704,0.7773902114715578,0.5553725181751823
ABC,HIV-1 IN,MIX,Train,0.8366533864541833,0.6614173228346457,0.7892122072391767,0.7387862796833773,0.7777370851899328,0.577119448397699
ABC,HIV-1 IN,MIX,Validation,0.6666666666666666,0.5687203791469194,0.6780383795309168,0.6138107416879796,0.6680811198060179,0.3438862689225673
ABC,HIV-1 IN,MIX,Test,0.9011627906976744,0.7142857142857143,0.8319148936170213,0.7969151670951157,0.8235460191981931,0.6697054426958119
ABC,HIV-1 IN,MIX,Train,0.7724358974358975,0.7590551181102362,0.7906316536550745,0.7656870532168387,0.7877962929052473,0.5765611973304681
ABC,HIV-1 IN,MIX,Validation,0.7611111111111111,0.6492890995260664,0.7505330490405118,0.7007672634271099,0.7413112164297,0.4937116908963176
ABC,HIV-1 IN,MIX,Test,0.7379912663755459,0.7788018433179723,0.7702127659574468,0.757847533632287,0.770823846560172,0.5402325689103469
ABC,HIV-1 IN,MIX,Train,0.7007434944237918,0.5946372239747634,0.703125,0.643344709897611,0.6933134440287253,0.3958734710055215
ABC,HIV-1 IN,MIX,Validation,0.5739130434782609,0.3113207547169811,0.5851063829787234,0.4036697247706422,0.560699137048413,0.1405164596908127
ABC,HIV-1 IN,MIX,Test,0.5649717514124294,0.4608294930875576,0.5872340425531914,0.5076142131979695,0.5782408335003004,0.1610026959202842
ABC,HIV-1 IN,MIX,Train,0.6980108499095841,0.6088328075709779,0.7052556818181818,0.6503791069924179,0.6965352668345846,0.4004423253551691
ABC,HIV-1 IN,MIX,Validation,0.6283185840707964,0.6698113207547169,0.6723404255319149,0.6484018264840182,0.6721149627029399,0.3428287801936259
ABC,HIV-1 IN,MIX,Test,0.9361702127659576,0.6082949308755761,0.8,0.7374301675977654,0.7863609041729659,0.623054938766076
ABC,HIV-1 IN,MIX,Train,0.6226415094339622,0.831496062992126,0.6969481902058198,0.7120701281186783,0.709029685242833,0.4249285863455854
ABC,HIV-1 IN,MIX,Validation,0.5458333333333333,0.6208530805687204,0.5970149253731343,0.5809312638580931,0.5991862302068408,0.1974281602436526
ABC,HIV-1 IN,MIX,Test,0.7360406091370558,0.6682027649769585,0.7361702127659574,0.7004830917874396,0.731334584069507,0.467461932776377
ABC,HIV-1 IN,MIX,Train,0.708029197080292,0.6110236220472441,0.7111426543647977,0.6559594251901945,0.7021526378970071,0.4126433936428734
ABC,HIV-1 IN,MIX,Validation,0.7315436241610739,0.5165876777251185,0.697228144989339,0.6055555555555555,0.6807744590175979,0.3863225183538536
ABC,HIV-1 IN,MIX,Test,0.8011049723756906,0.6682027649769585,0.7702127659574468,0.7286432160804021,0.7629551374291907,0.538782615887014
ABC,HIV-1 IN,MIX,Train,0.7586206896551724,0.694006309148265,0.7627840909090909,0.7248764415156508,0.7565638780883445,0.5186942711150544
ABC,HIV-1 IN,MIX,Validation,0.7857142857142857,0.6226415094339622,0.7531914893617021,0.6947368421052632,0.741553312856516,0.501605933234854
ABC,HIV-1 IN,MIX,Test,0.7135416666666666,0.631336405529954,0.7127659574468085,0.6699266503667481,0.706972550591064,0.4198168469457673
ABC,HIV-1 IN,MIX,Train,0.7353896103896104,0.7145110410094637,0.7556818181818182,0.7248,0.7519583628819929,0.5053833570207228
ABC,HIV-1 IN,MIX,Validation,0.6736401673640168,0.7594339622641509,0.725531914893617,0.7139689578713969,0.7285541904344011,0.4549797072970278
ABC,HIV-1 IN,MIX,Test,0.7560975609756098,0.7142857142857143,0.7617021276595745,0.7345971563981043,0.7583286278938453,0.5193890541851295
ABC,HIV-1 IN,MIX,Train,0.7719298245614035,0.6929133858267716,0.7693399574166075,0.7302904564315352,0.7624773647480112,0.5321827428390076
ABC,HIV-1 IN,MIX,Validation,0.6569767441860465,0.5355450236966824,0.6652452025586354,0.5900783289817232,0.6534314265770234,0.3167764964743264
ABC,HIV-1 IN,MIX,Test,0.8859060402684564,0.6082949308755761,0.7829787234042553,0.7213114754098361,0.7705506274931239,0.5797263202647902
ABC,HIV-1 IN,MIX,Train,0.7613019891500904,0.662992125984252,0.7544357700496807,0.7087542087542088,0.7462247451626686,0.5017872098402799
ABC,HIV-1 IN,MIX,Validation,0.7933333333333333,0.5639810426540285,0.7377398720682303,0.6592797783933518,0.7219130019471692,0.4733941138678705
ABC,HIV-1 IN,MIX,Test,0.8448275862068966,0.6774193548387096,0.7936170212765957,0.7519181585677749,0.7853499936248883,0.5892200419656084
ABC,HIV-1 IN,MIX,Train,0.8482490272373541,0.6876971608832808,0.8039772727272727,0.759581881533101,0.7934609835424157,0.6065200398109434
ABC,HIV-1 IN,MIX,Validation,0.9117647058823528,0.5849056603773585,0.7872340425531915,0.7126436781609196,0.7691970162351909,0.5907929897450167
ABC,HIV-1 IN,MIX,Test,0.9204545454545454,0.7465437788018433,0.8531914893617021,0.8244274809160306,0.8456039052111984,0.711981592019455
ABC,HIV-1 IN,MIX,Train,0.8273921200750469,0.695583596214511,0.7975852272727273,0.7557840616966581,0.788360273559452,0.5915792095797808
ABC,HIV-1 IN,MIX,Validation,0.7268518518518519,0.7405660377358491,0.7574468085106383,0.7336448598130841,0.7559419335966067,0.5110995421029081
ABC,HIV-1 IN,MIX,Test,0.8076923076923077,0.6774193548387096,0.776595744680851,0.7368421052631579,0.7695397169450465,0.5517101237927587
ABC,HIV-1 IN,MIX,Train,0.8696461824953445,0.7354330708661417,0.8310858765081618,0.7969283276450512,0.8224968971901768,0.6607961346347958
ABC,HIV-1 IN,MIX,Validation,0.7045454545454546,0.5876777251184834,0.7036247334754797,0.6408268733850129,0.693063668760792,0.3967267522341421
ABC,HIV-1 IN,MIX,Test,0.9182389937106918,0.6728110599078341,0.8212765957446808,0.776595744680851,0.8107138303491739,0.6547898689608692
ABC,HIV-1 IN,MIX,Train,0.8500986193293886,0.6787401574803149,0.801277501774308,0.7548161120840631,0.7902744715050154,0.6018509262417953
ABC,HIV-1 IN,MIX,Validation,0.9022556390977444,0.5687203791469194,0.7782515991471215,0.6976744186046512,0.7591663911238474,0.5720899234562008
ABC,HIV-1 IN,MIX,Test,0.92,0.7419354838709677,0.851063829787234,0.8214285714285714,0.8432997577457605,0.7080494467959467
ABC,HIV-1 IN,MIX,Train,0.8904109589041096,0.8201892744479495,0.8735795454545454,0.8538587848932676,0.8687509679733288,0.7447461118745965
ABC,HIV-1 IN,MIX,Validation,0.879746835443038,0.6556603773584906,0.8042553191489362,0.7513513513513513,0.7910084832528887,0.613066503576263
ABC,HIV-1 IN,MIX,Test,0.7880434782608695,0.6682027649769585,0.7638297872340426,0.7231920199501247,0.7570262836742501,0.5250561284715726
ABC,HIV-1 IN,MIX,Train,0.8544839255499154,0.7965299684542587,0.8473011363636364,0.8244897959183674,0.8427094286715737,0.6909814510981445
ABC,HIV-1 IN,MIX,Validation,0.7085201793721974,0.7452830188679245,0.7468085106382979,0.7264367816091954,0.7466725171859002,0.4916178425480254
ABC,HIV-1 IN,MIX,Test,0.8486238532110092,0.8525345622119815,0.8617021276595744,0.8505747126436781,0.8610498898016429,0.7218697162656204
ABC,HIV-1 IN,MIX,Train,0.8836833602584814,0.8614173228346457,0.886444286728176,0.8724082934609251,0.8841970335103461,0.7703400469829719
ABC,HIV-1 IN,MIX,Validation,0.6619718309859155,0.6682464454976303,0.697228144989339,0.6650943396226415,0.6945883390278849,0.3888553718848687
ABC,HIV-1 IN,MIX,Test,0.8938547486033519,0.7373271889400922,0.8382978723404255,0.8080808080808081,0.8311141873554215,0.6798684733914346
ABC,HIV-1 IN,MIX,Train,0.8918032786885246,0.8566929133858268,0.8885734563520227,0.8738955823293173,0.8857107977781846,0.7746594593019007
ABC,HIV-1 IN,MIX,Validation,0.8048780487804879,0.6255924170616114,0.7633262260127932,0.704,0.7507807046548367,0.5232429083507685
ABC,HIV-1 IN,MIX,Test,0.8026315789473685,0.8433179723502304,0.8319148936170213,0.8224719101123595,0.8327261798510046,0.6637919639818508
ABC,HIV-1 IN,MIX,Train,0.7007434944237918,0.5946372239747634,0.703125,0.643344709897611,0.6933134440287253,0.3958734710055215
ABC,HIV-1 IN,MIX,Validation,0.5739130434782609,0.3113207547169811,0.5851063829787234,0.4036697247706422,0.560699137048413,0.1405164596908127
ABC,HIV-1 IN,MIX,Test,0.5649717514124294,0.4608294930875576,0.5872340425531914,0.5076142131979695,0.5782408335003004,0.1610026959202842
ABC,HIV-1 IN,MIX,Train,0.6980108499095841,0.6088328075709779,0.7052556818181818,0.6503791069924179,0.6965352668345846,0.4004423253551691
ABC,HIV-1 IN,MIX,Validation,0.6283185840707964,0.6698113207547169,0.6723404255319149,0.6484018264840182,0.6721149627029399,0.3428287801936259
ABC,HIV-1 IN,MIX,Test,0.9361702127659576,0.6082949308755761,0.8,0.7374301675977654,0.7863609041729659,0.623054938766076
ABC,HIV-1 IN,MIX,Train,0.6226415094339622,0.831496062992126,0.6969481902058198,0.7120701281186783,0.709029685242833,0.4249285863455854
ABC,HIV-1 IN,MIX,Validation,0.5458333333333333,0.6208530805687204,0.5970149253731343,0.5809312638580931,0.5991862302068408,0.1974281602436526
ABC,HIV-1 IN,MIX,Test,0.7360406091370558,0.6682027649769585,0.7361702127659574,0.7004830917874396,0.731334584069507,0.467461932776377
ABC,HIV-1 IN,MIX,Train,0.708029197080292,0.6110236220472441,0.7111426543647977,0.6559594251901945,0.7021526378970071,0.4126433936428734
ABC,HIV-1 IN,MIX,Validation,0.7315436241610739,0.5165876777251185,0.697228144989339,0.6055555555555555,0.6807744590175979,0.3863225183538536
ABC,HIV-1 IN,MIX,Test,0.8011049723756906,0.6682027649769585,0.7702127659574468,0.7286432160804021,0.7629551374291907,0.538782615887014
ABC,HIV-1 IN,MIX,Train,0.7007434944237918,0.5946372239747634,0.703125,0.643344709897611,0.6933134440287253,0.3958734710055215
ABC,HIV-1 IN,MIX,Validation,0.5739130434782609,0.3113207547169811,0.5851063829787234,0.4036697247706422,0.560699137048413,0.1405164596908127
ABC,HIV-1 IN,MIX,Test,0.5649717514124294,0.4608294930875576,0.5872340425531914,0.5076142131979695,0.5782408335003004,0.1610026959202842
ABC,HIV-1 IN,MIX,Train,0.6980108499095841,0.6088328075709779,0.7052556818181818,0.6503791069924179,0.6965352668345846,0.4004423253551691
ABC,HIV-1 IN,MIX,Validation,0.6283185840707964,0.6698113207547169,0.6723404255319149,0.6484018264840182,0.6721149627029399,0.3428287801936259
ABC,HIV-1 IN,MIX,Test,0.9361702127659576,0.6082949308755761,0.8,0.7374301675977654,0.7863609041729659,0.623054938766076
ABC,HIV-1 IN,MIX,Train,0.6226415094339622,0.831496062992126,0.6969481902058198,0.7120701281186783,0.709029685242833,0.4249285863455854
ABC,HIV-1 IN,MIX,Validation,0.5458333333333333,0.6208530805687204,0.5970149253731343,0.5809312638580931,0.5991862302068408,0.1974281602436526
ABC,HIV-1 IN,MIX,Test,0.7360406091370558,0.6682027649769585,0.7361702127659574,0.7004830917874396,0.731334584069507,0.467461932776377
ABC,HIV-1 IN,MIX,Train,0.708029197080292,0.6110236220472441,0.7111426543647977,0.6559594251901945,0.7021526378970071,0.4126433936428734
ABC,HIV-1 IN,MIX,Validation,0.7315436241610739,0.5165876777251185,0.697228144989339,0.6055555555555555,0.6807744590175979,0.3863225183538536
ABC,HIV-1 IN,MIX,Test,0.8011049723756906,0.6682027649769585,0.7702127659574468,0.7286432160804021,0.7629551374291907,0.538782615887014
ABC,HIV-1 IN,MIX,Train,0.8181818181818182,0.6246056782334385,0.7684659090909091,0.7084078711985689,0.755455293897081,0.5351818120463475
ABC,HIV-1 IN,MIX,Validation,0.8503401360544217,0.589622641509434,0.7680851063829788,0.6963788300835655,0.7521756618399882,0.5413161943236298
ABC,HIV-1 IN,MIX,Test,0.8823529411764706,0.6221198156682027,0.7872340425531915,0.7297297297297297,0.7754867853044571,0.5861996406582335
ABC,HIV-1 IN,MIX,Train,0.7495854063018242,0.7129337539432177,0.7634943181818182,0.730800323362975,0.7589216573333659,0.520663204439314
ABC,HIV-1 IN,MIX,Validation,0.6735537190082644,0.7688679245283019,0.7276595744680852,0.7180616740088106,0.7313331870703524,0.4606495102482481
ABC,HIV-1 IN,MIX,Test,0.7743589743589744,0.695852534562212,0.7659574468085106,0.7330097087378641,0.7609697455419755,0.5281127257821621
ABC,HIV-1 IN,MIX,Train,0.7766666666666666,0.7338582677165354,0.7849538679914834,0.7546558704453441,0.7803658263647276,0.5642382570124023
ABC,HIV-1 IN,MIX,Validation,0.6382978723404256,0.5687203791469194,0.6609808102345416,0.6015037593984962,0.6525772438370256,0.3097695730836796
ABC,HIV-1 IN,MIX,Test,0.7869822485207101,0.6129032258064516,0.7446808510638298,0.689119170984456,0.7353053678439372,0.4889059893124353
ABC,HIV-1 IN,MIX,Train,0.810077519379845,0.658267716535433,0.7764371894960965,0.7263249348392702,0.7658263647276649,0.5490789703086908
ABC,HIV-1 IN,MIX,Validation,0.8333333333333334,0.5450236966824644,0.746268656716418,0.6590257879656161,0.7279382049303795,0.4976736648211103
ABC,HIV-1 IN,MIX,Test,0.91875,0.6774193548387096,0.823404255319149,0.7798408488063661,0.8130179778146116,0.658640703655355
ABC,HIV-1 IN,MIX,Train,0.8197879858657244,0.7318611987381703,0.8068181818181818,0.7733333333333333,0.8000391265008681,0.6089178931290025
ABC,HIV-1 IN,MIX,Validation,0.773109243697479,0.4339622641509434,0.6872340425531915,0.5558912386706949,0.6646555506801229,0.3768401048133952
ABC,HIV-1 IN,MIX,Test,0.7457627118644068,0.6082949308755761,0.723404255319149,0.6700507614213198,0.7152146591136773,0.4428651737041364
ABC,HIV-1 IN,MIX,Train,0.8186619718309859,0.7334384858044164,0.8068181818181818,0.7737104825291181,0.8001817752019498,0.6088574376616767
ABC,HIV-1 IN,MIX,Validation,0.693069306930693,0.660377358490566,0.7148936170212766,0.6763285024154589,0.7100336404855931,0.4222343459580734
ABC,HIV-1 IN,MIX,Test,0.7962962962962963,0.7926267281105991,0.8106382978723404,0.7944572748267898,0.8093568423161692,0.6189222781362932
ABC,HIV-1 IN,MIX,Train,0.8238021638330757,0.8393700787401575,0.8466997870830376,0.8315132605304212,0.8460416285173655,0.6910127486490878
ABC,HIV-1 IN,MIX,Validation,0.6342592592592593,0.6492890995260664,0.673773987206823,0.6416861826697893,0.6715437745692349,0.3424277103971163
ABC,HIV-1 IN,MIX,Test,0.8789473684210526,0.7695852534562212,0.8446808510638298,0.8206388206388207,0.839338081273565,0.6894406828708926
ABC,HIV-1 IN,MIX,Train,0.8260105448154658,0.7401574803149606,0.8126330731014905,0.7807308970099668,0.8061252517853873,0.6208557644455015
ABC,HIV-1 IN,MIX,Validation,0.7784810126582279,0.5829383886255924,0.7377398720682303,0.6666666666666666,0.7236397369484552,0.4707835842904135
ABC,HIV-1 IN,MIX,Test,0.8019323671497585,0.7649769585253456,0.8042553191489362,0.7830188679245284,0.8014608112784831,0.6054634619158951
ABC,HIV-1 IN,MIX,Train,0.7007434944237918,0.5946372239747634,0.703125,0.643344709897611,0.6933134440287253,0.3958734710055215
ABC,HIV-1 IN,MIX,Validation,0.5739130434782609,0.3113207547169811,0.5851063829787234,0.4036697247706422,0.560699137048413,0.1405164596908127
ABC,HIV-1 IN,MIX,Test,0.5649717514124294,0.4608294930875576,0.5872340425531914,0.5076142131979695,0.5782408335003004,0.1610026959202842
ABC,HIV-1 IN,MIX,Train,0.6980108499095841,0.6088328075709779,0.7052556818181818,0.6503791069924179,0.6965352668345846,0.4004423253551691
ABC,HIV-1 IN,MIX,Validation,0.6283185840707964,0.6698113207547169,0.6723404255319149,0.6484018264840182,0.6721149627029399,0.3428287801936259
ABC,HIV-1 IN,MIX,Test,0.9361702127659576,0.6082949308755761,0.8,0.7374301675977654,0.7863609041729659,0.623054938766076
ABC,HIV-1 IN,MIX,Train,0.6226415094339622,0.831496062992126,0.6969481902058198,0.7120701281186783,0.709029685242833,0.4249285863455854
ABC,HIV-1 IN,MIX,Validation,0.5458333333333333,0.6208530805687204,0.5970149253731343,0.5809312638580931,0.5991862302068408,0.1974281602436526
ABC,HIV-1 IN,MIX,Test,0.7360406091370558,0.6682027649769585,0.7361702127659574,0.7004830917874396,0.731334584069507,0.467461932776377
ABC,HIV-1 IN,MIX,Train,0.708029197080292,0.6110236220472441,0.7111426543647977,0.6559594251901945,0.7021526378970071,0.4126433936428734
ABC,HIV-1 IN,MIX,Validation,0.7315436241610739,0.5165876777251185,0.697228144989339,0.6055555555555555,0.6807744590175979,0.3863225183538536
ABC,HIV-1 IN,MIX,Test,0.8011049723756906,0.6682027649769585,0.7702127659574468,0.7286432160804021,0.7629551374291907,0.538782615887014
ABC,HIV-1 IN,MIX,Train,0.7481343283582089,0.6324921135646687,0.7386363636363636,0.6854700854700855,0.7290367544567531,0.4693638618877191
ABC,HIV-1 IN,MIX,Validation,0.6946564885496184,0.4292452830188679,0.6574468085106383,0.5306122448979592,0.6371032616644726,0.304312694094511
ABC,HIV-1 IN,MIX,Test,0.7071823204419889,0.5898617511520737,0.6978723404255319,0.6432160804020101,0.6901877925720843,0.3896857745148933
ABC,HIV-1 IN,MIX,Train,0.7514677103718199,0.6056782334384858,0.7322443181818182,0.6707423580786026,0.7207977730499923,0.4569125870376615
ABC,HIV-1 IN,MIX,Validation,0.6428571428571429,0.6792452830188679,0.6851063829787234,0.6605504587155964,0.6845838818195115,0.3677985319153785
ABC,HIV-1 IN,MIX,Test,0.7962962962962963,0.5944700460829493,0.7425531914893617,0.6807387862796834,0.7320176317371268,0.486752563224517
ABC,HIV-1 IN,MIX,Train,0.6483375959079284,0.7984251968503937,0.7139815471965933,0.7155963302752294,0.7215640196138273,0.443659134074414
ABC,HIV-1 IN,MIX,Validation,0.5414847161572053,0.5876777251184834,0.5906183368869936,0.5636363636363636,0.5903504904662183,0.1798408012146319
ABC,HIV-1 IN,MIX,Test,0.7675675675675676,0.6543778801843319,0.7489361702127659,0.7064676616915423,0.7422087029380157,0.4943124772969399
ABC,HIV-1 IN,MIX,Train,0.7255985267034991,0.6204724409448819,0.723207948899929,0.6689303904923599,0.7139829904982807,0.4375298931935175
ABC,HIV-1 IN,MIX,Validation,0.7581699346405228,0.5497630331753555,0.7185501066098081,0.6373626373626373,0.7031760902310885,0.4311857685952153
ABC,HIV-1 IN,MIX,Test,0.8111111111111111,0.6728110599078341,0.776595744680851,0.7355163727959698,0.7692118540645889,0.552177938106358
ABC,HIV-1 IN,MIX,Train,0.8490566037735849,0.638801261829653,0.7862215909090909,0.729072907290729,0.7728890030078498,0.5737161952070297
ABC,HIV-1 IN,MIX,Validation,0.8968253968253969,0.5330188679245284,0.7617021276595745,0.6686390532544378,0.7413156355126518,0.5421615911790044
ABC,HIV-1 IN,MIX,Test,0.9403973509933776,0.6543778801843319,0.8212765957446808,0.7717391304347826,0.8094023788273438,0.6606325324208518
ABC,HIV-1 IN,MIX,Train,0.8205607476635514,0.692429022082019,0.7933238636363636,0.7510692899914457,0.7841990071650405,0.5826176652239207
ABC,HIV-1 IN,MIX,Validation,0.7183098591549296,0.7216981132075472,0.7468085106382979,0.72,0.7445699868363318,0.4889388828605776
ABC,HIV-1 IN,MIX,Test,0.8055555555555556,0.6682027649769585,0.7723404255319148,0.7304785894206549,0.764931422014171,0.5433983836100796
ABC,HIV-1 IN,MIX,Train,0.8464285714285714,0.7464566929133858,0.8246983676366217,0.793305439330544,0.8176727909011373,0.6459806342476888
ABC,HIV-1 IN,MIX,Validation,0.6850828729281768,0.5876777251184834,0.6929637526652452,0.6326530612244898,0.6833737462801719,0.3747854330122436
ABC,HIV-1 IN,MIX,Test,0.9025974025974026,0.6405529953917051,0.8021276595744681,0.7493261455525606,0.790632228921149,0.6173905732167554
ABC,HIV-1 IN,MIX,Train,0.8349328214971209,0.6850393700787402,0.7970191625266146,0.7525951557093425,0.7869641294838146,0.5915474784052986
ABC,HIV-1 IN,MIX,Validation,0.8661971830985915,0.5829383886255924,0.7718550106609808,0.6968838526912181,0.7546474888864396,0.5514452823656778
ABC,HIV-1 IN,MIX,Test,0.9181286549707602,0.7235023041474654,0.8425531914893617,0.8092783505154639,0.8340831678840093,0.692374507039341
ABC,HIV-1 IN,MIX,Train,0.8452380952380952,0.7839116719242902,0.8380681818181818,0.8134206219312602,0.8331703062463829,0.6722267706412002
ABC,HIV-1 IN,MIX,Validation,0.8509316770186336,0.6462264150943396,0.7893617021276595,0.7345844504021448,0.7766015796401932,0.5800564460314559
ABC,HIV-1 IN,MIX,Test,0.75,0.6912442396313364,0.7510638297872341,0.7194244604316546,0.7468078905666564,0.497716780775022
ABC,HIV-1 IN,MIX,Train,0.8223350253807107,0.7665615141955836,0.8203125,0.793469387755102,0.8154512997334508,0.6360227604052938
ABC,HIV-1 IN,MIX,Validation,0.6962616822429907,0.7028301886792453,0.7276595744680852,0.6995305164319249,0.7254461020915606,0.4505299226706257
ABC,HIV-1 IN,MIX,Test,0.8317757009345794,0.8202764976958525,0.8404255319148937,0.8259860788863109,0.8389920037886377,0.6787075931287884
ABC,HIV-1 IN,MIX,Train,0.8758389261744967,0.8220472440944881,0.8672817601135557,0.8480909829406986,0.8632200044761846,0.7316252666752835
ABC,HIV-1 IN,MIX,Validation,0.6868686868686869,0.6445497630331753,0.7078891257995735,0.6650366748166259,0.7021198427568978,0.4071672018453987
ABC,HIV-1 IN,MIX,Test,0.8848167539267016,0.7788018433179723,0.851063829787234,0.8284313725490197,0.845922660789421,0.702231571178041
ABC,HIV-1 IN,MIX,Train,0.881326352530541,0.7952755905511811,0.8594748048261178,0.8360927152317881,0.8537101466967791,0.7165630459819187
ABC,HIV-1 IN,MIX,Validation,0.8209876543209876,0.6303317535545023,0.7718550106609808,0.7131367292225201,0.7589643263896543,0.5418690215694444
ABC,HIV-1 IN,MIX,Test,0.8301886792452831,0.8110599078341014,0.8361702127659575,0.8205128205128205,0.8343837088577621,0.6700195120276656
ABC,HIV-1 IN,MIX,Train,0.7007434944237918,0.5946372239747634,0.703125,0.643344709897611,0.6933134440287253,0.3958734710055215
ABC,HIV-1 IN,MIX,Validation,0.5739130434782609,0.3113207547169811,0.5851063829787234,0.4036697247706422,0.560699137048413,0.1405164596908127
ABC,HIV-1 IN,MIX,Test,0.5649717514124294,0.4608294930875576,0.5872340425531914,0.5076142131979695,0.5782408335003004,0.1610026959202842
ABC,HIV-1 IN,MIX,Train,0.6980108499095841,0.6088328075709779,0.7052556818181818,0.6503791069924179,0.6965352668345846,0.4004423253551691
ABC,HIV-1 IN,MIX,Validation,0.6283185840707964,0.6698113207547169,0.6723404255319149,0.6484018264840182,0.6721149627029399,0.3428287801936259
ABC,HIV-1 IN,MIX,Test,0.9361702127659576,0.6082949308755761,0.8,0.7374301675977654,0.7863609041729659,0.623054938766076
ABC,HIV-1 IN,MIX,Train,0.6226415094339622,0.831496062992126,0.6969481902058198,0.7120701281186783,0.709029685242833,0.4249285863455854
ABC,HIV-1 IN,MIX,Validation,0.5458333333333333,0.6208530805687204,0.5970149253731343,0.5809312638580931,0.5991862302068408,0.1974281602436526
ABC,HIV-1 IN,MIX,Test,0.7360406091370558,0.6682027649769585,0.7361702127659574,0.7004830917874396,0.731334584069507,0.467461932776377
ABC,HIV-1 IN,MIX,Train,0.708029197080292,0.6110236220472441,0.7111426543647977,0.6559594251901945,0.7021526378970071,0.4126433936428734
ABC,HIV-1 IN,MIX,Validation,0.7315436241610739,0.5165876777251185,0.697228144989339,0.6055555555555555,0.6807744590175979,0.3863225183538536
ABC,HIV-1 IN,MIX,Test,0.8011049723756906,0.6682027649769585,0.7702127659574468,0.7286432160804021,0.7629551374291907,0.538782615887014
ABC,HIV-1 IN,MIX,Train,0.775047258979206,0.6466876971608833,0.7563920454545454,0.705073086844368,0.7464704635675217,0.506393022878787
ABC,HIV-1 IN,MIX,Validation,0.7313432835820896,0.4622641509433962,0.6808510638297872,0.5664739884393064,0.661364633611233,0.3557083806266593
ABC,HIV-1 IN,MIX,Test,0.7158469945355191,0.6036866359447005,0.7063829787234043,0.655,0.699076519553378,0.4070742855544257
ABC,HIV-1 IN,MIX,Train,0.7514677103718199,0.6056782334384858,0.7322443181818182,0.6707423580786026,0.7207977730499923,0.4569125870376615
ABC,HIV-1 IN,MIX,Validation,0.6428571428571429,0.6792452830188679,0.6851063829787234,0.6605504587155964,0.6845838818195115,0.3677985319153785
ABC,HIV-1 IN,MIX,Test,0.7962962962962963,0.5944700460829493,0.7425531914893617,0.6807387862796834,0.7320176317371268,0.486752563224517
ABC,HIV-1 IN,MIX,Train,0.7039764359351989,0.752755905511811,0.7459190915542938,0.7275494672754946,0.7465329915155954,0.4909825612186277
ABC,HIV-1 IN,MIX,Validation,0.605,0.5734597156398105,0.6396588486140725,0.5888077858880778,0.6336290826261068,0.268838166872851
ABC,HIV-1 IN,MIX,Test,0.8974358974358975,0.6451612903225806,0.8021276595744681,0.7506702412868632,0.7909600918016065,0.6160648422006881
ABC,HIV-1 IN,MIX,Train,0.7531305903398927,0.662992125984252,0.7501774308019872,0.7051926298157454,0.7423487761704205,0.4929612733509301
ABC,HIV-1 IN,MIX,Validation,0.7814569536423841,0.5592417061611374,0.7313432835820896,0.6519337016574586,0.7156673647084757,0.4592651317852002
ABC,HIV-1 IN,MIX,Test,0.838150289017341,0.6682027649769585,0.7872340425531915,0.7435897435897436,0.7787654141090327,0.5763120996023977
ABC,HIV-1 IN,MIX,Train,0.8476953907815631,0.667192429022082,0.7961647727272727,0.7466902030008826,0.7845006072758989,0.5918287904353965
ABC,HIV-1 IN,MIX,Validation,0.8666666666666667,0.5518867924528302,0.7595744680851064,0.6743515850144092,0.7410596752961824,0.5302040717109138
ABC,HIV-1 IN,MIX,Test,0.9117647058823528,0.7142857142857143,0.8361702127659575,0.8010335917312662,0.8274985883681537,0.6795860688747088
ABC,HIV-1 IN,MIX,Train,0.8220973782771536,0.692429022082019,0.7940340909090909,0.7517123287671232,0.7848450019970818,0.5841540118319859
ABC,HIV-1 IN,MIX,Validation,0.7175925925925926,0.7311320754716981,0.7489361702127659,0.7242990654205608,0.7473489834722832,0.4939399746489209
ABC,HIV-1 IN,MIX,Test,0.8055555555555556,0.6682027649769585,0.7723404255319148,0.7304785894206549,0.764931422014171,0.5433983836100796
ABC,HIV-1 IN,MIX,Train,0.8467023172905526,0.7480314960629921,0.8254080908445706,0.794314381270903,0.8184601924759405,0.6473857492486669
ABC,HIV-1 IN,MIX,Validation,0.6927374301675978,0.5876777251184834,0.697228144989339,0.6358974358974359,0.68724971527242,0.3835100310962012
ABC,HIV-1 IN,MIX,Test,0.9155844155844156,0.6497695852534562,0.8106382978723404,0.7601078167115903,0.7991930930219849,0.6355764324178005
ABC,HIV-1 IN,MIX,Train,0.8502994011976048,0.6708661417322834,0.7984386089425124,0.75,0.7869834584630411,0.5965988562942869
ABC,HIV-1 IN,MIX,Validation,0.8776978417266187,0.5781990521327014,0.7739872068230277,0.6971428571428572,0.7561537896322422,0.558107028212515
ABC,HIV-1 IN,MIX,Test,0.92,0.7419354838709677,0.851063829787234,0.8214285714285714,0.8432997577457605,0.7080494467959467
ABC,HIV-1 IN,MIX,Train,0.848780487804878,0.8233438485804416,0.8544034090909091,0.8358686949559647,0.8515944049103759,0.7053633797646502
ABC,HIV-1 IN,MIX,Validation,0.8260869565217391,0.6273584905660378,0.7723404255319148,0.7131367292225201,0.759415679391546,0.5440161882966705
ABC,HIV-1 IN,MIX,Test,0.7584541062801933,0.7235023041474654,0.7659574468085106,0.7405660377358491,0.7629369228247209,0.5280908615743877
ABC,HIV-1 IN,MIX,Train,0.8709090909090909,0.7555205047318612,0.8394886363636364,0.8091216216216216,0.8318946192909951,0.6768934753640639
ABC,HIV-1 IN,MIX,Validation,0.7129186602870813,0.7028301886792453,0.7382978723404255,0.7078384798099763,0.7351360245721809,0.4709052732233351
ABC,HIV-1 IN,MIX,Test,0.8731707317073171,0.8248847926267281,0.8638297872340426,0.8483412322274881,0.861058997103878,0.7259361555850329
ABC,HIV-1 IN,MIX,Train,0.8844221105527639,0.831496062992126,0.8750887154009936,0.8571428571428571,0.8711743880852103,0.7474810030338346
ABC,HIV-1 IN,MIX,Validation,0.6682926829268293,0.6492890995260664,0.697228144989339,0.6586538461538461,0.6928616040265991,0.3868547705554342
ABC,HIV-1 IN,MIX,Test,0.8835978835978836,0.7695852534562212,0.8468085106382979,0.8226600985221675,0.8413143658585454,0.6940497932353676
ABC,HIV-1 IN,MIX,Train,0.8927335640138409,0.8125984251968504,0.8715400993612491,0.8507831821929102,0.866247533011862,0.7409648657592185
ABC,HIV-1 IN,MIX,Validation,0.8164556962025317,0.6113744075829384,0.7633262260127932,0.6991869918699187,0.7494856534038724,0.5251917737927843
ABC,HIV-1 IN,MIX,Test,0.8293838862559242,0.8064516129032258,0.8340425531914893,0.8177570093457944,0.8320795613923243,0.665688662196506
ABC,HIV-1 PR,PC,Train,0.929853181076672,0.9878682842287696,0.91941982272361,0.957983193277311,0.4996812685511663,-0.0014894522287923
ABC,HIV-1 PR,PC,Validation,0.9296116504854368,0.9948051948051948,0.92512077294686,0.961104140526976,0.4974025974025974,-0.0191220752982519
ABC,HIV-1 PR,PC,Test,0.9172749391727494,0.9921052631578948,0.9106280193236715,0.9532237673830596,0.4960526315789473,-0.0255556761890249
ABC,HIV-1 PR,PC,Train,0.9298952457695407,1.0,0.9298952457695407,0.9636743215031316,0.5,0.0
ABC,HIV-1 PR,PC,Validation,0.929951690821256,1.0,0.929951690821256,0.9637046307884856,0.5,0.0
ABC,HIV-1 PR,PC,Test,0.9178743961352656,1.0,0.9178743961352656,0.9571788413098236,0.5,0.0
ABC,HIV-1 PR,PC,Train,0.9292682926829268,0.9904679376083187,0.9210314262691378,0.9588926174496644,0.4952339688041594,-0.0259657283205472
ABC,HIV-1 PR,PC,Validation,0.929951690821256,1.0,0.929951690821256,0.9637046307884856,0.5,0.0
ABC,HIV-1 PR,PC,Test,0.9176755447941888,0.9973684210526316,0.9154589371980676,0.9558638083228248,0.4986842105263158,-0.0147188078040711
ABC,HIV-1 PR,PC,Train,0.9302514193025142,0.9930735930735932,0.924315619967794,0.9606365159128978,0.5022839229735782,0.0137454598654976
ABC,HIV-1 PR,PC,Validation,0.9287469287469288,0.984375,0.9152542372881356,0.9557522123893806,0.4921875,-0.033366588652861
ABC,HIV-1 PR,PC,Test,0.9174757281553398,0.9947368421052633,0.9130434782608696,0.9545454545454546,0.4973684210526315,-0.0208407838832092
ABC,HIV-1 PR,PC,Train,0.9293257514216084,0.9913344887348352,0.9218372280419016,0.959329140461216,0.4956672443674176,-0.0247472927249244
ABC,HIV-1 PR,PC,Validation,0.929951690821256,1.0,0.929951690821256,0.9637046307884856,0.5,0.0
ABC,HIV-1 PR,PC,Test,0.9174757281553398,0.9947368421052633,0.9130434782608696,0.9545454545454546,0.4973684210526315,-0.0208407838832092
ABC,HIV-1 PR,PC,Train,0.9298952457695407,1.0,0.9298952457695407,0.9636743215031316,0.5,0.0
ABC,HIV-1 PR,PC,Validation,0.929951690821256,1.0,0.929951690821256,0.9637046307884856,0.5,0.0
ABC,HIV-1 PR,PC,Test,0.9178743961352656,1.0,0.9178743961352656,0.9571788413098236,0.5,0.0
ABC,HIV-1 PR,PC,Train,0.9292682926829268,0.9904679376083187,0.9210314262691378,0.9588926174496644,0.4952339688041594,-0.0259657283205472
ABC,HIV-1 PR,PC,Validation,0.929951690821256,1.0,0.929951690821256,0.9637046307884856,0.5,0.0
ABC,HIV-1 PR,PC,Test,0.9176755447941888,0.9973684210526316,0.9154589371980676,0.9558638083228248,0.4986842105263158,-0.0147188078040711
ABC,HIV-1 PR,PC,Train,0.929951690821256,1.0,0.929951690821256,0.9637046307884856,0.5,0.0
ABC,HIV-1 PR,PC,Validation,0.9297820823244553,1.0,0.9297820823244553,0.9636135508155584,0.5,0.0
ABC,HIV-1 PR,PC,Test,0.9178743961352656,1.0,0.9178743961352656,0.9571788413098236,0.5,0.0
ABC,HIV-1 PR,PC,Train,0.9298952457695407,1.0,0.9298952457695407,0.9636743215031316,0.5,0.0
ABC,HIV-1 PR,PC,Validation,0.929951690821256,1.0,0.929951690821256,0.9637046307884856,0.5,0.0
ABC,HIV-1 PR,PC,Test,0.9178743961352656,1.0,0.9178743961352656,0.9571788413098236,0.5,0.0
ABC,HIV-1 PR,PC,Train,0.9304769603880356,0.9974003466204506,0.9282836422240128,0.9627770807193644,0.5044472997470069,0.0400658243463001
ABC,HIV-1 PR,PC,Validation,0.9297820823244553,0.9974025974025974,0.927536231884058,0.962406015037594,0.4987012987012987,-0.0135049695206861
ABC,HIV-1 PR,PC,Test,0.9197080291970804,0.9947368421052633,0.9154589371980676,0.9557522123893806,0.5120743034055728,0.0781703036370173
ABC,HIV-1 PR,PC,Train,0.9298952457695407,1.0,0.9298952457695407,0.9636743215031316,0.5,0.0
ABC,HIV-1 PR,PC,Validation,0.929951690821256,1.0,0.929951690821256,0.9637046307884856,0.5,0.0
ABC,HIV-1 PR,PC,Test,0.9178743961352656,1.0,0.9178743961352656,0.9571788413098236,0.5,0.0
ABC,HIV-1 PR,PC,Train,0.929951690821256,1.0,0.929951690821256,0.9637046307884856,0.5,0.0
ABC,HIV-1 PR,PC,Validation,0.9297820823244553,1.0,0.9297820823244553,0.9636135508155584,0.5,0.0
ABC,HIV-1 PR,PC,Test,0.9178743961352656,1.0,0.9178743961352656,0.9571788413098236,0.5,0.0
ABC,HIV-1 PR,PC,Train,0.9317980513728964,0.9116117850953206,0.8557614826752619,0.9215943933420936,0.5132771569154764,0.023661465086444
ABC,HIV-1 PR,PC,Validation,0.932642487046632,0.935064935064935,0.8768115942028986,0.933852140077821,0.5192566054635019,0.0391441100623485
ABC,HIV-1 PR,PC,Test,0.913279132791328,0.8868421052631579,0.8188405797101449,0.8998664886515354,0.4728328173374613,-0.0479276809277161
ABC,HIV-1 PR,PC,Train,0.9301380991064176,0.9922010398613518,0.9234488315874296,0.960167714884696,0.5018476463674575,0.0105531558631574
ABC,HIV-1 PR,PC,Validation,0.9318734793187348,0.9948051948051948,0.927536231884058,0.9623115577889448,0.5146439767129423,0.0881326544317203
ABC,HIV-1 PR,PC,Test,0.921760391198044,0.9921052631578948,0.9154589371980676,0.9556400506970848,0.5254643962848298,0.1280112034958568
ABC,HIV-1 PR,PC,Train,0.92998352553542,0.9783362218370883,0.911361804995971,0.9535472972972971,0.5006623637921074,0.0023184508035315
ABC,HIV-1 PR,PC,Validation,0.9292682926829268,0.9896103896103896,0.9202898550724636,0.958490566037736,0.4948051948051948,-0.0271085757873102
ABC,HIV-1 PR,PC,Test,0.9191176470588236,0.986842105263158,0.9082125603864736,0.9517766497461928,0.5081269349845201,0.0373406893438976
ABC,HIV-1 PR,PC,Train,0.9338842975206612,0.9783549783549784,0.9154589371980676,0.955602536997886,0.5294073742349604,0.0947478116716199
ABC,HIV-1 PR,PC,Validation,0.9336734693877552,0.953125,0.8934624697336562,0.9432989690721648,0.5282866379310345,0.0657996005947121
ABC,HIV-1 PR,PC,Test,0.9170854271356784,0.9605263157894736,0.8840579710144928,0.9383033419023136,0.494969040247678,-0.0143321243673955
ABC,HIV-1 PR,PC,Train,0.929853181076672,0.9878682842287696,0.91941982272361,0.957983193277311,0.4996812685511663,-0.0014894522287923
ABC,HIV-1 PR,PC,Validation,0.9296116504854368,0.9948051948051948,0.92512077294686,0.961104140526976,0.4974025974025974,-0.0191220752982519
ABC,HIV-1 PR,PC,Test,0.9172749391727494,0.9921052631578948,0.9106280193236715,0.9532237673830596,0.4960526315789473,-0.0255556761890249
ABC,HIV-1 PR,PC,Train,0.9298952457695407,1.0,0.9298952457695407,0.9636743215031316,0.5,0.0
ABC,HIV-1 PR,PC,Validation,0.929951690821256,1.0,0.929951690821256,0.9637046307884856,0.5,0.0
ABC,HIV-1 PR,PC,Test,0.9178743961352656,1.0,0.9178743961352656,0.9571788413098236,0.5,0.0
ABC,HIV-1 PR,PC,Train,0.9292682926829268,0.9904679376083187,0.9210314262691378,0.9588926174496644,0.4952339688041594,-0.0259657283205472
ABC,HIV-1 PR,PC,Validation,0.929951690821256,1.0,0.929951690821256,0.9637046307884856,0.5,0.0
ABC,HIV-1 PR,PC,Test,0.9176755447941888,0.9973684210526316,0.9154589371980676,0.9558638083228248,0.4986842105263158,-0.0147188078040711
ABC,HIV-1 PR,PC,Train,0.929951690821256,1.0,0.929951690821256,0.9637046307884856,0.5,0.0
ABC,HIV-1 PR,PC,Validation,0.9297820823244553,1.0,0.9297820823244553,0.9636135508155584,0.5,0.0
ABC,HIV-1 PR,PC,Test,0.9178743961352656,1.0,0.9178743961352656,0.9571788413098236,0.5,0.0
ABC,HIV-1 PR,PC,Train,0.9298952457695407,1.0,0.9298952457695407,0.9636743215031316,0.5,0.0
ABC,HIV-1 PR,PC,Validation,0.929951690821256,1.0,0.929951690821256,0.9637046307884856,0.5,0.0
ABC,HIV-1 PR,PC,Test,0.9178743961352656,1.0,0.9178743961352656,0.9571788413098236,0.5,0.0
ABC,HIV-1 PR,PC,Train,0.9298952457695407,1.0,0.9298952457695407,0.9636743215031316,0.5,0.0
ABC,HIV-1 PR,PC,Validation,0.929951690821256,1.0,0.929951690821256,0.9637046307884856,0.5,0.0
ABC,HIV-1 PR,PC,Test,0.9178743961352656,1.0,0.9178743961352656,0.9571788413098236,0.5,0.0
ABC,HIV-1 PR,PC,Train,0.9298952457695407,1.0,0.9298952457695407,0.9636743215031316,0.5,0.0
ABC,HIV-1 PR,PC,Validation,0.929951690821256,1.0,0.929951690821256,0.9637046307884856,0.5,0.0
ABC,HIV-1 PR,PC,Test,0.9178743961352656,1.0,0.9178743961352656,0.9571788413098236,0.5,0.0
ABC,HIV-1 PR,PC,Train,0.929951690821256,1.0,0.929951690821256,0.9637046307884856,0.5,0.0
ABC,HIV-1 PR,PC,Validation,0.9297820823244553,1.0,0.9297820823244553,0.9636135508155584,0.5,0.0
ABC,HIV-1 PR,PC,Test,0.9178743961352656,1.0,0.9178743961352656,0.9571788413098236,0.5,0.0
ABC,HIV-1 PR,PC,Train,0.9298387096774192,0.9991334488734837,0.9290894439967768,0.9632414369256476,0.4995667244367417,-0.0077973293611903
ABC,HIV-1 PR,PC,Validation,0.929951690821256,1.0,0.929951690821256,0.9637046307884856,0.5,0.0
ABC,HIV-1 PR,PC,Test,0.9178743961352656,1.0,0.9178743961352656,0.9571788413098236,0.5,0.0
ABC,HIV-1 PR,PC,Train,0.9297253634894992,0.9974003466204506,0.927477840451249,0.9623745819397992,0.4987001733102253,-0.013516275237695
ABC,HIV-1 PR,PC,Validation,0.929951690821256,1.0,0.929951690821256,0.9637046307884856,0.5,0.0
ABC,HIV-1 PR,PC,Test,0.9197080291970804,0.9947368421052633,0.9154589371980676,0.9557522123893806,0.5120743034055728,0.0781703036370173
ABC,HIV-1 PR,PC,Train,0.9296116504854368,0.9956672443674176,0.9258662369057212,0.9615062761506276,0.4978336221837088,-0.017463548259944
ABC,HIV-1 PR,PC,Validation,0.929440389294404,0.9922077922077922,0.9227053140096618,0.9597989949748744,0.4961038961038961,-0.0234481374176136
ABC,HIV-1 PR,PC,Test,0.9176755447941888,0.9973684210526316,0.9154589371980676,0.9558638083228248,0.4986842105263158,-0.0147188078040711
ABC,HIV-1 PR,PC,Train,0.929951690821256,1.0,0.929951690821256,0.9637046307884856,0.5,0.0
ABC,HIV-1 PR,PC,Validation,0.9297820823244553,1.0,0.9297820823244553,0.9636135508155584,0.5,0.0
ABC,HIV-1 PR,PC,Test,0.9178743961352656,1.0,0.9178743961352656,0.9571788413098236,0.5,0.0
ABC,HIV-1 PR,PC,Train,0.9333910034602076,0.9350086655112652,0.8775181305398871,0.9341991341991344,0.5249755971234487,0.0504917039039107
ABC,HIV-1 PR,PC,Validation,0.9316455696202532,0.9558441558441558,0.893719806763285,0.9435897435897436,0.5124048365427676,0.0302604273540543
ABC,HIV-1 PR,PC,Test,0.9145077720207254,0.9289473684210526,0.855072463768116,0.9216710182767625,0.4791795665634675,-0.0455279767513505
ABC,HIV-1 PR,PC,Train,0.9315300084530854,0.954939341421144,0.8928283642224013,0.943089430894309,0.5119524293312616,0.0289162747049358
ABC,HIV-1 PR,PC,Validation,0.9335038363171356,0.948051948051948,0.8888888888888888,0.940721649484536,0.5257501119570085,0.0573833877653917
ABC,HIV-1 PR,PC,Test,0.9203084832904884,0.9421052631578948,0.8719806763285024,0.9310793237971392,0.5151702786377709,0.0349711573438066
ABC,HIV-1 PR,PC,Train,0.9298393913778528,0.9532062391681108,0.8896051571313457,0.94137783483098,0.4995916253311819,-0.0009879727190853
ABC,HIV-1 PR,PC,Validation,0.9316455696202532,0.9558441558441558,0.893719806763285,0.9435897435897436,0.5124048365427676,0.0302604273540543
ABC,HIV-1 PR,PC,Test,0.9191919191919192,0.9578947368421052,0.8840579710144928,0.9381443298969072,0.5083591331269349,0.022508090298938
ABC,HIV-1 PR,PC,Train,0.935,0.9714285714285714,0.9106280193236715,0.9528662420382166,0.5374384236453201,0.1057262674610505
ABC,HIV-1 PR,PC,Validation,0.9307692307692308,0.9453125,0.8837772397094431,0.937984496124031,0.5071390086206896,0.015908758591757
ABC,HIV-1 PR,PC,Test,0.9193954659949622,0.9605263157894736,0.8864734299516909,0.9395109395109396,0.5096749226006192,0.0267725068139097
ABC,HIV-1 PR,PC,Train,0.929853181076672,0.9878682842287696,0.91941982272361,0.957983193277311,0.4996812685511663,-0.0014894522287923
ABC,HIV-1 PR,PC,Validation,0.9296116504854368,0.9948051948051948,0.92512077294686,0.961104140526976,0.4974025974025974,-0.0191220752982519
ABC,HIV-1 PR,PC,Test,0.9172749391727494,0.9921052631578948,0.9106280193236715,0.9532237673830596,0.4960526315789473,-0.0255556761890249
ABC,HIV-1 PR,PC,Train,0.9298952457695407,1.0,0.9298952457695407,0.9636743215031316,0.5,0.0
ABC,HIV-1 PR,PC,Validation,0.929951690821256,1.0,0.929951690821256,0.9637046307884856,0.5,0.0
ABC,HIV-1 PR,PC,Test,0.9178743961352656,1.0,0.9178743961352656,0.9571788413098236,0.5,0.0
ABC,HIV-1 PR,PC,Train,0.9292682926829268,0.9904679376083187,0.9210314262691378,0.9588926174496644,0.4952339688041594,-0.0259657283205472
ABC,HIV-1 PR,PC,Validation,0.929951690821256,1.0,0.929951690821256,0.9637046307884856,0.5,0.0
ABC,HIV-1 PR,PC,Test,0.9176755447941888,0.9973684210526316,0.9154589371980676,0.9558638083228248,0.4986842105263158,-0.0147188078040711
ABC,HIV-1 PR,PC,Train,0.9302514193025142,0.9930735930735932,0.924315619967794,0.9606365159128978,0.5022839229735782,0.0137454598654976
ABC,HIV-1 PR,PC,Validation,0.9287469287469288,0.984375,0.9152542372881356,0.9557522123893806,0.4921875,-0.033366588652861
ABC,HIV-1 PR,PC,Test,0.9174757281553398,0.9947368421052633,0.9130434782608696,0.9545454545454546,0.4973684210526315,-0.0208407838832092
ABC,HIV-1 PR,PC,Train,0.9298952457695407,1.0,0.9298952457695407,0.9636743215031316,0.5,0.0
ABC,HIV-1 PR,PC,Validation,0.929951690821256,1.0,0.929951690821256,0.9637046307884856,0.5,0.0
ABC,HIV-1 PR,PC,Test,0.9178743961352656,1.0,0.9178743961352656,0.9571788413098236,0.5,0.0
ABC,HIV-1 PR,PC,Train,0.9298952457695407,1.0,0.9298952457695407,0.9636743215031316,0.5,0.0
ABC,HIV-1 PR,PC,Validation,0.929951690821256,1.0,0.929951690821256,0.9637046307884856,0.5,0.0
ABC,HIV-1 PR,PC,Test,0.9178743961352656,1.0,0.9178743961352656,0.9571788413098236,0.5,0.0
ABC,HIV-1 PR,PC,Train,0.9292682926829268,0.9904679376083187,0.9210314262691378,0.9588926174496644,0.4952339688041594,-0.0259657283205472
ABC,HIV-1 PR,PC,Validation,0.929951690821256,1.0,0.929951690821256,0.9637046307884856,0.5,0.0
ABC,HIV-1 PR,PC,Test,0.9176755447941888,0.9973684210526316,0.9154589371980676,0.9558638083228248,0.4986842105263158,-0.0147188078040711
ABC,HIV-1 PR,PC,Train,0.929951690821256,1.0,0.929951690821256,0.9637046307884856,0.5,0.0
ABC,HIV-1 PR,PC,Validation,0.9297820823244553,1.0,0.9297820823244553,0.9636135508155584,0.5,0.0
ABC,HIV-1 PR,PC,Test,0.9178743961352656,1.0,0.9178743961352656,0.9571788413098236,0.5,0.0
ABC,HIV-1 PR,PC,Train,0.9298952457695407,1.0,0.9298952457695407,0.9636743215031316,0.5,0.0
ABC,HIV-1 PR,PC,Validation,0.929951690821256,1.0,0.929951690821256,0.9637046307884856,0.5,0.0
ABC,HIV-1 PR,PC,Test,0.9178743961352656,1.0,0.9178743961352656,0.9571788413098236,0.5,0.0
ABC,HIV-1 PR,PC,Train,0.9298952457695407,1.0,0.9298952457695407,0.9636743215031316,0.5,0.0
ABC,HIV-1 PR,PC,Validation,0.929951690821256,1.0,0.929951690821256,0.9637046307884856,0.5,0.0
ABC,HIV-1 PR,PC,Test,0.9176755447941888,0.9973684210526316,0.9154589371980676,0.9558638083228248,0.4986842105263158,-0.0147188078040711
ABC,HIV-1 PR,PC,Train,0.9298952457695407,1.0,0.9298952457695407,0.9636743215031316,0.5,0.0
ABC,HIV-1 PR,PC,Validation,0.929951690821256,1.0,0.929951690821256,0.9637046307884856,0.5,0.0
ABC,HIV-1 PR,PC,Test,0.9178743961352656,1.0,0.9178743961352656,0.9571788413098236,0.5,0.0
ABC,HIV-1 PR,PC,Train,0.929951690821256,1.0,0.929951690821256,0.9637046307884856,0.5,0.0
ABC,HIV-1 PR,PC,Validation,0.9297820823244553,1.0,0.9297820823244553,0.9636135508155584,0.5,0.0
ABC,HIV-1 PR,PC,Test,0.9178743961352656,1.0,0.9178743961352656,0.9571788413098236,0.5,0.0
ABC,HIV-1 PR,PC,Train,0.9319787985865724,0.91421143847487,0.8581788879935536,0.9230096237970252,0.5145769836052511,0.0262980610548711
ABC,HIV-1 PR,PC,Validation,0.9319371727748692,0.9246753246753248,0.8671497584541062,0.9282920469361148,0.5140618002686967,0.0268777935488654
ABC,HIV-1 PR,PC,Test,0.9130434782608696,0.8842105263157894,0.8164251207729468,0.8983957219251337,0.4715170278637771,-0.0497672601793439
ABC,HIV-1 PR,PC,Train,0.9340753424657534,0.9454072790294628,0.887187751813054,0.9397071490094746,0.5301749038825474,0.0654870715863146
ABC,HIV-1 PR,PC,Validation,0.9338624338624338,0.9168831168831169,0.8623188405797102,0.9252948885976408,0.5274070756829378,0.0496506465379848
ABC,HIV-1 PR,PC,Test,0.9252577319587628,0.9447368421052632,0.8792270531400966,0.9348958333333334,0.5458978328173375,0.1038845338641042
ABC,HIV-1 PR,PC,Train,0.9286898839137644,0.9705372616984402,0.903303787268332,0.9491525423728814,0.4910157572860017,-0.0277119014833249
ABC,HIV-1 PR,PC,Validation,0.9285714285714286,0.9792207792207792,0.9106280193236715,0.9532237673830596,0.4896103896103896,-0.0385257064264709
ABC,HIV-1 PR,PC,Test,0.92,0.968421052631579,0.893719806763285,0.9435897435897436,0.5136222910216718,0.0413825637869574
ABC,HIV-1 PR,PC,Train,0.9338842975206612,0.9783549783549784,0.9154589371980676,0.955602536997886,0.5294073742349604,0.0947478116716199
ABC,HIV-1 PR,PC,Validation,0.9338422391857506,0.9557291666666666,0.8958837772397095,0.9446589446589446,0.5295887212643678,0.0704384077822267
ABC,HIV-1 PR,PC,Test,0.9175,0.9657894736842104,0.8888888888888888,0.941025641025641,0.4976006191950464,-0.0072889743033845
ABC,HIV-1 PR,PC,Train,0.929853181076672,0.9878682842287696,0.91941982272361,0.957983193277311,0.4996812685511663,-0.0014894522287923
ABC,HIV-1 PR,PC,Validation,0.9296116504854368,0.9948051948051948,0.92512077294686,0.961104140526976,0.4974025974025974,-0.0191220752982519
ABC,HIV-1 PR,PC,Test,0.9172749391727494,0.9921052631578948,0.9106280193236715,0.9532237673830596,0.4960526315789473,-0.0255556761890249
ABC,HIV-1 PR,PC,Train,0.9298952457695407,1.0,0.9298952457695407,0.9636743215031316,0.5,0.0
ABC,HIV-1 PR,PC,Validation,0.929951690821256,1.0,0.929951690821256,0.9637046307884856,0.5,0.0
ABC,HIV-1 PR,PC,Test,0.9178743961352656,1.0,0.9178743961352656,0.9571788413098236,0.5,0.0
ABC,HIV-1 PR,PC,Train,0.9292682926829268,0.9904679376083187,0.9210314262691378,0.9588926174496644,0.4952339688041594,-0.0259657283205472
ABC,HIV-1 PR,PC,Validation,0.929951690821256,1.0,0.929951690821256,0.9637046307884856,0.5,0.0
ABC,HIV-1 PR,PC,Test,0.9176755447941888,0.9973684210526316,0.9154589371980676,0.9558638083228248,0.4986842105263158,-0.0147188078040711
ABC,HIV-1 PR,PC,Train,0.929951690821256,1.0,0.929951690821256,0.9637046307884856,0.5,0.0
ABC,HIV-1 PR,PC,Validation,0.9297820823244553,1.0,0.9297820823244553,0.9636135508155584,0.5,0.0
ABC,HIV-1 PR,PC,Test,0.9178743961352656,1.0,0.9178743961352656,0.9571788413098236,0.5,0.0
ABC,HIV-1 PR,PC,Train,0.9298952457695407,1.0,0.9298952457695407,0.9636743215031316,0.5,0.0
ABC,HIV-1 PR,PC,Validation,0.929951690821256,1.0,0.929951690821256,0.9637046307884856,0.5,0.0
ABC,HIV-1 PR,PC,Test,0.9178743961352656,1.0,0.9178743961352656,0.9571788413098236,0.5,0.0
ABC,HIV-1 PR,PC,Train,0.9298952457695407,1.0,0.9298952457695407,0.9636743215031316,0.5,0.0
ABC,HIV-1 PR,PC,Validation,0.929951690821256,1.0,0.929951690821256,0.9637046307884856,0.5,0.0
ABC,HIV-1 PR,PC,Test,0.9178743961352656,1.0,0.9178743961352656,0.9571788413098236,0.5,0.0
ABC,HIV-1 PR,PC,Train,0.9298952457695407,1.0,0.9298952457695407,0.9636743215031316,0.5,0.0
ABC,HIV-1 PR,PC,Validation,0.929951690821256,1.0,0.929951690821256,0.9637046307884856,0.5,0.0
ABC,HIV-1 PR,PC,Test,0.9178743961352656,1.0,0.9178743961352656,0.9571788413098236,0.5,0.0
ABC,HIV-1 PR,PC,Train,0.929951690821256,1.0,0.929951690821256,0.9637046307884856,0.5,0.0
ABC,HIV-1 PR,PC,Validation,0.9297820823244553,1.0,0.9297820823244553,0.9636135508155584,0.5,0.0
ABC,HIV-1 PR,PC,Test,0.9178743961352656,1.0,0.9178743961352656,0.9571788413098236,0.5,0.0
ABC,HIV-1 PR,PC,Train,0.9298952457695407,1.0,0.9298952457695407,0.9636743215031316,0.5,0.0
ABC,HIV-1 PR,PC,Validation,0.929951690821256,1.0,0.929951690821256,0.9637046307884856,0.5,0.0
ABC,HIV-1 PR,PC,Test,0.9178743961352656,1.0,0.9178743961352656,0.9571788413098236,0.5,0.0
ABC,HIV-1 PR,PC,Train,0.9297253634894992,0.9974003466204506,0.927477840451249,0.9623745819397992,0.4987001733102253,-0.013516275237695
ABC,HIV-1 PR,PC,Validation,0.929951690821256,1.0,0.929951690821256,0.9637046307884856,0.5,0.0
ABC,HIV-1 PR,PC,Test,0.9197080291970804,0.9947368421052633,0.9154589371980676,0.9557522123893806,0.5120743034055728,0.0781703036370173
ABC,HIV-1 PR,PC,Train,0.9298387096774192,0.9991334488734837,0.9290894439967768,0.9632414369256476,0.4995667244367417,-0.0077973293611903
ABC,HIV-1 PR,PC,Validation,0.929951690821256,1.0,0.929951690821256,0.9637046307884856,0.5,0.0
ABC,HIV-1 PR,PC,Test,0.9178743961352656,1.0,0.9178743961352656,0.9571788413098236,0.5,0.0
ABC,HIV-1 PR,PC,Train,0.929951690821256,1.0,0.929951690821256,0.9637046307884856,0.5,0.0
ABC,HIV-1 PR,PC,Validation,0.9297820823244553,1.0,0.9297820823244553,0.9636135508155584,0.5,0.0
ABC,HIV-1 PR,PC,Test,0.9178743961352656,1.0,0.9178743961352656,0.9571788413098236,0.5,0.0
ABC,HIV-1 PR,PC,Train,0.932396839332748,0.9202772963604852,0.8638195004029009,0.9262974269515918,0.5176099125480588,0.0327406862235015
ABC,HIV-1 PR,PC,Validation,0.9305912596401028,0.9402597402597402,0.8792270531400966,0.9354005167958656,0.5046126287505598,0.0098846900528627
ABC,HIV-1 PR,PC,Test,0.9126984126984128,0.9078947368421052,0.8357487922705314,0.9102902374670184,0.4686532507739938,-0.0610880991702871
ABC,HIV-1 PR,PC,Train,0.933277027027027,0.9575389948006932,0.8968573730862208,0.9452523524379812,0.5247465088945995,0.0603661094766125
ABC,HIV-1 PR,PC,Validation,0.9389312977099236,0.9584415584415584,0.9033816425120772,0.948586118251928,0.5654276757725034,0.1522000971602159
ABC,HIV-1 PR,PC,Test,0.9254498714652956,0.9473684210526316,0.8816425120772947,0.9362808842652796,0.5472136222910217,0.1088388060189901
ABC,HIV-1 PR,PC,Train,0.9291075896580484,0.9653379549393414,0.8992747784045125,0.9468763280917976,0.4941632303432339,-0.0164827945052989
ABC,HIV-1 PR,PC,Validation,0.9282178217821784,0.974025974025974,0.9057971014492754,0.9505703422053232,0.487012987012987,-0.0431795340584155
ABC,HIV-1 PR,PC,Test,0.917705735660848,0.968421052631579,0.8913043478260869,0.942381562099872,0.4989164086687306,-0.0034117948715249
ABC,HIV-1 PR,PC,Train,0.9358333333333332,0.9722943722943724,0.9122383252818036,0.9537154989384288,0.5436184505150022,0.1231786896017503
ABC,HIV-1 PR,PC,Validation,0.9311224489795918,0.9505208333333334,0.8886198547215496,0.940721649484536,0.5097431752873564,0.0226643068715119
ABC,HIV-1 PR,PC,Test,0.9195979899497488,0.963157894736842,0.8888888888888888,0.9408740359897172,0.5109907120743034,0.0313101793872333
ABC,HIV-1 PR,PC,Train,0.929853181076672,0.9878682842287696,0.91941982272361,0.957983193277311,0.4996812685511663,-0.0014894522287923
ABC,HIV-1 PR,PC,Validation,0.9296116504854368,0.9948051948051948,0.92512077294686,0.961104140526976,0.4974025974025974,-0.0191220752982519
ABC,HIV-1 PR,PC,Test,0.9172749391727494,0.9921052631578948,0.9106280193236715,0.9532237673830596,0.4960526315789473,-0.0255556761890249
ABC,HIV-1 PR,PC,Train,0.9298952457695407,1.0,0.9298952457695407,0.9636743215031316,0.5,0.0
ABC,HIV-1 PR,PC,Validation,0.929951690821256,1.0,0.929951690821256,0.9637046307884856,0.5,0.0
ABC,HIV-1 PR,PC,Test,0.9178743961352656,1.0,0.9178743961352656,0.9571788413098236,0.5,0.0
ABC,HIV-1 PR,PC,Train,0.9292682926829268,0.9904679376083187,0.9210314262691378,0.9588926174496644,0.4952339688041594,-0.0259657283205472
ABC,HIV-1 PR,PC,Validation,0.929951690821256,1.0,0.929951690821256,0.9637046307884856,0.5,0.0
ABC,HIV-1 PR,PC,Test,0.9176755447941888,0.9973684210526316,0.9154589371980676,0.9558638083228248,0.4986842105263158,-0.0147188078040711
ABC,HIV-1 PR,PC,Train,0.929951690821256,1.0,0.929951690821256,0.9637046307884856,0.5,0.0
ABC,HIV-1 PR,PC,Validation,0.9297820823244553,1.0,0.9297820823244553,0.9636135508155584,0.5,0.0
ABC,HIV-1 PR,PC,Test,0.9178743961352656,1.0,0.9178743961352656,0.9571788413098236,0.5,0.0
ABC,HIV-1 PR,PC,Train,0.9298952457695407,1.0,0.9298952457695407,0.9636743215031316,0.5,0.0
ABC,HIV-1 PR,PC,Validation,0.929951690821256,1.0,0.929951690821256,0.9637046307884856,0.5,0.0
ABC,HIV-1 PR,PC,Test,0.9178743961352656,1.0,0.9178743961352656,0.9571788413098236,0.5,0.0
ABC,HIV-1 PR,PC,Train,0.9298952457695407,1.0,0.9298952457695407,0.9636743215031316,0.5,0.0
ABC,HIV-1 PR,PC,Validation,0.929951690821256,1.0,0.929951690821256,0.9637046307884856,0.5,0.0
ABC,HIV-1 PR,PC,Test,0.9178743961352656,1.0,0.9178743961352656,0.9571788413098236,0.5,0.0
ABC,HIV-1 PR,PC,Train,0.9298952457695407,1.0,0.9298952457695407,0.9636743215031316,0.5,0.0
ABC,HIV-1 PR,PC,Validation,0.929951690821256,1.0,0.929951690821256,0.9637046307884856,0.5,0.0
ABC,HIV-1 PR,PC,Test,0.9178743961352656,1.0,0.9178743961352656,0.9571788413098236,0.5,0.0
ABC,HIV-1 PR,PC,Train,0.929951690821256,1.0,0.929951690821256,0.9637046307884856,0.5,0.0
ABC,HIV-1 PR,PC,Validation,0.9297820823244553,1.0,0.9297820823244553,0.9636135508155584,0.5,0.0
ABC,HIV-1 PR,PC,Test,0.9178743961352656,1.0,0.9178743961352656,0.9571788413098236,0.5,0.0
ABC,HIV-1 PR,PC,Train,0.9298952457695407,1.0,0.9298952457695407,0.9636743215031316,0.5,0.0
ABC,HIV-1 PR,PC,Validation,0.929951690821256,1.0,0.929951690821256,0.9637046307884856,0.5,0.0
ABC,HIV-1 PR,PC,Test,0.9178743961352656,1.0,0.9178743961352656,0.9571788413098236,0.5,0.0
ABC,HIV-1 PR,PC,Train,0.9297253634894992,0.9974003466204506,0.927477840451249,0.9623745819397992,0.4987001733102253,-0.013516275237695
ABC,HIV-1 PR,PC,Validation,0.929951690821256,1.0,0.929951690821256,0.9637046307884856,0.5,0.0
ABC,HIV-1 PR,PC,Test,0.9197080291970804,0.9947368421052633,0.9154589371980676,0.9557522123893806,0.5120743034055728,0.0781703036370173
ABC,HIV-1 PR,PC,Train,0.9298387096774192,0.9991334488734837,0.9290894439967768,0.9632414369256476,0.4995667244367417,-0.0077973293611903
ABC,HIV-1 PR,PC,Validation,0.929951690821256,1.0,0.929951690821256,0.9637046307884856,0.5,0.0
ABC,HIV-1 PR,PC,Test,0.9178743961352656,1.0,0.9178743961352656,0.9571788413098236,0.5,0.0
ABC,HIV-1 PR,PC,Train,0.929951690821256,1.0,0.929951690821256,0.9637046307884856,0.5,0.0
ABC,HIV-1 PR,PC,Validation,0.9297820823244553,1.0,0.9297820823244553,0.9636135508155584,0.5,0.0
ABC,HIV-1 PR,PC,Test,0.9178743961352656,1.0,0.9178743961352656,0.9571788413098236,0.5,0.0
ABC,HIV-1 PR,PC,Train,0.9340277777777778,0.9324090121317158,0.8759065269943593,0.9332176929748482,0.5294228968704556,0.0582313304792247
ABC,HIV-1 PR,PC,Validation,0.9319899244332494,0.961038961038961,0.8985507246376812,0.9462915601023018,0.5150022391401702,0.0385918616554013
ABC,HIV-1 PR,PC,Test,0.9138381201044388,0.9210526315789472,0.8478260869565217,0.9174311926605504,0.4752321981424148,-0.0516735719432212
ABC,HIV-1 PR,PC,Train,0.9336734693877552,0.951473136915078,0.8920225624496374,0.942489270386266,0.5274607063885735,0.062942485983426
ABC,HIV-1 PR,PC,Validation,0.9404145077720208,0.9428571428571428,0.8913043478260869,0.9416342412451362,0.5748768472906404,0.1522068651726668
ABC,HIV-1 PR,PC,Test,0.9224806201550388,0.9394736842105263,0.8719806763285024,0.9308996088657104,0.528560371517028,0.0635166728116185
ABC,HIV-1 PR,PC,Train,0.9296482412060302,0.9618717504332756,0.8968573730862208,0.9454855195911414,0.4981772545269826,-0.0048760422754536
ABC,HIV-1 PR,PC,Validation,0.9303482587064676,0.9714285714285714,0.9057971014492754,0.9504447268106736,0.5029556650246305,0.0089931310535656
ABC,HIV-1 PR,PC,Test,0.9170854271356784,0.9605263157894736,0.8840579710144928,0.9383033419023136,0.494969040247678,-0.0143321243673955
ABC,HIV-1 PR,PC,Train,0.9343853820598008,0.974025974025974,0.9122383252818036,0.953793980500212,0.5329899985072399,0.0977817641048591
ABC,HIV-1 PR,PC,Validation,0.9309462915601024,0.9479166666666666,0.8861985472154964,0.9393548387096774,0.508441091954023,0.019208502966801
ABC,HIV-1 PR,PC,Test,0.9197994987468672,0.9657894736842104,0.8913043478260869,0.9422336328626444,0.5123065015479876,0.0361629445771207
ABC,HIV-1 PR,PC,Train,0.9297385620915032,0.9861351819757366,0.9178082191780822,0.9571068124474348,0.4988147174246499,-0.005207140028773
ABC,HIV-1 PR,PC,Validation,0.929440389294404,0.9922077922077922,0.9227053140096618,0.9597989949748744,0.4961038961038961,-0.0234481374176136
ABC,HIV-1 PR,PC,Test,0.9166666666666666,0.9842105263157894,0.9033816425120772,0.949238578680203,0.4921052631578947,-0.0362738125055005
ABC,HIV-1 PR,PC,Train,0.9298952457695407,1.0,0.9298952457695407,0.9636743215031316,0.5,0.0
ABC,HIV-1 PR,PC,Validation,0.929951690821256,1.0,0.929951690821256,0.9637046307884856,0.5,0.0
ABC,HIV-1 PR,PC,Test,0.9178743961352656,1.0,0.9178743961352656,0.9571788413098236,0.5,0.0
ABC,HIV-1 PR,PC,Train,0.9292682926829268,0.9904679376083187,0.9210314262691378,0.9588926174496644,0.4952339688041594,-0.0259657283205472
ABC,HIV-1 PR,PC,Validation,0.929951690821256,1.0,0.929951690821256,0.9637046307884856,0.5,0.0
ABC,HIV-1 PR,PC,Test,0.9176755447941888,0.9973684210526316,0.9154589371980676,0.9558638083228248,0.4986842105263158,-0.0147188078040711
ABC,HIV-1 PR,PC,Train,0.9301948051948052,0.9922077922077922,0.923510466988728,0.9602010892333472,0.5018510225406777,0.0105727257627309
ABC,HIV-1 PR,PC,Validation,0.9285714285714286,0.9817708333333334,0.9128329297820824,0.9544303797468354,0.4908854166666667,-0.0360843918243516
ABC,HIV-1 PR,PC,Test,0.9172749391727494,0.9921052631578948,0.9106280193236715,0.9532237673830596,0.4960526315789473,-0.0255556761890249
ABC,HIV-1 PR,PC,Train,0.9293257514216084,0.9913344887348352,0.9218372280419016,0.959329140461216,0.4956672443674176,-0.0247472927249244
ABC,HIV-1 PR,PC,Validation,0.9297820823244553,0.9974025974025974,0.927536231884058,0.962406015037594,0.4987012987012987,-0.0135049695206861
ABC,HIV-1 PR,PC,Test,0.9172749391727494,0.9921052631578948,0.9106280193236715,0.9532237673830596,0.4960526315789473,-0.0255556761890249
ABC,HIV-1 PR,PC,Train,0.9298952457695407,1.0,0.9298952457695407,0.9636743215031316,0.5,0.0
ABC,HIV-1 PR,PC,Validation,0.929951690821256,1.0,0.929951690821256,0.9637046307884856,0.5,0.0
ABC,HIV-1 PR,PC,Test,0.9178743961352656,1.0,0.9178743961352656,0.9571788413098236,0.5,0.0
ABC,HIV-1 PR,PC,Train,0.9292682926829268,0.9904679376083187,0.9210314262691378,0.9588926174496644,0.4952339688041594,-0.0259657283205472
ABC,HIV-1 PR,PC,Validation,0.929951690821256,1.0,0.929951690821256,0.9637046307884856,0.5,0.0
ABC,HIV-1 PR,PC,Test,0.9176755447941888,0.9973684210526316,0.9154589371980676,0.9558638083228248,0.4986842105263158,-0.0147188078040711
ABC,HIV-1 PR,PC,Train,0.929951690821256,1.0,0.929951690821256,0.9637046307884856,0.5,0.0
ABC,HIV-1 PR,PC,Validation,0.9297820823244553,1.0,0.9297820823244553,0.9636135508155584,0.5,0.0
ABC,HIV-1 PR,PC,Test,0.9178743961352656,1.0,0.9178743961352656,0.9571788413098236,0.5,0.0
ABC,HIV-1 PR,PC,Train,0.9298952457695407,1.0,0.9298952457695407,0.9636743215031316,0.5,0.0
ABC,HIV-1 PR,PC,Validation,0.929951690821256,1.0,0.929951690821256,0.9637046307884856,0.5,0.0
ABC,HIV-1 PR,PC,Test,0.9178743961352656,1.0,0.9178743961352656,0.9571788413098236,0.5,0.0
ABC,HIV-1 PR,PC,Train,0.930589184826473,0.9991334488734837,0.9298952457695407,0.963643961554534,0.5053138508735233,0.0676474199939638
ABC,HIV-1 PR,PC,Validation,0.929951690821256,1.0,0.929951690821256,0.9637046307884856,0.5,0.0
ABC,HIV-1 PR,PC,Test,0.9172749391727494,0.9921052631578948,0.9106280193236715,0.9532237673830596,0.4960526315789473,-0.0255556761890249
ABC,HIV-1 PR,PC,Train,0.9298952457695407,1.0,0.9298952457695407,0.9636743215031316,0.5,0.0
ABC,HIV-1 PR,PC,Validation,0.929951690821256,1.0,0.929951690821256,0.9637046307884856,0.5,0.0
ABC,HIV-1 PR,PC,Test,0.9178743961352656,1.0,0.9178743961352656,0.9571788413098236,0.5,0.0
ABC,HIV-1 PR,PC,Train,0.929951690821256,1.0,0.929951690821256,0.9637046307884856,0.5,0.0
ABC,HIV-1 PR,PC,Validation,0.9297820823244553,1.0,0.9297820823244553,0.9636135508155584,0.5,0.0
ABC,HIV-1 PR,PC,Test,0.9178743961352656,1.0,0.9178743961352656,0.9571788413098236,0.5,0.0
ABC,HIV-1 PR,PC,Train,0.9321039396479464,0.9636048526863084,0.9008863819500404,0.9475926714955262,0.5162851849638439,0.0431265166534693
ABC,HIV-1 PR,PC,Validation,0.9353233830845772,0.9766233766233766,0.9154589371980676,0.9555273189326556,0.5400358262427227,0.1218160479073893
ABC,HIV-1 PR,PC,Test,0.9197994987468672,0.9657894736842104,0.8913043478260869,0.9422336328626444,0.5123065015479876,0.0361629445771207
ABC,HIV-1 PR,PC,Train,0.9303643724696355,0.9956672443674176,0.9266720386784852,0.9619087484303056,0.5035807486204904,0.0263607192440596
ABC,HIV-1 PR,PC,Validation,0.931372549019608,0.987012987012987,0.9202898550724636,0.9583858764186634,0.5107478728168383,0.0459067102123134
ABC,HIV-1 PR,PC,Test,0.9197080291970804,0.9947368421052633,0.9154589371980676,0.9557522123893806,0.5120743034055728,0.0781703036370173
ABC,HIV-1 PR,PC,Train,0.92998352553542,0.9783362218370883,0.911361804995971,0.9535472972972971,0.5006623637921074,0.0023184508035315
ABC,HIV-1 PR,PC,Validation,0.9292682926829268,0.9896103896103896,0.9202898550724636,0.958490566037736,0.4948051948051948,-0.0271085757873102
ABC,HIV-1 PR,PC,Test,0.9191176470588236,0.986842105263158,0.9082125603864736,0.9517766497461928,0.5081269349845201,0.0373406893438976
ABC,HIV-1 PR,PC,Train,0.9340478153338828,0.9809523809523808,0.9178743961352656,0.9569256756756755,0.5307060755336617,0.1037947837971027
ABC,HIV-1 PR,PC,Validation,0.9341772151898734,0.9609375,0.900726392251816,0.9473684210526316,0.5321928879310345,0.0805786049412383
ABC,HIV-1 PR,PC,Test,0.917910447761194,0.9710526315789474,0.893719806763285,0.9437340153452686,0.5002321981424149,0.0007600048154057
ABC,HIV-1 PR,PC,Train,0.9297385620915032,0.9861351819757366,0.9178082191780822,0.9571068124474348,0.4988147174246499,-0.005207140028773
ABC,HIV-1 PR,PC,Validation,0.929440389294404,0.9922077922077922,0.9227053140096618,0.9597989949748744,0.4961038961038961,-0.0234481374176136
ABC,HIV-1 PR,PC,Test,0.9166666666666666,0.9842105263157894,0.9033816425120772,0.949238578680203,0.4921052631578947,-0.0362738125055005
ABC,HIV-1 PR,PC,Train,0.9298952457695407,1.0,0.9298952457695407,0.9636743215031316,0.5,0.0
ABC,HIV-1 PR,PC,Validation,0.929951690821256,1.0,0.929951690821256,0.9637046307884856,0.5,0.0
ABC,HIV-1 PR,PC,Test,0.9178743961352656,1.0,0.9178743961352656,0.9571788413098236,0.5,0.0
ABC,HIV-1 PR,PC,Train,0.9292682926829268,0.9904679376083187,0.9210314262691378,0.9588926174496644,0.4952339688041594,-0.0259657283205472
ABC,HIV-1 PR,PC,Validation,0.929951690821256,1.0,0.929951690821256,0.9637046307884856,0.5,0.0
ABC,HIV-1 PR,PC,Test,0.9176755447941888,0.9973684210526316,0.9154589371980676,0.9558638083228248,0.4986842105263158,-0.0147188078040711
ABC,HIV-1 PR,PC,Train,0.929951690821256,1.0,0.929951690821256,0.9637046307884856,0.5,0.0
ABC,HIV-1 PR,PC,Validation,0.9297820823244553,1.0,0.9297820823244553,0.9636135508155584,0.5,0.0
ABC,HIV-1 PR,PC,Test,0.9178743961352656,1.0,0.9178743961352656,0.9571788413098236,0.5,0.0
ABC,HIV-1 PR,PC,Train,0.9298952457695407,1.0,0.9298952457695407,0.9636743215031316,0.5,0.0
ABC,HIV-1 PR,PC,Validation,0.929951690821256,1.0,0.929951690821256,0.9637046307884856,0.5,0.0
ABC,HIV-1 PR,PC,Test,0.9178743961352656,1.0,0.9178743961352656,0.9571788413098236,0.5,0.0
ABC,HIV-1 PR,PC,Train,0.9298952457695407,1.0,0.9298952457695407,0.9636743215031316,0.5,0.0
ABC,HIV-1 PR,PC,Validation,0.929951690821256,1.0,0.929951690821256,0.9637046307884856,0.5,0.0
ABC,HIV-1 PR,PC,Test,0.9178743961352656,1.0,0.9178743961352656,0.9571788413098236,0.5,0.0
ABC,HIV-1 PR,PC,Train,0.9298952457695407,1.0,0.9298952457695407,0.9636743215031316,0.5,0.0
ABC,HIV-1 PR,PC,Validation,0.929951690821256,1.0,0.929951690821256,0.9637046307884856,0.5,0.0
ABC,HIV-1 PR,PC,Test,0.9178743961352656,1.0,0.9178743961352656,0.9571788413098236,0.5,0.0
ABC,HIV-1 PR,PC,Train,0.929951690821256,1.0,0.929951690821256,0.9637046307884856,0.5,0.0
ABC,HIV-1 PR,PC,Validation,0.9297820823244553,1.0,0.9297820823244553,0.9636135508155584,0.5,0.0
ABC,HIV-1 PR,PC,Test,0.9178743961352656,1.0,0.9178743961352656,0.9571788413098236,0.5,0.0
ABC,HIV-1 PR,PC,Train,0.9298387096774192,0.9991334488734837,0.9290894439967768,0.9632414369256476,0.4995667244367417,-0.0077973293611903
ABC,HIV-1 PR,PC,Validation,0.929951690821256,1.0,0.929951690821256,0.9637046307884856,0.5,0.0
ABC,HIV-1 PR,PC,Test,0.9178743961352656,1.0,0.9178743961352656,0.9571788413098236,0.5,0.0
ABC,HIV-1 PR,PC,Train,0.9297820823244553,0.9982668977469672,0.9282836422240128,0.9628081905557876,0.4991334488734835,-0.0110315380308807
ABC,HIV-1 PR,PC,Validation,0.929951690821256,1.0,0.929951690821256,0.9637046307884856,0.5,0.0
ABC,HIV-1 PR,PC,Test,0.9176755447941888,0.9973684210526316,0.9154589371980676,0.9558638083228248,0.4986842105263158,-0.0147188078040711
ABC,HIV-1 PR,PC,Train,0.9296116504854368,0.9956672443674176,0.9258662369057212,0.9615062761506276,0.4978336221837088,-0.017463548259944
ABC,HIV-1 PR,PC,Validation,0.929440389294404,0.9922077922077922,0.9227053140096618,0.9597989949748744,0.4961038961038961,-0.0234481374176136
ABC,HIV-1 PR,PC,Test,0.9176755447941888,0.9973684210526316,0.9154589371980676,0.9558638083228248,0.4986842105263158,-0.0147188078040711
ABC,HIV-1 PR,PC,Train,0.929951690821256,1.0,0.929951690821256,0.9637046307884856,0.5,0.0
ABC,HIV-1 PR,PC,Validation,0.9297820823244553,1.0,0.9297820823244553,0.9636135508155584,0.5,0.0
ABC,HIV-1 PR,PC,Test,0.9178743961352656,1.0,0.9178743961352656,0.9571788413098236,0.5,0.0
ABC,HIV-1 PR,PC,Train,0.9315878378378378,0.9558058925476604,0.8936341659951652,0.943541488451668,0.5123857048945198,0.0302134260954589
ABC,HIV-1 PR,PC,Validation,0.9330024813895782,0.9766233766233766,0.9130434782608696,0.9543147208121828,0.522794446932378,0.0723501695123063
ABC,HIV-1 PR,PC,Test,0.9168765743073048,0.9578947368421052,0.8816425120772947,0.9369369369369368,0.4936532507739938,-0.0175627644699248
ABC,HIV-1 PR,PC,Train,0.9325,0.9696707105719238,0.9065269943593876,0.9507221750212403,0.5193181139066516,0.0551918177053628
ABC,HIV-1 PR,PC,Validation,0.9303482587064676,0.9714285714285714,0.9057971014492754,0.9504447268106736,0.5029556650246305,0.0089931310535656
ABC,HIV-1 PR,PC,Test,0.918987341772152,0.9552631578947368,0.8816425120772947,0.9367741935483872,0.5070433436532508,0.018482673124683
ABC,HIV-1 PR,PC,Train,0.9302521008403362,0.9592720970537262,0.895245769540693,0.9445392491467576,0.5026245542739896,0.0067513327865108
ABC,HIV-1 PR,PC,Validation,0.9296482412060302,0.961038961038961,0.8961352657004831,0.9450830140485312,0.4977608598298253,-0.0059297872680392
ABC,HIV-1 PR,PC,Test,0.9191919191919192,0.9578947368421052,0.8840579710144928,0.9381443298969072,0.5083591331269349,0.022508090298938
ABC,HIV-1 PR,PC,Train,0.9306599832915622,0.9645021645021644,0.9001610305958132,0.9472789115646258,0.5052395879982087,0.0143127940008376
ABC,HIV-1 PR,PC,Validation,0.9282051282051282,0.9427083333333334,0.8789346246973365,0.9354005167958656,0.4885955459770115,-0.0254139917126181
ABC,HIV-1 PR,PC,Test,0.9168765743073048,0.9578947368421052,0.8816425120772947,0.9369369369369368,0.4936532507739938,-0.0175627644699248
ABC,HIV-1 PR,PC,Train,0.9297385620915032,0.9861351819757366,0.9178082191780822,0.9571068124474348,0.4988147174246499,-0.005207140028773
ABC,HIV-1 PR,PC,Validation,0.929440389294404,0.9922077922077922,0.9227053140096618,0.9597989949748744,0.4961038961038961,-0.0234481374176136
ABC,HIV-1 PR,PC,Test,0.9166666666666666,0.9842105263157894,0.9033816425120772,0.949238578680203,0.4921052631578947,-0.0362738125055005
ABC,HIV-1 PR,PC,Train,0.9298952457695407,1.0,0.9298952457695407,0.9636743215031316,0.5,0.0
ABC,HIV-1 PR,PC,Validation,0.929951690821256,1.0,0.929951690821256,0.9637046307884856,0.5,0.0
ABC,HIV-1 PR,PC,Test,0.9178743961352656,1.0,0.9178743961352656,0.9571788413098236,0.5,0.0
ABC,HIV-1 PR,PC,Train,0.9292682926829268,0.9904679376083187,0.9210314262691378,0.9588926174496644,0.4952339688041594,-0.0259657283205472
ABC,HIV-1 PR,PC,Validation,0.929951690821256,1.0,0.929951690821256,0.9637046307884856,0.5,0.0
ABC,HIV-1 PR,PC,Test,0.9176755447941888,0.9973684210526316,0.9154589371980676,0.9558638083228248,0.4986842105263158,-0.0147188078040711
ABC,HIV-1 PR,PC,Train,0.9301948051948052,0.9922077922077922,0.923510466988728,0.9602010892333472,0.5018510225406777,0.0105727257627309
ABC,HIV-1 PR,PC,Validation,0.9285714285714286,0.9817708333333334,0.9128329297820824,0.9544303797468354,0.4908854166666667,-0.0360843918243516
ABC,HIV-1 PR,PC,Test,0.9172749391727494,0.9921052631578948,0.9106280193236715,0.9532237673830596,0.4960526315789473,-0.0255556761890249
ABC,HIV-1 PR,PC,Train,0.9298952457695407,1.0,0.9298952457695407,0.9636743215031316,0.5,0.0
ABC,HIV-1 PR,PC,Validation,0.929951690821256,1.0,0.929951690821256,0.9637046307884856,0.5,0.0
ABC,HIV-1 PR,PC,Test,0.9178743961352656,1.0,0.9178743961352656,0.9571788413098236,0.5,0.0
ABC,HIV-1 PR,PC,Train,0.9298952457695407,1.0,0.9298952457695407,0.9636743215031316,0.5,0.0
ABC,HIV-1 PR,PC,Validation,0.929951690821256,1.0,0.929951690821256,0.9637046307884856,0.5,0.0
ABC,HIV-1 PR,PC,Test,0.9178743961352656,1.0,0.9178743961352656,0.9571788413098236,0.5,0.0
ABC,HIV-1 PR,PC,Train,0.9292682926829268,0.9904679376083187,0.9210314262691378,0.9588926174496644,0.4952339688041594,-0.0259657283205472
ABC,HIV-1 PR,PC,Validation,0.929951690821256,1.0,0.929951690821256,0.9637046307884856,0.5,0.0
ABC,HIV-1 PR,PC,Test,0.9176755447941888,0.9973684210526316,0.9154589371980676,0.9558638083228248,0.4986842105263158,-0.0147188078040711
ABC,HIV-1 PR,PC,Train,0.929951690821256,1.0,0.929951690821256,0.9637046307884856,0.5,0.0
ABC,HIV-1 PR,PC,Validation,0.9297820823244553,1.0,0.9297820823244553,0.9636135508155584,0.5,0.0
ABC,HIV-1 PR,PC,Test,0.9178743961352656,1.0,0.9178743961352656,0.9571788413098236,0.5,0.0
ABC,HIV-1 PR,PC,Train,0.9298952457695407,1.0,0.9298952457695407,0.9636743215031316,0.5,0.0
ABC,HIV-1 PR,PC,Validation,0.929951690821256,1.0,0.929951690821256,0.9637046307884856,0.5,0.0
ABC,HIV-1 PR,PC,Test,0.9178743961352656,1.0,0.9178743961352656,0.9571788413098236,0.5,0.0
ABC,HIV-1 PR,PC,Train,0.9298952457695407,1.0,0.9298952457695407,0.9636743215031316,0.5,0.0
ABC,HIV-1 PR,PC,Validation,0.929951690821256,1.0,0.929951690821256,0.9637046307884856,0.5,0.0
ABC,HIV-1 PR,PC,Test,0.9178743961352656,1.0,0.9178743961352656,0.9571788413098236,0.5,0.0
ABC,HIV-1 PR,PC,Train,0.9298952457695407,1.0,0.9298952457695407,0.9636743215031316,0.5,0.0
ABC,HIV-1 PR,PC,Validation,0.929951690821256,1.0,0.929951690821256,0.9637046307884856,0.5,0.0
ABC,HIV-1 PR,PC,Test,0.9178743961352656,1.0,0.9178743961352656,0.9571788413098236,0.5,0.0
ABC,HIV-1 PR,PC,Train,0.929951690821256,1.0,0.929951690821256,0.9637046307884856,0.5,0.0
ABC,HIV-1 PR,PC,Validation,0.9297820823244553,1.0,0.9297820823244553,0.9636135508155584,0.5,0.0
ABC,HIV-1 PR,PC,Test,0.9178743961352656,1.0,0.9178743961352656,0.9571788413098236,0.5,0.0
ABC,HIV-1 PR,PC,Train,0.9323308270676692,0.9670710571923744,0.9041095890410958,0.9493832411739686,0.5180182872168768,0.0497545288856101
ABC,HIV-1 PR,PC,Validation,0.935,0.9714285714285714,0.9106280193236715,0.9528662420382166,0.5374384236453201,0.1057262674610505
ABC,HIV-1 PR,PC,Test,0.9195979899497488,0.963157894736842,0.8888888888888888,0.9408740359897172,0.5109907120743034,0.0313101793872333
ABC,HIV-1 PR,PC,Train,0.9320785597381342,0.987001733102253,0.9210314262691378,0.9587542087542088,0.516489372298253,0.0685779102061407
ABC,HIV-1 PR,PC,Validation,0.9308641975308642,0.9792207792207792,0.9130434782608696,0.9544303797468354,0.5068517689207344,0.0239835408224608
ABC,HIV-1 PR,PC,Test,0.9207920792079208,0.9789473684210528,0.9033816425120772,0.9489795918367347,0.5188854489164088,0.0675457273465609
ABC,HIV-1 PR,PC,Train,0.9285714285714286,0.9688041594454072,0.9016921837228042,0.9482612383375744,0.4901492061594853,-0.0295766955591755
ABC,HIV-1 PR,PC,Validation,0.9282178217821784,0.974025974025974,0.9057971014492754,0.9505703422053232,0.487012987012987,-0.0431795340584155
ABC,HIV-1 PR,PC,Test,0.9197994987468672,0.9657894736842104,0.8913043478260869,0.9422336328626444,0.5123065015479876,0.0361629445771207
ABC,HIV-1 PR,PC,Train,0.9333333333333332,0.9818181818181818,0.9178743961352656,0.9569620253164556,0.5253918495297806,0.0888801806950018
ABC,HIV-1 PR,PC,Validation,0.9336734693877552,0.953125,0.8934624697336562,0.9432989690721648,0.5282866379310345,0.0657996005947121
ABC,HIV-1 PR,PC,Test,0.917910447761194,0.9710526315789474,0.893719806763285,0.9437340153452686,0.5002321981424149,0.0007600048154057
ABC,HIV-1 PR,PC,Train,0.9297385620915032,0.9861351819757366,0.9178082191780822,0.9571068124474348,0.4988147174246499,-0.005207140028773
ABC,HIV-1 PR,PC,Validation,0.929440389294404,0.9922077922077922,0.9227053140096618,0.9597989949748744,0.4961038961038961,-0.0234481374176136
ABC,HIV-1 PR,PC,Test,0.9166666666666666,0.9842105263157894,0.9033816425120772,0.949238578680203,0.4921052631578947,-0.0362738125055005
ABC,HIV-1 PR,PC,Train,0.9298952457695407,1.0,0.9298952457695407,0.9636743215031316,0.5,0.0
ABC,HIV-1 PR,PC,Validation,0.929951690821256,1.0,0.929951690821256,0.9637046307884856,0.5,0.0
ABC,HIV-1 PR,PC,Test,0.9178743961352656,1.0,0.9178743961352656,0.9571788413098236,0.5,0.0
ABC,HIV-1 PR,PC,Train,0.9292682926829268,0.9904679376083187,0.9210314262691378,0.9588926174496644,0.4952339688041594,-0.0259657283205472
ABC,HIV-1 PR,PC,Validation,0.929951690821256,1.0,0.929951690821256,0.9637046307884856,0.5,0.0
ABC,HIV-1 PR,PC,Test,0.9176755447941888,0.9973684210526316,0.9154589371980676,0.9558638083228248,0.4986842105263158,-0.0147188078040711
ABC,HIV-1 PR,PC,Train,0.929951690821256,1.0,0.929951690821256,0.9637046307884856,0.5,0.0
ABC,HIV-1 PR,PC,Validation,0.9297820823244553,1.0,0.9297820823244553,0.9636135508155584,0.5,0.0
ABC,HIV-1 PR,PC,Test,0.9178743961352656,1.0,0.9178743961352656,0.9571788413098236,0.5,0.0
ABC,HIV-1 PR,PC,Train,0.9298952457695407,1.0,0.9298952457695407,0.9636743215031316,0.5,0.0
ABC,HIV-1 PR,PC,Validation,0.929951690821256,1.0,0.929951690821256,0.9637046307884856,0.5,0.0
ABC,HIV-1 PR,PC,Test,0.9178743961352656,1.0,0.9178743961352656,0.9571788413098236,0.5,0.0
ABC,HIV-1 PR,PC,Train,0.9298952457695407,1.0,0.9298952457695407,0.9636743215031316,0.5,0.0
ABC,HIV-1 PR,PC,Validation,0.929951690821256,1.0,0.929951690821256,0.9637046307884856,0.5,0.0
ABC,HIV-1 PR,PC,Test,0.9178743961352656,1.0,0.9178743961352656,0.9571788413098236,0.5,0.0
ABC,HIV-1 PR,PC,Train,0.9298952457695407,1.0,0.9298952457695407,0.9636743215031316,0.5,0.0
ABC,HIV-1 PR,PC,Validation,0.929951690821256,1.0,0.929951690821256,0.9637046307884856,0.5,0.0
ABC,HIV-1 PR,PC,Test,0.9178743961352656,1.0,0.9178743961352656,0.9571788413098236,0.5,0.0
ABC,HIV-1 PR,PC,Train,0.929951690821256,1.0,0.929951690821256,0.9637046307884856,0.5,0.0
ABC,HIV-1 PR,PC,Validation,0.9297820823244553,1.0,0.9297820823244553,0.9636135508155584,0.5,0.0
ABC,HIV-1 PR,PC,Test,0.9178743961352656,1.0,0.9178743961352656,0.9571788413098236,0.5,0.0
ABC,HIV-1 PR,PC,Train,0.9298952457695407,1.0,0.9298952457695407,0.9636743215031316,0.5,0.0
ABC,HIV-1 PR,PC,Validation,0.929951690821256,1.0,0.929951690821256,0.9637046307884856,0.5,0.0
ABC,HIV-1 PR,PC,Test,0.9178743961352656,1.0,0.9178743961352656,0.9571788413098236,0.5,0.0
ABC,HIV-1 PR,PC,Train,0.9298387096774192,0.9991334488734837,0.9290894439967768,0.9632414369256476,0.4995667244367417,-0.0077973293611903
ABC,HIV-1 PR,PC,Validation,0.929951690821256,1.0,0.929951690821256,0.9637046307884856,0.5,0.0
ABC,HIV-1 PR,PC,Test,0.9174757281553398,0.9947368421052633,0.9130434782608696,0.9545454545454546,0.4973684210526315,-0.0208407838832092
ABC,HIV-1 PR,PC,Train,0.9298387096774192,0.9991334488734837,0.9290894439967768,0.9632414369256476,0.4995667244367417,-0.0077973293611903
ABC,HIV-1 PR,PC,Validation,0.929951690821256,1.0,0.929951690821256,0.9637046307884856,0.5,0.0
ABC,HIV-1 PR,PC,Test,0.9178743961352656,1.0,0.9178743961352656,0.9571788413098236,0.5,0.0
ABC,HIV-1 PR,PC,Train,0.929951690821256,1.0,0.929951690821256,0.9637046307884856,0.5,0.0
ABC,HIV-1 PR,PC,Validation,0.9297820823244553,1.0,0.9297820823244553,0.9636135508155584,0.5,0.0
ABC,HIV-1 PR,PC,Test,0.9178743961352656,1.0,0.9178743961352656,0.9571788413098236,0.5,0.0
ABC,HIV-1 PR,PC,Train,0.9335016835016836,0.9610051993067592,0.9000805801772764,0.9470538001707942,0.5264796111476324,0.0668741037252966
ABC,HIV-1 PR,PC,Validation,0.9330024813895782,0.9766233766233766,0.9130434782608696,0.9543147208121828,0.522794446932378,0.0723501695123063
ABC,HIV-1 PR,PC,Test,0.9175,0.9657894736842104,0.8888888888888888,0.941025641025641,0.4976006191950464,-0.0072889743033845
ABC,HIV-1 PR,PC,Train,0.9334442595673876,0.9722703639514731,0.9097502014504432,0.9524617996604414,0.5263650670332078,0.0771679332473053
ABC,HIV-1 PR,PC,Validation,0.9280397022332506,0.9714285714285714,0.9033816425120772,0.949238578680203,0.4857142857142857,-0.0453432300086949
ABC,HIV-1 PR,PC,Test,0.9197994987468672,0.9657894736842104,0.8913043478260869,0.9422336328626444,0.5123065015479876,0.0361629445771207
ABC,HIV-1 PR,PC,Train,0.9289891395154553,0.9636048526863084,0.8976631748589847,0.9459804338579328,0.4932966792167174,-0.0185101149474934
ABC,HIV-1 PR,PC,Validation,0.9280397022332506,0.9714285714285714,0.9033816425120772,0.949238578680203,0.4857142857142857,-0.0453432300086949
ABC,HIV-1 PR,PC,Test,0.9172932330827068,0.963157894736842,0.8864734299516909,0.9396662387676508,0.4962848297213622,-0.0109171153440364
ABC,HIV-1 PR,PC,Train,0.9333888426311407,0.9705627705627704,0.9082125603864736,0.9516129032258064,0.5255112703388565,0.072886864352355
ABC,HIV-1 PR,PC,Validation,0.931472081218274,0.9557291666666666,0.8934624697336562,0.9434447300771208,0.512347341954023,0.0301191818976261
ABC,HIV-1 PR,PC,Test,0.9164556962025316,0.9526315789473684,0.8768115942028986,0.9341935483870968,0.4910216718266253,-0.023560330576519
ABC,HIV-1 PR,PC,Train,0.9297385620915032,0.9861351819757366,0.9178082191780822,0.9571068124474348,0.4988147174246499,-0.005207140028773
ABC,HIV-1 PR,PC,Validation,0.929440389294404,0.9922077922077922,0.9227053140096618,0.9597989949748744,0.4961038961038961,-0.0234481374176136
ABC,HIV-1 PR,PC,Test,0.9166666666666666,0.9842105263157894,0.9033816425120772,0.949238578680203,0.4921052631578947,-0.0362738125055005
ABC,HIV-1 PR,PC,Train,0.9298952457695407,1.0,0.9298952457695407,0.9636743215031316,0.5,0.0
ABC,HIV-1 PR,PC,Validation,0.929951690821256,1.0,0.929951690821256,0.9637046307884856,0.5,0.0
ABC,HIV-1 PR,PC,Test,0.9178743961352656,1.0,0.9178743961352656,0.9571788413098236,0.5,0.0
ABC,HIV-1 PR,PC,Train,0.9292682926829268,0.9904679376083187,0.9210314262691378,0.9588926174496644,0.4952339688041594,-0.0259657283205472
ABC,HIV-1 PR,PC,Validation,0.929951690821256,1.0,0.929951690821256,0.9637046307884856,0.5,0.0
ABC,HIV-1 PR,PC,Test,0.9176755447941888,0.9973684210526316,0.9154589371980676,0.9558638083228248,0.4986842105263158,-0.0147188078040711
ABC,HIV-1 PR,PC,Train,0.929951690821256,1.0,0.929951690821256,0.9637046307884856,0.5,0.0
ABC,HIV-1 PR,PC,Validation,0.9297820823244553,1.0,0.9297820823244553,0.9636135508155584,0.5,0.0
ABC,HIV-1 PR,PC,Test,0.9178743961352656,1.0,0.9178743961352656,0.9571788413098236,0.5,0.0
ABC,HIV-1 PR,PC,Train,0.9298952457695407,1.0,0.9298952457695407,0.9636743215031316,0.5,0.0
ABC,HIV-1 PR,PC,Validation,0.929951690821256,1.0,0.929951690821256,0.9637046307884856,0.5,0.0
ABC,HIV-1 PR,PC,Test,0.9178743961352656,1.0,0.9178743961352656,0.9571788413098236,0.5,0.0
ABC,HIV-1 PR,PC,Train,0.9298952457695407,1.0,0.9298952457695407,0.9636743215031316,0.5,0.0
ABC,HIV-1 PR,PC,Validation,0.929951690821256,1.0,0.929951690821256,0.9637046307884856,0.5,0.0
ABC,HIV-1 PR,PC,Test,0.9178743961352656,1.0,0.9178743961352656,0.9571788413098236,0.5,0.0
ABC,HIV-1 PR,PC,Train,0.9298952457695407,1.0,0.9298952457695407,0.9636743215031316,0.5,0.0
ABC,HIV-1 PR,PC,Validation,0.929951690821256,1.0,0.929951690821256,0.9637046307884856,0.5,0.0
ABC,HIV-1 PR,PC,Test,0.9178743961352656,1.0,0.9178743961352656,0.9571788413098236,0.5,0.0
ABC,HIV-1 PR,PC,Train,0.929951690821256,1.0,0.929951690821256,0.9637046307884856,0.5,0.0
ABC,HIV-1 PR,PC,Validation,0.9297820823244553,1.0,0.9297820823244553,0.9636135508155584,0.5,0.0
ABC,HIV-1 PR,PC,Test,0.9178743961352656,1.0,0.9178743961352656,0.9571788413098236,0.5,0.0
ABC,HIV-1 PR,PC,Train,0.9298952457695407,1.0,0.9298952457695407,0.9636743215031316,0.5,0.0
ABC,HIV-1 PR,PC,Validation,0.929951690821256,1.0,0.929951690821256,0.9637046307884856,0.5,0.0
ABC,HIV-1 PR,PC,Test,0.9178743961352656,1.0,0.9178743961352656,0.9571788413098236,0.5,0.0
ABC,HIV-1 PR,PC,Train,0.9297820823244553,0.9982668977469672,0.9282836422240128,0.9628081905557876,0.4991334488734835,-0.0110315380308807
ABC,HIV-1 PR,PC,Validation,0.929951690821256,1.0,0.929951690821256,0.9637046307884856,0.5,0.0
ABC,HIV-1 PR,PC,Test,0.9176755447941888,0.9973684210526316,0.9154589371980676,0.9558638083228248,0.4986842105263158,-0.0147188078040711
ABC,HIV-1 PR,PC,Train,0.9298387096774192,0.9991334488734837,0.9290894439967768,0.9632414369256476,0.4995667244367417,-0.0077973293611903
ABC,HIV-1 PR,PC,Validation,0.929951690821256,1.0,0.929951690821256,0.9637046307884856,0.5,0.0
ABC,HIV-1 PR,PC,Test,0.9178743961352656,1.0,0.9178743961352656,0.9571788413098236,0.5,0.0
ABC,HIV-1 PR,PC,Train,0.929951690821256,1.0,0.929951690821256,0.9637046307884856,0.5,0.0
ABC,HIV-1 PR,PC,Validation,0.9297820823244553,1.0,0.9297820823244553,0.9636135508155584,0.5,0.0
ABC,HIV-1 PR,PC,Test,0.9178743961352656,1.0,0.9178743961352656,0.9571788413098236,0.5,0.0
ABC,HIV-1 PR,PC,Train,0.9327731092436976,0.9618717504332756,0.9000805801772764,0.947098976109215,0.521165760274109,0.0544462321492807
ABC,HIV-1 PR,PC,Validation,0.9331683168316832,0.9792207792207792,0.9154589371980676,0.9556400506970848,0.5240931482310793,0.0801054804256122
ABC,HIV-1 PR,PC,Test,0.9172932330827068,0.963157894736842,0.8864734299516909,0.9396662387676508,0.4962848297213622,-0.0109171153440364
ABC,HIV-1 PR,PC,Train,0.9308909242298083,0.9688041594454072,0.9041095890410958,0.9494692144373672,0.5073905854698302,0.0213682950074377
ABC,HIV-1 PR,PC,Validation,0.9301745635910224,0.9688311688311688,0.9033816425120772,0.9491094147582696,0.5016569637259293,0.0048498521362096
ABC,HIV-1 PR,PC,Test,0.9191919191919192,0.9578947368421052,0.8840579710144928,0.9381443298969072,0.5083591331269349,0.022508090298938
ABC,HIV-1 PR,PC,Train,0.9297071129707112,0.962738301559792,0.8976631748589847,0.9459344401873138,0.4986105300902408,-0.0037555954486383
ABC,HIV-1 PR,PC,Validation,0.9301745635910224,0.9688311688311688,0.9033816425120772,0.9491094147582696,0.5016569637259293,0.0048498521362096
ABC,HIV-1 PR,PC,Test,0.9170854271356784,0.9605263157894736,0.8840579710144928,0.9383033419023136,0.494969040247678,-0.0143321243673955
ABC,HIV-1 PR,PC,Train,0.9316666666666666,0.967965367965368,0.9041867954911432,0.9494692144373672,0.512718316166592,0.0359165788982516
ABC,HIV-1 PR,PC,Validation,0.931297709923664,0.953125,0.8910411622276029,0.942084942084942,0.5110452586206896,0.0262941552570983
ABC,HIV-1 PR,PC,Test,0.9170854271356784,0.9605263157894736,0.8840579710144928,0.9383033419023136,0.494969040247678,-0.0143321243673955
ABC,HIV-1 PR,ECFP4,Train,0.9298952457695407,1.0,0.9298952457695407,0.9636743215031316,0.5,0.0
ABC,HIV-1 PR,ECFP4,Validation,0.929951690821256,1.0,0.929951690821256,0.9637046307884856,0.5,0.0
ABC,HIV-1 PR,ECFP4,Test,0.9178743961352656,1.0,0.9178743961352656,0.9571788413098236,0.5,0.0
ABC,HIV-1 PR,ECFP4,Train,0.9298952457695407,1.0,0.9298952457695407,0.9636743215031316,0.5,0.0
ABC,HIV-1 PR,ECFP4,Validation,0.929951690821256,1.0,0.929951690821256,0.9637046307884856,0.5,0.0
ABC,HIV-1 PR,ECFP4,Test,0.9178743961352656,1.0,0.9178743961352656,0.9571788413098236,0.5,0.0
ABC,HIV-1 PR,ECFP4,Train,0.9298952457695407,1.0,0.9298952457695407,0.9636743215031316,0.5,0.0
ABC,HIV-1 PR,ECFP4,Validation,0.929951690821256,1.0,0.929951690821256,0.9637046307884856,0.5,0.0
ABC,HIV-1 PR,ECFP4,Test,0.9178743961352656,1.0,0.9178743961352656,0.9571788413098236,0.5,0.0
ABC,HIV-1 PR,ECFP4,Train,0.929951690821256,1.0,0.929951690821256,0.9637046307884856,0.5,0.0
ABC,HIV-1 PR,ECFP4,Validation,0.9297820823244553,1.0,0.9297820823244553,0.9636135508155584,0.5,0.0
ABC,HIV-1 PR,ECFP4,Test,0.9178743961352656,1.0,0.9178743961352656,0.9571788413098236,0.5,0.0
ABC,HIV-1 PR,ECFP4,Train,0.9298952457695407,1.0,0.9298952457695407,0.9636743215031316,0.5,0.0
ABC,HIV-1 PR,ECFP4,Validation,0.929951690821256,1.0,0.929951690821256,0.9637046307884856,0.5,0.0
ABC,HIV-1 PR,ECFP4,Test,0.9178743961352656,1.0,0.9178743961352656,0.9571788413098236,0.5,0.0
ABC,HIV-1 PR,ECFP4,Train,0.9298952457695407,1.0,0.9298952457695407,0.9636743215031316,0.5,0.0
ABC,HIV-1 PR,ECFP4,Validation,0.929951690821256,1.0,0.929951690821256,0.9637046307884856,0.5,0.0
ABC,HIV-1 PR,ECFP4,Test,0.9178743961352656,1.0,0.9178743961352656,0.9571788413098236,0.5,0.0
ABC,HIV-1 PR,ECFP4,Train,0.9298952457695407,1.0,0.9298952457695407,0.9636743215031316,0.5,0.0
ABC,HIV-1 PR,ECFP4,Validation,0.929951690821256,1.0,0.929951690821256,0.9637046307884856,0.5,0.0
ABC,HIV-1 PR,ECFP4,Test,0.9178743961352656,1.0,0.9178743961352656,0.9571788413098236,0.5,0.0
ABC,HIV-1 PR,ECFP4,Train,0.929951690821256,1.0,0.929951690821256,0.9637046307884856,0.5,0.0
ABC,HIV-1 PR,ECFP4,Validation,0.9297820823244553,1.0,0.9297820823244553,0.9636135508155584,0.5,0.0
ABC,HIV-1 PR,ECFP4,Test,0.9178743961352656,1.0,0.9178743961352656,0.9571788413098236,0.5,0.0
ABC,HIV-1 PR,ECFP4,Train,0.9298952457695407,1.0,0.9298952457695407,0.9636743215031316,0.5,0.0
ABC,HIV-1 PR,ECFP4,Validation,0.929951690821256,1.0,0.929951690821256,0.9637046307884856,0.5,0.0
ABC,HIV-1 PR,ECFP4,Test,0.9178743961352656,1.0,0.9178743961352656,0.9571788413098236,0.5,0.0
ABC,HIV-1 PR,ECFP4,Train,0.9298952457695407,1.0,0.9298952457695407,0.9636743215031316,0.5,0.0
ABC,HIV-1 PR,ECFP4,Validation,0.929951690821256,1.0,0.929951690821256,0.9637046307884856,0.5,0.0
ABC,HIV-1 PR,ECFP4,Test,0.9178743961352656,1.0,0.9178743961352656,0.9571788413098236,0.5,0.0
ABC,HIV-1 PR,ECFP4,Train,0.9298952457695407,1.0,0.9298952457695407,0.9636743215031316,0.5,0.0
ABC,HIV-1 PR,ECFP4,Validation,0.929951690821256,1.0,0.929951690821256,0.9637046307884856,0.5,0.0
ABC,HIV-1 PR,ECFP4,Test,0.9178743961352656,1.0,0.9178743961352656,0.9571788413098236,0.5,0.0
ABC,HIV-1 PR,ECFP4,Train,0.929951690821256,1.0,0.929951690821256,0.9637046307884856,0.5,0.0
ABC,HIV-1 PR,ECFP4,Validation,0.9297820823244553,1.0,0.9297820823244553,0.9636135508155584,0.5,0.0
ABC,HIV-1 PR,ECFP4,Test,0.9178743961352656,1.0,0.9178743961352656,0.9571788413098236,0.5,0.0
ABC,HIV-1 PR,ECFP4,Train,0.932022932022932,0.9861351819757366,0.920225624496374,0.9583157894736842,0.5160560967349948,0.0651117956717187
ABC,HIV-1 PR,ECFP4,Validation,0.9296116504854368,0.9948051948051948,0.92512077294686,0.961104140526976,0.4974025974025974,-0.0191220752982519
ABC,HIV-1 PR,ECFP4,Test,0.9185185185185184,0.9789473684210528,0.9009661835748792,0.9477707006369428,0.5041795665634675,0.0157377895072926
ABC,HIV-1 PR,ECFP4,Train,0.9296685529506872,0.9965337954939342,0.9266720386784852,0.9619406106231704,0.4982668977469671,-0.0156135575280094
ABC,HIV-1 PR,ECFP4,Validation,0.9296116504854368,0.9948051948051948,0.92512077294686,0.961104140526976,0.4974025974025974,-0.0191220752982519
ABC,HIV-1 PR,ECFP4,Test,0.9176755447941888,0.9973684210526316,0.9154589371980676,0.9558638083228248,0.4986842105263158,-0.0147188078040711
ABC,HIV-1 PR,ECFP4,Train,0.92886345053148,0.9844020797227035,0.9153908138597904,0.9558266722759782,0.4922010398613518,-0.0333103921834001
ABC,HIV-1 PR,ECFP4,Validation,0.9290953545232272,0.987012987012987,0.9178743961352656,0.9571788413098236,0.4935064935064935,-0.0303453382193442
ABC,HIV-1 PR,ECFP4,Test,0.916256157635468,0.9789473684210528,0.8985507246376812,0.9465648854961832,0.4894736842105263,-0.0419884300767001
ABC,HIV-1 PR,ECFP4,Train,0.9302514193025142,0.9930735930735932,0.924315619967794,0.9606365159128978,0.5022839229735782,0.0137454598654976
ABC,HIV-1 PR,ECFP4,Validation,0.929440389294404,0.9947916666666666,0.9249394673123488,0.961006289308176,0.4973958333333333,-0.0191702366293423
ABC,HIV-1 PR,ECFP4,Test,0.9170731707317074,0.9894736842105264,0.9082125603864736,0.9518987341772152,0.4947368421052631,-0.0295451179096956
ABC,HIV-1 PR,ECFP4,Train,0.9298952457695407,1.0,0.9298952457695407,0.9636743215031316,0.5,0.0
ABC,HIV-1 PR,ECFP4,Validation,0.929951690821256,1.0,0.929951690821256,0.9637046307884856,0.5,0.0
ABC,HIV-1 PR,ECFP4,Test,0.9178743961352656,1.0,0.9178743961352656,0.9571788413098236,0.5,0.0
ABC,HIV-1 PR,ECFP4,Train,0.9298952457695407,1.0,0.9298952457695407,0.9636743215031316,0.5,0.0
ABC,HIV-1 PR,ECFP4,Validation,0.929951690821256,1.0,0.929951690821256,0.9637046307884856,0.5,0.0
ABC,HIV-1 PR,ECFP4,Test,0.9178743961352656,1.0,0.9178743961352656,0.9571788413098236,0.5,0.0
ABC,HIV-1 PR,ECFP4,Train,0.9298952457695407,1.0,0.9298952457695407,0.9636743215031316,0.5,0.0
ABC,HIV-1 PR,ECFP4,Validation,0.929951690821256,1.0,0.929951690821256,0.9637046307884856,0.5,0.0
ABC,HIV-1 PR,ECFP4,Test,0.9178743961352656,1.0,0.9178743961352656,0.9571788413098236,0.5,0.0
ABC,HIV-1 PR,ECFP4,Train,0.929951690821256,1.0,0.929951690821256,0.9637046307884856,0.5,0.0
ABC,HIV-1 PR,ECFP4,Validation,0.9297820823244553,1.0,0.9297820823244553,0.9636135508155584,0.5,0.0
ABC,HIV-1 PR,ECFP4,Test,0.9178743961352656,1.0,0.9178743961352656,0.9571788413098236,0.5,0.0
ABC,HIV-1 PR,ECFP4,Train,0.9298952457695407,1.0,0.9298952457695407,0.9636743215031316,0.5,0.0
ABC,HIV-1 PR,ECFP4,Validation,0.929951690821256,1.0,0.929951690821256,0.9637046307884856,0.5,0.0
ABC,HIV-1 PR,ECFP4,Test,0.9178743961352656,1.0,0.9178743961352656,0.9571788413098236,0.5,0.0
ABC,HIV-1 PR,ECFP4,Train,0.9298952457695407,1.0,0.9298952457695407,0.9636743215031316,0.5,0.0
ABC,HIV-1 PR,ECFP4,Validation,0.929951690821256,1.0,0.929951690821256,0.9637046307884856,0.5,0.0
ABC,HIV-1 PR,ECFP4,Test,0.9178743961352656,1.0,0.9178743961352656,0.9571788413098236,0.5,0.0
ABC,HIV-1 PR,ECFP4,Train,0.9298952457695407,1.0,0.9298952457695407,0.9636743215031316,0.5,0.0
ABC,HIV-1 PR,ECFP4,Validation,0.929951690821256,1.0,0.929951690821256,0.9637046307884856,0.5,0.0
ABC,HIV-1 PR,ECFP4,Test,0.9178743961352656,1.0,0.9178743961352656,0.9571788413098236,0.5,0.0
ABC,HIV-1 PR,ECFP4,Train,0.929951690821256,1.0,0.929951690821256,0.9637046307884856,0.5,0.0
ABC,HIV-1 PR,ECFP4,Validation,0.9297820823244553,1.0,0.9297820823244553,0.9636135508155584,0.5,0.0
ABC,HIV-1 PR,ECFP4,Test,0.9178743961352656,1.0,0.9178743961352656,0.9571788413098236,0.5,0.0
ABC,HIV-1 PR,ECFP4,Train,0.9298952457695407,1.0,0.9298952457695407,0.9636743215031316,0.5,0.0
ABC,HIV-1 PR,ECFP4,Validation,0.929951690821256,1.0,0.929951690821256,0.9637046307884856,0.5,0.0
ABC,HIV-1 PR,ECFP4,Test,0.9178743961352656,1.0,0.9178743961352656,0.9571788413098236,0.5,0.0
ABC,HIV-1 PR,ECFP4,Train,0.9298952457695407,1.0,0.9298952457695407,0.9636743215031316,0.5,0.0
ABC,HIV-1 PR,ECFP4,Validation,0.929951690821256,1.0,0.929951690821256,0.9637046307884856,0.5,0.0
ABC,HIV-1 PR,ECFP4,Test,0.9178743961352656,1.0,0.9178743961352656,0.9571788413098236,0.5,0.0
ABC,HIV-1 PR,ECFP4,Train,0.9298952457695407,1.0,0.9298952457695407,0.9636743215031316,0.5,0.0
ABC,HIV-1 PR,ECFP4,Validation,0.929951690821256,1.0,0.929951690821256,0.9637046307884856,0.5,0.0
ABC,HIV-1 PR,ECFP4,Test,0.9178743961352656,1.0,0.9178743961352656,0.9571788413098236,0.5,0.0
ABC,HIV-1 PR,ECFP4,Train,0.929951690821256,1.0,0.929951690821256,0.9637046307884856,0.5,0.0
ABC,HIV-1 PR,ECFP4,Validation,0.9297820823244553,1.0,0.9297820823244553,0.9636135508155584,0.5,0.0
ABC,HIV-1 PR,ECFP4,Test,0.9178743961352656,1.0,0.9178743961352656,0.9571788413098236,0.5,0.0
ABC,HIV-1 PR,ECFP4,Train,0.93109243697479,0.9601386481802426,0.8968573730862208,0.9453924914675768,0.5088049562740294,0.0226496325741007
ABC,HIV-1 PR,ECFP4,Validation,0.9310344827586208,0.9818181818181818,0.9154589371980676,0.9557522123893806,0.5081504702194357,0.0302227524552487
ABC,HIV-1 PR,ECFP4,Test,0.9158163265306124,0.9447368421052632,0.8695652173913043,0.9300518134715026,0.4870743034055728,-0.0316417748581391
ABC,HIV-1 PR,ECFP4,Train,0.932603201347936,0.9592720970537262,0.8976631748589847,0.9457496796240924,0.5198659335843344,0.0497255123043578
ABC,HIV-1 PR,ECFP4,Validation,0.9328358208955224,0.974025974025974,0.9106280193236715,0.9529860228716646,0.5214957456336766,0.0654045894804774
ABC,HIV-1 PR,ECFP4,Test,0.9166666666666666,0.9552631578947368,0.8792270531400966,0.9355670103092784,0.4923374613003095,-0.0206324161073599
ABC,HIV-1 PR,ECFP4,Train,0.9280334728033472,0.9610051993067592,0.8944399677679291,0.9442315879097488,0.4862497260901611,-0.0371655879343746
ABC,HIV-1 PR,ECFP4,Validation,0.9271356783919598,0.9584415584415584,0.8913043478260869,0.942528735632184,0.4792207792207792,-0.0550284258474038
ABC,HIV-1 PR,ECFP4,Test,0.914141414141414,0.9526315789473684,0.8743961352657005,0.9329896907216496,0.4763157894736842,-0.0637729225136579
ABC,HIV-1 PR,ECFP4,Train,0.93261231281198,0.9705627705627704,0.9074074074074074,0.9512091641917692,0.5197641439020749,0.0571447572135747
ABC,HIV-1 PR,ECFP4,Validation,0.9335038363171356,0.9505208333333334,0.8910411622276029,0.9419354838709676,0.5269845545977011,0.0614059057608905
ABC,HIV-1 PR,ECFP4,Test,0.918987341772152,0.9552631578947368,0.8816425120772947,0.9367741935483872,0.5070433436532508,0.018482673124683
ABC,HIV-1 PR,ECFP4,Train,0.9298952457695407,1.0,0.9298952457695407,0.9636743215031316,0.5,0.0
ABC,HIV-1 PR,ECFP4,Validation,0.929951690821256,1.0,0.929951690821256,0.9637046307884856,0.5,0.0
ABC,HIV-1 PR,ECFP4,Test,0.9178743961352656,1.0,0.9178743961352656,0.9571788413098236,0.5,0.0
ABC,HIV-1 PR,ECFP4,Train,0.9298952457695407,1.0,0.9298952457695407,0.9636743215031316,0.5,0.0
ABC,HIV-1 PR,ECFP4,Validation,0.929951690821256,1.0,0.929951690821256,0.9637046307884856,0.5,0.0
ABC,HIV-1 PR,ECFP4,Test,0.9178743961352656,1.0,0.9178743961352656,0.9571788413098236,0.5,0.0
ABC,HIV-1 PR,ECFP4,Train,0.9298952457695407,1.0,0.9298952457695407,0.9636743215031316,0.5,0.0
ABC,HIV-1 PR,ECFP4,Validation,0.929951690821256,1.0,0.929951690821256,0.9637046307884856,0.5,0.0
ABC,HIV-1 PR,ECFP4,Test,0.9178743961352656,1.0,0.9178743961352656,0.9571788413098236,0.5,0.0
ABC,HIV-1 PR,ECFP4,Train,0.929951690821256,1.0,0.929951690821256,0.9637046307884856,0.5,0.0
ABC,HIV-1 PR,ECFP4,Validation,0.9297820823244553,1.0,0.9297820823244553,0.9636135508155584,0.5,0.0
ABC,HIV-1 PR,ECFP4,Test,0.9178743961352656,1.0,0.9178743961352656,0.9571788413098236,0.5,0.0
ABC,HIV-1 PR,ECFP4,Train,0.9298952457695407,1.0,0.9298952457695407,0.9636743215031316,0.5,0.0
ABC,HIV-1 PR,ECFP4,Validation,0.929951690821256,1.0,0.929951690821256,0.9637046307884856,0.5,0.0
ABC,HIV-1 PR,ECFP4,Test,0.9178743961352656,1.0,0.9178743961352656,0.9571788413098236,0.5,0.0
ABC,HIV-1 PR,ECFP4,Train,0.9298952457695407,1.0,0.9298952457695407,0.9636743215031316,0.5,0.0
ABC,HIV-1 PR,ECFP4,Validation,0.929951690821256,1.0,0.929951690821256,0.9637046307884856,0.5,0.0
ABC,HIV-1 PR,ECFP4,Test,0.9178743961352656,1.0,0.9178743961352656,0.9571788413098236,0.5,0.0
ABC,HIV-1 PR,ECFP4,Train,0.9298952457695407,1.0,0.9298952457695407,0.9636743215031316,0.5,0.0
ABC,HIV-1 PR,ECFP4,Validation,0.929951690821256,1.0,0.929951690821256,0.9637046307884856,0.5,0.0
ABC,HIV-1 PR,ECFP4,Test,0.9178743961352656,1.0,0.9178743961352656,0.9571788413098236,0.5,0.0
ABC,HIV-1 PR,ECFP4,Train,0.929951690821256,1.0,0.929951690821256,0.9637046307884856,0.5,0.0
ABC,HIV-1 PR,ECFP4,Validation,0.9297820823244553,1.0,0.9297820823244553,0.9636135508155584,0.5,0.0
ABC,HIV-1 PR,ECFP4,Test,0.9178743961352656,1.0,0.9178743961352656,0.9571788413098236,0.5,0.0
ABC,HIV-1 PR,ECFP4,Train,0.9298952457695407,1.0,0.9298952457695407,0.9636743215031316,0.5,0.0
ABC,HIV-1 PR,ECFP4,Validation,0.929951690821256,1.0,0.929951690821256,0.9637046307884856,0.5,0.0
ABC,HIV-1 PR,ECFP4,Test,0.9178743961352656,1.0,0.9178743961352656,0.9571788413098236,0.5,0.0
ABC,HIV-1 PR,ECFP4,Train,0.9298952457695407,1.0,0.9298952457695407,0.9636743215031316,0.5,0.0
ABC,HIV-1 PR,ECFP4,Validation,0.929951690821256,1.0,0.929951690821256,0.9637046307884856,0.5,0.0
ABC,HIV-1 PR,ECFP4,Test,0.9178743961352656,1.0,0.9178743961352656,0.9571788413098236,0.5,0.0
ABC,HIV-1 PR,ECFP4,Train,0.9298952457695407,1.0,0.9298952457695407,0.9636743215031316,0.5,0.0
ABC,HIV-1 PR,ECFP4,Validation,0.929951690821256,1.0,0.929951690821256,0.9637046307884856,0.5,0.0
ABC,HIV-1 PR,ECFP4,Test,0.9178743961352656,1.0,0.9178743961352656,0.9571788413098236,0.5,0.0
ABC,HIV-1 PR,ECFP4,Train,0.929951690821256,1.0,0.929951690821256,0.9637046307884856,0.5,0.0
ABC,HIV-1 PR,ECFP4,Validation,0.9297820823244553,1.0,0.9297820823244553,0.9636135508155584,0.5,0.0
ABC,HIV-1 PR,ECFP4,Test,0.9178743961352656,1.0,0.9178743961352656,0.9571788413098236,0.5,0.0
ABC,HIV-1 PR,ECFP4,Train,0.9320066334991708,0.974003466204506,0.9097502014504432,0.952542372881356,0.5157373652861611,0.0485419116891944
ABC,HIV-1 PR,ECFP4,Validation,0.9290953545232272,0.987012987012987,0.9178743961352656,0.9571788413098236,0.4935064935064935,-0.0303453382193442
ABC,HIV-1 PR,ECFP4,Test,0.9168765743073048,0.9578947368421052,0.8816425120772947,0.9369369369369368,0.4936532507739938,-0.0175627644699248
ABC,HIV-1 PR,ECFP4,Train,0.9355648535564852,0.9688041594454072,0.9089443996776791,0.951894423158791,0.5418733440905197,0.1131793782514385
ABC,HIV-1 PR,ECFP4,Validation,0.9330024813895782,0.9766233766233766,0.9130434782608696,0.9543147208121828,0.522794446932378,0.0723501695123063
ABC,HIV-1 PR,ECFP4,Test,0.9175,0.9657894736842104,0.8888888888888888,0.941025641025641,0.4976006191950464,-0.0072889743033845
ABC,HIV-1 PR,ECFP4,Train,0.9291014014839242,0.9766031195840554,0.9089443996776791,0.9522602450359104,0.4940486862288093,-0.0204642559262326
ABC,HIV-1 PR,ECFP4,Validation,0.9280397022332506,0.9714285714285714,0.9033816425120772,0.949238578680203,0.4857142857142857,-0.0453432300086949
ABC,HIV-1 PR,ECFP4,Test,0.914572864321608,0.9578947368421052,0.8792270531400966,0.93573264781491,0.4789473684210526,-0.0599744281220244
ABC,HIV-1 PR,ECFP4,Train,0.930270713699754,0.9818181818181818,0.9146537842190016,0.9553496208930076,0.502403343782654,0.0090997768307098
ABC,HIV-1 PR,ECFP4,Validation,0.9353233830845772,0.9791666666666666,0.9176755447941888,0.9567430025445292,0.5413074712643678,0.1311033675119054
ABC,HIV-1 PR,ECFP4,Test,0.9185185185185184,0.9789473684210528,0.9009661835748792,0.9477707006369428,0.5041795665634675,0.0157377895072926
ABC,HIV-1 PR,ECFP4,Train,0.9298952457695407,1.0,0.9298952457695407,0.9636743215031316,0.5,0.0
ABC,HIV-1 PR,ECFP4,Validation,0.929951690821256,1.0,0.929951690821256,0.9637046307884856,0.5,0.0
ABC,HIV-1 PR,ECFP4,Test,0.9178743961352656,1.0,0.9178743961352656,0.9571788413098236,0.5,0.0
ABC,HIV-1 PR,ECFP4,Train,0.9298952457695407,1.0,0.9298952457695407,0.9636743215031316,0.5,0.0
ABC,HIV-1 PR,ECFP4,Validation,0.929951690821256,1.0,0.929951690821256,0.9637046307884856,0.5,0.0
ABC,HIV-1 PR,ECFP4,Test,0.9178743961352656,1.0,0.9178743961352656,0.9571788413098236,0.5,0.0
ABC,HIV-1 PR,ECFP4,Train,0.9298952457695407,1.0,0.9298952457695407,0.9636743215031316,0.5,0.0
ABC,HIV-1 PR,ECFP4,Validation,0.929951690821256,1.0,0.929951690821256,0.9637046307884856,0.5,0.0
ABC,HIV-1 PR,ECFP4,Test,0.9178743961352656,1.0,0.9178743961352656,0.9571788413098236,0.5,0.0
ABC,HIV-1 PR,ECFP4,Train,0.929951690821256,1.0,0.929951690821256,0.9637046307884856,0.5,0.0
ABC,HIV-1 PR,ECFP4,Validation,0.9297820823244553,1.0,0.9297820823244553,0.9636135508155584,0.5,0.0
ABC,HIV-1 PR,ECFP4,Test,0.9178743961352656,1.0,0.9178743961352656,0.9571788413098236,0.5,0.0
ABC,HIV-1 PR,ECFP4,Train,0.9298952457695407,1.0,0.9298952457695407,0.9636743215031316,0.5,0.0
ABC,HIV-1 PR,ECFP4,Validation,0.929951690821256,1.0,0.929951690821256,0.9637046307884856,0.5,0.0
ABC,HIV-1 PR,ECFP4,Test,0.9178743961352656,1.0,0.9178743961352656,0.9571788413098236,0.5,0.0
ABC,HIV-1 PR,ECFP4,Train,0.9298952457695407,1.0,0.9298952457695407,0.9636743215031316,0.5,0.0
ABC,HIV-1 PR,ECFP4,Validation,0.929951690821256,1.0,0.929951690821256,0.9637046307884856,0.5,0.0
ABC,HIV-1 PR,ECFP4,Test,0.9178743961352656,1.0,0.9178743961352656,0.9571788413098236,0.5,0.0
ABC,HIV-1 PR,ECFP4,Train,0.9298952457695407,1.0,0.9298952457695407,0.9636743215031316,0.5,0.0
ABC,HIV-1 PR,ECFP4,Validation,0.929951690821256,1.0,0.929951690821256,0.9637046307884856,0.5,0.0
ABC,HIV-1 PR,ECFP4,Test,0.9178743961352656,1.0,0.9178743961352656,0.9571788413098236,0.5,0.0
ABC,HIV-1 PR,ECFP4,Train,0.929951690821256,1.0,0.929951690821256,0.9637046307884856,0.5,0.0
ABC,HIV-1 PR,ECFP4,Validation,0.9297820823244553,1.0,0.9297820823244553,0.9636135508155584,0.5,0.0
ABC,HIV-1 PR,ECFP4,Test,0.9178743961352656,1.0,0.9178743961352656,0.9571788413098236,0.5,0.0
ABC,HIV-1 PR,ECFP4,Train,0.9298952457695407,1.0,0.9298952457695407,0.9636743215031316,0.5,0.0
ABC,HIV-1 PR,ECFP4,Validation,0.929951690821256,1.0,0.929951690821256,0.9637046307884856,0.5,0.0
ABC,HIV-1 PR,ECFP4,Test,0.9178743961352656,1.0,0.9178743961352656,0.9571788413098236,0.5,0.0
ABC,HIV-1 PR,ECFP4,Train,0.9298952457695407,1.0,0.9298952457695407,0.9636743215031316,0.5,0.0
ABC,HIV-1 PR,ECFP4,Validation,0.929951690821256,1.0,0.929951690821256,0.9637046307884856,0.5,0.0
ABC,HIV-1 PR,ECFP4,Test,0.9178743961352656,1.0,0.9178743961352656,0.9571788413098236,0.5,0.0
ABC,HIV-1 PR,ECFP4,Train,0.9298952457695407,1.0,0.9298952457695407,0.9636743215031316,0.5,0.0
ABC,HIV-1 PR,ECFP4,Validation,0.929951690821256,1.0,0.929951690821256,0.9637046307884856,0.5,0.0
ABC,HIV-1 PR,ECFP4,Test,0.9178743961352656,1.0,0.9178743961352656,0.9571788413098236,0.5,0.0
ABC,HIV-1 PR,ECFP4,Train,0.929951690821256,1.0,0.929951690821256,0.9637046307884856,0.5,0.0
ABC,HIV-1 PR,ECFP4,Validation,0.9297820823244553,1.0,0.9297820823244553,0.9636135508155584,0.5,0.0
ABC,HIV-1 PR,ECFP4,Test,0.9178743961352656,1.0,0.9178743961352656,0.9571788413098236,0.5,0.0
ABC,HIV-1 PR,ECFP4,Train,0.9310058187863676,0.9705372616984402,0.9057211925866236,0.9503606279168434,0.5082571365963466,0.0244735732848959
ABC,HIV-1 PR,ECFP4,Validation,0.9285714285714286,0.9792207792207792,0.9106280193236715,0.9532237673830596,0.4896103896103896,-0.0385257064264709
ABC,HIV-1 PR,ECFP4,Test,0.9166666666666666,0.9552631578947368,0.8792270531400966,0.9355670103092784,0.4923374613003095,-0.0206324161073599
ABC,HIV-1 PR,ECFP4,Train,0.932998324958124,0.9653379549393414,0.903303787268332,0.948892674616695,0.522898862527142,0.0612569464003713
ABC,HIV-1 PR,ECFP4,Validation,0.9326683291770572,0.9714285714285714,0.9082125603864736,0.9516539440203562,0.5201970443349754,0.0591157652278522
ABC,HIV-1 PR,ECFP4,Test,0.9168765743073048,0.9578947368421052,0.8816425120772947,0.9369369369369368,0.4936532507739938,-0.0175627644699248
ABC,HIV-1 PR,ECFP4,Train,0.9286898839137644,0.9705372616984402,0.903303787268332,0.9491525423728814,0.4910157572860017,-0.0277119014833249
ABC,HIV-1 PR,ECFP4,Validation,0.9276807980049876,0.9662337662337662,0.8985507246376812,0.9465648854961832,0.4831168831168831,-0.049416060955433
ABC,HIV-1 PR,ECFP4,Test,0.914572864321608,0.9578947368421052,0.8792270531400966,0.93573264781491,0.4789473684210526,-0.0599744281220244
ABC,HIV-1 PR,ECFP4,Train,0.9330578512396694,0.9774891774891776,0.9138486312399356,0.9547568710359408,0.5232273473652784,0.0748363426198175
ABC,HIV-1 PR,ECFP4,Validation,0.9360613810741688,0.953125,0.8958837772397095,0.944516129032258,0.5455280172413793,0.10360330855498
ABC,HIV-1 PR,ECFP4,Test,0.918987341772152,0.9552631578947368,0.8816425120772947,0.9367741935483872,0.5070433436532508,0.018482673124683
ABC,HIV-1 PR,ECFP4,Train,0.9298952457695407,1.0,0.9298952457695407,0.9636743215031316,0.5,0.0
ABC,HIV-1 PR,ECFP4,Validation,0.929951690821256,1.0,0.929951690821256,0.9637046307884856,0.5,0.0
ABC,HIV-1 PR,ECFP4,Test,0.9178743961352656,1.0,0.9178743961352656,0.9571788413098236,0.5,0.0
ABC,HIV-1 PR,ECFP4,Train,0.9298952457695407,1.0,0.9298952457695407,0.9636743215031316,0.5,0.0
ABC,HIV-1 PR,ECFP4,Validation,0.929951690821256,1.0,0.929951690821256,0.9637046307884856,0.5,0.0
ABC,HIV-1 PR,ECFP4,Test,0.9178743961352656,1.0,0.9178743961352656,0.9571788413098236,0.5,0.0
ABC,HIV-1 PR,ECFP4,Train,0.9298952457695407,1.0,0.9298952457695407,0.9636743215031316,0.5,0.0
ABC,HIV-1 PR,ECFP4,Validation,0.929951690821256,1.0,0.929951690821256,0.9637046307884856,0.5,0.0
ABC,HIV-1 PR,ECFP4,Test,0.9178743961352656,1.0,0.9178743961352656,0.9571788413098236,0.5,0.0
ABC,HIV-1 PR,ECFP4,Train,0.929951690821256,1.0,0.929951690821256,0.9637046307884856,0.5,0.0
ABC,HIV-1 PR,ECFP4,Validation,0.9297820823244553,1.0,0.9297820823244553,0.9636135508155584,0.5,0.0
ABC,HIV-1 PR,ECFP4,Test,0.9178743961352656,1.0,0.9178743961352656,0.9571788413098236,0.5,0.0
ABC,HIV-1 PR,ECFP4,Train,0.9298952457695407,1.0,0.9298952457695407,0.9636743215031316,0.5,0.0
ABC,HIV-1 PR,ECFP4,Validation,0.929951690821256,1.0,0.929951690821256,0.9637046307884856,0.5,0.0
ABC,HIV-1 PR,ECFP4,Test,0.9178743961352656,1.0,0.9178743961352656,0.9571788413098236,0.5,0.0
ABC,HIV-1 PR,ECFP4,Train,0.9298952457695407,1.0,0.9298952457695407,0.9636743215031316,0.5,0.0
ABC,HIV-1 PR,ECFP4,Validation,0.929951690821256,1.0,0.929951690821256,0.9637046307884856,0.5,0.0
ABC,HIV-1 PR,ECFP4,Test,0.9178743961352656,1.0,0.9178743961352656,0.9571788413098236,0.5,0.0
ABC,HIV-1 PR,ECFP4,Train,0.9298952457695407,1.0,0.9298952457695407,0.9636743215031316,0.5,0.0
ABC,HIV-1 PR,ECFP4,Validation,0.929951690821256,1.0,0.929951690821256,0.9637046307884856,0.5,0.0
ABC,HIV-1 PR,ECFP4,Test,0.9178743961352656,1.0,0.9178743961352656,0.9571788413098236,0.5,0.0
ABC,HIV-1 PR,ECFP4,Train,0.929951690821256,1.0,0.929951690821256,0.9637046307884856,0.5,0.0
ABC,HIV-1 PR,ECFP4,Validation,0.9297820823244553,1.0,0.9297820823244553,0.9636135508155584,0.5,0.0
ABC,HIV-1 PR,ECFP4,Test,0.9178743961352656,1.0,0.9178743961352656,0.9571788413098236,0.5,0.0
ABC,HIV-1 PR,ECFP4,Train,0.9298952457695407,1.0,0.9298952457695407,0.9636743215031316,0.5,0.0
ABC,HIV-1 PR,ECFP4,Validation,0.929951690821256,1.0,0.929951690821256,0.9637046307884856,0.5,0.0
ABC,HIV-1 PR,ECFP4,Test,0.9178743961352656,1.0,0.9178743961352656,0.9571788413098236,0.5,0.0
ABC,HIV-1 PR,ECFP4,Train,0.9298952457695407,1.0,0.9298952457695407,0.9636743215031316,0.5,0.0
ABC,HIV-1 PR,ECFP4,Validation,0.929951690821256,1.0,0.929951690821256,0.9637046307884856,0.5,0.0
ABC,HIV-1 PR,ECFP4,Test,0.9178743961352656,1.0,0.9178743961352656,0.9571788413098236,0.5,0.0
ABC,HIV-1 PR,ECFP4,Train,0.9298952457695407,1.0,0.9298952457695407,0.9636743215031316,0.5,0.0
ABC,HIV-1 PR,ECFP4,Validation,0.929951690821256,1.0,0.929951690821256,0.9637046307884856,0.5,0.0
ABC,HIV-1 PR,ECFP4,Test,0.9178743961352656,1.0,0.9178743961352656,0.9571788413098236,0.5,0.0
ABC,HIV-1 PR,ECFP4,Train,0.929951690821256,1.0,0.929951690821256,0.9637046307884856,0.5,0.0
ABC,HIV-1 PR,ECFP4,Validation,0.9297820823244553,1.0,0.9297820823244553,0.9636135508155584,0.5,0.0
ABC,HIV-1 PR,ECFP4,Test,0.9178743961352656,1.0,0.9178743961352656,0.9571788413098236,0.5,0.0
ABC,HIV-1 PR,ECFP4,Train,0.9315878378378378,0.9558058925476604,0.8936341659951652,0.943541488451668,0.5123857048945198,0.0302134260954589
ABC,HIV-1 PR,ECFP4,Validation,0.9301745635910224,0.9688311688311688,0.9033816425120772,0.9491094147582696,0.5016569637259293,0.0048498521362096
ABC,HIV-1 PR,ECFP4,Test,0.9158163265306124,0.9447368421052632,0.8695652173913043,0.9300518134715026,0.4870743034055728,-0.0316417748581391
ABC,HIV-1 PR,ECFP4,Train,0.932829554995802,0.962738301559792,0.9008863819500404,0.947547974413646,0.5215990358373672,0.0560900734243383
ABC,HIV-1 PR,ECFP4,Validation,0.9301745635910224,0.9688311688311688,0.9033816425120772,0.9491094147582696,0.5016569637259293,0.0048498521362096
ABC,HIV-1 PR,ECFP4,Test,0.9168765743073048,0.9578947368421052,0.8816425120772947,0.9369369369369368,0.4936532507739938,-0.0175627644699248
ABC,HIV-1 PR,ECFP4,Train,0.92809364548495,0.9618717504332756,0.895245769540693,0.9446808510638298,0.4866830016534194,-0.0363770121806308
ABC,HIV-1 PR,ECFP4,Validation,0.9269521410579346,0.9558441558441558,0.8888888888888888,0.9411764705882352,0.4779220779220779,-0.056793396406307
ABC,HIV-1 PR,ECFP4,Test,0.9139240506329114,0.95,0.8719806763285024,0.9316129032258064,0.475,-0.0656033342777212
ABC,HIV-1 PR,ECFP4,Train,0.9331131296449215,0.9783549783549784,0.9146537842190016,0.9551986475063398,0.5236602477981789,0.077418897855778
ABC,HIV-1 PR,ECFP4,Validation,0.9338422391857506,0.9557291666666666,0.8958837772397095,0.9446589446589446,0.5295887212643678,0.0704384077822267
ABC,HIV-1 PR,ECFP4,Test,0.918987341772152,0.9552631578947368,0.8816425120772947,0.9367741935483872,0.5070433436532508,0.018482673124683
ABC,HIV-1 PR,ECFP4,Train,0.9298952457695407,1.0,0.9298952457695407,0.9636743215031316,0.5,0.0
ABC,HIV-1 PR,ECFP4,Validation,0.929951690821256,1.0,0.929951690821256,0.9637046307884856,0.5,0.0
ABC,HIV-1 PR,ECFP4,Test,0.9178743961352656,1.0,0.9178743961352656,0.9571788413098236,0.5,0.0
ABC,HIV-1 PR,ECFP4,Train,0.9298952457695407,1.0,0.9298952457695407,0.9636743215031316,0.5,0.0
ABC,HIV-1 PR,ECFP4,Validation,0.929951690821256,1.0,0.929951690821256,0.9637046307884856,0.5,0.0
ABC,HIV-1 PR,ECFP4,Test,0.9178743961352656,1.0,0.9178743961352656,0.9571788413098236,0.5,0.0
ABC,HIV-1 PR,ECFP4,Train,0.9298952457695407,1.0,0.9298952457695407,0.9636743215031316,0.5,0.0
ABC,HIV-1 PR,ECFP4,Validation,0.929951690821256,1.0,0.929951690821256,0.9637046307884856,0.5,0.0
ABC,HIV-1 PR,ECFP4,Test,0.9178743961352656,1.0,0.9178743961352656,0.9571788413098236,0.5,0.0
ABC,HIV-1 PR,ECFP4,Train,0.929951690821256,1.0,0.929951690821256,0.9637046307884856,0.5,0.0
ABC,HIV-1 PR,ECFP4,Validation,0.9297820823244553,1.0,0.9297820823244553,0.9636135508155584,0.5,0.0
ABC,HIV-1 PR,ECFP4,Test,0.9178743961352656,1.0,0.9178743961352656,0.9571788413098236,0.5,0.0
ABC,HIV-1 PR,ECFP4,Train,0.9298952457695407,1.0,0.9298952457695407,0.9636743215031316,0.5,0.0
ABC,HIV-1 PR,ECFP4,Validation,0.929951690821256,1.0,0.929951690821256,0.9637046307884856,0.5,0.0
ABC,HIV-1 PR,ECFP4,Test,0.9178743961352656,1.0,0.9178743961352656,0.9571788413098236,0.5,0.0
ABC,HIV-1 PR,ECFP4,Train,0.9298952457695407,1.0,0.9298952457695407,0.9636743215031316,0.5,0.0
ABC,HIV-1 PR,ECFP4,Validation,0.929951690821256,1.0,0.929951690821256,0.9637046307884856,0.5,0.0
ABC,HIV-1 PR,ECFP4,Test,0.9178743961352656,1.0,0.9178743961352656,0.9571788413098236,0.5,0.0
ABC,HIV-1 PR,ECFP4,Train,0.9298952457695407,1.0,0.9298952457695407,0.9636743215031316,0.5,0.0
ABC,HIV-1 PR,ECFP4,Validation,0.929951690821256,1.0,0.929951690821256,0.9637046307884856,0.5,0.0
ABC,HIV-1 PR,ECFP4,Test,0.9178743961352656,1.0,0.9178743961352656,0.9571788413098236,0.5,0.0
ABC,HIV-1 PR,ECFP4,Train,0.929951690821256,1.0,0.929951690821256,0.9637046307884856,0.5,0.0
ABC,HIV-1 PR,ECFP4,Validation,0.9297820823244553,1.0,0.9297820823244553,0.9636135508155584,0.5,0.0
ABC,HIV-1 PR,ECFP4,Test,0.9178743961352656,1.0,0.9178743961352656,0.9571788413098236,0.5,0.0
ABC,HIV-1 PR,ECFP4,Train,0.9298952457695407,1.0,0.9298952457695407,0.9636743215031316,0.5,0.0
ABC,HIV-1 PR,ECFP4,Validation,0.929951690821256,1.0,0.929951690821256,0.9637046307884856,0.5,0.0
ABC,HIV-1 PR,ECFP4,Test,0.9178743961352656,1.0,0.9178743961352656,0.9571788413098236,0.5,0.0
ABC,HIV-1 PR,ECFP4,Train,0.9298952457695407,1.0,0.9298952457695407,0.9636743215031316,0.5,0.0
ABC,HIV-1 PR,ECFP4,Validation,0.929951690821256,1.0,0.929951690821256,0.9637046307884856,0.5,0.0
ABC,HIV-1 PR,ECFP4,Test,0.9178743961352656,1.0,0.9178743961352656,0.9571788413098236,0.5,0.0
ABC,HIV-1 PR,ECFP4,Train,0.9298952457695407,1.0,0.9298952457695407,0.9636743215031316,0.5,0.0
ABC,HIV-1 PR,ECFP4,Validation,0.929951690821256,1.0,0.929951690821256,0.9637046307884856,0.5,0.0
ABC,HIV-1 PR,ECFP4,Test,0.9178743961352656,1.0,0.9178743961352656,0.9571788413098236,0.5,0.0
ABC,HIV-1 PR,ECFP4,Train,0.929951690821256,1.0,0.929951690821256,0.9637046307884856,0.5,0.0
ABC,HIV-1 PR,ECFP4,Validation,0.9297820823244553,1.0,0.9297820823244553,0.9636135508155584,0.5,0.0
ABC,HIV-1 PR,ECFP4,Test,0.9178743961352656,1.0,0.9178743961352656,0.9571788413098236,0.5,0.0
ABC,HIV-1 PR,ECFP4,Train,0.932022932022932,0.9861351819757366,0.920225624496374,0.9583157894736842,0.5160560967349948,0.0651117956717187
ABC,HIV-1 PR,ECFP4,Validation,0.9296116504854368,0.9948051948051948,0.92512077294686,0.961104140526976,0.4974025974025974,-0.0191220752982519
ABC,HIV-1 PR,ECFP4,Test,0.9185185185185184,0.9789473684210528,0.9009661835748792,0.9477707006369428,0.5041795665634675,0.0157377895072926
ABC,HIV-1 PR,ECFP4,Train,0.9296685529506872,0.9965337954939342,0.9266720386784852,0.9619406106231704,0.4982668977469671,-0.0156135575280094
ABC,HIV-1 PR,ECFP4,Validation,0.9296116504854368,0.9948051948051948,0.92512077294686,0.961104140526976,0.4974025974025974,-0.0191220752982519
ABC,HIV-1 PR,ECFP4,Test,0.9176755447941888,0.9973684210526316,0.9154589371980676,0.9558638083228248,0.4986842105263158,-0.0147188078040711
ABC,HIV-1 PR,ECFP4,Train,0.92886345053148,0.9844020797227035,0.9153908138597904,0.9558266722759782,0.4922010398613518,-0.0333103921834001
ABC,HIV-1 PR,ECFP4,Validation,0.9290953545232272,0.987012987012987,0.9178743961352656,0.9571788413098236,0.4935064935064935,-0.0303453382193442
ABC,HIV-1 PR,ECFP4,Test,0.916256157635468,0.9789473684210528,0.8985507246376812,0.9465648854961832,0.4894736842105263,-0.0419884300767001
ABC,HIV-1 PR,ECFP4,Train,0.9302514193025142,0.9930735930735932,0.924315619967794,0.9606365159128978,0.5022839229735782,0.0137454598654976
ABC,HIV-1 PR,ECFP4,Validation,0.929440389294404,0.9947916666666666,0.9249394673123488,0.961006289308176,0.4973958333333333,-0.0191702366293423
ABC,HIV-1 PR,ECFP4,Test,0.9170731707317074,0.9894736842105264,0.9082125603864736,0.9518987341772152,0.4947368421052631,-0.0295451179096956
ABC,HIV-1 PR,ECFP4,Train,0.9298952457695407,1.0,0.9298952457695407,0.9636743215031316,0.5,0.0
ABC,HIV-1 PR,ECFP4,Validation,0.929951690821256,1.0,0.929951690821256,0.9637046307884856,0.5,0.0
ABC,HIV-1 PR,ECFP4,Test,0.9178743961352656,1.0,0.9178743961352656,0.9571788413098236,0.5,0.0
ABC,HIV-1 PR,ECFP4,Train,0.9298952457695407,1.0,0.9298952457695407,0.9636743215031316,0.5,0.0
ABC,HIV-1 PR,ECFP4,Validation,0.929951690821256,1.0,0.929951690821256,0.9637046307884856,0.5,0.0
ABC,HIV-1 PR,ECFP4,Test,0.9178743961352656,1.0,0.9178743961352656,0.9571788413098236,0.5,0.0
ABC,HIV-1 PR,ECFP4,Train,0.9298952457695407,1.0,0.9298952457695407,0.9636743215031316,0.5,0.0
ABC,HIV-1 PR,ECFP4,Validation,0.929951690821256,1.0,0.929951690821256,0.9637046307884856,0.5,0.0
ABC,HIV-1 PR,ECFP4,Test,0.9178743961352656,1.0,0.9178743961352656,0.9571788413098236,0.5,0.0
ABC,HIV-1 PR,ECFP4,Train,0.929951690821256,1.0,0.929951690821256,0.9637046307884856,0.5,0.0
ABC,HIV-1 PR,ECFP4,Validation,0.9297820823244553,1.0,0.9297820823244553,0.9636135508155584,0.5,0.0
ABC,HIV-1 PR,ECFP4,Test,0.9178743961352656,1.0,0.9178743961352656,0.9571788413098236,0.5,0.0
ABC,HIV-1 PR,ECFP4,Train,0.9298952457695407,1.0,0.9298952457695407,0.9636743215031316,0.5,0.0
ABC,HIV-1 PR,ECFP4,Validation,0.929951690821256,1.0,0.929951690821256,0.9637046307884856,0.5,0.0
ABC,HIV-1 PR,ECFP4,Test,0.9178743961352656,1.0,0.9178743961352656,0.9571788413098236,0.5,0.0
ABC,HIV-1 PR,ECFP4,Train,0.9298952457695407,1.0,0.9298952457695407,0.9636743215031316,0.5,0.0
ABC,HIV-1 PR,ECFP4,Validation,0.929951690821256,1.0,0.929951690821256,0.9637046307884856,0.5,0.0
ABC,HIV-1 PR,ECFP4,Test,0.9178743961352656,1.0,0.9178743961352656,0.9571788413098236,0.5,0.0
ABC,HIV-1 PR,ECFP4,Train,0.9298952457695407,1.0,0.9298952457695407,0.9636743215031316,0.5,0.0
ABC,HIV-1 PR,ECFP4,Validation,0.929951690821256,1.0,0.929951690821256,0.9637046307884856,0.5,0.0
ABC,HIV-1 PR,ECFP4,Test,0.9178743961352656,1.0,0.9178743961352656,0.9571788413098236,0.5,0.0
ABC,HIV-1 PR,ECFP4,Train,0.929951690821256,1.0,0.929951690821256,0.9637046307884856,0.5,0.0
ABC,HIV-1 PR,ECFP4,Validation,0.9297820823244553,1.0,0.9297820823244553,0.9636135508155584,0.5,0.0
ABC,HIV-1 PR,ECFP4,Test,0.9178743961352656,1.0,0.9178743961352656,0.9571788413098236,0.5,0.0
ABC,HIV-1 PR,ECFP4,Train,0.9298952457695407,1.0,0.9298952457695407,0.9636743215031316,0.5,0.0
ABC,HIV-1 PR,ECFP4,Validation,0.929951690821256,1.0,0.929951690821256,0.9637046307884856,0.5,0.0
ABC,HIV-1 PR,ECFP4,Test,0.9178743961352656,1.0,0.9178743961352656,0.9571788413098236,0.5,0.0
ABC,HIV-1 PR,ECFP4,Train,0.9298952457695407,1.0,0.9298952457695407,0.9636743215031316,0.5,0.0
ABC,HIV-1 PR,ECFP4,Validation,0.929951690821256,1.0,0.929951690821256,0.9637046307884856,0.5,0.0
ABC,HIV-1 PR,ECFP4,Test,0.9178743961352656,1.0,0.9178743961352656,0.9571788413098236,0.5,0.0
ABC,HIV-1 PR,ECFP4,Train,0.9298952457695407,1.0,0.9298952457695407,0.9636743215031316,0.5,0.0
ABC,HIV-1 PR,ECFP4,Validation,0.929951690821256,1.0,0.929951690821256,0.9637046307884856,0.5,0.0
ABC,HIV-1 PR,ECFP4,Test,0.9178743961352656,1.0,0.9178743961352656,0.9571788413098236,0.5,0.0
ABC,HIV-1 PR,ECFP4,Train,0.929951690821256,1.0,0.929951690821256,0.9637046307884856,0.5,0.0
ABC,HIV-1 PR,ECFP4,Validation,0.9297820823244553,1.0,0.9297820823244553,0.9636135508155584,0.5,0.0
ABC,HIV-1 PR,ECFP4,Test,0.9178743961352656,1.0,0.9178743961352656,0.9571788413098236,0.5,0.0
ABC,HIV-1 PR,ECFP4,Train,0.93109243697479,0.9601386481802426,0.8968573730862208,0.9453924914675768,0.5088049562740294,0.0226496325741007
ABC,HIV-1 PR,ECFP4,Validation,0.9310344827586208,0.9818181818181818,0.9154589371980676,0.9557522123893806,0.5081504702194357,0.0302227524552487
ABC,HIV-1 PR,ECFP4,Test,0.9158163265306124,0.9447368421052632,0.8695652173913043,0.9300518134715026,0.4870743034055728,-0.0316417748581391
ABC,HIV-1 PR,ECFP4,Train,0.932603201347936,0.9592720970537262,0.8976631748589847,0.9457496796240924,0.5198659335843344,0.0497255123043578
ABC,HIV-1 PR,ECFP4,Validation,0.9328358208955224,0.974025974025974,0.9106280193236715,0.9529860228716646,0.5214957456336766,0.0654045894804774
ABC,HIV-1 PR,ECFP4,Test,0.9166666666666666,0.9552631578947368,0.8792270531400966,0.9355670103092784,0.4923374613003095,-0.0206324161073599
ABC,HIV-1 PR,ECFP4,Train,0.9280334728033472,0.9610051993067592,0.8944399677679291,0.9442315879097488,0.4862497260901611,-0.0371655879343746
ABC,HIV-1 PR,ECFP4,Validation,0.9271356783919598,0.9584415584415584,0.8913043478260869,0.942528735632184,0.4792207792207792,-0.0550284258474038
ABC,HIV-1 PR,ECFP4,Test,0.914141414141414,0.9526315789473684,0.8743961352657005,0.9329896907216496,0.4763157894736842,-0.0637729225136579
ABC,HIV-1 PR,ECFP4,Train,0.93261231281198,0.9705627705627704,0.9074074074074074,0.9512091641917692,0.5197641439020749,0.0571447572135747
ABC,HIV-1 PR,ECFP4,Validation,0.9335038363171356,0.9505208333333334,0.8910411622276029,0.9419354838709676,0.5269845545977011,0.0614059057608905
ABC,HIV-1 PR,ECFP4,Test,0.918987341772152,0.9552631578947368,0.8816425120772947,0.9367741935483872,0.5070433436532508,0.018482673124683
ABC,HIV-1 PR,ECFP4,Train,0.9298952457695407,1.0,0.9298952457695407,0.9636743215031316,0.5,0.0
ABC,HIV-1 PR,ECFP4,Validation,0.929951690821256,1.0,0.929951690821256,0.9637046307884856,0.5,0.0
ABC,HIV-1 PR,ECFP4,Test,0.9178743961352656,1.0,0.9178743961352656,0.9571788413098236,0.5,0.0
ABC,HIV-1 PR,ECFP4,Train,0.9298952457695407,1.0,0.9298952457695407,0.9636743215031316,0.5,0.0
ABC,HIV-1 PR,ECFP4,Validation,0.929951690821256,1.0,0.929951690821256,0.9637046307884856,0.5,0.0
ABC,HIV-1 PR,ECFP4,Test,0.9178743961352656,1.0,0.9178743961352656,0.9571788413098236,0.5,0.0
ABC,HIV-1 PR,ECFP4,Train,0.9298952457695407,1.0,0.9298952457695407,0.9636743215031316,0.5,0.0
ABC,HIV-1 PR,ECFP4,Validation,0.929951690821256,1.0,0.929951690821256,0.9637046307884856,0.5,0.0
ABC,HIV-1 PR,ECFP4,Test,0.9178743961352656,1.0,0.9178743961352656,0.9571788413098236,0.5,0.0
ABC,HIV-1 PR,ECFP4,Train,0.929951690821256,1.0,0.929951690821256,0.9637046307884856,0.5,0.0
ABC,HIV-1 PR,ECFP4,Validation,0.9297820823244553,1.0,0.9297820823244553,0.9636135508155584,0.5,0.0
ABC,HIV-1 PR,ECFP4,Test,0.9178743961352656,1.0,0.9178743961352656,0.9571788413098236,0.5,0.0
ABC,HIV-1 PR,ECFP4,Train,0.9298952457695407,1.0,0.9298952457695407,0.9636743215031316,0.5,0.0
ABC,HIV-1 PR,ECFP4,Validation,0.929951690821256,1.0,0.929951690821256,0.9637046307884856,0.5,0.0
ABC,HIV-1 PR,ECFP4,Test,0.9178743961352656,1.0,0.9178743961352656,0.9571788413098236,0.5,0.0
ABC,HIV-1 PR,ECFP4,Train,0.9298952457695407,1.0,0.9298952457695407,0.9636743215031316,0.5,0.0
ABC,HIV-1 PR,ECFP4,Validation,0.929951690821256,1.0,0.929951690821256,0.9637046307884856,0.5,0.0
ABC,HIV-1 PR,ECFP4,Test,0.9178743961352656,1.0,0.9178743961352656,0.9571788413098236,0.5,0.0
ABC,HIV-1 PR,ECFP4,Train,0.9298952457695407,1.0,0.9298952457695407,0.9636743215031316,0.5,0.0
ABC,HIV-1 PR,ECFP4,Validation,0.929951690821256,1.0,0.929951690821256,0.9637046307884856,0.5,0.0
ABC,HIV-1 PR,ECFP4,Test,0.9178743961352656,1.0,0.9178743961352656,0.9571788413098236,0.5,0.0
ABC,HIV-1 PR,ECFP4,Train,0.929951690821256,1.0,0.929951690821256,0.9637046307884856,0.5,0.0
ABC,HIV-1 PR,ECFP4,Validation,0.9297820823244553,1.0,0.9297820823244553,0.9636135508155584,0.5,0.0
ABC,HIV-1 PR,ECFP4,Test,0.9178743961352656,1.0,0.9178743961352656,0.9571788413098236,0.5,0.0
ABC,HIV-1 PR,ECFP4,Train,0.9298952457695407,1.0,0.9298952457695407,0.9636743215031316,0.5,0.0
ABC,HIV-1 PR,ECFP4,Validation,0.929951690821256,1.0,0.929951690821256,0.9637046307884856,0.5,0.0
ABC,HIV-1 PR,ECFP4,Test,0.9178743961352656,1.0,0.9178743961352656,0.9571788413098236,0.5,0.0
ABC,HIV-1 PR,ECFP4,Train,0.9298952457695407,1.0,0.9298952457695407,0.9636743215031316,0.5,0.0
ABC,HIV-1 PR,ECFP4,Validation,0.929951690821256,1.0,0.929951690821256,0.9637046307884856,0.5,0.0
ABC,HIV-1 PR,ECFP4,Test,0.9178743961352656,1.0,0.9178743961352656,0.9571788413098236,0.5,0.0
ABC,HIV-1 PR,ECFP4,Train,0.9298952457695407,1.0,0.9298952457695407,0.9636743215031316,0.5,0.0
ABC,HIV-1 PR,ECFP4,Validation,0.929951690821256,1.0,0.929951690821256,0.9637046307884856,0.5,0.0
ABC,HIV-1 PR,ECFP4,Test,0.9178743961352656,1.0,0.9178743961352656,0.9571788413098236,0.5,0.0
ABC,HIV-1 PR,ECFP4,Train,0.929951690821256,1.0,0.929951690821256,0.9637046307884856,0.5,0.0
ABC,HIV-1 PR,ECFP4,Validation,0.9297820823244553,1.0,0.9297820823244553,0.9636135508155584,0.5,0.0
ABC,HIV-1 PR,ECFP4,Test,0.9178743961352656,1.0,0.9178743961352656,0.9571788413098236,0.5,0.0
ABC,HIV-1 PR,ECFP4,Train,0.9320066334991708,0.974003466204506,0.9097502014504432,0.952542372881356,0.5157373652861611,0.0485419116891944
ABC,HIV-1 PR,ECFP4,Validation,0.9290953545232272,0.987012987012987,0.9178743961352656,0.9571788413098236,0.4935064935064935,-0.0303453382193442
ABC,HIV-1 PR,ECFP4,Test,0.9168765743073048,0.9578947368421052,0.8816425120772947,0.9369369369369368,0.4936532507739938,-0.0175627644699248
ABC,HIV-1 PR,ECFP4,Train,0.9355648535564852,0.9688041594454072,0.9089443996776791,0.951894423158791,0.5418733440905197,0.1131793782514385
ABC,HIV-1 PR,ECFP4,Validation,0.9330024813895782,0.9766233766233766,0.9130434782608696,0.9543147208121828,0.522794446932378,0.0723501695123063
ABC,HIV-1 PR,ECFP4,Test,0.9175,0.9657894736842104,0.8888888888888888,0.941025641025641,0.4976006191950464,-0.0072889743033845
ABC,HIV-1 PR,ECFP4,Train,0.9291014014839242,0.9766031195840554,0.9089443996776791,0.9522602450359104,0.4940486862288093,-0.0204642559262326
ABC,HIV-1 PR,ECFP4,Validation,0.9280397022332506,0.9714285714285714,0.9033816425120772,0.949238578680203,0.4857142857142857,-0.0453432300086949
ABC,HIV-1 PR,ECFP4,Test,0.914572864321608,0.9578947368421052,0.8792270531400966,0.93573264781491,0.4789473684210526,-0.0599744281220244
ABC,HIV-1 PR,ECFP4,Train,0.930270713699754,0.9818181818181818,0.9146537842190016,0.9553496208930076,0.502403343782654,0.0090997768307098
ABC,HIV-1 PR,ECFP4,Validation,0.9353233830845772,0.9791666666666666,0.9176755447941888,0.9567430025445292,0.5413074712643678,0.1311033675119054
ABC,HIV-1 PR,ECFP4,Test,0.9185185185185184,0.9789473684210528,0.9009661835748792,0.9477707006369428,0.5041795665634675,0.0157377895072926
ABC,HIV-1 PR,ECFP4,Train,0.9298952457695407,1.0,0.9298952457695407,0.9636743215031316,0.5,0.0
ABC,HIV-1 PR,ECFP4,Validation,0.929951690821256,1.0,0.929951690821256,0.9637046307884856,0.5,0.0
ABC,HIV-1 PR,ECFP4,Test,0.9178743961352656,1.0,0.9178743961352656,0.9571788413098236,0.5,0.0
ABC,HIV-1 PR,ECFP4,Train,0.9298952457695407,1.0,0.9298952457695407,0.9636743215031316,0.5,0.0
ABC,HIV-1 PR,ECFP4,Validation,0.929951690821256,1.0,0.929951690821256,0.9637046307884856,0.5,0.0
ABC,HIV-1 PR,ECFP4,Test,0.9178743961352656,1.0,0.9178743961352656,0.9571788413098236,0.5,0.0
ABC,HIV-1 PR,ECFP4,Train,0.9298952457695407,1.0,0.9298952457695407,0.9636743215031316,0.5,0.0
ABC,HIV-1 PR,ECFP4,Validation,0.929951690821256,1.0,0.929951690821256,0.9637046307884856,0.5,0.0
ABC,HIV-1 PR,ECFP4,Test,0.9178743961352656,1.0,0.9178743961352656,0.9571788413098236,0.5,0.0
ABC,HIV-1 PR,ECFP4,Train,0.929951690821256,1.0,0.929951690821256,0.9637046307884856,0.5,0.0
ABC,HIV-1 PR,ECFP4,Validation,0.9297820823244553,1.0,0.9297820823244553,0.9636135508155584,0.5,0.0
ABC,HIV-1 PR,ECFP4,Test,0.9178743961352656,1.0,0.9178743961352656,0.9571788413098236,0.5,0.0
ABC,HIV-1 PR,ECFP4,Train,0.9298952457695407,1.0,0.9298952457695407,0.9636743215031316,0.5,0.0
ABC,HIV-1 PR,ECFP4,Validation,0.929951690821256,1.0,0.929951690821256,0.9637046307884856,0.5,0.0
ABC,HIV-1 PR,ECFP4,Test,0.9178743961352656,1.0,0.9178743961352656,0.9571788413098236,0.5,0.0
ABC,HIV-1 PR,ECFP4,Train,0.9298952457695407,1.0,0.9298952457695407,0.9636743215031316,0.5,0.0
ABC,HIV-1 PR,ECFP4,Validation,0.929951690821256,1.0,0.929951690821256,0.9637046307884856,0.5,0.0
ABC,HIV-1 PR,ECFP4,Test,0.9178743961352656,1.0,0.9178743961352656,0.9571788413098236,0.5,0.0
ABC,HIV-1 PR,ECFP4,Train,0.9298952457695407,1.0,0.9298952457695407,0.9636743215031316,0.5,0.0
ABC,HIV-1 PR,ECFP4,Validation,0.929951690821256,1.0,0.929951690821256,0.9637046307884856,0.5,0.0
ABC,HIV-1 PR,ECFP4,Test,0.9178743961352656,1.0,0.9178743961352656,0.9571788413098236,0.5,0.0
ABC,HIV-1 PR,ECFP4,Train,0.929951690821256,1.0,0.929951690821256,0.9637046307884856,0.5,0.0
ABC,HIV-1 PR,ECFP4,Validation,0.9297820823244553,1.0,0.9297820823244553,0.9636135508155584,0.5,0.0
ABC,HIV-1 PR,ECFP4,Test,0.9178743961352656,1.0,0.9178743961352656,0.9571788413098236,0.5,0.0
ABC,HIV-1 PR,ECFP4,Train,0.9298952457695407,1.0,0.9298952457695407,0.9636743215031316,0.5,0.0
ABC,HIV-1 PR,ECFP4,Validation,0.929951690821256,1.0,0.929951690821256,0.9637046307884856,0.5,0.0
ABC,HIV-1 PR,ECFP4,Test,0.9178743961352656,1.0,0.9178743961352656,0.9571788413098236,0.5,0.0
ABC,HIV-1 PR,ECFP4,Train,0.9298952457695407,1.0,0.9298952457695407,0.9636743215031316,0.5,0.0
ABC,HIV-1 PR,ECFP4,Validation,0.929951690821256,1.0,0.929951690821256,0.9637046307884856,0.5,0.0
ABC,HIV-1 PR,ECFP4,Test,0.9178743961352656,1.0,0.9178743961352656,0.9571788413098236,0.5,0.0
ABC,HIV-1 PR,ECFP4,Train,0.9298952457695407,1.0,0.9298952457695407,0.9636743215031316,0.5,0.0
ABC,HIV-1 PR,ECFP4,Validation,0.929951690821256,1.0,0.929951690821256,0.9637046307884856,0.5,0.0
ABC,HIV-1 PR,ECFP4,Test,0.9178743961352656,1.0,0.9178743961352656,0.9571788413098236,0.5,0.0
ABC,HIV-1 PR,ECFP4,Train,0.929951690821256,1.0,0.929951690821256,0.9637046307884856,0.5,0.0
ABC,HIV-1 PR,ECFP4,Validation,0.9297820823244553,1.0,0.9297820823244553,0.9636135508155584,0.5,0.0
ABC,HIV-1 PR,ECFP4,Test,0.9178743961352656,1.0,0.9178743961352656,0.9571788413098236,0.5,0.0
ABC,HIV-1 PR,ECFP4,Train,0.9310058187863676,0.9705372616984402,0.9057211925866236,0.9503606279168434,0.5082571365963466,0.0244735732848959
ABC,HIV-1 PR,ECFP4,Validation,0.9285714285714286,0.9792207792207792,0.9106280193236715,0.9532237673830596,0.4896103896103896,-0.0385257064264709
ABC,HIV-1 PR,ECFP4,Test,0.9166666666666666,0.9552631578947368,0.8792270531400966,0.9355670103092784,0.4923374613003095,-0.0206324161073599
ABC,HIV-1 PR,ECFP4,Train,0.932998324958124,0.9653379549393414,0.903303787268332,0.948892674616695,0.522898862527142,0.0612569464003713
ABC,HIV-1 PR,ECFP4,Validation,0.9326683291770572,0.9714285714285714,0.9082125603864736,0.9516539440203562,0.5201970443349754,0.0591157652278522
ABC,HIV-1 PR,ECFP4,Test,0.9168765743073048,0.9578947368421052,0.8816425120772947,0.9369369369369368,0.4936532507739938,-0.0175627644699248
ABC,HIV-1 PR,ECFP4,Train,0.9286898839137644,0.9705372616984402,0.903303787268332,0.9491525423728814,0.4910157572860017,-0.0277119014833249
ABC,HIV-1 PR,ECFP4,Validation,0.9276807980049876,0.9662337662337662,0.8985507246376812,0.9465648854961832,0.4831168831168831,-0.049416060955433
ABC,HIV-1 PR,ECFP4,Test,0.914572864321608,0.9578947368421052,0.8792270531400966,0.93573264781491,0.4789473684210526,-0.0599744281220244
ABC,HIV-1 PR,ECFP4,Train,0.9330578512396694,0.9774891774891776,0.9138486312399356,0.9547568710359408,0.5232273473652784,0.0748363426198175
ABC,HIV-1 PR,ECFP4,Validation,0.9360613810741688,0.953125,0.8958837772397095,0.944516129032258,0.5455280172413793,0.10360330855498
ABC,HIV-1 PR,ECFP4,Test,0.918987341772152,0.9552631578947368,0.8816425120772947,0.9367741935483872,0.5070433436532508,0.018482673124683
ABC,HIV-1 PR,ECFP4,Train,0.9298952457695407,1.0,0.9298952457695407,0.9636743215031316,0.5,0.0
ABC,HIV-1 PR,ECFP4,Validation,0.929951690821256,1.0,0.929951690821256,0.9637046307884856,0.5,0.0
ABC,HIV-1 PR,ECFP4,Test,0.9178743961352656,1.0,0.9178743961352656,0.9571788413098236,0.5,0.0
ABC,HIV-1 PR,ECFP4,Train,0.9298952457695407,1.0,0.9298952457695407,0.9636743215031316,0.5,0.0
ABC,HIV-1 PR,ECFP4,Validation,0.929951690821256,1.0,0.929951690821256,0.9637046307884856,0.5,0.0
ABC,HIV-1 PR,ECFP4,Test,0.9178743961352656,1.0,0.9178743961352656,0.9571788413098236,0.5,0.0
ABC,HIV-1 PR,ECFP4,Train,0.9298952457695407,1.0,0.9298952457695407,0.9636743215031316,0.5,0.0
ABC,HIV-1 PR,ECFP4,Validation,0.929951690821256,1.0,0.929951690821256,0.9637046307884856,0.5,0.0
ABC,HIV-1 PR,ECFP4,Test,0.9178743961352656,1.0,0.9178743961352656,0.9571788413098236,0.5,0.0
ABC,HIV-1 PR,ECFP4,Train,0.929951690821256,1.0,0.929951690821256,0.9637046307884856,0.5,0.0
ABC,HIV-1 PR,ECFP4,Validation,0.9297820823244553,1.0,0.9297820823244553,0.9636135508155584,0.5,0.0
ABC,HIV-1 PR,ECFP4,Test,0.9178743961352656,1.0,0.9178743961352656,0.9571788413098236,0.5,0.0
ABC,HIV-1 PR,ECFP4,Train,0.9298952457695407,1.0,0.9298952457695407,0.9636743215031316,0.5,0.0
ABC,HIV-1 PR,ECFP4,Validation,0.929951690821256,1.0,0.929951690821256,0.9637046307884856,0.5,0.0
ABC,HIV-1 PR,ECFP4,Test,0.9178743961352656,1.0,0.9178743961352656,0.9571788413098236,0.5,0.0
ABC,HIV-1 PR,ECFP4,Train,0.9298952457695407,1.0,0.9298952457695407,0.9636743215031316,0.5,0.0
ABC,HIV-1 PR,ECFP4,Validation,0.929951690821256,1.0,0.929951690821256,0.9637046307884856,0.5,0.0
ABC,HIV-1 PR,ECFP4,Test,0.9178743961352656,1.0,0.9178743961352656,0.9571788413098236,0.5,0.0
ABC,HIV-1 PR,ECFP4,Train,0.9298952457695407,1.0,0.9298952457695407,0.9636743215031316,0.5,0.0
ABC,HIV-1 PR,ECFP4,Validation,0.929951690821256,1.0,0.929951690821256,0.9637046307884856,0.5,0.0
ABC,HIV-1 PR,ECFP4,Test,0.9178743961352656,1.0,0.9178743961352656,0.9571788413098236,0.5,0.0
ABC,HIV-1 PR,ECFP4,Train,0.929951690821256,1.0,0.929951690821256,0.9637046307884856,0.5,0.0
ABC,HIV-1 PR,ECFP4,Validation,0.9297820823244553,1.0,0.9297820823244553,0.9636135508155584,0.5,0.0
ABC,HIV-1 PR,ECFP4,Test,0.9178743961352656,1.0,0.9178743961352656,0.9571788413098236,0.5,0.0
ABC,HIV-1 PR,ECFP4,Train,0.9298952457695407,1.0,0.9298952457695407,0.9636743215031316,0.5,0.0
ABC,HIV-1 PR,ECFP4,Validation,0.929951690821256,1.0,0.929951690821256,0.9637046307884856,0.5,0.0
ABC,HIV-1 PR,ECFP4,Test,0.9178743961352656,1.0,0.9178743961352656,0.9571788413098236,0.5,0.0
ABC,HIV-1 PR,ECFP4,Train,0.9298952457695407,1.0,0.9298952457695407,0.9636743215031316,0.5,0.0
ABC,HIV-1 PR,ECFP4,Validation,0.929951690821256,1.0,0.929951690821256,0.9637046307884856,0.5,0.0
ABC,HIV-1 PR,ECFP4,Test,0.9178743961352656,1.0,0.9178743961352656,0.9571788413098236,0.5,0.0
ABC,HIV-1 PR,ECFP4,Train,0.9298952457695407,1.0,0.9298952457695407,0.9636743215031316,0.5,0.0
ABC,HIV-1 PR,ECFP4,Validation,0.929951690821256,1.0,0.929951690821256,0.9637046307884856,0.5,0.0
ABC,HIV-1 PR,ECFP4,Test,0.9178743961352656,1.0,0.9178743961352656,0.9571788413098236,0.5,0.0
ABC,HIV-1 PR,ECFP4,Train,0.929951690821256,1.0,0.929951690821256,0.9637046307884856,0.5,0.0
ABC,HIV-1 PR,ECFP4,Validation,0.9297820823244553,1.0,0.9297820823244553,0.9636135508155584,0.5,0.0
ABC,HIV-1 PR,ECFP4,Test,0.9178743961352656,1.0,0.9178743961352656,0.9571788413098236,0.5,0.0
ABC,HIV-1 PR,ECFP4,Train,0.9315878378378378,0.9558058925476604,0.8936341659951652,0.943541488451668,0.5123857048945198,0.0302134260954589
ABC,HIV-1 PR,ECFP4,Validation,0.9301745635910224,0.9688311688311688,0.9033816425120772,0.9491094147582696,0.5016569637259293,0.0048498521362096
ABC,HIV-1 PR,ECFP4,Test,0.9158163265306124,0.9447368421052632,0.8695652173913043,0.9300518134715026,0.4870743034055728,-0.0316417748581391
ABC,HIV-1 PR,ECFP4,Train,0.932829554995802,0.962738301559792,0.9008863819500404,0.947547974413646,0.5215990358373672,0.0560900734243383
ABC,HIV-1 PR,ECFP4,Validation,0.9301745635910224,0.9688311688311688,0.9033816425120772,0.9491094147582696,0.5016569637259293,0.0048498521362096
ABC,HIV-1 PR,ECFP4,Test,0.9168765743073048,0.9578947368421052,0.8816425120772947,0.9369369369369368,0.4936532507739938,-0.0175627644699248
ABC,HIV-1 PR,ECFP4,Train,0.92809364548495,0.9618717504332756,0.895245769540693,0.9446808510638298,0.4866830016534194,-0.0363770121806308
ABC,HIV-1 PR,ECFP4,Validation,0.9269521410579346,0.9558441558441558,0.8888888888888888,0.9411764705882352,0.4779220779220779,-0.056793396406307
ABC,HIV-1 PR,ECFP4,Test,0.9139240506329114,0.95,0.8719806763285024,0.9316129032258064,0.475,-0.0656033342777212
ABC,HIV-1 PR,ECFP4,Train,0.9331131296449215,0.9783549783549784,0.9146537842190016,0.9551986475063398,0.5236602477981789,0.077418897855778
ABC,HIV-1 PR,ECFP4,Validation,0.9338422391857506,0.9557291666666666,0.8958837772397095,0.9446589446589446,0.5295887212643678,0.0704384077822267
ABC,HIV-1 PR,ECFP4,Test,0.918987341772152,0.9552631578947368,0.8816425120772947,0.9367741935483872,0.5070433436532508,0.018482673124683
ABC,HIV-1 PR,MIX,Train,0.951735817104149,0.974003466204506,0.9298952457695407,0.9627408993576018,0.6594155262057013,0.3795094280505304
ABC,HIV-1 PR,MIX,Validation,0.953846153846154,0.9662337662337662,0.92512077294686,0.96,0.6727720555306762,0.3773939513229644
ABC,HIV-1 PR,MIX,Test,0.968481375358166,0.8894736842105263,0.8719806763285024,0.9272976680384089,0.7829721362229102,0.4271058639316461
ABC,HIV-1 PR,MIX,Train,0.9298952457695407,1.0,0.9298952457695407,0.9636743215031316,0.5,0.0
ABC,HIV-1 PR,MIX,Validation,0.929951690821256,1.0,0.929951690821256,0.9637046307884856,0.5,0.0
ABC,HIV-1 PR,MIX,Test,0.9178743961352656,1.0,0.9178743961352656,0.9571788413098236,0.5,0.0
ABC,HIV-1 PR,MIX,Train,0.9389747762408462,1.0,0.9395648670427076,0.9685270667226186,0.5689655172413793,0.3598802054019041
ABC,HIV-1 PR,MIX,Validation,0.929951690821256,1.0,0.929951690821256,0.9637046307884856,0.5,0.0
ABC,HIV-1 PR,MIX,Test,0.9178743961352656,1.0,0.9178743961352656,0.9571788413098236,0.5,0.0
ABC,HIV-1 PR,MIX,Train,0.9550466497031382,0.9748917748917748,0.9339774557165862,0.9648671808054842,0.6828481862964622,0.4253477047947717
ABC,HIV-1 PR,MIX,Validation,0.9438775510204082,0.9635416666666666,0.9128329297820824,0.9536082474226804,0.6024604885057472,0.2383407754875129
ABC,HIV-1 PR,MIX,Test,0.968481375358166,0.8894736842105263,0.8719806763285024,0.9272976680384089,0.7829721362229102,0.4271058639316461
ABC,HIV-1 PR,MIX,Train,0.9306451612903226,1.0,0.9307010475423044,0.9640768588137008,0.5057471264367817,0.1034266446300419
ABC,HIV-1 PR,MIX,Validation,0.929951690821256,1.0,0.929951690821256,0.9637046307884856,0.5,0.0
ABC,HIV-1 PR,MIX,Test,0.9200968523002422,1.0,0.9202898550724636,0.9583858764186634,0.5147058823529411,0.1645043225160898
ABC,HIV-1 PR,MIX,Train,0.9298952457695407,1.0,0.9298952457695407,0.9636743215031316,0.5,0.0
ABC,HIV-1 PR,MIX,Validation,0.929951690821256,1.0,0.929951690821256,0.9637046307884856,0.5,0.0
ABC,HIV-1 PR,MIX,Test,0.9178743961352656,1.0,0.9178743961352656,0.9571788413098236,0.5,0.0
ABC,HIV-1 PR,MIX,Train,0.9313962873284908,1.0,0.9315068493150684,0.9644797325532805,0.5114942528735632,0.1463263780188085
ABC,HIV-1 PR,MIX,Validation,0.929951690821256,1.0,0.929951690821256,0.9637046307884856,0.5,0.0
ABC,HIV-1 PR,MIX,Test,0.9178743961352656,1.0,0.9178743961352656,0.9571788413098236,0.5,0.0
ABC,HIV-1 PR,MIX,Train,0.9550466497031382,0.9748917748917748,0.9339774557165862,0.9648671808054842,0.6828481862964622,0.4253477047947717
ABC,HIV-1 PR,MIX,Validation,0.9438775510204082,0.9635416666666666,0.9128329297820824,0.9536082474226804,0.6024604885057472,0.2383407754875129
ABC,HIV-1 PR,MIX,Test,0.968481375358166,0.8894736842105263,0.8719806763285024,0.9272976680384089,0.7829721362229102,0.4271058639316461
ABC,HIV-1 PR,MIX,Train,0.9298952457695407,1.0,0.9298952457695407,0.9636743215031316,0.5,0.0
ABC,HIV-1 PR,MIX,Validation,0.929951690821256,1.0,0.929951690821256,0.9637046307884856,0.5,0.0
ABC,HIV-1 PR,MIX,Test,0.9178743961352656,1.0,0.9178743961352656,0.9571788413098236,0.5,0.0
ABC,HIV-1 PR,MIX,Train,0.9329021827000809,1.0,0.9331184528605962,0.9652864910079464,0.5229885057471264,0.2071039699692287
ABC,HIV-1 PR,MIX,Validation,0.929951690821256,1.0,0.929951690821256,0.9637046307884856,0.5,0.0
ABC,HIV-1 PR,MIX,Test,0.9221411192214112,0.9973684210526316,0.9202898550724636,0.9582806573957016,0.5280959752321982,0.1818962834630596
ABC,HIV-1 PR,MIX,Train,0.9298952457695407,1.0,0.9298952457695407,0.9636743215031316,0.5,0.0
ABC,HIV-1 PR,MIX,Validation,0.929951690821256,1.0,0.929951690821256,0.9637046307884856,0.5,0.0
ABC,HIV-1 PR,MIX,Test,0.9178743961352656,1.0,0.9178743961352656,0.9571788413098236,0.5,0.0
ABC,HIV-1 PR,MIX,Train,0.929951690821256,1.0,0.929951690821256,0.9637046307884856,0.5,0.0
ABC,HIV-1 PR,MIX,Validation,0.9297820823244553,1.0,0.9297820823244553,0.9636135508155584,0.5,0.0
ABC,HIV-1 PR,MIX,Test,0.9178743961352656,1.0,0.9178743961352656,0.9571788413098236,0.5,0.0
ABC,HIV-1 PR,MIX,Train,0.9651063829787234,0.9826689774696707,0.950846091861402,0.9738085015027907,0.7557023048267895,0.5818838021692935
ABC,HIV-1 PR,MIX,Validation,0.9539641943734016,0.9688311688311688,0.927536231884058,0.961340206185567,0.6740707568293776,0.3879117012940483
ABC,HIV-1 PR,MIX,Test,0.9749303621169916,0.9210526315789472,0.9057971014492754,0.9472259810554804,0.8281733746130031,0.5309284849559127
ABC,HIV-1 PR,MIX,Train,0.9591489361702128,0.9766031195840554,0.9395648670427076,0.9677973379132676,0.7124394908265105,0.4834336504583895
ABC,HIV-1 PR,MIX,Validation,0.9546599496221664,0.9844155844155844,0.9420289855072465,0.969309462915601,0.6818629646215852,0.4678255229330891
ABC,HIV-1 PR,MIX,Test,0.9545454545454546,0.9394736842105263,0.9033816425120772,0.946949602122016,0.7197368421052632,0.4084118500171729
ABC,HIV-1 PR,MIX,Train,0.9622166246851386,0.9930675909878682,0.9572925060435132,0.9773987206823028,0.7379131058387618,0.6178314474584949
ABC,HIV-1 PR,MIX,Validation,0.9473684210526316,0.9818181818181818,0.932367149758454,0.9642857142857144,0.6288401253918495,0.3519479345334186
ABC,HIV-1 PR,MIX,Test,0.9458762886597938,0.9657894736842104,0.9178743961352656,0.9557291666666666,0.6740712074303405,0.3939904159534071
ABC,HIV-1 PR,MIX,Train,0.9593220338983052,0.98008658008658,0.9428341384863124,0.969593147751606,0.7141812210777728,0.5020247816172932
ABC,HIV-1 PR,MIX,Validation,0.945137157107232,0.9869791666666666,0.9346246973365616,0.9656050955414012,0.6141792385057471,0.3473913014779226
ABC,HIV-1 PR,MIX,Test,0.9586776859504132,0.9157894736842104,0.8864734299516909,0.936742934051144,0.7373065015479876,0.3964902286697497
ABC,HIV-1 PR,MIX,Train,0.951735817104149,0.974003466204506,0.9298952457695407,0.9627408993576018,0.6594155262057013,0.3795094280505304
ABC,HIV-1 PR,MIX,Validation,0.953846153846154,0.9662337662337662,0.92512077294686,0.96,0.6727720555306762,0.3773939513229644
ABC,HIV-1 PR,MIX,Test,0.968481375358166,0.8894736842105263,0.8719806763285024,0.9272976680384089,0.7829721362229102,0.4271058639316461
ABC,HIV-1 PR,MIX,Train,0.9298952457695407,1.0,0.9298952457695407,0.9636743215031316,0.5,0.0
ABC,HIV-1 PR,MIX,Validation,0.929951690821256,1.0,0.929951690821256,0.9637046307884856,0.5,0.0
ABC,HIV-1 PR,MIX,Test,0.9178743961352656,1.0,0.9178743961352656,0.9571788413098236,0.5,0.0
ABC,HIV-1 PR,MIX,Train,0.9389747762408462,1.0,0.9395648670427076,0.9685270667226186,0.5689655172413793,0.3598802054019041
ABC,HIV-1 PR,MIX,Validation,0.929951690821256,1.0,0.929951690821256,0.9637046307884856,0.5,0.0
ABC,HIV-1 PR,MIX,Test,0.9178743961352656,1.0,0.9178743961352656,0.9571788413098236,0.5,0.0
ABC,HIV-1 PR,MIX,Train,0.9550466497031382,0.9748917748917748,0.9339774557165862,0.9648671808054842,0.6828481862964622,0.4253477047947717
ABC,HIV-1 PR,MIX,Validation,0.9438775510204082,0.9635416666666666,0.9128329297820824,0.9536082474226804,0.6024604885057472,0.2383407754875129
ABC,HIV-1 PR,MIX,Test,0.968481375358166,0.8894736842105263,0.8719806763285024,0.9272976680384089,0.7829721362229102,0.4271058639316461
ABC,HIV-1 PR,MIX,Train,0.9298952457695407,1.0,0.9298952457695407,0.9636743215031316,0.5,0.0
ABC,HIV-1 PR,MIX,Validation,0.929951690821256,1.0,0.929951690821256,0.9637046307884856,0.5,0.0
ABC,HIV-1 PR,MIX,Test,0.9178743961352656,1.0,0.9178743961352656,0.9571788413098236,0.5,0.0
ABC,HIV-1 PR,MIX,Train,0.9298952457695407,1.0,0.9298952457695407,0.9636743215031316,0.5,0.0
ABC,HIV-1 PR,MIX,Validation,0.929951690821256,1.0,0.929951690821256,0.9637046307884856,0.5,0.0
ABC,HIV-1 PR,MIX,Test,0.9178743961352656,1.0,0.9178743961352656,0.9571788413098236,0.5,0.0
ABC,HIV-1 PR,MIX,Train,0.9298952457695407,1.0,0.9298952457695407,0.9636743215031316,0.5,0.0
ABC,HIV-1 PR,MIX,Validation,0.929951690821256,1.0,0.929951690821256,0.9637046307884856,0.5,0.0
ABC,HIV-1 PR,MIX,Test,0.9178743961352656,1.0,0.9178743961352656,0.9571788413098236,0.5,0.0
ABC,HIV-1 PR,MIX,Train,0.929951690821256,1.0,0.929951690821256,0.9637046307884856,0.5,0.0
ABC,HIV-1 PR,MIX,Validation,0.9297820823244553,1.0,0.9297820823244553,0.9636135508155584,0.5,0.0
ABC,HIV-1 PR,MIX,Test,0.9178743961352656,1.0,0.9178743961352656,0.9571788413098236,0.5,0.0
ABC,HIV-1 PR,MIX,Train,0.9381611065907242,0.9991334488734837,0.9379532634971796,0.9676877885018884,0.5627851152413395,0.3276292424539143
ABC,HIV-1 PR,MIX,Validation,0.9322033898305084,1.0,0.932367149758454,0.9649122807017544,0.5172413793103448,0.1792901126022126
ABC,HIV-1 PR,MIX,Test,0.928921568627451,0.9973684210526316,0.927536231884058,0.9619289340101524,0.5722136222910217,0.3317986967414906
ABC,HIV-1 PR,MIX,Train,0.9389250814332248,0.9991334488734837,0.9387590652699436,0.968094038623006,0.5685322416781211,0.3437293403249546
ABC,HIV-1 PR,MIX,Validation,0.9390243902439024,1.0,0.9396135265700484,0.9685534591194968,0.5689655172413793,0.3598897130384294
ABC,HIV-1 PR,MIX,Test,0.9312039312039312,0.9973684210526316,0.929951690821256,0.963151207115629,0.5869195046439629,0.370196467651332
ABC,HIV-1 PR,MIX,Train,0.9473684210526316,0.9982668977469672,0.9468170829975826,0.9721518987341772,0.6313173569194606,0.4772850899159481
ABC,HIV-1 PR,MIX,Validation,0.9297820823244553,0.9974025974025974,0.927536231884058,0.962406015037594,0.4987012987012987,-0.0135049695206861
ABC,HIV-1 PR,MIX,Test,0.9219512195121952,0.9947368421052633,0.9178743961352656,0.9569620253164556,0.5267801857585139,0.1503325117169807
ABC,HIV-1 PR,MIX,Train,0.9344660194174758,1.0,0.9347826086956522,0.9661229611041404,0.5344827586206897,0.2538620341319651
ABC,HIV-1 PR,MIX,Validation,0.9318734793187348,0.9973958333333334,0.9297820823244553,0.9635220125786164,0.5159392959770115,0.1173350690244231
ABC,HIV-1 PR,MIX,Test,0.9334975369458128,0.9973684210526316,0.932367149758454,0.9643765903307888,0.601625386996904,0.4053735933140241
ABC,HIV-1 PR,MIX,Train,0.9991319444444444,0.9974003466204506,0.9967767929089444,0.9982653946227232,0.9929530468734435,0.9756113379866456
ABC,HIV-1 PR,MIX,Validation,0.9689119170984456,0.9714285714285714,0.9444444444444444,0.9701686121919584,0.7788177339901479,0.5667703005771672
ABC,HIV-1 PR,MIX,Test,0.9786096256684492,0.963157894736842,0.9468599033816424,0.9708222811671088,0.8639318885448916,0.6764186399368606
ABC,HIV-1 PR,MIX,Train,0.9879725085910652,0.9965337954939342,0.98549556809025,0.9922346850733392,0.9178071276320244,0.8843954880293589
ABC,HIV-1 PR,MIX,Validation,0.9767441860465116,0.9818181818181818,0.961352657004831,0.9792746113989638,0.8357366771159875,0.6940979832852991
ABC,HIV-1 PR,MIX,Test,0.9656992084432716,0.963157894736842,0.9347826086956522,0.9644268774703556,0.7904024767801858,0.5732023224735167
ABC,HIV-1 PR,MIX,Train,0.9991326973113616,0.9982668977469672,0.9975825946817084,0.9986996098829648,0.993386322436702,0.9815753477372892
ABC,HIV-1 PR,MIX,Validation,0.9595959595959596,0.987012987012987,0.9492753623188406,0.9731113956466068,0.7176444245409762,0.5447823892590378
ABC,HIV-1 PR,MIX,Test,0.961340206185567,0.9815789473684212,0.9468599033816424,0.9713541666666666,0.7702012383900929,0.6115698275203842
ABC,HIV-1 PR,MIX,Train,0.9854700854700856,0.9982683982683984,0.9847020933977456,0.9918279569892472,0.9014330497089118,0.8768686831671987
ABC,HIV-1 PR,MIX,Validation,0.9621212121212122,0.9921875,0.9564164648910412,0.9769230769230768,0.7374730603448276,0.610853268823229
ABC,HIV-1 PR,MIX,Test,0.9633507853403142,0.968421052631579,0.9371980676328504,0.9658792650918636,0.778328173374613,0.5722841940632096
ABC,HIV-1 PR,MIX,Train,0.951735817104149,0.974003466204506,0.9298952457695407,0.9627408993576018,0.6594155262057013,0.3795094280505304
ABC,HIV-1 PR,MIX,Validation,0.953846153846154,0.9662337662337662,0.92512077294686,0.96,0.6727720555306762,0.3773939513229644
ABC,HIV-1 PR,MIX,Test,0.968481375358166,0.8894736842105263,0.8719806763285024,0.9272976680384089,0.7829721362229102,0.4271058639316461
ABC,HIV-1 PR,MIX,Train,0.9298952457695407,1.0,0.9298952457695407,0.9636743215031316,0.5,0.0
ABC,HIV-1 PR,MIX,Validation,0.929951690821256,1.0,0.929951690821256,0.9637046307884856,0.5,0.0
ABC,HIV-1 PR,MIX,Test,0.9178743961352656,1.0,0.9178743961352656,0.9571788413098236,0.5,0.0
ABC,HIV-1 PR,MIX,Train,0.9389747762408462,1.0,0.9395648670427076,0.9685270667226186,0.5689655172413793,0.3598802054019041
ABC,HIV-1 PR,MIX,Validation,0.929951690821256,1.0,0.929951690821256,0.9637046307884856,0.5,0.0
ABC,HIV-1 PR,MIX,Test,0.9178743961352656,1.0,0.9178743961352656,0.9571788413098236,0.5,0.0
ABC,HIV-1 PR,MIX,Train,0.9550466497031382,0.9748917748917748,0.9339774557165862,0.9648671808054842,0.6828481862964622,0.4253477047947717
ABC,HIV-1 PR,MIX,Validation,0.9438775510204082,0.9635416666666666,0.9128329297820824,0.9536082474226804,0.6024604885057472,0.2383407754875129
ABC,HIV-1 PR,MIX,Test,0.968481375358166,0.8894736842105263,0.8719806763285024,0.9272976680384089,0.7829721362229102,0.4271058639316461
ABC,HIV-1 PR,MIX,Train,0.9313962873284908,1.0,0.9315068493150684,0.9644797325532805,0.5114942528735632,0.1463263780188085
ABC,HIV-1 PR,MIX,Validation,0.929951690821256,1.0,0.929951690821256,0.9637046307884856,0.5,0.0
ABC,HIV-1 PR,MIX,Test,0.9200968523002422,1.0,0.9202898550724636,0.9583858764186634,0.5147058823529411,0.1645043225160898
ABC,HIV-1 PR,MIX,Train,0.9298952457695407,1.0,0.9298952457695407,0.9636743215031316,0.5,0.0
ABC,HIV-1 PR,MIX,Validation,0.929951690821256,1.0,0.929951690821256,0.9637046307884856,0.5,0.0
ABC,HIV-1 PR,MIX,Test,0.9178743961352656,1.0,0.9178743961352656,0.9571788413098236,0.5,0.0
ABC,HIV-1 PR,MIX,Train,0.9329021827000809,1.0,0.9331184528605962,0.9652864910079464,0.5229885057471264,0.2071039699692287
ABC,HIV-1 PR,MIX,Validation,0.929951690821256,1.0,0.929951690821256,0.9637046307884856,0.5,0.0
ABC,HIV-1 PR,MIX,Test,0.9176755447941888,0.9973684210526316,0.9154589371980676,0.9558638083228248,0.4986842105263158,-0.0147188078040711
ABC,HIV-1 PR,MIX,Train,0.9550466497031382,0.9748917748917748,0.9339774557165862,0.9648671808054842,0.6828481862964622,0.4253477047947717
ABC,HIV-1 PR,MIX,Validation,0.9438775510204082,0.9635416666666666,0.9128329297820824,0.9536082474226804,0.6024604885057472,0.2383407754875129
ABC,HIV-1 PR,MIX,Test,0.968481375358166,0.8894736842105263,0.8719806763285024,0.9272976680384089,0.7829721362229102,0.4271058639316461
ABC,HIV-1 PR,MIX,Train,0.9298952457695407,1.0,0.9298952457695407,0.9636743215031316,0.5,0.0
ABC,HIV-1 PR,MIX,Validation,0.929951690821256,1.0,0.929951690821256,0.9637046307884856,0.5,0.0
ABC,HIV-1 PR,MIX,Test,0.9178743961352656,1.0,0.9178743961352656,0.9571788413098236,0.5,0.0
ABC,HIV-1 PR,MIX,Train,0.9321486268174476,1.0,0.9323126510878323,0.9648829431438128,0.5172413793103448,0.1792848462563229
ABC,HIV-1 PR,MIX,Validation,0.929951690821256,1.0,0.929951690821256,0.9637046307884856,0.5,0.0
ABC,HIV-1 PR,MIX,Test,0.9221411192214112,0.9973684210526316,0.9202898550724636,0.9582806573957016,0.5280959752321982,0.1818962834630596
ABC,HIV-1 PR,MIX,Train,0.9298952457695407,1.0,0.9298952457695407,0.9636743215031316,0.5,0.0
ABC,HIV-1 PR,MIX,Validation,0.929951690821256,1.0,0.929951690821256,0.9637046307884856,0.5,0.0
ABC,HIV-1 PR,MIX,Test,0.9178743961352656,1.0,0.9178743961352656,0.9571788413098236,0.5,0.0
ABC,HIV-1 PR,MIX,Train,0.929951690821256,1.0,0.929951690821256,0.9637046307884856,0.5,0.0
ABC,HIV-1 PR,MIX,Validation,0.9297820823244553,1.0,0.9297820823244553,0.9636135508155584,0.5,0.0
ABC,HIV-1 PR,MIX,Test,0.9178743961352656,1.0,0.9178743961352656,0.9571788413098236,0.5,0.0
ABC,HIV-1 PR,MIX,Train,0.9751924721984602,0.9878682842287696,0.9653505237711524,0.9814894532931554,0.8272674754477183,0.7148614355297699
ABC,HIV-1 PR,MIX,Validation,0.961038961038961,0.961038961038961,0.927536231884058,0.961038961038961,0.7218987908643081,0.4437975817286162
ABC,HIV-1 PR,MIX,Test,0.9754768392370572,0.9421052631578948,0.92512077294686,0.9585006693440428,0.8386996904024768,0.5862651666787864
ABC,HIV-1 PR,MIX,Train,0.9630872483221476,0.9948006932409011,0.959709911361805,0.9786871270247228,0.7445267834020598,0.641184173006944
ABC,HIV-1 PR,MIX,Validation,0.9745547073791349,0.9948051948051948,0.9710144927536232,0.9845758354755784,0.8249888042991491,0.7560000719313394
ABC,HIV-1 PR,MIX,Test,0.9479166666666666,0.9578947368421052,0.9130434782608696,0.9528795811518324,0.684829721362229,0.3914775139939052
ABC,HIV-1 PR,MIX,Train,0.9655172413793104,0.9948006932409011,0.9621273166800968,0.9799402475458814,0.7617681627124047,0.6671396489019419
ABC,HIV-1 PR,MIX,Validation,0.9522613065326632,0.9844155844155844,0.9396135265700484,0.9680715197956578,0.6646215853112405,0.4359579599462429
ABC,HIV-1 PR,MIX,Test,0.9434447300771208,0.9657894736842104,0.9154589371980676,0.9544863459037712,0.6593653250773994,0.3673755763821323
ABC,HIV-1 PR,MIX,Train,0.9685641461342396,0.987012987012987,0.9581320450885668,0.9777015437392796,0.7808628153455739,0.6437688359606512
ABC,HIV-1 PR,MIX,Validation,0.945137157107232,0.9869791666666666,0.9346246973365616,0.9656050955414012,0.6141792385057471,0.3473913014779226
ABC,HIV-1 PR,MIX,Test,0.9619565217391304,0.9315789473684212,0.9033816425120772,0.946524064171123,0.7599071207430341,0.4541262491365135
ABC,HIV-1 PR,MIX,Train,0.951735817104149,0.974003466204506,0.9298952457695407,0.9627408993576018,0.6594155262057013,0.3795094280505304
ABC,HIV-1 PR,MIX,Validation,0.953846153846154,0.9662337662337662,0.92512077294686,0.96,0.6727720555306762,0.3773939513229644
ABC,HIV-1 PR,MIX,Test,0.968481375358166,0.8894736842105263,0.8719806763285024,0.9272976680384089,0.7829721362229102,0.4271058639316461
ABC,HIV-1 PR,MIX,Train,0.9298952457695407,1.0,0.9298952457695407,0.9636743215031316,0.5,0.0
ABC,HIV-1 PR,MIX,Validation,0.929951690821256,1.0,0.929951690821256,0.9637046307884856,0.5,0.0
ABC,HIV-1 PR,MIX,Test,0.9178743961352656,1.0,0.9178743961352656,0.9571788413098236,0.5,0.0
ABC,HIV-1 PR,MIX,Train,0.9389747762408462,1.0,0.9395648670427076,0.9685270667226186,0.5689655172413793,0.3598802054019041
ABC,HIV-1 PR,MIX,Validation,0.929951690821256,1.0,0.929951690821256,0.9637046307884856,0.5,0.0
ABC,HIV-1 PR,MIX,Test,0.9178743961352656,1.0,0.9178743961352656,0.9571788413098236,0.5,0.0
ABC,HIV-1 PR,MIX,Train,0.9550466497031382,0.9748917748917748,0.9339774557165862,0.9648671808054842,0.6828481862964622,0.4253477047947717
ABC,HIV-1 PR,MIX,Validation,0.9438775510204082,0.9635416666666666,0.9128329297820824,0.9536082474226804,0.6024604885057472,0.2383407754875129
ABC,HIV-1 PR,MIX,Test,0.968481375358166,0.8894736842105263,0.8719806763285024,0.9272976680384089,0.7829721362229102,0.4271058639316461
ABC,HIV-1 PR,MIX,Train,0.9298952457695407,1.0,0.9298952457695407,0.9636743215031316,0.5,0.0
ABC,HIV-1 PR,MIX,Validation,0.929951690821256,1.0,0.929951690821256,0.9637046307884856,0.5,0.0
ABC,HIV-1 PR,MIX,Test,0.9178743961352656,1.0,0.9178743961352656,0.9571788413098236,0.5,0.0
ABC,HIV-1 PR,MIX,Train,0.9374492282696996,1.0,0.9379532634971796,0.9677148846960169,0.5574712643678161,0.3282571931558944
ABC,HIV-1 PR,MIX,Validation,0.9317073170731708,0.9922077922077922,0.92512077294686,0.961006289308176,0.5133452754142409,0.0696409964191246
ABC,HIV-1 PR,MIX,Test,0.9287469287469288,0.9947368421052633,0.92512077294686,0.960609911054638,0.5708978328173375,0.3019590065615495
ABC,HIV-1 PR,MIX,Train,0.9329021827000809,1.0,0.9331184528605962,0.9652864910079464,0.5229885057471264,0.2071039699692287
ABC,HIV-1 PR,MIX,Validation,0.929951690821256,1.0,0.929951690821256,0.9637046307884856,0.5,0.0
ABC,HIV-1 PR,MIX,Test,0.9176755447941888,0.9973684210526316,0.9154589371980676,0.9558638083228248,0.4986842105263158,-0.0147188078040711
ABC,HIV-1 PR,MIX,Train,0.929951690821256,1.0,0.929951690821256,0.9637046307884856,0.5,0.0
ABC,HIV-1 PR,MIX,Validation,0.9297820823244553,1.0,0.9297820823244553,0.9636135508155584,0.5,0.0
ABC,HIV-1 PR,MIX,Test,0.9178743961352656,1.0,0.9178743961352656,0.9571788413098236,0.5,0.0
ABC,HIV-1 PR,MIX,Train,0.9298952457695407,1.0,0.9298952457695407,0.9636743215031316,0.5,0.0
ABC,HIV-1 PR,MIX,Validation,0.929951690821256,1.0,0.929951690821256,0.9637046307884856,0.5,0.0
ABC,HIV-1 PR,MIX,Test,0.9178743961352656,1.0,0.9178743961352656,0.9571788413098236,0.5,0.0
ABC,HIV-1 PR,MIX,Train,0.9359286293592864,1.0,0.936341659951652,0.9669040636782572,0.5459770114942528,0.2933639423986944
ABC,HIV-1 PR,MIX,Validation,0.9322033898305084,1.0,0.932367149758454,0.9649122807017544,0.5172413793103448,0.1792901126022126
ABC,HIV-1 PR,MIX,Test,0.9266503667481664,0.9973684210526316,0.92512077294686,0.9607097591888466,0.5575077399380806,0.2890952103265094
ABC,HIV-1 PR,MIX,Train,0.9313962873284908,1.0,0.9315068493150684,0.9644797325532805,0.5114942528735632,0.1463263780188085
ABC,HIV-1 PR,MIX,Validation,0.929951690821256,1.0,0.929951690821256,0.9637046307884856,0.5,0.0
ABC,HIV-1 PR,MIX,Test,0.9178743961352656,1.0,0.9178743961352656,0.9571788413098236,0.5,0.0
ABC,HIV-1 PR,MIX,Train,0.929951690821256,1.0,0.929951690821256,0.9637046307884856,0.5,0.0
ABC,HIV-1 PR,MIX,Validation,0.9320388349514565,1.0,0.9322033898305084,0.964824120603015,0.5172413793103448,0.1792742875337673
ABC,HIV-1 PR,MIX,Test,0.9178743961352656,1.0,0.9178743961352656,0.9571788413098236,0.5,0.0
ABC,HIV-1 PR,MIX,Train,0.9930555555555556,0.9913344887348352,0.98549556809025,0.9921942758022548,0.9496902328731648,0.8899892039526197
ABC,HIV-1 PR,MIX,Validation,0.9689922480620154,0.974025974025974,0.9468599033816424,0.9715025906735753,0.7801164352888492,0.5791093618046613
ABC,HIV-1 PR,MIX,Test,0.9838274932614556,0.9605263157894736,0.9492753623188406,0.9720372836218376,0.8920278637770898,0.7055974554088263
ABC,HIV-1 PR,MIX,Train,0.9753191489361702,0.9930675909878682,0.9701853344077356,0.9841133533705452,0.8298671288272677,0.7506554908165575
ABC,HIV-1 PR,MIX,Validation,0.9792207792207792,0.9792207792207792,0.961352657004831,0.9792207792207792,0.8516793551276309,0.703358710255262
ABC,HIV-1 PR,MIX,Test,0.9629629629629628,0.9578947368421052,0.927536231884058,0.9604221635883904,0.7730650154798762,0.5321452194389454
ABC,HIV-1 PR,MIX,Train,0.991386735572782,0.9974003466204506,0.9895245769540691,0.9943844492440604,0.9412289089424092,0.9174774150805184
ABC,HIV-1 PR,MIX,Validation,0.9548872180451128,0.9896103896103896,0.9468599033816424,0.971938775510204,0.684460367218988,0.5038837477730801
ABC,HIV-1 PR,MIX,Test,0.9541984732824428,0.986842105263158,0.9444444444444444,0.9702457956015524,0.7287151702786379,0.5723349952133363
ABC,HIV-1 PR,MIX,Train,0.9828767123287672,0.993939393939394,0.9782608695652174,0.9883770985794232,0.8820271682340648,0.823829960648366
ABC,HIV-1 PR,MIX,Validation,0.9571788413098236,0.9895833333333334,0.9491525423728814,0.9731113956466068,0.7016882183908046,0.5340966964650725
ABC,HIV-1 PR,MIX,Test,0.96524064171123,0.95,0.9227053140096618,0.9575596816976129,0.7838235294117646,0.5275259788703675
ABC,HIV-1 PR,MIX,Train,0.9298952457695407,1.0,0.9298952457695407,0.9636743215031316,0.5,0.0
ABC,HIV-1 PR,MIX,Validation,0.929951690821256,1.0,0.929951690821256,0.9637046307884856,0.5,0.0
ABC,HIV-1 PR,MIX,Test,0.9178743961352656,1.0,0.9178743961352656,0.9571788413098236,0.5,0.0
ABC,HIV-1 PR,MIX,Train,0.9298952457695407,1.0,0.9298952457695407,0.9636743215031316,0.5,0.0
ABC,HIV-1 PR,MIX,Validation,0.929951690821256,1.0,0.929951690821256,0.9637046307884856,0.5,0.0
ABC,HIV-1 PR,MIX,Test,0.9178743961352656,1.0,0.9178743961352656,0.9571788413098236,0.5,0.0
ABC,HIV-1 PR,MIX,Train,0.9389747762408462,1.0,0.9395648670427076,0.9685270667226186,0.5689655172413793,0.3598802054019041
ABC,HIV-1 PR,MIX,Validation,0.929951690821256,1.0,0.929951690821256,0.9637046307884856,0.5,0.0
ABC,HIV-1 PR,MIX,Test,0.9178743961352656,1.0,0.9178743961352656,0.9571788413098236,0.5,0.0
ABC,HIV-1 PR,MIX,Train,0.9550466497031382,0.9748917748917748,0.9339774557165862,0.9648671808054842,0.6828481862964622,0.4253477047947717
ABC,HIV-1 PR,MIX,Validation,0.9438775510204082,0.9635416666666666,0.9128329297820824,0.9536082474226804,0.6024604885057472,0.2383407754875129
ABC,HIV-1 PR,MIX,Test,0.968481375358166,0.8894736842105263,0.8719806763285024,0.9272976680384089,0.7829721362229102,0.4271058639316461
ABC,HIV-1 PR,MIX,Train,0.9298952457695407,1.0,0.9298952457695407,0.9636743215031316,0.5,0.0
ABC,HIV-1 PR,MIX,Validation,0.929951690821256,1.0,0.929951690821256,0.9637046307884856,0.5,0.0
ABC,HIV-1 PR,MIX,Test,0.9178743961352656,1.0,0.9178743961352656,0.9571788413098236,0.5,0.0
ABC,HIV-1 PR,MIX,Train,0.9329021827000809,1.0,0.9331184528605962,0.9652864910079464,0.5229885057471264,0.2071039699692287
ABC,HIV-1 PR,MIX,Validation,0.929951690821256,1.0,0.929951690821256,0.9637046307884856,0.5,0.0
ABC,HIV-1 PR,MIX,Test,0.9221411192214112,0.9973684210526316,0.9202898550724636,0.9582806573957016,0.5280959752321982,0.1818962834630596
ABC,HIV-1 PR,MIX,Train,0.9298952457695407,1.0,0.9298952457695407,0.9636743215031316,0.5,0.0
ABC,HIV-1 PR,MIX,Validation,0.929951690821256,1.0,0.929951690821256,0.9637046307884856,0.5,0.0
ABC,HIV-1 PR,MIX,Test,0.9178743961352656,1.0,0.9178743961352656,0.9571788413098236,0.5,0.0
ABC,HIV-1 PR,MIX,Train,0.929951690821256,1.0,0.929951690821256,0.9637046307884856,0.5,0.0
ABC,HIV-1 PR,MIX,Validation,0.9297820823244553,1.0,0.9297820823244553,0.9636135508155584,0.5,0.0
ABC,HIV-1 PR,MIX,Test,0.9178743961352656,1.0,0.9178743961352656,0.9571788413098236,0.5,0.0
ABC,HIV-1 PR,MIX,Train,0.9298952457695407,1.0,0.9298952457695407,0.9636743215031316,0.5,0.0
ABC,HIV-1 PR,MIX,Validation,0.929951690821256,1.0,0.929951690821256,0.9637046307884856,0.5,0.0
ABC,HIV-1 PR,MIX,Test,0.9178743961352656,1.0,0.9178743961352656,0.9571788413098236,0.5,0.0
ABC,HIV-1 PR,MIX,Train,0.9359286293592864,1.0,0.936341659951652,0.9669040636782572,0.5459770114942528,0.2933639423986944
ABC,HIV-1 PR,MIX,Validation,0.9344660194174758,1.0,0.9347826086956522,0.9661229611041404,0.5344827586206897,0.2538620341319651
ABC,HIV-1 PR,MIX,Test,0.9266503667481664,0.9973684210526316,0.92512077294686,0.9607097591888466,0.5575077399380806,0.2890952103265094
ABC,HIV-1 PR,MIX,Train,0.9359286293592864,1.0,0.936341659951652,0.9669040636782572,0.5459770114942528,0.2933639423986944
ABC,HIV-1 PR,MIX,Validation,0.929951690821256,1.0,0.929951690821256,0.9637046307884856,0.5,0.0
ABC,HIV-1 PR,MIX,Test,0.9178743961352656,1.0,0.9178743961352656,0.9571788413098236,0.5,0.0
ABC,HIV-1 PR,MIX,Train,0.9307010475423044,1.0,0.930756843800322,0.9641068447412354,0.5057471264367817,0.1034297500245525
ABC,HIV-1 PR,MIX,Validation,0.9320388349514565,1.0,0.9322033898305084,0.964824120603015,0.5172413793103448,0.1792742875337673
ABC,HIV-1 PR,MIX,Test,0.9178743961352656,1.0,0.9178743961352656,0.9571788413098236,0.5,0.0
ABC,HIV-1 PR,MIX,Train,0.9939446366782008,0.9956672443674176,0.9903303787268332,0.9948051948051948,0.9576037371262376,0.9251107105106354
ABC,HIV-1 PR,MIX,Validation,0.9666666666666668,0.9792207792207792,0.9492753623188406,0.9729032258064516,0.7654724585759068,0.5798837074760324
ABC,HIV-1 PR,MIX,Test,0.9812332439678284,0.963157894736842,0.9492753623188406,0.9721115537848606,0.878637770897833,0.696047443880936
ABC,HIV-1 PR,MIX,Train,0.9803921568627452,0.9965337954939342,0.9782433521353748,0.9883970777825526,0.8660829897009901,0.8214263184874134
ABC,HIV-1 PR,MIX,Validation,0.9717223650385604,0.9818181818181818,0.9565217391304348,0.9767441860465116,0.8012539184952978,0.6455758251029868
ABC,HIV-1 PR,MIX,Test,0.9635416666666666,0.9736842105263158,0.9420289855072465,0.9685863874345548,0.7809597523219814,0.5950851657445042
ABC,HIV-1 PR,MIX,Train,0.9956784788245462,0.9982668977469672,0.9943593875906528,0.9969710082215492,0.9703978166895756,0.956206080871112
ABC,HIV-1 PR,MIX,Validation,0.9621212121212122,0.9896103896103896,0.9541062801932368,0.9756722151088348,0.7361845051500224,0.5911897779736965
ABC,HIV-1 PR,MIX,Test,0.9539641943734016,0.9815789473684212,0.9396135265700484,0.96757457846952,0.7260835913312693,0.5419734339057146
ABC,HIV-1 PR,MIX,Train,0.9888220120378332,0.9956709956709956,0.9855072463768116,0.9922346850733392,0.9231228541573367,0.8850008638512575
ABC,HIV-1 PR,MIX,Validation,0.9621212121212122,0.9921875,0.9564164648910412,0.9769230769230768,0.7374730603448276,0.610853268823229
ABC,HIV-1 PR,MIX,Test,0.9654255319148936,0.9552631578947368,0.927536231884058,0.9603174603174603,0.7864551083591331,0.5447937331289131
ABC,HIV-1 PR,MIX,Train,0.951735817104149,0.974003466204506,0.9298952457695407,0.9627408993576018,0.6594155262057013,0.3795094280505304
ABC,HIV-1 PR,MIX,Validation,0.953846153846154,0.9662337662337662,0.92512077294686,0.96,0.6727720555306762,0.3773939513229644
ABC,HIV-1 PR,MIX,Test,0.968481375358166,0.8894736842105263,0.8719806763285024,0.9272976680384089,0.7829721362229102,0.4271058639316461
ABC,HIV-1 PR,MIX,Train,0.9298952457695407,1.0,0.9298952457695407,0.9636743215031316,0.5,0.0
ABC,HIV-1 PR,MIX,Validation,0.929951690821256,1.0,0.929951690821256,0.9637046307884856,0.5,0.0
ABC,HIV-1 PR,MIX,Test,0.9178743961352656,1.0,0.9178743961352656,0.9571788413098236,0.5,0.0
ABC,HIV-1 PR,MIX,Train,0.9389747762408462,1.0,0.9395648670427076,0.9685270667226186,0.5689655172413793,0.3598802054019041
ABC,HIV-1 PR,MIX,Validation,0.929951690821256,1.0,0.929951690821256,0.9637046307884856,0.5,0.0
ABC,HIV-1 PR,MIX,Test,0.9178743961352656,1.0,0.9178743961352656,0.9571788413098236,0.5,0.0
ABC,HIV-1 PR,MIX,Train,0.9550466497031382,0.9748917748917748,0.9339774557165862,0.9648671808054842,0.6828481862964622,0.4253477047947717
ABC,HIV-1 PR,MIX,Validation,0.9438775510204082,0.9635416666666666,0.9128329297820824,0.9536082474226804,0.6024604885057472,0.2383407754875129
ABC,HIV-1 PR,MIX,Test,0.968481375358166,0.8894736842105263,0.8719806763285024,0.9272976680384089,0.7829721362229102,0.4271058639316461
ABC,HIV-1 PR,MIX,Train,0.9306451612903226,1.0,0.9307010475423044,0.9640768588137008,0.5057471264367817,0.1034266446300419
ABC,HIV-1 PR,MIX,Validation,0.929951690821256,1.0,0.929951690821256,0.9637046307884856,0.5,0.0
ABC,HIV-1 PR,MIX,Test,0.9199029126213591,0.9973684210526316,0.9178743961352656,0.9570707070707072,0.513390092879257,0.1060428121116233
ABC,HIV-1 PR,MIX,Train,0.9298952457695407,1.0,0.9298952457695407,0.9636743215031316,0.5,0.0
ABC,HIV-1 PR,MIX,Validation,0.929951690821256,1.0,0.929951690821256,0.9637046307884856,0.5,0.0
ABC,HIV-1 PR,MIX,Test,0.9178743961352656,1.0,0.9178743961352656,0.9571788413098236,0.5,0.0
ABC,HIV-1 PR,MIX,Train,0.9313962873284908,1.0,0.9315068493150684,0.9644797325532805,0.5114942528735632,0.1463263780188085
ABC,HIV-1 PR,MIX,Validation,0.929951690821256,1.0,0.929951690821256,0.9637046307884856,0.5,0.0
ABC,HIV-1 PR,MIX,Test,0.9178743961352656,1.0,0.9178743961352656,0.9571788413098236,0.5,0.0
ABC,HIV-1 PR,MIX,Train,0.9550466497031382,0.9748917748917748,0.9339774557165862,0.9648671808054842,0.6828481862964622,0.4253477047947717
ABC,HIV-1 PR,MIX,Validation,0.9438775510204082,0.9635416666666666,0.9128329297820824,0.9536082474226804,0.6024604885057472,0.2383407754875129
ABC,HIV-1 PR,MIX,Test,0.968481375358166,0.8894736842105263,0.8719806763285024,0.9272976680384089,0.7829721362229102,0.4271058639316461
ABC,HIV-1 PR,MIX,Train,0.9298952457695407,1.0,0.9298952457695407,0.9636743215031316,0.5,0.0
ABC,HIV-1 PR,MIX,Validation,0.929951690821256,1.0,0.929951690821256,0.9637046307884856,0.5,0.0
ABC,HIV-1 PR,MIX,Test,0.9178743961352656,1.0,0.9178743961352656,0.9571788413098236,0.5,0.0
ABC,HIV-1 PR,MIX,Train,0.9329021827000809,1.0,0.9331184528605962,0.9652864910079464,0.5229885057471264,0.2071039699692287
ABC,HIV-1 PR,MIX,Validation,0.929951690821256,1.0,0.929951690821256,0.9637046307884856,0.5,0.0
ABC,HIV-1 PR,MIX,Test,0.9221411192214112,0.9973684210526316,0.9202898550724636,0.9582806573957016,0.5280959752321982,0.1818962834630596
ABC,HIV-1 PR,MIX,Train,0.9298952457695407,1.0,0.9298952457695407,0.9636743215031316,0.5,0.0
ABC,HIV-1 PR,MIX,Validation,0.929951690821256,1.0,0.929951690821256,0.9637046307884856,0.5,0.0
ABC,HIV-1 PR,MIX,Test,0.9178743961352656,1.0,0.9178743961352656,0.9571788413098236,0.5,0.0
ABC,HIV-1 PR,MIX,Train,0.929951690821256,1.0,0.929951690821256,0.9637046307884856,0.5,0.0
ABC,HIV-1 PR,MIX,Validation,0.9297820823244553,1.0,0.9297820823244553,0.9636135508155584,0.5,0.0
ABC,HIV-1 PR,MIX,Test,0.9178743961352656,1.0,0.9178743961352656,0.9571788413098236,0.5,0.0
ABC,HIV-1 PR,MIX,Train,0.9635593220338984,0.98526863084922,0.951651893634166,0.974293059125964,0.7455078786430009,0.579898571519109
ABC,HIV-1 PR,MIX,Validation,0.9540816326530612,0.9714285714285714,0.929951690821256,0.9626769626769628,0.6753694581280789,0.3990790645079761
ABC,HIV-1 PR,MIX,Test,0.967391304347826,0.936842105263158,0.9130434782608696,0.9518716577540108,0.7919504643962848,0.5101144168382755
ABC,HIV-1 PR,MIX,Train,0.95265780730897,0.9939341421143848,0.9484286865431104,0.9728583545377438,0.6693808641606407,0.5085606636315055
ABC,HIV-1 PR,MIX,Validation,0.9506172839506172,1.0,0.9516908212560388,0.9746835443037974,0.6551724137931034,0.5431566598027889
ABC,HIV-1 PR,MIX,Test,0.9540816326530612,0.9842105263157894,0.9420289855072465,0.9689119170984456,0.7273993808049535,0.5566678714563644
ABC,HIV-1 PR,MIX,Train,0.9622166246851386,0.9930675909878682,0.9572925060435132,0.9773987206823028,0.7379131058387618,0.6178314474584949
ABC,HIV-1 PR,MIX,Validation,0.9473684210526316,0.9818181818181818,0.932367149758454,0.9642857142857144,0.6288401253918495,0.3519479345334186
ABC,HIV-1 PR,MIX,Test,0.9458762886597938,0.9657894736842104,0.9178743961352656,0.9557291666666666,0.6740712074303405,0.3939904159534071
ABC,HIV-1 PR,MIX,Train,0.9626485568760612,0.9818181818181818,0.9476650563607084,0.972138876982426,0.7380355276907001,0.5496165021051919
ABC,HIV-1 PR,MIX,Validation,0.9475,0.9869791666666666,0.937046004842615,0.9668367346938777,0.6314206178160919,0.3846417655768012
ABC,HIV-1 PR,MIX,Test,0.9641873278236914,0.9210526315789472,0.8961352657004831,0.9421265141318976,0.7693498452012384,0.4500280481965847
ABC,HIV-1 PR,MIX,Train,0.951735817104149,0.974003466204506,0.9298952457695407,0.9627408993576018,0.6594155262057013,0.3795094280505304
ABC,HIV-1 PR,MIX,Validation,0.953846153846154,0.9662337662337662,0.92512077294686,0.96,0.6727720555306762,0.3773939513229644
ABC,HIV-1 PR,MIX,Test,0.968481375358166,0.8894736842105263,0.8719806763285024,0.9272976680384089,0.7829721362229102,0.4271058639316461
ABC,HIV-1 PR,MIX,Train,0.9298952457695407,1.0,0.9298952457695407,0.9636743215031316,0.5,0.0
ABC,HIV-1 PR,MIX,Validation,0.929951690821256,1.0,0.929951690821256,0.9637046307884856,0.5,0.0
ABC,HIV-1 PR,MIX,Test,0.9178743961352656,1.0,0.9178743961352656,0.9571788413098236,0.5,0.0
ABC,HIV-1 PR,MIX,Train,0.9389747762408462,1.0,0.9395648670427076,0.9685270667226186,0.5689655172413793,0.3598802054019041
ABC,HIV-1 PR,MIX,Validation,0.929951690821256,1.0,0.929951690821256,0.9637046307884856,0.5,0.0
ABC,HIV-1 PR,MIX,Test,0.9178743961352656,1.0,0.9178743961352656,0.9571788413098236,0.5,0.0
ABC,HIV-1 PR,MIX,Train,0.9550466497031382,0.9748917748917748,0.9339774557165862,0.9648671808054842,0.6828481862964622,0.4253477047947717
ABC,HIV-1 PR,MIX,Validation,0.9438775510204082,0.9635416666666666,0.9128329297820824,0.9536082474226804,0.6024604885057472,0.2383407754875129
ABC,HIV-1 PR,MIX,Test,0.968481375358166,0.8894736842105263,0.8719806763285024,0.9272976680384089,0.7829721362229102,0.4271058639316461
ABC,HIV-1 PR,MIX,Train,0.9298952457695407,1.0,0.9298952457695407,0.9636743215031316,0.5,0.0
ABC,HIV-1 PR,MIX,Validation,0.929951690821256,1.0,0.929951690821256,0.9637046307884856,0.5,0.0
ABC,HIV-1 PR,MIX,Test,0.9178743961352656,1.0,0.9178743961352656,0.9571788413098236,0.5,0.0
ABC,HIV-1 PR,MIX,Train,0.9298952457695407,1.0,0.9298952457695407,0.9636743215031316,0.5,0.0
ABC,HIV-1 PR,MIX,Validation,0.929951690821256,1.0,0.929951690821256,0.9637046307884856,0.5,0.0
ABC,HIV-1 PR,MIX,Test,0.9178743961352656,1.0,0.9178743961352656,0.9571788413098236,0.5,0.0
ABC,HIV-1 PR,MIX,Train,0.9298952457695407,1.0,0.9298952457695407,0.9636743215031316,0.5,0.0
ABC,HIV-1 PR,MIX,Validation,0.929951690821256,1.0,0.929951690821256,0.9637046307884856,0.5,0.0
ABC,HIV-1 PR,MIX,Test,0.9178743961352656,1.0,0.9178743961352656,0.9571788413098236,0.5,0.0
ABC,HIV-1 PR,MIX,Train,0.929951690821256,1.0,0.929951690821256,0.9637046307884856,0.5,0.0
ABC,HIV-1 PR,MIX,Validation,0.9297820823244553,1.0,0.9297820823244553,0.9636135508155584,0.5,0.0
ABC,HIV-1 PR,MIX,Test,0.9178743961352656,1.0,0.9178743961352656,0.9571788413098236,0.5,0.0
ABC,HIV-1 PR,MIX,Train,0.9366368805848904,0.9991334488734837,0.936341659951652,0.9668763102725368,0.5512908623677762,0.2929567445678125
ABC,HIV-1 PR,MIX,Validation,0.9322033898305084,1.0,0.932367149758454,0.9649122807017544,0.5172413793103448,0.1792901126022126
ABC,HIV-1 PR,MIX,Test,0.928921568627451,0.9973684210526316,0.927536231884058,0.9619289340101524,0.5722136222910217,0.3317986967414906
ABC,HIV-1 PR,MIX,Train,0.9382113821138212,1.0,0.9387590652699436,0.9681208053691276,0.5632183908045977,0.3444189710564541
ABC,HIV-1 PR,MIX,Validation,0.9367396593673966,1.0,0.9371980676328504,0.9673366834170856,0.5517241379310345,0.3112942381303884
ABC,HIV-1 PR,MIX,Test,0.928921568627451,0.9973684210526316,0.927536231884058,0.9619289340101524,0.5722136222910217,0.3317986967414906
ABC,HIV-1 PR,MIX,Train,0.9473684210526316,0.9982668977469672,0.9468170829975826,0.9721518987341772,0.6313173569194606,0.4772850899159481
ABC,HIV-1 PR,MIX,Validation,0.9297820823244553,0.9974025974025974,0.927536231884058,0.962406015037594,0.4987012987012987,-0.0135049695206861
ABC,HIV-1 PR,MIX,Test,0.9219512195121952,0.9947368421052633,0.9178743961352656,0.9569620253164556,0.5267801857585139,0.1503325117169807
ABC,HIV-1 PR,MIX,Train,0.9344660194174758,1.0,0.9347826086956522,0.9661229611041404,0.5344827586206897,0.2538620341319651
ABC,HIV-1 PR,MIX,Validation,0.9318734793187348,0.9973958333333334,0.9297820823244553,0.9635220125786164,0.5159392959770115,0.1173350690244231
ABC,HIV-1 PR,MIX,Test,0.9310344827586208,0.9947368421052633,0.927536231884058,0.9618320610687024,0.5856037151702786,0.3414647328296349
ABC,HIV-1 PR,MIX,Train,0.9922547332185886,0.9991334488734837,0.991941982272361,0.9956822107081176,0.9478425865057072,0.9367016949884004
ABC,HIV-1 PR,MIX,Validation,0.9668367346938777,0.9844155844155844,0.9541062801932368,0.9755469755469756,0.7680698611733094,0.6100325025905886
ABC,HIV-1 PR,MIX,Test,0.9787234042553192,0.968421052631579,0.9516908212560388,0.9735449735449736,0.86656346749226,0.69714756014551
ABC,HIV-1 PR,MIX,Train,0.9896995708154508,0.9991334488734837,0.9895245769540691,0.994394135403191,0.9306012071953624,0.9170605482693402
ABC,HIV-1 PR,MIX,Validation,0.9792746113989638,0.9818181818181818,0.9637681159420288,0.980544747081712,0.8529780564263324,0.7175206407242581
ABC,HIV-1 PR,MIX,Test,0.9556135770234988,0.963157894736842,0.92512077294686,0.9593709043250328,0.7315789473684211,0.4831478976691186
ABC,HIV-1 PR,MIX,Train,0.9991326973113616,0.9982668977469672,0.9975825946817084,0.9986996098829648,0.993386322436702,0.9815753477372892
ABC,HIV-1 PR,MIX,Validation,0.9571788413098236,0.987012987012987,0.9468599033816424,0.9718670076726342,0.7004030452306315,0.5155181519639432
ABC,HIV-1 PR,MIX,Test,0.953846153846154,0.9789473684210528,0.9371980676328504,0.9662337662337662,0.7247678018575852,0.5281501731347192
ABC,HIV-1 PR,MIX,Train,0.993975903614458,1.0,0.9943639291465378,0.9969788519637462,0.9597701149425288,0.9560339067783352
ABC,HIV-1 PR,MIX,Validation,0.957286432160804,0.9921875,0.9515738498789348,0.9744245524296676,0.7029903017241379,0.5544759712664157
ABC,HIV-1 PR,MIX,Test,0.968421052631579,0.968421052631579,0.9420289855072465,0.968421052631579,0.8077399380804953,0.6154798761609908
ABC,HIV-1 PR,MIX,Train,0.951735817104149,0.974003466204506,0.9298952457695407,0.9627408993576018,0.6594155262057013,0.3795094280505304
ABC,HIV-1 PR,MIX,Validation,0.953846153846154,0.9662337662337662,0.92512077294686,0.96,0.6727720555306762,0.3773939513229644
ABC,HIV-1 PR,MIX,Test,0.968481375358166,0.8894736842105263,0.8719806763285024,0.9272976680384089,0.7829721362229102,0.4271058639316461
ABC,HIV-1 PR,MIX,Train,0.9298952457695407,1.0,0.9298952457695407,0.9636743215031316,0.5,0.0
ABC,HIV-1 PR,MIX,Validation,0.929951690821256,1.0,0.929951690821256,0.9637046307884856,0.5,0.0
ABC,HIV-1 PR,MIX,Test,0.9178743961352656,1.0,0.9178743961352656,0.9571788413098236,0.5,0.0
ABC,HIV-1 PR,MIX,Train,0.9389747762408462,1.0,0.9395648670427076,0.9685270667226186,0.5689655172413793,0.3598802054019041
ABC,HIV-1 PR,MIX,Validation,0.929951690821256,1.0,0.929951690821256,0.9637046307884856,0.5,0.0
ABC,HIV-1 PR,MIX,Test,0.9178743961352656,1.0,0.9178743961352656,0.9571788413098236,0.5,0.0
ABC,HIV-1 PR,MIX,Train,0.9550466497031382,0.9748917748917748,0.9339774557165862,0.9648671808054842,0.6828481862964622,0.4253477047947717
ABC,HIV-1 PR,MIX,Validation,0.9438775510204082,0.9635416666666666,0.9128329297820824,0.9536082474226804,0.6024604885057472,0.2383407754875129
ABC,HIV-1 PR,MIX,Test,0.968481375358166,0.8894736842105263,0.8719806763285024,0.9272976680384089,0.7829721362229102,0.4271058639316461
ABC,HIV-1 PR,MIX,Train,0.9313962873284908,1.0,0.9315068493150684,0.9644797325532805,0.5114942528735632,0.1463263780188085
ABC,HIV-1 PR,MIX,Validation,0.929951690821256,1.0,0.929951690821256,0.9637046307884856,0.5,0.0
ABC,HIV-1 PR,MIX,Test,0.9199029126213591,0.9973684210526316,0.9178743961352656,0.9570707070707072,0.513390092879257,0.1060428121116233
ABC,HIV-1 PR,MIX,Train,0.9298952457695407,1.0,0.9298952457695407,0.9636743215031316,0.5,0.0
ABC,HIV-1 PR,MIX,Validation,0.929951690821256,1.0,0.929951690821256,0.9637046307884856,0.5,0.0
ABC,HIV-1 PR,MIX,Test,0.9178743961352656,1.0,0.9178743961352656,0.9571788413098236,0.5,0.0
ABC,HIV-1 PR,MIX,Train,0.9329021827000809,1.0,0.9331184528605962,0.9652864910079464,0.5229885057471264,0.2071039699692287
ABC,HIV-1 PR,MIX,Validation,0.929951690821256,1.0,0.929951690821256,0.9637046307884856,0.5,0.0
ABC,HIV-1 PR,MIX,Test,0.9176755447941888,0.9973684210526316,0.9154589371980676,0.9558638083228248,0.4986842105263158,-0.0147188078040711
ABC,HIV-1 PR,MIX,Train,0.9550466497031382,0.9748917748917748,0.9339774557165862,0.9648671808054842,0.6828481862964622,0.4253477047947717
ABC,HIV-1 PR,MIX,Validation,0.9438775510204082,0.9635416666666666,0.9128329297820824,0.9536082474226804,0.6024604885057472,0.2383407754875129
ABC,HIV-1 PR,MIX,Test,0.968481375358166,0.8894736842105263,0.8719806763285024,0.9272976680384089,0.7829721362229102,0.4271058639316461
ABC,HIV-1 PR,MIX,Train,0.9298952457695407,1.0,0.9298952457695407,0.9636743215031316,0.5,0.0
ABC,HIV-1 PR,MIX,Validation,0.929951690821256,1.0,0.929951690821256,0.9637046307884856,0.5,0.0
ABC,HIV-1 PR,MIX,Test,0.9178743961352656,1.0,0.9178743961352656,0.9571788413098236,0.5,0.0
ABC,HIV-1 PR,MIX,Train,0.9321486268174476,1.0,0.9323126510878323,0.9648829431438128,0.5172413793103448,0.1792848462563229
ABC,HIV-1 PR,MIX,Validation,0.929951690821256,1.0,0.929951690821256,0.9637046307884856,0.5,0.0
ABC,HIV-1 PR,MIX,Test,0.9221411192214112,0.9973684210526316,0.9202898550724636,0.9582806573957016,0.5280959752321982,0.1818962834630596
ABC,HIV-1 PR,MIX,Train,0.9298952457695407,1.0,0.9298952457695407,0.9636743215031316,0.5,0.0
ABC,HIV-1 PR,MIX,Validation,0.929951690821256,1.0,0.929951690821256,0.9637046307884856,0.5,0.0
ABC,HIV-1 PR,MIX,Test,0.9178743961352656,1.0,0.9178743961352656,0.9571788413098236,0.5,0.0
ABC,HIV-1 PR,MIX,Train,0.929951690821256,1.0,0.929951690821256,0.9637046307884856,0.5,0.0
ABC,HIV-1 PR,MIX,Validation,0.9297820823244553,1.0,0.9297820823244553,0.9636135508155584,0.5,0.0
ABC,HIV-1 PR,MIX,Test,0.9178743961352656,1.0,0.9178743961352656,0.9571788413098236,0.5,0.0
ABC,HIV-1 PR,MIX,Train,0.9744245524296676,0.9904679376083187,0.96696212731668,0.9823807477438762,0.8228201757007112,0.724352116649516
ABC,HIV-1 PR,MIX,Validation,0.9690721649484536,0.9766233766233766,0.9492753623188406,0.9728331177231564,0.7814151365875504,0.5921125632284316
ABC,HIV-1 PR,MIX,Test,0.9731182795698924,0.9526315789473684,0.932367149758454,0.9627659574468084,0.8292569659442723,0.5988252566054008
ABC,HIV-1 PR,MIX,Train,0.958368026644463,0.9974003466204506,0.9572925060435132,0.9774946921443736,0.7113438514711449,0.6110554819613448
ABC,HIV-1 PR,MIX,Validation,0.9721518987341772,0.9974025974025974,0.9710144927536232,0.9846153846153848,0.8090461262875056,0.75388884177014
ABC,HIV-1 PR,MIX,Test,0.951530612244898,0.9815789473684212,0.9371980676328504,0.966321243523316,0.7113777089783282,0.5174472283687309
ABC,HIV-1 PR,MIX,Train,0.9647058823529412,0.9948006932409011,0.9613215149073328,0.9795221843003412,0.756021036275623,0.6585816240776994
ABC,HIV-1 PR,MIX,Validation,0.9522613065326632,0.9844155844155844,0.9396135265700484,0.9680715197956578,0.6646215853112405,0.4359579599462429
ABC,HIV-1 PR,MIX,Test,0.9434447300771208,0.9657894736842104,0.9154589371980676,0.9544863459037712,0.6593653250773994,0.3673755763821323
ABC,HIV-1 PR,MIX,Train,0.9719148936170212,0.9887445887445888,0.9629629629629628,0.9802575107296138,0.8047171219585013,0.6885272565093427
ABC,HIV-1 PR,MIX,Validation,0.9475,0.9869791666666666,0.937046004842615,0.9668367346938777,0.6314206178160919,0.3846417655768012
ABC,HIV-1 PR,MIX,Test,0.9673024523160764,0.9342105263157896,0.9106280193236715,0.9504685408299868,0.7906346749226005,0.5030680303653663
ABC,HIV-1 PR,MIX,Train,0.951735817104149,0.974003466204506,0.9298952457695407,0.9627408993576018,0.6594155262057013,0.3795094280505304
ABC,HIV-1 PR,MIX,Validation,0.953846153846154,0.9662337662337662,0.92512077294686,0.96,0.6727720555306762,0.3773939513229644
ABC,HIV-1 PR,MIX,Test,0.968481375358166,0.8894736842105263,0.8719806763285024,0.9272976680384089,0.7829721362229102,0.4271058639316461
ABC,HIV-1 PR,MIX,Train,0.9298952457695407,1.0,0.9298952457695407,0.9636743215031316,0.5,0.0
ABC,HIV-1 PR,MIX,Validation,0.929951690821256,1.0,0.929951690821256,0.9637046307884856,0.5,0.0
ABC,HIV-1 PR,MIX,Test,0.9178743961352656,1.0,0.9178743961352656,0.9571788413098236,0.5,0.0
ABC,HIV-1 PR,MIX,Train,0.9389747762408462,1.0,0.9395648670427076,0.9685270667226186,0.5689655172413793,0.3598802054019041
ABC,HIV-1 PR,MIX,Validation,0.929951690821256,1.0,0.929951690821256,0.9637046307884856,0.5,0.0
ABC,HIV-1 PR,MIX,Test,0.9178743961352656,1.0,0.9178743961352656,0.9571788413098236,0.5,0.0
ABC,HIV-1 PR,MIX,Train,0.9550466497031382,0.9748917748917748,0.9339774557165862,0.9648671808054842,0.6828481862964622,0.4253477047947717
ABC,HIV-1 PR,MIX,Validation,0.9438775510204082,0.9635416666666666,0.9128329297820824,0.9536082474226804,0.6024604885057472,0.2383407754875129
ABC,HIV-1 PR,MIX,Test,0.968481375358166,0.8894736842105263,0.8719806763285024,0.9272976680384089,0.7829721362229102,0.4271058639316461
ABC,HIV-1 PR,MIX,Train,0.9298952457695407,1.0,0.9298952457695407,0.9636743215031316,0.5,0.0
ABC,HIV-1 PR,MIX,Validation,0.929951690821256,1.0,0.929951690821256,0.9637046307884856,0.5,0.0
ABC,HIV-1 PR,MIX,Test,0.9178743961352656,1.0,0.9178743961352656,0.9571788413098236,0.5,0.0
ABC,HIV-1 PR,MIX,Train,0.934412955465587,1.0,0.934730056406124,0.9660946002511512,0.5344827586206897,0.2538548262112228
ABC,HIV-1 PR,MIX,Validation,0.9297820823244553,0.9974025974025974,0.927536231884058,0.962406015037594,0.4987012987012987,-0.0135049695206861
ABC,HIV-1 PR,MIX,Test,0.9287469287469288,0.9947368421052633,0.92512077294686,0.960609911054638,0.5708978328173375,0.3019590065615495
ABC,HIV-1 PR,MIX,Train,0.9329021827000809,1.0,0.9331184528605962,0.9652864910079464,0.5229885057471264,0.2071039699692287
ABC,HIV-1 PR,MIX,Validation,0.929951690821256,1.0,0.929951690821256,0.9637046307884856,0.5,0.0
ABC,HIV-1 PR,MIX,Test,0.9176755447941888,0.9973684210526316,0.9154589371980676,0.9558638083228248,0.4986842105263158,-0.0147188078040711
ABC,HIV-1 PR,MIX,Train,0.929951690821256,1.0,0.929951690821256,0.9637046307884856,0.5,0.0
ABC,HIV-1 PR,MIX,Validation,0.9297820823244553,1.0,0.9297820823244553,0.9636135508155584,0.5,0.0
ABC,HIV-1 PR,MIX,Test,0.9178743961352656,1.0,0.9178743961352656,0.9571788413098236,0.5,0.0
ABC,HIV-1 PR,MIX,Train,0.9298952457695407,1.0,0.9298952457695407,0.9636743215031316,0.5,0.0
ABC,HIV-1 PR,MIX,Validation,0.929951690821256,1.0,0.929951690821256,0.9637046307884856,0.5,0.0
ABC,HIV-1 PR,MIX,Test,0.9178743961352656,1.0,0.9178743961352656,0.9571788413098236,0.5,0.0
ABC,HIV-1 PR,MIX,Train,0.934412955465587,1.0,0.934730056406124,0.9660946002511512,0.5344827586206897,0.2538548262112228
ABC,HIV-1 PR,MIX,Validation,0.929951690821256,1.0,0.929951690821256,0.9637046307884856,0.5,0.0
ABC,HIV-1 PR,MIX,Test,0.9266503667481664,0.9973684210526316,0.92512077294686,0.9607097591888466,0.5575077399380806,0.2890952103265094
ABC,HIV-1 PR,MIX,Train,0.9313962873284908,1.0,0.9315068493150684,0.9644797325532805,0.5114942528735632,0.1463263780188085
ABC,HIV-1 PR,MIX,Validation,0.929951690821256,1.0,0.929951690821256,0.9637046307884856,0.5,0.0
ABC,HIV-1 PR,MIX,Test,0.9178743961352656,1.0,0.9178743961352656,0.9571788413098236,0.5,0.0
ABC,HIV-1 PR,MIX,Train,0.929951690821256,1.0,0.929951690821256,0.9637046307884856,0.5,0.0
ABC,HIV-1 PR,MIX,Validation,0.9320388349514565,1.0,0.9322033898305084,0.964824120603015,0.5172413793103448,0.1792742875337673
ABC,HIV-1 PR,MIX,Test,0.9178743961352656,1.0,0.9178743961352656,0.9571788413098236,0.5,0.0
ABC,HIV-1 PR,MIX,Train,0.9871023215821152,0.9948006932409011,0.983078162771958,0.9909365558912386,0.9111934500687264,0.8651702072913716
ABC,HIV-1 PR,MIX,Validation,0.969309462915601,0.9844155844155844,0.9565217391304348,0.9768041237113402,0.7853112404836543,0.6358079364405408
ABC,HIV-1 PR,MIX,Test,0.9786666666666668,0.9657894736842104,0.9492753623188406,0.9721854304635762,0.8652476780185758,0.6865952250751349
ABC,HIV-1 PR,MIX,Train,0.9762107051826678,0.9956672443674176,0.9734085414987912,0.9858429858429858,0.8369140819538237,0.7779173746323848
ABC,HIV-1 PR,MIX,Validation,0.9743589743589745,0.987012987012987,0.9637681159420288,0.9806451612903224,0.8210927004030452,0.7013775611678732
ABC,HIV-1 PR,MIX,Test,0.961139896373057,0.9763157894736842,0.9420289855072465,0.9686684073107048,0.7675696594427245,0.585093738399327
ABC,HIV-1 PR,MIX,Train,0.9922413793103448,0.9974003466204506,0.9903303787268332,0.9948141745894556,0.9469760353791908,0.9240708304954884
ABC,HIV-1 PR,MIX,Validation,0.957286432160804,0.9896103896103896,0.9492753623188406,0.9731800766283524,0.7017017465293327,0.5341552371049723
ABC,HIV-1 PR,MIX,Test,0.9540816326530612,0.9842105263157894,0.9420289855072465,0.9689119170984456,0.7273993808049535,0.5566678714563644
ABC,HIV-1 PR,MIX,Train,0.9863013698630136,0.9974025974025974,0.9847020933977456,0.991820921222557,0.906747275712793,0.8771381200276132
ABC,HIV-1 PR,MIX,Validation,0.9526184538653366,0.9947916666666666,0.9491525423728814,0.973248407643312,0.6698096264367817,0.5166472285448303
ABC,HIV-1 PR,MIX,Test,0.9655172413793104,0.9578947368421052,0.929951690821256,0.9616908850726552,0.7877708978328173,0.5539066601724139
ABC,HIV-1 PR,MIX,Train,0.9298952457695407,1.0,0.9298952457695407,0.9636743215031316,0.5,0.0
ABC,HIV-1 PR,MIX,Validation,0.929951690821256,1.0,0.929951690821256,0.9637046307884856,0.5,0.0
ABC,HIV-1 PR,MIX,Test,0.9178743961352656,1.0,0.9178743961352656,0.9571788413098236,0.5,0.0
ABC,HIV-1 PR,MIX,Train,0.9298952457695407,1.0,0.9298952457695407,0.9636743215031316,0.5,0.0
ABC,HIV-1 PR,MIX,Validation,0.929951690821256,1.0,0.929951690821256,0.9637046307884856,0.5,0.0
ABC,HIV-1 PR,MIX,Test,0.9178743961352656,1.0,0.9178743961352656,0.9571788413098236,0.5,0.0
ABC,HIV-1 PR,MIX,Train,0.9389747762408462,1.0,0.9395648670427076,0.9685270667226186,0.5689655172413793,0.3598802054019041
ABC,HIV-1 PR,MIX,Validation,0.929951690821256,1.0,0.929951690821256,0.9637046307884856,0.5,0.0
ABC,HIV-1 PR,MIX,Test,0.9178743961352656,1.0,0.9178743961352656,0.9571788413098236,0.5,0.0
ABC,HIV-1 PR,MIX,Train,0.9550466497031382,0.9748917748917748,0.9339774557165862,0.9648671808054842,0.6828481862964622,0.4253477047947717
ABC,HIV-1 PR,MIX,Validation,0.9438775510204082,0.9635416666666666,0.9128329297820824,0.9536082474226804,0.6024604885057472,0.2383407754875129
ABC,HIV-1 PR,MIX,Test,0.968481375358166,0.8894736842105263,0.8719806763285024,0.9272976680384089,0.7829721362229102,0.4271058639316461
ABC,HIV-1 PR,MIX,Train,0.9298952457695407,1.0,0.9298952457695407,0.9636743215031316,0.5,0.0
ABC,HIV-1 PR,MIX,Validation,0.929951690821256,1.0,0.929951690821256,0.9637046307884856,0.5,0.0
ABC,HIV-1 PR,MIX,Test,0.9178743961352656,1.0,0.9178743961352656,0.9571788413098236,0.5,0.0
ABC,HIV-1 PR,MIX,Train,0.9329021827000809,1.0,0.9331184528605962,0.9652864910079464,0.5229885057471264,0.2071039699692287
ABC,HIV-1 PR,MIX,Validation,0.929951690821256,1.0,0.929951690821256,0.9637046307884856,0.5,0.0
ABC,HIV-1 PR,MIX,Test,0.9221411192214112,0.9973684210526316,0.9202898550724636,0.9582806573957016,0.5280959752321982,0.1818962834630596
ABC,HIV-1 PR,MIX,Train,0.9298952457695407,1.0,0.9298952457695407,0.9636743215031316,0.5,0.0
ABC,HIV-1 PR,MIX,Validation,0.929951690821256,1.0,0.929951690821256,0.9637046307884856,0.5,0.0
ABC,HIV-1 PR,MIX,Test,0.9178743961352656,1.0,0.9178743961352656,0.9571788413098236,0.5,0.0
ABC,HIV-1 PR,MIX,Train,0.929951690821256,1.0,0.929951690821256,0.9637046307884856,0.5,0.0
ABC,HIV-1 PR,MIX,Validation,0.9297820823244553,1.0,0.9297820823244553,0.9636135508155584,0.5,0.0
ABC,HIV-1 PR,MIX,Test,0.9178743961352656,1.0,0.9178743961352656,0.9571788413098236,0.5,0.0
ABC,HIV-1 PR,MIX,Train,0.9298952457695407,1.0,0.9298952457695407,0.9636743215031316,0.5,0.0
ABC,HIV-1 PR,MIX,Validation,0.929951690821256,1.0,0.929951690821256,0.9637046307884856,0.5,0.0
ABC,HIV-1 PR,MIX,Test,0.9178743961352656,1.0,0.9178743961352656,0.9571788413098236,0.5,0.0
ABC,HIV-1 PR,MIX,Train,0.934412955465587,1.0,0.934730056406124,0.9660946002511512,0.5344827586206897,0.2538548262112228
ABC,HIV-1 PR,MIX,Validation,0.9322033898305084,1.0,0.932367149758454,0.9649122807017544,0.5172413793103448,0.1792901126022126
ABC,HIV-1 PR,MIX,Test,0.9266503667481664,0.9973684210526316,0.92512077294686,0.9607097591888466,0.5575077399380806,0.2890952103265094
ABC,HIV-1 PR,MIX,Train,0.9359286293592864,1.0,0.936341659951652,0.9669040636782572,0.5459770114942528,0.2933639423986944
ABC,HIV-1 PR,MIX,Validation,0.929951690821256,1.0,0.929951690821256,0.9637046307884856,0.5,0.0
ABC,HIV-1 PR,MIX,Test,0.9178743961352656,1.0,0.9178743961352656,0.9571788413098236,0.5,0.0
ABC,HIV-1 PR,MIX,Train,0.9307010475423044,1.0,0.930756843800322,0.9641068447412354,0.5057471264367817,0.1034297500245525
ABC,HIV-1 PR,MIX,Validation,0.9320388349514565,1.0,0.9322033898305084,0.964824120603015,0.5172413793103448,0.1792742875337673
ABC,HIV-1 PR,MIX,Test,0.9178743961352656,1.0,0.9178743961352656,0.9571788413098236,0.5,0.0
ABC,HIV-1 PR,MIX,Train,0.9862896315338476,0.9974003466204506,0.984689766317486,0.991813873330461,0.9067461503217196,0.8771314632730869
ABC,HIV-1 PR,MIX,Validation,0.9645569620253164,0.9896103896103896,0.9565217391304348,0.9769230769230768,0.7534258844603672,0.618208514067124
ABC,HIV-1 PR,MIX,Test,0.9761273209549072,0.968421052631579,0.9492753623188406,0.9722589167767504,0.8518575851393189,0.6772618819644415
ABC,HIV-1 PR,MIX,Train,0.9862896315338476,0.9974003466204506,0.984689766317486,0.991813873330461,0.9067461503217196,0.8771314632730869
ABC,HIV-1 PR,MIX,Validation,0.9742268041237112,0.9818181818181818,0.9589371980676328,0.9780077619663649,0.8184952978056427,0.6701312141439537
ABC,HIV-1 PR,MIX,Test,0.9584415584415584,0.9710526315789474,0.9347826086956522,0.9647058823529412,0.7502321981424149,0.538362845292111
ABC,HIV-1 PR,MIX,Train,0.9948186528497408,0.9982668977469672,0.9935535858178888,0.9965397923875432,0.9646506902527938,0.9497860512222956
ABC,HIV-1 PR,MIX,Validation,0.9548872180451128,0.9896103896103896,0.9468599033816424,0.971938775510204,0.684460367218988,0.5038837477730801
ABC,HIV-1 PR,MIX,Test,0.9512820512820512,0.9763157894736842,0.932367149758454,0.9636363636363636,0.7087461300309598,0.4905031050083808
ABC,HIV-1 PR,MIX,Train,0.9939446366782008,0.9948051948051948,0.9895330112721415,0.9943747295543056,0.957172712345126,0.919248165450804
ABC,HIV-1 PR,MIX,Validation,0.9596977329974812,0.9921875,0.953995157384988,0.9756722151088348,0.7202316810344828,0.5832022030634864
ABC,HIV-1 PR,MIX,Test,0.9707446808510638,0.9605263157894736,0.9371980676328504,0.9656084656084656,0.8184984520123839,0.6057352639355519
ABC,HIV-1 RT,PC,Train,0.7107892107892108,1.0,0.7107892107892108,0.830948905109489,0.5,0.0
ABC,HIV-1 RT,PC,Validation,0.7110778443113772,1.0,0.7110778443113772,0.8311461067366579,0.5,0.0
ABC,HIV-1 RT,PC,Test,0.7529940119760479,1.0,0.7529940119760479,0.8590947907771136,0.5,0.0
ABC,HIV-1 RT,PC,Train,0.6886930983847284,0.6591707659873507,0.545954045954046,0.6736086175942549,0.4634368510420346,-0.0710946267610234
ABC,HIV-1 RT,PC,Validation,0.6889400921658986,0.6294736842105263,0.5344311377245509,0.6578657865786579,0.4649959094627761,-0.0665152855706101
ABC,HIV-1 RT,PC,Test,0.7079439252336449,0.6023856858846919,0.5134730538922155,0.6509129967776585,0.4224049641544671,-0.1394962050820413
ABC,HIV-1 RT,PC,Train,0.7109335996005991,1.0,0.7109335996005991,0.8310475634665888,0.5,0.0
ABC,HIV-1 RT,PC,Validation,0.7106446776611695,1.0,0.7106446776611695,0.8308501314636284,0.5,0.0
ABC,HIV-1 RT,PC,Test,0.7529940119760479,1.0,0.7529940119760479,0.8590947907771136,0.5,0.0
ABC,HIV-1 RT,PC,Train,0.7109335996005991,1.0,0.7109335996005991,0.8310475634665888,0.5,0.0
ABC,HIV-1 RT,PC,Validation,0.7106446776611695,1.0,0.7106446776611695,0.8308501314636284,0.5,0.0
ABC,HIV-1 RT,PC,Test,0.7529940119760479,1.0,0.7529940119760479,0.8590947907771136,0.5,0.0
ABC,HIV-1 RT,PC,Train,0.7107892107892108,1.0,0.7107892107892108,0.830948905109489,0.5,0.0
ABC,HIV-1 RT,PC,Validation,0.7110778443113772,1.0,0.7110778443113772,0.8311461067366579,0.5,0.0
ABC,HIV-1 RT,PC,Test,0.7529940119760479,1.0,0.7529940119760479,0.8590947907771136,0.5,0.0
ABC,HIV-1 RT,PC,Train,0.7107892107892108,1.0,0.7107892107892108,0.830948905109489,0.5,0.0
ABC,HIV-1 RT,PC,Validation,0.7110778443113772,1.0,0.7110778443113772,0.8311461067366579,0.5,0.0
ABC,HIV-1 RT,PC,Test,0.7529940119760479,1.0,0.7529940119760479,0.8590947907771136,0.5,0.0
ABC,HIV-1 RT,PC,Train,0.7109335996005991,1.0,0.7109335996005991,0.8310475634665888,0.5,0.0
ABC,HIV-1 RT,PC,Validation,0.7106446776611695,1.0,0.7106446776611695,0.8308501314636284,0.5,0.0
ABC,HIV-1 RT,PC,Test,0.7529940119760479,1.0,0.7529940119760479,0.8590947907771136,0.5,0.0
ABC,HIV-1 RT,PC,Train,0.7109335996005991,1.0,0.7109335996005991,0.8310475634665888,0.5,0.0
ABC,HIV-1 RT,PC,Validation,0.7106446776611695,1.0,0.7106446776611695,0.8308501314636284,0.5,0.0
ABC,HIV-1 RT,PC,Test,0.7529940119760479,1.0,0.7529940119760479,0.8590947907771136,0.5,0.0
ABC,HIV-1 RT,PC,Train,0.7107892107892108,1.0,0.7107892107892108,0.830948905109489,0.5,0.0
ABC,HIV-1 RT,PC,Validation,0.7110778443113772,1.0,0.7110778443113772,0.8311461067366579,0.5,0.0
ABC,HIV-1 RT,PC,Test,0.7529940119760479,1.0,0.7529940119760479,0.8590947907771136,0.5,0.0
ABC,HIV-1 RT,PC,Train,0.7107892107892108,1.0,0.7107892107892108,0.830948905109489,0.5,0.0
ABC,HIV-1 RT,PC,Validation,0.7110778443113772,1.0,0.7110778443113772,0.8311461067366579,0.5,0.0
ABC,HIV-1 RT,PC,Test,0.7529940119760479,1.0,0.7529940119760479,0.8590947907771136,0.5,0.0
ABC,HIV-1 RT,PC,Train,0.7109335996005991,1.0,0.7109335996005991,0.8310475634665888,0.5,0.0
ABC,HIV-1 RT,PC,Validation,0.7106446776611695,1.0,0.7106446776611695,0.8308501314636284,0.5,0.0
ABC,HIV-1 RT,PC,Test,0.7529940119760479,1.0,0.7529940119760479,0.8590947907771136,0.5,0.0
ABC,HIV-1 RT,PC,Train,0.7109335996005991,1.0,0.7109335996005991,0.8310475634665888,0.5,0.0
ABC,HIV-1 RT,PC,Validation,0.7106446776611695,1.0,0.7106446776611695,0.8308501314636284,0.5,0.0
ABC,HIV-1 RT,PC,Test,0.7529940119760479,1.0,0.7529940119760479,0.8590947907771136,0.5,0.0
ABC,HIV-1 RT,PC,Train,0.6996314496314496,0.8004216444132115,0.6138861138861139,0.74664044575549,0.4779310294604917,-0.0513441302072163
ABC,HIV-1 RT,PC,Validation,0.6872659176029963,0.7726315789473684,0.5883233532934131,0.7274529236868187,0.4536733024270521,-0.1048730188400501
ABC,HIV-1 RT,PC,Test,0.7378815080789947,0.8170974155069582,0.6437125748502994,0.7754716981132076,0.4661244653292367,-0.0784969950669965
ABC,HIV-1 RT,PC,Train,0.6874154262516915,0.7139845397048489,0.5659340659340659,0.7004481213374698,0.4580285392824763,-0.0865810704861837
ABC,HIV-1 RT,PC,Validation,0.6942675159235668,0.6884210526315789,0.562874251497006,0.6913319238900634,0.4711535314971367,-0.0573461862729984
ABC,HIV-1 RT,PC,Test,0.708779443254818,0.658051689860835,0.5389221556886228,0.6824742268041237,0.4169046328092053,-0.1562702484332898
ABC,HIV-1 RT,PC,Train,0.6971664698937426,0.8293539325842697,0.6225661507738393,0.7575368826170622,0.4716717849449846,-0.071106211485911
ABC,HIV-1 RT,PC,Validation,0.7015706806282722,0.8481012658227848,0.6356821589205397,0.7679083094555874,0.4810454515642421,-0.0494049001250917
ABC,HIV-1 RT,PC,Test,0.7455197132616488,0.827037773359841,0.657185628742515,0.7841658812441094,0.4832158563768902,-0.0390338784493224
ABC,HIV-1 RT,PC,Train,0.6905606813342796,0.6832865168539326,0.5571642536195707,0.6869043416872573,0.4651320321748073,-0.069215313402811
ABC,HIV-1 RT,PC,Validation,0.6729166666666667,0.6814345991561181,0.5382308845577212,0.6771488469601677,0.4339815482827223,-0.1332974170342026
ABC,HIV-1 RT,PC,Test,0.74375,0.709741550695825,0.5973053892215568,0.7263479145473042,0.4821435026206397,-0.0342493782079836
ABC,HIV-1 RT,PC,Train,0.7107892107892108,1.0,0.7107892107892108,0.830948905109489,0.5,0.0
ABC,HIV-1 RT,PC,Validation,0.7110778443113772,1.0,0.7110778443113772,0.8311461067366579,0.5,0.0
ABC,HIV-1 RT,PC,Test,0.7529940119760479,1.0,0.7529940119760479,0.8590947907771136,0.5,0.0
ABC,HIV-1 RT,PC,Train,0.6886930983847284,0.6591707659873507,0.545954045954046,0.6736086175942549,0.4634368510420346,-0.0710946267610234
ABC,HIV-1 RT,PC,Validation,0.6889400921658986,0.6294736842105263,0.5344311377245509,0.6578657865786579,0.4649959094627761,-0.0665152855706101
ABC,HIV-1 RT,PC,Test,0.7079439252336449,0.6023856858846919,0.5134730538922155,0.6509129967776585,0.4224049641544671,-0.1394962050820413
ABC,HIV-1 RT,PC,Train,0.7109335996005991,1.0,0.7109335996005991,0.8310475634665888,0.5,0.0
ABC,HIV-1 RT,PC,Validation,0.7106446776611695,1.0,0.7106446776611695,0.8308501314636284,0.5,0.0
ABC,HIV-1 RT,PC,Test,0.7529940119760479,1.0,0.7529940119760479,0.8590947907771136,0.5,0.0
ABC,HIV-1 RT,PC,Train,0.7109335996005991,1.0,0.7109335996005991,0.8310475634665888,0.5,0.0
ABC,HIV-1 RT,PC,Validation,0.7106446776611695,1.0,0.7106446776611695,0.8308501314636284,0.5,0.0
ABC,HIV-1 RT,PC,Test,0.7529940119760479,1.0,0.7529940119760479,0.8590947907771136,0.5,0.0
ABC,HIV-1 RT,PC,Train,0.7107892107892108,1.0,0.7107892107892108,0.830948905109489,0.5,0.0
ABC,HIV-1 RT,PC,Validation,0.7110778443113772,1.0,0.7110778443113772,0.8311461067366579,0.5,0.0
ABC,HIV-1 RT,PC,Test,0.7529940119760479,1.0,0.7529940119760479,0.8590947907771136,0.5,0.0
ABC,HIV-1 RT,PC,Train,0.7107892107892108,1.0,0.7107892107892108,0.830948905109489,0.5,0.0
ABC,HIV-1 RT,PC,Validation,0.7110778443113772,1.0,0.7110778443113772,0.8311461067366579,0.5,0.0
ABC,HIV-1 RT,PC,Test,0.7529940119760479,1.0,0.7529940119760479,0.8590947907771136,0.5,0.0
ABC,HIV-1 RT,PC,Train,0.7109335996005991,1.0,0.7109335996005991,0.8310475634665888,0.5,0.0
ABC,HIV-1 RT,PC,Validation,0.7106446776611695,1.0,0.7106446776611695,0.8308501314636284,0.5,0.0
ABC,HIV-1 RT,PC,Test,0.7529940119760479,1.0,0.7529940119760479,0.8590947907771136,0.5,0.0
ABC,HIV-1 RT,PC,Train,0.7109335996005991,1.0,0.7109335996005991,0.8310475634665888,0.5,0.0
ABC,HIV-1 RT,PC,Validation,0.7106446776611695,1.0,0.7106446776611695,0.8308501314636284,0.5,0.0
ABC,HIV-1 RT,PC,Test,0.7529940119760479,1.0,0.7529940119760479,0.8590947907771136,0.5,0.0
ABC,HIV-1 RT,PC,Train,0.7011494252873564,0.9002108222066058,0.6563436563436563,0.7883076923076923,0.4786028204297277,-0.0686973462782934
ABC,HIV-1 RT,PC,Validation,0.6937086092715232,0.8821052631578947,0.6392215568862275,0.7766450417052827,0.4617780201799836,-0.1177226900641209
ABC,HIV-1 RT,PC,Test,0.742671009771987,0.9065606361829026,0.6931137724550899,0.8164726947179947,0.4744924393035725,-0.0807130620328363
ABC,HIV-1 RT,PC,Train,0.702870005627462,0.8777231201686577,0.6493506493506493,0.780625,0.4829030108615309,-0.0490858584206829
ABC,HIV-1 RT,PC,Validation,0.7098445595854922,0.8652631578947368,0.6526946107784432,0.7798861480075902,0.4973984183256068,-0.0069399866421051
ABC,HIV-1 RT,PC,Test,0.7392795883361921,0.856858846918489,0.6646706586826348,0.7937384898710865,0.4678233628531839,-0.0832823311726272
ABC,HIV-1 RT,PC,Train,0.7022441160372195,0.9009831460674156,0.6580129805292062,0.7892956013534297,0.4807160980768857,-0.0617580505466004
ABC,HIV-1 RT,PC,Validation,0.7073170731707317,0.9177215189873418,0.671664167916042,0.7988980716253443,0.4925395159703548,-0.0252362950509091
ABC,HIV-1 RT,PC,Test,0.7397034596375618,0.8926441351888668,0.6826347305389222,0.809009009009009,0.4675341888065546,-0.0972126889110968
ABC,HIV-1 RT,PC,Train,0.6963260619977037,0.8518258426966292,0.6305541687468796,0.7662665824384081,0.4690908142671401,-0.0832467921678452
ABC,HIV-1 RT,PC,Validation,0.6952054794520548,0.8565400843881856,0.631184407796102,0.7674858223062382,0.4671301458210358,-0.090312970855513
ABC,HIV-1 RT,PC,Test,0.7329931972789115,0.856858846918489,0.657185628742515,0.7901008249312558,0.4526718477016687,-0.1257308505820352
ABC,HIV-1 RT,PC,Train,0.694478527607362,0.7955024595924104,0.6058941058941059,0.7415656731084179,0.4676994163247026,-0.0753037884425542
ABC,HIV-1 RT,PC,Validation,0.6920222634508348,0.7852631578947369,0.5988023952095808,0.7357001972386588,0.4625797654758659,-0.0859355225756993
ABC,HIV-1 RT,PC,Test,0.7328519855595668,0.8071570576540755,0.6332335329341318,0.7682119205298014,0.4550936803421892,-0.1029570560205728
ABC,HIV-1 RT,PC,Train,0.7125796178343949,0.6289529163738581,0.5559440559440559,0.6681597611048898,0.5027320713130086,0.0051238867863013
ABC,HIV-1 RT,PC,Validation,0.6853658536585366,0.5915789473684211,0.5164670658682635,0.6350282485875707,0.4615925824925007,-0.0715103296516397
ABC,HIV-1 RT,PC,Test,0.7248803827751196,0.6023856858846919,0.5284431137724551,0.6579804560260586,0.4527079944574974,-0.0842918424777832
ABC,HIV-1 RT,PC,Train,0.6996805111821086,0.7689606741573034,0.6010983524712931,0.7326865172298428,0.4786081436416914,-0.0469222165752112
ABC,HIV-1 RT,PC,Validation,0.7118320610687023,0.7869198312236287,0.6221889055472264,0.7474949899799599,0.5022682057672547,0.0050124102469268
ABC,HIV-1 RT,PC,Test,0.7361376673040153,0.7654075546719682,0.6167664670658682,0.7504873294346979,0.4645219591541659,-0.0742302193911231
ABC,HIV-1 RT,PC,Train,0.6925266903914591,0.6832865168539326,0.5591612581128308,0.687875574407918,0.4685862636083134,-0.0622379261704175
ABC,HIV-1 RT,PC,Validation,0.7010309278350515,0.7172995780590717,0.5817091454272864,0.7090719499478624,0.4830021206357535,-0.0346087569073028
ABC,HIV-1 RT,PC,Test,0.740041928721174,0.7017892644135189,0.5898203592814372,0.7204081632653061,0.4751370564491837,-0.0474605351742911
ABC,HIV-1 RT,PC,Train,0.7107892107892108,1.0,0.7107892107892108,0.830948905109489,0.5,0.0
ABC,HIV-1 RT,PC,Validation,0.7110778443113772,1.0,0.7110778443113772,0.8311461067366579,0.5,0.0
ABC,HIV-1 RT,PC,Test,0.7529940119760479,1.0,0.7529940119760479,0.8590947907771136,0.5,0.0
ABC,HIV-1 RT,PC,Train,0.6886930983847284,0.6591707659873507,0.545954045954046,0.6736086175942549,0.4634368510420346,-0.0710946267610234
ABC,HIV-1 RT,PC,Validation,0.6889400921658986,0.6294736842105263,0.5344311377245509,0.6578657865786579,0.4649959094627761,-0.0665152855706101
ABC,HIV-1 RT,PC,Test,0.7079439252336449,0.6023856858846919,0.5134730538922155,0.6509129967776585,0.4224049641544671,-0.1394962050820413
ABC,HIV-1 RT,PC,Train,0.7109335996005991,1.0,0.7109335996005991,0.8310475634665888,0.5,0.0
ABC,HIV-1 RT,PC,Validation,0.7106446776611695,1.0,0.7106446776611695,0.8308501314636284,0.5,0.0
ABC,HIV-1 RT,PC,Test,0.7529940119760479,1.0,0.7529940119760479,0.8590947907771136,0.5,0.0
ABC,HIV-1 RT,PC,Train,0.7109335996005991,1.0,0.7109335996005991,0.8310475634665888,0.5,0.0
ABC,HIV-1 RT,PC,Validation,0.7106446776611695,1.0,0.7106446776611695,0.8308501314636284,0.5,0.0
ABC,HIV-1 RT,PC,Test,0.7529940119760479,1.0,0.7529940119760479,0.8590947907771136,0.5,0.0
ABC,HIV-1 RT,PC,Train,0.7107892107892108,1.0,0.7107892107892108,0.830948905109489,0.5,0.0
ABC,HIV-1 RT,PC,Validation,0.7110778443113772,1.0,0.7110778443113772,0.8311461067366579,0.5,0.0
ABC,HIV-1 RT,PC,Test,0.7529940119760479,1.0,0.7529940119760479,0.8590947907771136,0.5,0.0
ABC,HIV-1 RT,PC,Train,0.7107892107892108,1.0,0.7107892107892108,0.830948905109489,0.5,0.0
ABC,HIV-1 RT,PC,Validation,0.7110778443113772,1.0,0.7110778443113772,0.8311461067366579,0.5,0.0
ABC,HIV-1 RT,PC,Test,0.7529940119760479,1.0,0.7529940119760479,0.8590947907771136,0.5,0.0
ABC,HIV-1 RT,PC,Train,0.7109335996005991,1.0,0.7109335996005991,0.8310475634665888,0.5,0.0
ABC,HIV-1 RT,PC,Validation,0.7106446776611695,1.0,0.7106446776611695,0.8308501314636284,0.5,0.0
ABC,HIV-1 RT,PC,Test,0.7529940119760479,1.0,0.7529940119760479,0.8590947907771136,0.5,0.0
ABC,HIV-1 RT,PC,Train,0.7109335996005991,1.0,0.7109335996005991,0.8310475634665888,0.5,0.0
ABC,HIV-1 RT,PC,Validation,0.7106446776611695,1.0,0.7106446776611695,0.8308501314636284,0.5,0.0
ABC,HIV-1 RT,PC,Test,0.7529940119760479,1.0,0.7529940119760479,0.8590947907771136,0.5,0.0
ABC,HIV-1 RT,PC,Train,0.7107892107892108,1.0,0.7107892107892108,0.830948905109489,0.5,0.0
ABC,HIV-1 RT,PC,Validation,0.7110778443113772,1.0,0.7110778443113772,0.8311461067366579,0.5,0.0
ABC,HIV-1 RT,PC,Test,0.7529940119760479,1.0,0.7529940119760479,0.8590947907771136,0.5,0.0
ABC,HIV-1 RT,PC,Train,0.7107892107892108,1.0,0.7107892107892108,0.830948905109489,0.5,0.0
ABC,HIV-1 RT,PC,Validation,0.7110778443113772,1.0,0.7110778443113772,0.8311461067366579,0.5,0.0
ABC,HIV-1 RT,PC,Test,0.7529940119760479,1.0,0.7529940119760479,0.8590947907771136,0.5,0.0
ABC,HIV-1 RT,PC,Train,0.7109335996005991,1.0,0.7109335996005991,0.8310475634665888,0.5,0.0
ABC,HIV-1 RT,PC,Validation,0.7106446776611695,1.0,0.7106446776611695,0.8308501314636284,0.5,0.0
ABC,HIV-1 RT,PC,Test,0.7529940119760479,1.0,0.7529940119760479,0.8590947907771136,0.5,0.0
ABC,HIV-1 RT,PC,Train,0.7109335996005991,1.0,0.7109335996005991,0.8310475634665888,0.5,0.0
ABC,HIV-1 RT,PC,Validation,0.7106446776611695,1.0,0.7106446776611695,0.8308501314636284,0.5,0.0
ABC,HIV-1 RT,PC,Test,0.7529940119760479,1.0,0.7529940119760479,0.8590947907771136,0.5,0.0
ABC,HIV-1 RT,PC,Train,0.6948948948948949,0.8130709768095573,0.6133866133866134,0.7493523316062176,0.4678480963495109,-0.0779213287910713
ABC,HIV-1 RT,PC,Validation,0.6949458483754513,0.8105263157894737,0.6122754491017964,0.7482993197278912,0.4674393236978456,-0.0784587823531447
ABC,HIV-1 RT,PC,Test,0.7402135231316725,0.827037773359841,0.6511976047904192,0.7812206572769953,0.471094644255678,-0.0682359415600169
ABC,HIV-1 RT,PC,Train,0.6954643628509719,0.6788475052705552,0.5604395604395604,0.6870554765291608,0.4741387785420133,-0.0508790976883416
ABC,HIV-1 RT,PC,Validation,0.6843267108167771,0.6526315789473685,0.5389221556886228,0.6681034482758621,0.4558494682301609,-0.0856688748041426
ABC,HIV-1 RT,PC,Test,0.7053364269141531,0.6043737574552683,0.5119760479041916,0.6509635974304069,0.4173383938791493,-0.1490208346869223
ABC,HIV-1 RT,PC,Train,0.6917519566526189,0.8068820224719101,0.6070893659510734,0.7448946515397082,0.4612993877471813,-0.0932490119158693
ABC,HIV-1 RT,PC,Validation,0.6985815602836879,0.8312236286919831,0.6251874062968515,0.7591522157996147,0.4751973065739708,-0.0622498776049969
ABC,HIV-1 RT,PC,Test,0.7414104882459313,0.8151093439363817,0.6467065868263473,0.7765151515151515,0.4742213386348575,-0.0588985815754087
ABC,HIV-1 RT,PC,Train,0.6868686868686869,0.7162921348314607,0.5661507738392412,0.7012719147473359,0.4565916632706526,-0.0898812928849613
ABC,HIV-1 RT,PC,Validation,0.6857707509881423,0.7320675105485233,0.5712143928035982,0.7081632653061225,0.4541166568286657,-0.0972444173838803
ABC,HIV-1 RT,PC,Test,0.7423312883435583,0.7216699801192843,0.6017964071856288,0.7318548387096774,0.4790168082414603,-0.0408645353153694
ABC,HIV-1 RT,PC,Train,0.7107892107892108,1.0,0.7107892107892108,0.830948905109489,0.5,0.0
ABC,HIV-1 RT,PC,Validation,0.7110778443113772,1.0,0.7110778443113772,0.8311461067366579,0.5,0.0
ABC,HIV-1 RT,PC,Test,0.7529940119760479,1.0,0.7529940119760479,0.8590947907771136,0.5,0.0
ABC,HIV-1 RT,PC,Train,0.6886930983847284,0.6591707659873507,0.545954045954046,0.6736086175942549,0.4634368510420346,-0.0710946267610234
ABC,HIV-1 RT,PC,Validation,0.6889400921658986,0.6294736842105263,0.5344311377245509,0.6578657865786579,0.4649959094627761,-0.0665152855706101
ABC,HIV-1 RT,PC,Test,0.7079439252336449,0.6023856858846919,0.5134730538922155,0.6509129967776585,0.4224049641544671,-0.1394962050820413
ABC,HIV-1 RT,PC,Train,0.7109335996005991,1.0,0.7109335996005991,0.8310475634665888,0.5,0.0
ABC,HIV-1 RT,PC,Validation,0.7106446776611695,1.0,0.7106446776611695,0.8308501314636284,0.5,0.0
ABC,HIV-1 RT,PC,Test,0.7529940119760479,1.0,0.7529940119760479,0.8590947907771136,0.5,0.0
ABC,HIV-1 RT,PC,Train,0.7109335996005991,1.0,0.7109335996005991,0.8310475634665888,0.5,0.0
ABC,HIV-1 RT,PC,Validation,0.7106446776611695,1.0,0.7106446776611695,0.8308501314636284,0.5,0.0
ABC,HIV-1 RT,PC,Test,0.7529940119760479,1.0,0.7529940119760479,0.8590947907771136,0.5,0.0
ABC,HIV-1 RT,PC,Train,0.7107892107892108,1.0,0.7107892107892108,0.830948905109489,0.5,0.0
ABC,HIV-1 RT,PC,Validation,0.7110778443113772,1.0,0.7110778443113772,0.8311461067366579,0.5,0.0
ABC,HIV-1 RT,PC,Test,0.7529940119760479,1.0,0.7529940119760479,0.8590947907771136,0.5,0.0
ABC,HIV-1 RT,PC,Train,0.7107892107892108,1.0,0.7107892107892108,0.830948905109489,0.5,0.0
ABC,HIV-1 RT,PC,Validation,0.7110778443113772,1.0,0.7110778443113772,0.8311461067366579,0.5,0.0
ABC,HIV-1 RT,PC,Test,0.7529940119760479,1.0,0.7529940119760479,0.8590947907771136,0.5,0.0
ABC,HIV-1 RT,PC,Train,0.7109335996005991,1.0,0.7109335996005991,0.8310475634665888,0.5,0.0
ABC,HIV-1 RT,PC,Validation,0.7106446776611695,1.0,0.7106446776611695,0.8308501314636284,0.5,0.0
ABC,HIV-1 RT,PC,Test,0.7529940119760479,1.0,0.7529940119760479,0.8590947907771136,0.5,0.0
ABC,HIV-1 RT,PC,Train,0.7109335996005991,1.0,0.7109335996005991,0.8310475634665888,0.5,0.0
ABC,HIV-1 RT,PC,Validation,0.7106446776611695,1.0,0.7106446776611695,0.8308501314636284,0.5,0.0
ABC,HIV-1 RT,PC,Test,0.7529940119760479,1.0,0.7529940119760479,0.8590947907771136,0.5,0.0
ABC,HIV-1 RT,PC,Train,0.7030752916224814,0.93183415319747,0.6718281718281718,0.8014505893019039,0.4823246759078887,-0.0686023944775585
ABC,HIV-1 RT,PC,Validation,0.6985645933014354,0.9221052631578948,0.6616766467065869,0.79491833030853,0.4714153258794655,-0.1079600312540058
ABC,HIV-1 RT,PC,Test,0.7456828885400314,0.9443339960238568,0.7155688622754491,0.8333333333333334,0.4812579071028375,-0.0768463922743143
ABC,HIV-1 RT,PC,Train,0.7005193306405078,0.8531271960646521,0.6363636363636364,0.7693282636248415,0.4783770695349167,-0.0574924555250265
ABC,HIV-1 RT,PC,Validation,0.7043010752688172,0.8273684210526315,0.6302395209580839,0.7608906098741529,0.4862230706299426,-0.0336739796306149
ABC,HIV-1 RT,PC,Test,0.7361853832442068,0.8210735586481114,0.6437125748502994,0.7763157894736842,0.4620519308392072,-0.0892426225386327
ABC,HIV-1 RT,PC,Train,0.7045813586097947,0.9396067415730336,0.6769845232151772,0.8052964188985856,0.485347412237294,-0.0598769198377073
ABC,HIV-1 RT,PC,Validation,0.7068965517241379,0.9514767932489452,0.6851574212893553,0.8111510791366906,0.4912824380752498,-0.0387689040090171
ABC,HIV-1 RT,PC,Test,0.7460567823343849,0.9403578528827038,0.7140718562874252,0.832014072119613,0.482300138562564,-0.0694611132355317
ABC,HIV-1 RT,PC,Train,0.7043432757718472,0.9452247191011236,0.6789815277084373,0.8071964017991005,0.4847021695678329,-0.0662567085725482
ABC,HIV-1 RT,PC,Validation,0.7058823529411765,0.9620253164556962,0.6881559220389805,0.8142857142857143,0.4887846789532367,-0.0582483496129656
ABC,HIV-1 RT,PC,Test,0.7445482866043613,0.9502982107355864,0.7170658682634731,0.8349344978165939,0.4781794083980963,-0.0973124245804475
ABC,HIV-1 RT,PC,Train,0.6888619854721549,0.7997189037245257,0.6008991008991009,0.7401626016260162,0.4559907126567361,-0.1050695857136549
ABC,HIV-1 RT,PC,Validation,0.6931608133086876,0.7894736842105263,0.6017964071856288,0.7381889763779528,0.4646850286337606,-0.0815856579762586
ABC,HIV-1 RT,PC,Test,0.7313167259786477,0.8170974155069582,0.6362275449101796,0.7718309859154929,0.4509729501777215,-0.1157365761599453
ABC,HIV-1 RT,PC,Train,0.7041420118343196,0.6690091356289529,0.564935064935065,0.6861261261261261,0.489081424463872,-0.0211442695399659
ABC,HIV-1 RT,PC,Validation,0.6875,0.6252631578947369,0.531437125748503,0.6549062844542448,0.4628906463048813,-0.0703786562826653
ABC,HIV-1 RT,PC,Test,0.728110599078341,0.6282306163021869,0.5434131736526946,0.6744930629669157,0.4565395505753358,-0.0785773502945501
ABC,HIV-1 RT,PC,Train,0.69693094629156,0.7654494382022472,0.5966050923614579,0.7295850066934404,0.4733982942306572,-0.0583019557228823
ABC,HIV-1 RT,PC,Validation,0.704331450094162,0.7890295358649789,0.6146926536731634,0.7442786069651741,0.4877790166371526,-0.0275097889862254
ABC,HIV-1 RT,PC,Test,0.7341040462427746,0.757455268389662,0.6107784431137725,0.7455968688845401,0.4605458160130128,-0.0817470732280194
ABC,HIV-1 RT,PC,Train,0.687239944521498,0.6959269662921348,0.5586620069895157,0.69155617585485,0.4584988890182608,-0.0837953528895102
ABC,HIV-1 RT,PC,Validation,0.6831275720164609,0.70042194092827,0.5562218890554723,0.6916666666666667,0.4512472398941868,-0.0994350753033061
ABC,HIV-1 RT,PC,Test,0.7406639004149378,0.709741550695825,0.594311377245509,0.7248730964467005,0.4760828965600337,-0.0460240201226324
ABC,HIV-1 RT,PC,Train,0.7107892107892108,1.0,0.7107892107892108,0.830948905109489,0.5,0.0
ABC,HIV-1 RT,PC,Validation,0.7110778443113772,1.0,0.7110778443113772,0.8311461067366579,0.5,0.0
ABC,HIV-1 RT,PC,Test,0.7529940119760479,1.0,0.7529940119760479,0.8590947907771136,0.5,0.0
ABC,HIV-1 RT,PC,Train,0.6886930983847284,0.6591707659873507,0.545954045954046,0.6736086175942549,0.4634368510420346,-0.0710946267610234
ABC,HIV-1 RT,PC,Validation,0.6889400921658986,0.6294736842105263,0.5344311377245509,0.6578657865786579,0.4649959094627761,-0.0665152855706101
ABC,HIV-1 RT,PC,Test,0.7079439252336449,0.6023856858846919,0.5134730538922155,0.6509129967776585,0.4224049641544671,-0.1394962050820413
ABC,HIV-1 RT,PC,Train,0.7109335996005991,1.0,0.7109335996005991,0.8310475634665888,0.5,0.0
ABC,HIV-1 RT,PC,Validation,0.7106446776611695,1.0,0.7106446776611695,0.8308501314636284,0.5,0.0
ABC,HIV-1 RT,PC,Test,0.7529940119760479,1.0,0.7529940119760479,0.8590947907771136,0.5,0.0
ABC,HIV-1 RT,PC,Train,0.7109335996005991,1.0,0.7109335996005991,0.8310475634665888,0.5,0.0
ABC,HIV-1 RT,PC,Validation,0.7106446776611695,1.0,0.7106446776611695,0.8308501314636284,0.5,0.0
ABC,HIV-1 RT,PC,Test,0.7529940119760479,1.0,0.7529940119760479,0.8590947907771136,0.5,0.0
ABC,HIV-1 RT,PC,Train,0.7107892107892108,1.0,0.7107892107892108,0.830948905109489,0.5,0.0
ABC,HIV-1 RT,PC,Validation,0.7110778443113772,1.0,0.7110778443113772,0.8311461067366579,0.5,0.0
ABC,HIV-1 RT,PC,Test,0.7529940119760479,1.0,0.7529940119760479,0.8590947907771136,0.5,0.0
ABC,HIV-1 RT,PC,Train,0.7107892107892108,1.0,0.7107892107892108,0.830948905109489,0.5,0.0
ABC,HIV-1 RT,PC,Validation,0.7110778443113772,1.0,0.7110778443113772,0.8311461067366579,0.5,0.0
ABC,HIV-1 RT,PC,Test,0.7529940119760479,1.0,0.7529940119760479,0.8590947907771136,0.5,0.0
ABC,HIV-1 RT,PC,Train,0.7109335996005991,1.0,0.7109335996005991,0.8310475634665888,0.5,0.0
ABC,HIV-1 RT,PC,Validation,0.7106446776611695,1.0,0.7106446776611695,0.8308501314636284,0.5,0.0
ABC,HIV-1 RT,PC,Test,0.7529940119760479,1.0,0.7529940119760479,0.8590947907771136,0.5,0.0
ABC,HIV-1 RT,PC,Train,0.7109335996005991,1.0,0.7109335996005991,0.8310475634665888,0.5,0.0
ABC,HIV-1 RT,PC,Validation,0.7106446776611695,1.0,0.7106446776611695,0.8308501314636284,0.5,0.0
ABC,HIV-1 RT,PC,Test,0.7529940119760479,1.0,0.7529940119760479,0.8590947907771136,0.5,0.0
ABC,HIV-1 RT,PC,Train,0.6985253959584926,0.898805340829234,0.6523476523476524,0.7861094038106945,0.4727187325907828,-0.0885103468713887
ABC,HIV-1 RT,PC,Validation,0.6909090909090909,0.88,0.6347305389221557,0.774074074074074,0.4555440414507772,-0.1378914923283909
ABC,HIV-1 RT,PC,Test,0.7414634146341463,0.9065606361829026,0.6916167664670658,0.815742397137746,0.4714621362732695,-0.0910755761724895
ABC,HIV-1 RT,PC,Train,0.7021158129175946,0.8861560084328882,0.6518481518481518,0.7834731283007145,0.4810745499850106,-0.0564847441964394
ABC,HIV-1 RT,PC,Validation,0.7047781569965871,0.8694736842105263,0.6482035928143712,0.7785108388312912,0.4865503136078538,-0.0371545391399143
ABC,HIV-1 RT,PC,Test,0.7385398981324278,0.8648111332007953,0.6676646706586826,0.7967032967032966,0.4657388999337309,-0.091513690700376
ABC,HIV-1 RT,PC,Train,0.7036836403033586,0.9122191011235956,0.6645032451323015,0.7944954128440367,0.4837434020298461,-0.0548388404606888
ABC,HIV-1 RT,PC,Validation,0.7096774193548387,0.9282700421940928,0.679160419790105,0.8043875685557587,0.4978137775737303,-0.0077472468176636
ABC,HIV-1 RT,PC,Test,0.7389885807504079,0.9005964214711729,0.6856287425149701,0.8118279569892473,0.4654497258871016,-0.1084166230004104
ABC,HIV-1 RT,PC,Train,0.6974047487575925,0.886938202247191,0.6460309535696456,0.7808346213292118,0.4702393947332673,-0.0916550064366939
ABC,HIV-1 RT,PC,Validation,0.7011494252873564,0.90084388185654,0.656671664167916,0.788550323176362,0.4789193502546949,-0.0678514558378779
ABC,HIV-1 RT,PC,Test,0.737012987012987,0.9025844930417496,0.6841317365269461,0.8114387846291331,0.4603831556117838,-0.1275392362638653
ABC,HIV-1 RT,PC,Train,0.6946847960444994,0.7898805340829234,0.6038961038961039,0.7392305162775403,0.4683426850034651,-0.0729106440087923
ABC,HIV-1 RT,PC,Validation,0.6954887218045113,0.7789473684210526,0.6002994011976048,0.7348560079443893,0.4697845650395418,-0.0680235095916756
ABC,HIV-1 RT,PC,Test,0.7352941176470589,0.7952286282306164,0.6302395209580839,0.7640878701050621,0.4612506777516718,-0.0859626467350469
ABC,HIV-1 RT,PC,Train,0.7051851851851851,0.6690091356289529,0.5659340659340659,0.6866209880995312,0.490808540180625,-0.0177854778670407
ABC,HIV-1 RT,PC,Validation,0.6962616822429907,0.6273684210526316,0.5404191616766467,0.6600221483942414,0.4768966457594764,-0.0436518834284034
ABC,HIV-1 RT,PC,Test,0.7328767123287672,0.6381709741550696,0.5523952095808383,0.6822529224229543,0.4645400325320802,-0.0643714541386542
ABC,HIV-1 RT,PC,Train,0.6937860345932095,0.7605337078651685,0.5911133300049926,0.7256281407035176,0.4674861976286119,-0.071085242221107
ABC,HIV-1 RT,PC,Validation,0.7034220532319392,0.7805907172995781,0.6101949025487257,0.74,0.4861502809295818,-0.0307635433982705
ABC,HIV-1 RT,PC,Test,0.7346153846153847,0.7594433399602386,0.6122754491017964,0.7468230694037146,0.4615398517983011,-0.079879324609005
ABC,HIV-1 RT,PC,Train,0.6913319238900634,0.6889044943820225,0.5601597603594608,0.6901160745691172,0.4662139052220993,-0.0674007372359112
ABC,HIV-1 RT,PC,Validation,0.6894409937888198,0.7025316455696202,0.5637181409295352,0.6959247648902821,0.46266478651538,-0.0757589563302622
ABC,HIV-1 RT,PC,Test,0.7364016736401674,0.6998011928429424,0.5853293413173652,0.7176350662589195,0.4680824146032893,-0.0610232369039236
ABC,HIV-1 RT,PC,Train,0.7107892107892108,1.0,0.7107892107892108,0.830948905109489,0.5,0.0
ABC,HIV-1 RT,PC,Validation,0.7110778443113772,1.0,0.7110778443113772,0.8311461067366579,0.5,0.0
ABC,HIV-1 RT,PC,Test,0.7529940119760479,1.0,0.7529940119760479,0.8590947907771136,0.5,0.0
ABC,HIV-1 RT,PC,Train,0.695024077046549,0.6085734364019677,0.531968031968032,0.6489321843387036,0.4761347320179095,-0.0446393769207325
ABC,HIV-1 RT,PC,Validation,0.6884422110552764,0.5768421052631579,0.5134730538922155,0.6277205040091638,0.4671775293155167,-0.0606321971180585
ABC,HIV-1 RT,PC,Test,0.7142857142857143,0.5666003976143141,0.5029940119760479,0.6319290465631929,0.4378456533526116,-0.1093112543974645
ABC,HIV-1 RT,PC,Train,0.7109335996005991,1.0,0.7109335996005991,0.8310475634665888,0.5,0.0
ABC,HIV-1 RT,PC,Validation,0.7106446776611695,1.0,0.7106446776611695,0.8308501314636284,0.5,0.0
ABC,HIV-1 RT,PC,Test,0.7529940119760479,1.0,0.7529940119760479,0.8590947907771136,0.5,0.0
ABC,HIV-1 RT,PC,Train,0.7109335996005991,1.0,0.7109335996005991,0.8310475634665888,0.5,0.0
ABC,HIV-1 RT,PC,Validation,0.7106446776611695,1.0,0.7106446776611695,0.8308501314636284,0.5,0.0
ABC,HIV-1 RT,PC,Test,0.7529940119760479,1.0,0.7529940119760479,0.8590947907771136,0.5,0.0
ABC,HIV-1 RT,PC,Train,0.7107892107892108,1.0,0.7107892107892108,0.830948905109489,0.5,0.0
ABC,HIV-1 RT,PC,Validation,0.7110778443113772,1.0,0.7110778443113772,0.8311461067366579,0.5,0.0
ABC,HIV-1 RT,PC,Test,0.7529940119760479,1.0,0.7529940119760479,0.8590947907771136,0.5,0.0
ABC,HIV-1 RT,PC,Train,0.7107892107892108,1.0,0.7107892107892108,0.830948905109489,0.5,0.0
ABC,HIV-1 RT,PC,Validation,0.7110778443113772,1.0,0.7110778443113772,0.8311461067366579,0.5,0.0
ABC,HIV-1 RT,PC,Test,0.7529940119760479,1.0,0.7529940119760479,0.8590947907771136,0.5,0.0
ABC,HIV-1 RT,PC,Train,0.7109335996005991,1.0,0.7109335996005991,0.8310475634665888,0.5,0.0
ABC,HIV-1 RT,PC,Validation,0.7106446776611695,1.0,0.7106446776611695,0.8308501314636284,0.5,0.0
ABC,HIV-1 RT,PC,Test,0.7529940119760479,1.0,0.7529940119760479,0.8590947907771136,0.5,0.0
ABC,HIV-1 RT,PC,Train,0.7109335996005991,1.0,0.7109335996005991,0.8310475634665888,0.5,0.0
ABC,HIV-1 RT,PC,Validation,0.7106446776611695,1.0,0.7106446776611695,0.8308501314636284,0.5,0.0
ABC,HIV-1 RT,PC,Test,0.7529940119760479,1.0,0.7529940119760479,0.8590947907771136,0.5,0.0
ABC,HIV-1 RT,PC,Train,0.7107892107892108,1.0,0.7107892107892108,0.830948905109489,0.5,0.0
ABC,HIV-1 RT,PC,Validation,0.7110778443113772,1.0,0.7110778443113772,0.8311461067366579,0.5,0.0
ABC,HIV-1 RT,PC,Test,0.7529940119760479,1.0,0.7529940119760479,0.8590947907771136,0.5,0.0
ABC,HIV-1 RT,PC,Train,0.7107892107892108,1.0,0.7107892107892108,0.830948905109489,0.5,0.0
ABC,HIV-1 RT,PC,Validation,0.7110778443113772,1.0,0.7110778443113772,0.8311461067366579,0.5,0.0
ABC,HIV-1 RT,PC,Test,0.7529940119760479,1.0,0.7529940119760479,0.8590947907771136,0.5,0.0
ABC,HIV-1 RT,PC,Train,0.7109335996005991,1.0,0.7109335996005991,0.8310475634665888,0.5,0.0
ABC,HIV-1 RT,PC,Validation,0.7106446776611695,1.0,0.7106446776611695,0.8308501314636284,0.5,0.0
ABC,HIV-1 RT,PC,Test,0.7529940119760479,1.0,0.7529940119760479,0.8590947907771136,0.5,0.0
ABC,HIV-1 RT,PC,Train,0.7109335996005991,1.0,0.7109335996005991,0.8310475634665888,0.5,0.0
ABC,HIV-1 RT,PC,Validation,0.7106446776611695,1.0,0.7106446776611695,0.8308501314636284,0.5,0.0
ABC,HIV-1 RT,PC,Test,0.7529940119760479,1.0,0.7529940119760479,0.8590947907771136,0.5,0.0
ABC,HIV-1 RT,PC,Train,0.7028772753963594,0.8411806043569923,0.6343656343656343,0.7658349328214972,0.4836300258399815,-0.0416463364454357
ABC,HIV-1 RT,PC,Validation,0.6971830985915493,0.8336842105263158,0.624251497005988,0.7593480345158198,0.4712462503408781,-0.0730593450180603
ABC,HIV-1 RT,PC,Test,0.7370242214532872,0.8469184890656064,0.657185628742515,0.788159111933395,0.4628531839267426,-0.0938409469987892
ABC,HIV-1 RT,PC,Train,0.6932746700188561,0.77512297962052,0.5964035964035964,0.7319177173191772,0.4661452549225224,-0.0760037944527464
ABC,HIV-1 RT,PC,Validation,0.6948818897637795,0.7431578947368421,0.5853293413173652,0.7182095625635809,0.4700245432233433,-0.0636692035556442
ABC,HIV-1 RT,PC,Test,0.7257142857142858,0.757455268389662,0.6017964071856288,0.7412451361867705,0.4423639978311947,-0.1211998657830931
ABC,HIV-1 RT,PC,Train,0.696113074204947,0.8300561797752809,0.6215676485272091,0.7572069186418963,0.4694322349653607,-0.0771381459070842
ABC,HIV-1 RT,PC,Validation,0.6962699822380106,0.8270042194092827,0.6206896551724138,0.7560270009643202,0.4704969283574911,-0.0737554620092251
ABC,HIV-1 RT,PC,Test,0.7347670250896058,0.8151093439363817,0.6392215568862275,0.7728557964184731,0.4590698234833423,-0.0951888622342773
ABC,HIV-1 RT,PC,Train,0.7006194081211287,0.7148876404494382,0.5801298052920619,0.7076816127911019,0.4817961518309367,-0.0369805464970134
ABC,HIV-1 RT,PC,Validation,0.6844181459566075,0.7320675105485233,0.5697151424287856,0.7074413863404689,0.4515259832535362,-0.1029539132216094
ABC,HIV-1 RT,PC,Test,0.75049115913556,0.7594433399602386,0.6287425149700598,0.7549407114624506,0.4948731851316345,-0.0103835567809655
ABC,HIV-1 RT,PC,Train,0.7107892107892108,1.0,0.7107892107892108,0.830948905109489,0.5,0.0
ABC,HIV-1 RT,PC,Validation,0.7110778443113772,1.0,0.7110778443113772,0.8311461067366579,0.5,0.0
ABC,HIV-1 RT,PC,Test,0.7529940119760479,1.0,0.7529940119760479,0.8590947907771136,0.5,0.0
ABC,HIV-1 RT,PC,Train,0.695024077046549,0.6085734364019677,0.531968031968032,0.6489321843387036,0.4761347320179095,-0.0446393769207325
ABC,HIV-1 RT,PC,Validation,0.6884422110552764,0.5768421052631579,0.5134730538922155,0.6277205040091638,0.4671775293155167,-0.0606321971180585
ABC,HIV-1 RT,PC,Test,0.7142857142857143,0.5666003976143141,0.5029940119760479,0.6319290465631929,0.4378456533526116,-0.1093112543974645
ABC,HIV-1 RT,PC,Train,0.7109335996005991,1.0,0.7109335996005991,0.8310475634665888,0.5,0.0
ABC,HIV-1 RT,PC,Validation,0.7106446776611695,1.0,0.7106446776611695,0.8308501314636284,0.5,0.0
ABC,HIV-1 RT,PC,Test,0.7529940119760479,1.0,0.7529940119760479,0.8590947907771136,0.5,0.0
ABC,HIV-1 RT,PC,Train,0.7109335996005991,1.0,0.7109335996005991,0.8310475634665888,0.5,0.0
ABC,HIV-1 RT,PC,Validation,0.7106446776611695,1.0,0.7106446776611695,0.8308501314636284,0.5,0.0
ABC,HIV-1 RT,PC,Test,0.7529940119760479,1.0,0.7529940119760479,0.8590947907771136,0.5,0.0
ABC,HIV-1 RT,PC,Train,0.7107892107892108,1.0,0.7107892107892108,0.830948905109489,0.5,0.0
ABC,HIV-1 RT,PC,Validation,0.7110778443113772,1.0,0.7110778443113772,0.8311461067366579,0.5,0.0
ABC,HIV-1 RT,PC,Test,0.7529940119760479,1.0,0.7529940119760479,0.8590947907771136,0.5,0.0
ABC,HIV-1 RT,PC,Train,0.7107892107892108,1.0,0.7107892107892108,0.830948905109489,0.5,0.0
ABC,HIV-1 RT,PC,Validation,0.7110778443113772,1.0,0.7110778443113772,0.8311461067366579,0.5,0.0
ABC,HIV-1 RT,PC,Test,0.7529940119760479,1.0,0.7529940119760479,0.8590947907771136,0.5,0.0
ABC,HIV-1 RT,PC,Train,0.7109335996005991,1.0,0.7109335996005991,0.8310475634665888,0.5,0.0
ABC,HIV-1 RT,PC,Validation,0.7106446776611695,1.0,0.7106446776611695,0.8308501314636284,0.5,0.0
ABC,HIV-1 RT,PC,Test,0.7529940119760479,1.0,0.7529940119760479,0.8590947907771136,0.5,0.0
ABC,HIV-1 RT,PC,Train,0.7109335996005991,1.0,0.7109335996005991,0.8310475634665888,0.5,0.0
ABC,HIV-1 RT,PC,Validation,0.7106446776611695,1.0,0.7106446776611695,0.8308501314636284,0.5,0.0
ABC,HIV-1 RT,PC,Test,0.7529940119760479,1.0,0.7529940119760479,0.8590947907771136,0.5,0.0
ABC,HIV-1 RT,PC,Train,0.7038420490928495,0.926914968376669,0.6708291708291708,0.800121322414316,0.4841828727893708,-0.058628604485263
ABC,HIV-1 RT,PC,Validation,0.6995153473344103,0.911578947368421,0.6586826347305389,0.7915904936014625,0.4739241887101172,-0.0906671406834824
ABC,HIV-1 RT,PC,Test,0.7488226059654631,0.94831013916501,0.7215568862275449,0.8368421052631579,0.4893065847340201,-0.043845177205692
ABC,HIV-1 RT,PC,Train,0.7016759776536313,0.8826423049894588,0.6498501498501499,0.7818238406473701,0.4801812561216724,-0.0584054543606556
ABC,HIV-1 RT,PC,Validation,0.700507614213198,0.871578947368421,0.6437125748502994,0.776735459662289,0.477240250886283,-0.0646076318222569
ABC,HIV-1 RT,PC,Test,0.7341137123745819,0.8727634194831014,0.6661676646706587,0.7974568574023615,0.4545635279233689,-0.1279560872629817
ABC,HIV-1 RT,PC,Train,0.6997780244173141,0.8855337078651685,0.6485272091862206,0.7817730936143832,0.4755820525508917,-0.0736814230234764
ABC,HIV-1 RT,PC,Validation,0.7040133779264214,0.8881856540084389,0.6551724137931034,0.7854477611940298,0.4855436042062919,-0.0430509474473723
ABC,HIV-1 RT,PC,Test,0.7408637873754153,0.8866799204771372,0.6811377245508982,0.8072398190045249,0.4706126875112958,-0.0849465251040176
ABC,HIV-1 RT,PC,Train,0.692836676217765,0.8490168539325843,0.6250624063904143,0.7630167245187757,0.4616414148764821,-0.1038195837165342
ABC,HIV-1 RT,PC,Validation,0.6880415944540728,0.8375527426160337,0.6146926536731634,0.7554709800190295,0.4524551277847008,-0.1262095865998189
ABC,HIV-1 RT,PC,Test,0.7342419080068143,0.856858846918489,0.6586826347305389,0.7908256880733945,0.4557021507319718,-0.1170515155721597
ABC,HIV-1 RT,PC,Train,0.6945843828715366,0.77512297962052,0.5979020979020979,0.7326469611424776,0.468735928497652,-0.069999001207513
ABC,HIV-1 RT,PC,Validation,0.6996197718631179,0.7747368421052632,0.6032934131736527,0.7352647352647352,0.4780419961821652,-0.0486531839990883
ABC,HIV-1 RT,PC,Test,0.7218181818181818,0.7892644135188867,0.6122754491017964,0.7540360873694207,0.4309958431230797,-0.1560662034928548
ABC,HIV-1 RT,PC,Train,0.7094125078963992,0.7891777933942375,0.6203796203796204,0.7471723220226214,0.4973522818439236,-0.005901956607782
ABC,HIV-1 RT,PC,Validation,0.7110266159695817,0.7873684210526316,0.6212574850299402,0.7472527472527473,0.4999018271066267,-0.0002175254128126
ABC,HIV-1 RT,PC,Test,0.7286821705426356,0.7475149105367793,0.6002994011976048,0.7379784102060843,0.4495150310259653,-0.1038655222664755
ABC,HIV-1 RT,PC,Train,0.6900198281559815,0.7331460674157303,0.5761357963055417,0.710929519918284,0.4615643981292814,-0.0810663191819684
ABC,HIV-1 RT,PC,Validation,0.6978131212723658,0.740506329113924,0.5877061469265368,0.7185261003070624,0.4764707811372728,-0.0495563616772882
ABC,HIV-1 RT,PC,Test,0.7227722772277227,0.7256461232604374,0.5838323353293413,0.7242063492063492,0.4385806373877944,-0.1233450638752736
ABC,HIV-1 RT,PC,Train,0.6942372881355933,0.7191011235955056,0.5751372940589117,0.7064505001724732,0.4700859676699462,-0.0615582492046224
ABC,HIV-1 RT,PC,Validation,0.6952191235059761,0.7362869198312236,0.5832083958020989,0.7151639344262295,0.4717704029207931,-0.0593346889265541
ABC,HIV-1 RT,PC,Test,0.7393822393822393,0.7614314115308151,0.6182634730538922,0.7502448579823702,0.4716247966744984,-0.0586522170538426
ABC,HIV-1 RT,PC,Train,0.7107892107892108,1.0,0.7107892107892108,0.830948905109489,0.5,0.0
ABC,HIV-1 RT,PC,Validation,0.7110778443113772,1.0,0.7110778443113772,0.8311461067366579,0.5,0.0
ABC,HIV-1 RT,PC,Test,0.7529940119760479,1.0,0.7529940119760479,0.8590947907771136,0.5,0.0
ABC,HIV-1 RT,PC,Train,0.695024077046549,0.6085734364019677,0.531968031968032,0.6489321843387036,0.4761347320179095,-0.0446393769207325
ABC,HIV-1 RT,PC,Validation,0.6884422110552764,0.5768421052631579,0.5134730538922155,0.6277205040091638,0.4671775293155167,-0.0606321971180585
ABC,HIV-1 RT,PC,Test,0.7142857142857143,0.5666003976143141,0.5029940119760479,0.6319290465631929,0.4378456533526116,-0.1093112543974645
ABC,HIV-1 RT,PC,Train,0.7109335996005991,1.0,0.7109335996005991,0.8310475634665888,0.5,0.0
ABC,HIV-1 RT,PC,Validation,0.7106446776611695,1.0,0.7106446776611695,0.8308501314636284,0.5,0.0
ABC,HIV-1 RT,PC,Test,0.7529940119760479,1.0,0.7529940119760479,0.8590947907771136,0.5,0.0
ABC,HIV-1 RT,PC,Train,0.7109335996005991,1.0,0.7109335996005991,0.8310475634665888,0.5,0.0
ABC,HIV-1 RT,PC,Validation,0.7106446776611695,1.0,0.7106446776611695,0.8308501314636284,0.5,0.0
ABC,HIV-1 RT,PC,Test,0.7529940119760479,1.0,0.7529940119760479,0.8590947907771136,0.5,0.0
ABC,HIV-1 RT,PC,Train,0.7107892107892108,1.0,0.7107892107892108,0.830948905109489,0.5,0.0
ABC,HIV-1 RT,PC,Validation,0.7110778443113772,1.0,0.7110778443113772,0.8311461067366579,0.5,0.0
ABC,HIV-1 RT,PC,Test,0.7529940119760479,1.0,0.7529940119760479,0.8590947907771136,0.5,0.0
ABC,HIV-1 RT,PC,Train,0.7107892107892108,1.0,0.7107892107892108,0.830948905109489,0.5,0.0
ABC,HIV-1 RT,PC,Validation,0.7110778443113772,1.0,0.7110778443113772,0.8311461067366579,0.5,0.0
ABC,HIV-1 RT,PC,Test,0.7529940119760479,1.0,0.7529940119760479,0.8590947907771136,0.5,0.0
ABC,HIV-1 RT,PC,Train,0.7109335996005991,1.0,0.7109335996005991,0.8310475634665888,0.5,0.0
ABC,HIV-1 RT,PC,Validation,0.7106446776611695,1.0,0.7106446776611695,0.8308501314636284,0.5,0.0
ABC,HIV-1 RT,PC,Test,0.7529940119760479,1.0,0.7529940119760479,0.8590947907771136,0.5,0.0
ABC,HIV-1 RT,PC,Train,0.7109335996005991,1.0,0.7109335996005991,0.8310475634665888,0.5,0.0
ABC,HIV-1 RT,PC,Validation,0.7106446776611695,1.0,0.7106446776611695,0.8308501314636284,0.5,0.0
ABC,HIV-1 RT,PC,Test,0.7529940119760479,1.0,0.7529940119760479,0.8590947907771136,0.5,0.0
ABC,HIV-1 RT,PC,Train,0.7107892107892108,1.0,0.7107892107892108,0.830948905109489,0.5,0.0
ABC,HIV-1 RT,PC,Validation,0.7110778443113772,1.0,0.7110778443113772,0.8311461067366579,0.5,0.0
ABC,HIV-1 RT,PC,Test,0.7529940119760479,1.0,0.7529940119760479,0.8590947907771136,0.5,0.0
ABC,HIV-1 RT,PC,Train,0.7107892107892108,1.0,0.7107892107892108,0.830948905109489,0.5,0.0
ABC,HIV-1 RT,PC,Validation,0.7110778443113772,1.0,0.7110778443113772,0.8311461067366579,0.5,0.0
ABC,HIV-1 RT,PC,Test,0.7529940119760479,1.0,0.7529940119760479,0.8590947907771136,0.5,0.0
ABC,HIV-1 RT,PC,Train,0.7109335996005991,1.0,0.7109335996005991,0.8310475634665888,0.5,0.0
ABC,HIV-1 RT,PC,Validation,0.7106446776611695,1.0,0.7106446776611695,0.8308501314636284,0.5,0.0
ABC,HIV-1 RT,PC,Test,0.7529940119760479,1.0,0.7529940119760479,0.8590947907771136,0.5,0.0
ABC,HIV-1 RT,PC,Train,0.7109335996005991,1.0,0.7109335996005991,0.8310475634665888,0.5,0.0
ABC,HIV-1 RT,PC,Validation,0.7106446776611695,1.0,0.7106446776611695,0.8308501314636284,0.5,0.0
ABC,HIV-1 RT,PC,Test,0.7529940119760479,1.0,0.7529940119760479,0.8590947907771136,0.5,0.0
ABC,HIV-1 RT,PC,Train,0.6986697513013302,0.8489107519325368,0.6323676323676324,0.766497461928934,0.474541731752106,-0.0672700523490347
ABC,HIV-1 RT,PC,Validation,0.7042735042735043,0.8673684210526316,0.6467065868263473,0.7773584905660378,0.4854976820289065,-0.0398543654481403
ABC,HIV-1 RT,PC,Test,0.7383820998278829,0.852882703777336,0.6616766467065869,0.7915129151291513,0.4658352912826073,-0.0875560156367893
ABC,HIV-1 RT,PC,Train,0.6989860583016476,0.77512297962052,0.6028971028971029,0.7350883038987004,0.4773715070814172,-0.0502216445890498
ABC,HIV-1 RT,PC,Validation,0.701171875,0.7557894736842106,0.5973053892215568,0.7274569402228976,0.4815216798472866,-0.0395932053766048
ABC,HIV-1 RT,PC,Test,0.7260536398467433,0.7534791252485089,0.6002994011976048,0.7395121951219512,0.4434062292909211,-0.1181171370300539
ABC,HIV-1 RT,PC,Train,0.6903030303030303,0.7998595505617978,0.6025961058412381,0.7410540013012362,0.4586517096505016,-0.0983903498080921
ABC,HIV-1 RT,PC,Validation,0.6954954954954955,0.8143459915611815,0.6146926536731634,0.750242954324587,0.4693491615836995,-0.0743677559310518
ABC,HIV-1 RT,PC,Test,0.7313974591651543,0.8011928429423459,0.6287425149700598,0.7647058823529411,0.4521115729863245,-0.1086720355717123
ABC,HIV-1 RT,PC,Train,0.6947100063734863,0.7654494382022472,0.5941088367448827,0.7283661877714668,0.4690805049387747,-0.0680456439808257
ABC,HIV-1 RT,PC,Validation,0.6884328358208955,0.7784810126582279,0.5922038980509745,0.7306930693069307,0.4565980192824818,-0.0990807597305412
ABC,HIV-1 RT,PC,Test,0.7490566037735849,0.7892644135188867,0.6422155688622755,0.7686350435624395,0.4916019037291403,-0.017892018194029
ABC,HIV-1 RT,PC,Train,0.7107892107892108,1.0,0.7107892107892108,0.830948905109489,0.5,0.0
ABC,HIV-1 RT,PC,Validation,0.7110778443113772,1.0,0.7110778443113772,0.8311461067366579,0.5,0.0
ABC,HIV-1 RT,PC,Test,0.7529940119760479,1.0,0.7529940119760479,0.8590947907771136,0.5,0.0
ABC,HIV-1 RT,PC,Train,0.695024077046549,0.6085734364019677,0.531968031968032,0.6489321843387036,0.4761347320179095,-0.0446393769207325
ABC,HIV-1 RT,PC,Validation,0.6884422110552764,0.5768421052631579,0.5134730538922155,0.6277205040091638,0.4671775293155167,-0.0606321971180585
ABC,HIV-1 RT,PC,Test,0.7142857142857143,0.5666003976143141,0.5029940119760479,0.6319290465631929,0.4378456533526116,-0.1093112543974645
ABC,HIV-1 RT,PC,Train,0.7109335996005991,1.0,0.7109335996005991,0.8310475634665888,0.5,0.0
ABC,HIV-1 RT,PC,Validation,0.7106446776611695,1.0,0.7106446776611695,0.8308501314636284,0.5,0.0
ABC,HIV-1 RT,PC,Test,0.7529940119760479,1.0,0.7529940119760479,0.8590947907771136,0.5,0.0
ABC,HIV-1 RT,PC,Train,0.7109335996005991,1.0,0.7109335996005991,0.8310475634665888,0.5,0.0
ABC,HIV-1 RT,PC,Validation,0.7106446776611695,1.0,0.7106446776611695,0.8308501314636284,0.5,0.0
ABC,HIV-1 RT,PC,Test,0.7529940119760479,1.0,0.7529940119760479,0.8590947907771136,0.5,0.0
ABC,HIV-1 RT,PC,Train,0.7107892107892108,1.0,0.7107892107892108,0.830948905109489,0.5,0.0
ABC,HIV-1 RT,PC,Validation,0.7110778443113772,1.0,0.7110778443113772,0.8311461067366579,0.5,0.0
ABC,HIV-1 RT,PC,Test,0.7529940119760479,1.0,0.7529940119760479,0.8590947907771136,0.5,0.0
ABC,HIV-1 RT,PC,Train,0.7107892107892108,1.0,0.7107892107892108,0.830948905109489,0.5,0.0
ABC,HIV-1 RT,PC,Validation,0.7110778443113772,1.0,0.7110778443113772,0.8311461067366579,0.5,0.0
ABC,HIV-1 RT,PC,Test,0.7529940119760479,1.0,0.7529940119760479,0.8590947907771136,0.5,0.0
ABC,HIV-1 RT,PC,Train,0.7109335996005991,1.0,0.7109335996005991,0.8310475634665888,0.5,0.0
ABC,HIV-1 RT,PC,Validation,0.7106446776611695,1.0,0.7106446776611695,0.8308501314636284,0.5,0.0
ABC,HIV-1 RT,PC,Test,0.7529940119760479,1.0,0.7529940119760479,0.8590947907771136,0.5,0.0
ABC,HIV-1 RT,PC,Train,0.7109335996005991,1.0,0.7109335996005991,0.8310475634665888,0.5,0.0
ABC,HIV-1 RT,PC,Validation,0.7106446776611695,1.0,0.7106446776611695,0.8308501314636284,0.5,0.0
ABC,HIV-1 RT,PC,Test,0.7529940119760479,1.0,0.7529940119760479,0.8590947907771136,0.5,0.0
ABC,HIV-1 RT,PC,Train,0.7024749868351764,0.9374560787069572,0.6733266733266733,0.8031306441902468,0.4808178493707497,-0.07873864373605
ABC,HIV-1 RT,PC,Validation,0.6990445859872612,0.9242105263157896,0.6631736526946108,0.7960108794197642,0.4724679574584128,-0.1051923286895102
ABC,HIV-1 RT,PC,Test,0.7468944099378882,0.956262425447316,0.7230538922155688,0.8387096774193549,0.4841918187842641,-0.0732637782232525
ABC,HIV-1 RT,PC,Train,0.6990454800673779,0.8749121574139143,0.6433566433566433,0.7771535580524345,0.474589066617147,-0.0735299462739729
ABC,HIV-1 RT,PC,Validation,0.7106164383561644,0.8736842105263158,0.657185628742515,0.7837582625118036,0.4990182710662667,-0.0026841141353863
ABC,HIV-1 RT,PC,Test,0.7390572390572391,0.8727634194831014,0.6721556886227545,0.8003646308113036,0.466684740044581,-0.0915566901777814
ABC,HIV-1 RT,PC,Train,0.7053241960991038,0.9396067415730336,0.6779830254618073,0.8057813911472448,0.4870745279540471,-0.0523460706334789
ABC,HIV-1 RT,PC,Validation,0.707740916271722,0.9451476793248944,0.6836581709145427,0.8093947606142728,0.4932992282634835,-0.0276300283998642
ABC,HIV-1 RT,PC,Test,0.7428571428571429,0.9304174950298212,0.7050898203592815,0.8261253309796999,0.4742996566058196,-0.0957046002180059
ABC,HIV-1 RT,PC,Train,0.7039748953974896,0.9452247191011236,0.6784822765851223,0.8069544364508393,0.4838386117094564,-0.0703620196332937
ABC,HIV-1 RT,PC,Validation,0.7069767441860465,0.9620253164556962,0.6896551724137931,0.8150134048257373,0.4913753525283662,-0.0437973643104348
ABC,HIV-1 RT,PC,Test,0.744945567651633,0.952286282306163,0.718562874251497,0.8359511343804538,0.4791734441833845,-0.09464505416464
ABC,HIV-1 RT,PC,Train,0.6917562724014337,0.8137737174982431,0.6098901098901099,0.7478204714239587,0.4612910038268418,-0.0948350741149381
ABC,HIV-1 RT,PC,Validation,0.6952554744525548,0.8021052631578948,0.6092814371257484,0.7448680351906158,0.4684101445323152,-0.0745971424646672
ABC,HIV-1 RT,PC,Test,0.7267857142857143,0.8091451292246521,0.6272455089820359,0.7657572906867357,0.4409362009759624,-0.1383794011110062
ABC,HIV-1 RT,PC,Train,0.7078795643818065,0.7765284609978917,0.6133866133866134,0.7406166219839142,0.4944818470792568,-0.0120738204431007
ABC,HIV-1 RT,PC,Validation,0.7120622568093385,0.7705263157894737,0.6152694610778443,0.7401415571284126,0.501843468775566,0.0039677958700558
ABC,HIV-1 RT,PC,Test,0.7283464566929134,0.73558648111332,0.594311377245509,0.731948565776459,0.4496114223748418,-0.1018347993549646
ABC,HIV-1 RT,PC,Train,0.6903684550743374,0.75,0.5831253120319521,0.7189498485358465,0.4613557858376511,-0.0835566797400434
ABC,HIV-1 RT,PC,Validation,0.7013487475915221,0.7679324894514767,0.6026986506746627,0.7331319234642497,0.4824118405806606,-0.0383887240818261
ABC,HIV-1 RT,PC,Test,0.7293666026871402,0.7554671968190855,0.6047904191616766,0.7421875,0.4504608711368155,-0.1031399215170916
ABC,HIV-1 RT,PC,Train,0.6882232811436352,0.7099719101123596,0.565152271592611,0.6989284479778777,0.4594764559197377,-0.0830902692624034
ABC,HIV-1 RT,PC,Validation,0.6850393700787402,0.7341772151898734,0.5712143928035982,0.7087576374745418,0.4525808355742113,-0.1009302385461968
ABC,HIV-1 RT,PC,Test,0.7357001972386588,0.7415506958250497,0.6047904191616766,0.7386138613861386,0.4647147418519188,-0.0711594105120269
ABC,HIV-1 RT,PC,Train,0.7107892107892108,1.0,0.7107892107892108,0.830948905109489,0.5,0.0
ABC,HIV-1 RT,PC,Validation,0.7110778443113772,1.0,0.7110778443113772,0.8311461067366579,0.5,0.0
ABC,HIV-1 RT,PC,Test,0.7529940119760479,1.0,0.7529940119760479,0.8590947907771136,0.5,0.0
ABC,HIV-1 RT,PC,Train,0.695024077046549,0.6085734364019677,0.531968031968032,0.6489321843387036,0.4761347320179095,-0.0446393769207325
ABC,HIV-1 RT,PC,Validation,0.6884422110552764,0.5768421052631579,0.5134730538922155,0.6277205040091638,0.4671775293155167,-0.0606321971180585
ABC,HIV-1 RT,PC,Test,0.7142857142857143,0.5666003976143141,0.5029940119760479,0.6319290465631929,0.4378456533526116,-0.1093112543974645
ABC,HIV-1 RT,PC,Train,0.7109335996005991,1.0,0.7109335996005991,0.8310475634665888,0.5,0.0
ABC,HIV-1 RT,PC,Validation,0.7106446776611695,1.0,0.7106446776611695,0.8308501314636284,0.5,0.0
ABC,HIV-1 RT,PC,Test,0.7529940119760479,1.0,0.7529940119760479,0.8590947907771136,0.5,0.0
ABC,HIV-1 RT,PC,Train,0.7109335996005991,1.0,0.7109335996005991,0.8310475634665888,0.5,0.0
ABC,HIV-1 RT,PC,Validation,0.7106446776611695,1.0,0.7106446776611695,0.8308501314636284,0.5,0.0
ABC,HIV-1 RT,PC,Test,0.7529940119760479,1.0,0.7529940119760479,0.8590947907771136,0.5,0.0
ABC,HIV-1 RT,PC,Train,0.7107892107892108,1.0,0.7107892107892108,0.830948905109489,0.5,0.0
ABC,HIV-1 RT,PC,Validation,0.7110778443113772,1.0,0.7110778443113772,0.8311461067366579,0.5,0.0
ABC,HIV-1 RT,PC,Test,0.7529940119760479,1.0,0.7529940119760479,0.8590947907771136,0.5,0.0
ABC,HIV-1 RT,PC,Train,0.7107892107892108,1.0,0.7107892107892108,0.830948905109489,0.5,0.0
ABC,HIV-1 RT,PC,Validation,0.7110778443113772,1.0,0.7110778443113772,0.8311461067366579,0.5,0.0
ABC,HIV-1 RT,PC,Test,0.7529940119760479,1.0,0.7529940119760479,0.8590947907771136,0.5,0.0
ABC,HIV-1 RT,PC,Train,0.7109335996005991,1.0,0.7109335996005991,0.8310475634665888,0.5,0.0
ABC,HIV-1 RT,PC,Validation,0.7106446776611695,1.0,0.7106446776611695,0.8308501314636284,0.5,0.0
ABC,HIV-1 RT,PC,Test,0.7529940119760479,1.0,0.7529940119760479,0.8590947907771136,0.5,0.0
ABC,HIV-1 RT,PC,Train,0.7109335996005991,1.0,0.7109335996005991,0.8310475634665888,0.5,0.0
ABC,HIV-1 RT,PC,Validation,0.7106446776611695,1.0,0.7106446776611695,0.8308501314636284,0.5,0.0
ABC,HIV-1 RT,PC,Test,0.7529940119760479,1.0,0.7529940119760479,0.8590947907771136,0.5,0.0
ABC,HIV-1 RT,PC,Train,0.7019796682718031,0.921995783555868,0.6663336663336663,0.7970838396111786,0.4799961646622172,-0.0728374155188722
ABC,HIV-1 RT,PC,Validation,0.6962843295638126,0.9073684210526316,0.6526946107784432,0.7879341864716636,0.4666375784019634,-0.116003116410973
ABC,HIV-1 RT,PC,Test,0.7456556082148499,0.9383697813121272,0.7125748502994012,0.8309859154929577,0.4813061027772757,-0.0723635615807449
ABC,HIV-1 RT,PC,Train,0.6986899563318777,0.8995080815179198,0.6528471528471529,0.7864823348694316,0.4730701029351257,-0.0876030497420774
ABC,HIV-1 RT,PC,Validation,0.7036423841059603,0.8947368421052632,0.657185628742515,0.7877664504170528,0.483637851104445,-0.0503949871849832
ABC,HIV-1 RT,PC,Test,0.7371900826446282,0.8866799204771372,0.6766467065868264,0.8050541516245487,0.4615217784203868,-0.1135593739145131
ABC,HIV-1 RT,PC,Train,0.7018121911037891,0.8974719101123596,0.6560159760359461,0.787673343605547,0.4798240379577342,-0.0636455226865561
ABC,HIV-1 RT,PC,Validation,0.706953642384106,0.90084388185654,0.664167916041979,0.7922077922077922,0.4918727181303425,-0.025203125333024
ABC,HIV-1 RT,PC,Test,0.740924092409241,0.8926441351888668,0.6841317365269461,0.8097385031559964,0.4705644918368576,-0.0874974389018849
ABC,HIV-1 RT,PC,Train,0.6979166666666666,0.8939606741573034,0.6495257114328508,0.7838669950738916,0.471159957113194,-0.0916602930823469
ABC,HIV-1 RT,PC,Validation,0.6965174129353234,0.8860759493670886,0.6446776611694153,0.7799442896935933,0.4689447104348396,-0.0956279313247046
ABC,HIV-1 RT,PC,Test,0.7361563517915309,0.8986083499005965,0.6811377245508982,0.8093106535362579,0.4583950840412073,-0.131649599999709
ABC,HIV-1 RT,PC,Train,0.6975425330812854,0.7779339423752635,0.6023976023976024,0.7355481727574751,0.4744591991669064,-0.0571338810539984
ABC,HIV-1 RT,PC,Validation,0.7022900763358778,0.7747368421052632,0.6062874251497006,0.7367367367367368,0.4832233433324243,-0.036984008672877
ABC,HIV-1 RT,PC,Test,0.7333333333333333,0.7872763419483101,0.624251497005988,0.7593480345158198,0.4572745346105187,-0.0936355784062152
ABC,HIV-1 RT,PC,Train,0.7106274007682458,0.7800421644413211,0.6178821178821179,0.7437185929648241,0.4996929302344775,-0.0006724220276669
ABC,HIV-1 RT,PC,Validation,0.7131782945736435,0.7747368421052632,0.6182634730538922,0.7426841574167508,0.5039487319334606,0.0085382027235422
ABC,HIV-1 RT,PC,Test,0.732943469785575,0.7475149105367793,0.6047904191616766,0.7401574803149606,0.4586059401168745,-0.0845803449960703
ABC,HIV-1 RT,PC,Train,0.6870431893687707,0.726123595505618,0.5701447828257613,0.706043018094913,0.4563260464574722,-0.0916144246712531
ABC,HIV-1 RT,PC,Validation,0.6936758893280632,0.740506329113924,0.5832083958020989,0.7163265306122449,0.4686987604118843,-0.0663393422700991
ABC,HIV-1 RT,PC,Test,0.7265469061876247,0.7236580516898609,0.5868263473053892,0.7250996015936255,0.4466775106934152,-0.1062158374478423
ABC,HIV-1 RT,PC,Train,0.6919398907103825,0.711376404494382,0.5696455317024464,0.7015235457063712,0.4662236081193844,-0.0690514187255438
ABC,HIV-1 RT,PC,Validation,0.6845238095238095,0.7278481012658228,0.568215892053973,0.7055214723926381,0.4520069521873155,-0.1012901190061345
ABC,HIV-1 RT,PC,Test,0.7371541501976284,0.7415506958250497,0.6062874251497006,0.7393458870168483,0.4677450448822218,-0.0649111997917534
ABC,HIV-1 RT,ECFP4,Train,0.7107892107892108,1.0,0.7107892107892108,0.830948905109489,0.5,0.0
ABC,HIV-1 RT,ECFP4,Validation,0.7110778443113772,1.0,0.7110778443113772,0.8311461067366579,0.5,0.0
ABC,HIV-1 RT,ECFP4,Test,0.7529940119760479,1.0,0.7529940119760479,0.8590947907771136,0.5,0.0
ABC,HIV-1 RT,ECFP4,Train,0.7107892107892108,1.0,0.7107892107892108,0.830948905109489,0.5,0.0
ABC,HIV-1 RT,ECFP4,Validation,0.7110778443113772,1.0,0.7110778443113772,0.8311461067366579,0.5,0.0
ABC,HIV-1 RT,ECFP4,Test,0.7529940119760479,1.0,0.7529940119760479,0.8590947907771136,0.5,0.0
ABC,HIV-1 RT,ECFP4,Train,0.7109335996005991,1.0,0.7109335996005991,0.8310475634665888,0.5,0.0
ABC,HIV-1 RT,ECFP4,Validation,0.7106446776611695,1.0,0.7106446776611695,0.8308501314636284,0.5,0.0
ABC,HIV-1 RT,ECFP4,Test,0.7529940119760479,1.0,0.7529940119760479,0.8590947907771136,0.5,0.0
ABC,HIV-1 RT,ECFP4,Train,0.7109335996005991,1.0,0.7109335996005991,0.8310475634665888,0.5,0.0
ABC,HIV-1 RT,ECFP4,Validation,0.7106446776611695,1.0,0.7106446776611695,0.8308501314636284,0.5,0.0
ABC,HIV-1 RT,ECFP4,Test,0.7529940119760479,1.0,0.7529940119760479,0.8590947907771136,0.5,0.0
ABC,HIV-1 RT,ECFP4,Train,0.7107892107892108,1.0,0.7107892107892108,0.830948905109489,0.5,0.0
ABC,HIV-1 RT,ECFP4,Validation,0.7110778443113772,1.0,0.7110778443113772,0.8311461067366579,0.5,0.0
ABC,HIV-1 RT,ECFP4,Test,0.7529940119760479,1.0,0.7529940119760479,0.8590947907771136,0.5,0.0
ABC,HIV-1 RT,ECFP4,Train,0.7107892107892108,1.0,0.7107892107892108,0.830948905109489,0.5,0.0
ABC,HIV-1 RT,ECFP4,Validation,0.7110778443113772,1.0,0.7110778443113772,0.8311461067366579,0.5,0.0
ABC,HIV-1 RT,ECFP4,Test,0.7529940119760479,1.0,0.7529940119760479,0.8590947907771136,0.5,0.0
ABC,HIV-1 RT,ECFP4,Train,0.7109335996005991,1.0,0.7109335996005991,0.8310475634665888,0.5,0.0
ABC,HIV-1 RT,ECFP4,Validation,0.7106446776611695,1.0,0.7106446776611695,0.8308501314636284,0.5,0.0
ABC,HIV-1 RT,ECFP4,Test,0.7529940119760479,1.0,0.7529940119760479,0.8590947907771136,0.5,0.0
ABC,HIV-1 RT,ECFP4,Train,0.7109335996005991,1.0,0.7109335996005991,0.8310475634665888,0.5,0.0
ABC,HIV-1 RT,ECFP4,Validation,0.7106446776611695,1.0,0.7106446776611695,0.8308501314636284,0.5,0.0
ABC,HIV-1 RT,ECFP4,Test,0.7529940119760479,1.0,0.7529940119760479,0.8590947907771136,0.5,0.0
ABC,HIV-1 RT,ECFP4,Train,0.7107892107892108,1.0,0.7107892107892108,0.830948905109489,0.5,0.0
ABC,HIV-1 RT,ECFP4,Validation,0.7110778443113772,1.0,0.7110778443113772,0.8311461067366579,0.5,0.0
ABC,HIV-1 RT,ECFP4,Test,0.7529940119760479,1.0,0.7529940119760479,0.8590947907771136,0.5,0.0
ABC,HIV-1 RT,ECFP4,Train,0.7107892107892108,1.0,0.7107892107892108,0.830948905109489,0.5,0.0
ABC,HIV-1 RT,ECFP4,Validation,0.7110778443113772,1.0,0.7110778443113772,0.8311461067366579,0.5,0.0
ABC,HIV-1 RT,ECFP4,Test,0.7529940119760479,1.0,0.7529940119760479,0.8590947907771136,0.5,0.0
ABC,HIV-1 RT,ECFP4,Train,0.7109335996005991,1.0,0.7109335996005991,0.8310475634665888,0.5,0.0
ABC,HIV-1 RT,ECFP4,Validation,0.7106446776611695,1.0,0.7106446776611695,0.8308501314636284,0.5,0.0
ABC,HIV-1 RT,ECFP4,Test,0.7529940119760479,1.0,0.7529940119760479,0.8590947907771136,0.5,0.0
ABC,HIV-1 RT,ECFP4,Train,0.7109335996005991,1.0,0.7109335996005991,0.8310475634665888,0.5,0.0
ABC,HIV-1 RT,ECFP4,Validation,0.7106446776611695,1.0,0.7106446776611695,0.8308501314636284,0.5,0.0
ABC,HIV-1 RT,ECFP4,Test,0.7529940119760479,1.0,0.7529940119760479,0.8590947907771136,0.5,0.0
ABC,HIV-1 RT,ECFP4,Train,0.7046485260770975,0.8735066760365425,0.6498501498501499,0.7800439284593662,0.4868396938041089,-0.0368722765648391
ABC,HIV-1 RT,ECFP4,Validation,0.6919104991394148,0.8463157894736842,0.6227544910179641,0.7613636363636364,0.4594273247886556,-0.1092801813096568
ABC,HIV-1 RT,ECFP4,Test,0.7387543252595156,0.8489065606361829,0.6601796407185628,0.790009250693802,0.4668775227423338,-0.0836745907556508
ABC,HIV-1 RT,ECFP4,Train,0.7080332409972299,0.8981026001405481,0.6643356643356644,0.79182156133829,0.4939563087058526,-0.0183993416729319
ABC,HIV-1 RT,ECFP4,Validation,0.7013422818791947,0.88,0.6482035928143712,0.780578898225957,0.478860103626943,-0.0617972189401316
ABC,HIV-1 RT,ECFP4,Test,0.735494880546075,0.856858846918489,0.6601796407185628,0.7915518824609734,0.4587324537622748,-0.1084698083082419
ABC,HIV-1 RT,ECFP4,Train,0.7068864037669217,0.8433988764044944,0.6400399400898652,0.7691322446365674,0.4916476247307446,-0.0211057500080662
ABC,HIV-1 RT,ECFP4,Validation,0.7263513513513513,0.9071729957805909,0.6911544227886057,0.8067542213883677,0.5338973787193109,0.0973133563088262
ABC,HIV-1 RT,ECFP4,Test,0.7321739130434782,0.8369781312127237,0.6467065868263473,0.7810760667903525,0.4518223989396951,-0.1200399303487785
ABC,HIV-1 RT,ECFP4,Train,0.718187461204221,0.8125,0.6400399400898652,0.7624382207578254,0.5141947322970639,0.0324384933717955
ABC,HIV-1 RT,ECFP4,Validation,0.7155963302752294,0.8227848101265823,0.6416791604197901,0.7654563297350343,0.5098380009182135,0.02307950623703
ABC,HIV-1 RT,ECFP4,Test,0.7508833922261484,0.8449304174950298,0.6721556886227545,0.7951356407857811,0.4951924814747876,-0.01152838907646
ABC,HIV-1 RT,ECFP4,Train,0.7107892107892108,1.0,0.7107892107892108,0.830948905109489,0.5,0.0
ABC,HIV-1 RT,ECFP4,Validation,0.7110778443113772,1.0,0.7110778443113772,0.8311461067366579,0.5,0.0
ABC,HIV-1 RT,ECFP4,Test,0.7529940119760479,1.0,0.7529940119760479,0.8590947907771136,0.5,0.0
ABC,HIV-1 RT,ECFP4,Train,0.7107892107892108,1.0,0.7107892107892108,0.830948905109489,0.5,0.0
ABC,HIV-1 RT,ECFP4,Validation,0.7110778443113772,1.0,0.7110778443113772,0.8311461067366579,0.5,0.0
ABC,HIV-1 RT,ECFP4,Test,0.7529940119760479,1.0,0.7529940119760479,0.8590947907771136,0.5,0.0
ABC,HIV-1 RT,ECFP4,Train,0.7109335996005991,1.0,0.7109335996005991,0.8310475634665888,0.5,0.0
ABC,HIV-1 RT,ECFP4,Validation,0.7106446776611695,1.0,0.7106446776611695,0.8308501314636284,0.5,0.0
ABC,HIV-1 RT,ECFP4,Test,0.7529940119760479,1.0,0.7529940119760479,0.8590947907771136,0.5,0.0
ABC,HIV-1 RT,ECFP4,Train,0.7109335996005991,1.0,0.7109335996005991,0.8310475634665888,0.5,0.0
ABC,HIV-1 RT,ECFP4,Validation,0.7106446776611695,1.0,0.7106446776611695,0.8308501314636284,0.5,0.0
ABC,HIV-1 RT,ECFP4,Test,0.7529940119760479,1.0,0.7529940119760479,0.8590947907771136,0.5,0.0
ABC,HIV-1 RT,ECFP4,Train,0.7107892107892108,1.0,0.7107892107892108,0.830948905109489,0.5,0.0
ABC,HIV-1 RT,ECFP4,Validation,0.7110778443113772,1.0,0.7110778443113772,0.8311461067366579,0.5,0.0
ABC,HIV-1 RT,ECFP4,Test,0.7529940119760479,1.0,0.7529940119760479,0.8590947907771136,0.5,0.0
ABC,HIV-1 RT,ECFP4,Train,0.7107892107892108,1.0,0.7107892107892108,0.830948905109489,0.5,0.0
ABC,HIV-1 RT,ECFP4,Validation,0.7110778443113772,1.0,0.7110778443113772,0.8311461067366579,0.5,0.0
ABC,HIV-1 RT,ECFP4,Test,0.7529940119760479,1.0,0.7529940119760479,0.8590947907771136,0.5,0.0
ABC,HIV-1 RT,ECFP4,Train,0.7109335996005991,1.0,0.7109335996005991,0.8310475634665888,0.5,0.0
ABC,HIV-1 RT,ECFP4,Validation,0.7106446776611695,1.0,0.7106446776611695,0.8308501314636284,0.5,0.0
ABC,HIV-1 RT,ECFP4,Test,0.7529940119760479,1.0,0.7529940119760479,0.8590947907771136,0.5,0.0
ABC,HIV-1 RT,ECFP4,Train,0.7109335996005991,1.0,0.7109335996005991,0.8310475634665888,0.5,0.0
ABC,HIV-1 RT,ECFP4,Validation,0.7106446776611695,1.0,0.7106446776611695,0.8308501314636284,0.5,0.0
ABC,HIV-1 RT,ECFP4,Test,0.7529940119760479,1.0,0.7529940119760479,0.8590947907771136,0.5,0.0
ABC,HIV-1 RT,ECFP4,Train,0.7107892107892108,1.0,0.7107892107892108,0.830948905109489,0.5,0.0
ABC,HIV-1 RT,ECFP4,Validation,0.7110778443113772,1.0,0.7110778443113772,0.8311461067366579,0.5,0.0
ABC,HIV-1 RT,ECFP4,Test,0.7529940119760479,1.0,0.7529940119760479,0.8590947907771136,0.5,0.0
ABC,HIV-1 RT,ECFP4,Train,0.7101958814665997,0.9936753338018272,0.7072927072927073,0.8283538371411834,0.4985647826176666,-0.0176058679661775
ABC,HIV-1 RT,ECFP4,Validation,0.7084592145015106,0.9873684210526316,0.7020958083832335,0.8249780123131046,0.4936842105263158,-0.0606845981151887
ABC,HIV-1 RT,ECFP4,Test,0.7522658610271903,0.9900596421471172,0.7470059880239521,0.8549356223175966,0.4980601241038617,-0.0177347588361132
ABC,HIV-1 RT,ECFP4,Train,0.7112887112887113,1.0,0.7114328507239142,0.8312901342673672,0.5008635578583764,0.0350496492481128
ABC,HIV-1 RT,ECFP4,Validation,0.7117117117117117,1.0,0.712143928035982,0.8315789473684211,0.5025906735751295,0.0607258219317242
ABC,HIV-1 RT,ECFP4,Test,0.7526236881559221,0.9980119284294234,0.7514970059880239,0.8581196581196581,0.4990059642147117,-0.0221766050785797
ABC,HIV-1 RT,ECFP4,Train,0.7109335996005991,1.0,0.7109335996005991,0.8310475634665888,0.5,0.0
ABC,HIV-1 RT,ECFP4,Validation,0.7106446776611695,1.0,0.7106446776611695,0.8308501314636284,0.5,0.0
ABC,HIV-1 RT,ECFP4,Test,0.7529940119760479,1.0,0.7529940119760479,0.8590947907771136,0.5,0.0
ABC,HIV-1 RT,ECFP4,Train,0.7044757817290006,0.8074490513000703,0.6223776223776224,0.7524557956777996,0.4874896379125567,-0.0291962902122546
ABC,HIV-1 RT,ECFP4,Validation,0.7014925373134329,0.791578947368421,0.6122754491017964,0.7438180019782393,0.4812817016634851,-0.0426140154905525
ABC,HIV-1 RT,ECFP4,Test,0.7387387387387387,0.8151093439363817,0.6437125748502994,0.775047258979206,0.4681607325742514,-0.0732543322180567
ABC,HIV-1 RT,ECFP4,Train,0.7078651685393258,0.7969079409697821,0.6218781218781219,0.7497520661157024,0.4943088927646838,-0.0129064631261609
ABC,HIV-1 RT,ECFP4,Validation,0.6964980544747081,0.7536842105263157,0.5913173652694611,0.723963599595551,0.4726970275429506,-0.0587656394245551
ABC,HIV-1 RT,ECFP4,Test,0.72552783109405,0.7514910536779325,0.5988023952095808,0.73828125,0.4424121935056329,-0.1198971798348387
ABC,HIV-1 RT,ECFP4,Train,0.7011349306431274,0.7808988764044944,0.6075886170743884,0.7388704318936877,0.4811230133317808,-0.0421538574253979
ABC,HIV-1 RT,ECFP4,Validation,0.7243243243243244,0.8481012658227848,0.6626686656671664,0.7813411078717201,0.5276775759165737,0.0671537653414491
ABC,HIV-1 RT,ECFP4,Test,0.7364620938628159,0.8111332007952287,0.6392215568862275,0.771996215704825,0.4631423579733719,-0.0845037924247202
ABC,HIV-1 RT,ECFP4,Train,0.7039951573849879,0.8167134831460674,0.6255616575137294,0.7561768530559168,0.4860769488269197,-0.0332047421283693
ABC,HIV-1 RT,ECFP4,Validation,0.7099644128113879,0.8417721518987342,0.6431784107946027,0.7702702702702703,0.4986062832032532,-0.0034706398397344
ABC,HIV-1 RT,ECFP4,Test,0.7403508771929824,0.8389662027833003,0.657185628742515,0.7865796831314072,0.4709982529068016,-0.0707016673146326
ABC,HIV-1 RT,ECFP4,Train,0.7107892107892108,1.0,0.7107892107892108,0.830948905109489,0.5,0.0
ABC,HIV-1 RT,ECFP4,Validation,0.7110778443113772,1.0,0.7110778443113772,0.8311461067366579,0.5,0.0
ABC,HIV-1 RT,ECFP4,Test,0.7529940119760479,1.0,0.7529940119760479,0.8590947907771136,0.5,0.0
ABC,HIV-1 RT,ECFP4,Train,0.7107892107892108,1.0,0.7107892107892108,0.830948905109489,0.5,0.0
ABC,HIV-1 RT,ECFP4,Validation,0.7110778443113772,1.0,0.7110778443113772,0.8311461067366579,0.5,0.0
ABC,HIV-1 RT,ECFP4,Test,0.7529940119760479,1.0,0.7529940119760479,0.8590947907771136,0.5,0.0
ABC,HIV-1 RT,ECFP4,Train,0.7109335996005991,1.0,0.7109335996005991,0.8310475634665888,0.5,0.0
ABC,HIV-1 RT,ECFP4,Validation,0.7106446776611695,1.0,0.7106446776611695,0.8308501314636284,0.5,0.0
ABC,HIV-1 RT,ECFP4,Test,0.7529940119760479,1.0,0.7529940119760479,0.8590947907771136,0.5,0.0
ABC,HIV-1 RT,ECFP4,Train,0.7109335996005991,1.0,0.7109335996005991,0.8310475634665888,0.5,0.0
ABC,HIV-1 RT,ECFP4,Validation,0.7106446776611695,1.0,0.7106446776611695,0.8308501314636284,0.5,0.0
ABC,HIV-1 RT,ECFP4,Test,0.7529940119760479,1.0,0.7529940119760479,0.8590947907771136,0.5,0.0
ABC,HIV-1 RT,ECFP4,Train,0.7107892107892108,1.0,0.7107892107892108,0.830948905109489,0.5,0.0
ABC,HIV-1 RT,ECFP4,Validation,0.7110778443113772,1.0,0.7110778443113772,0.8311461067366579,0.5,0.0
ABC,HIV-1 RT,ECFP4,Test,0.7529940119760479,1.0,0.7529940119760479,0.8590947907771136,0.5,0.0
ABC,HIV-1 RT,ECFP4,Train,0.7107892107892108,1.0,0.7107892107892108,0.830948905109489,0.5,0.0
ABC,HIV-1 RT,ECFP4,Validation,0.7110778443113772,1.0,0.7110778443113772,0.8311461067366579,0.5,0.0
ABC,HIV-1 RT,ECFP4,Test,0.7529940119760479,1.0,0.7529940119760479,0.8590947907771136,0.5,0.0
ABC,HIV-1 RT,ECFP4,Train,0.7109335996005991,1.0,0.7109335996005991,0.8310475634665888,0.5,0.0
ABC,HIV-1 RT,ECFP4,Validation,0.7106446776611695,1.0,0.7106446776611695,0.8308501314636284,0.5,0.0
ABC,HIV-1 RT,ECFP4,Test,0.7529940119760479,1.0,0.7529940119760479,0.8590947907771136,0.5,0.0
ABC,HIV-1 RT,ECFP4,Train,0.7109335996005991,1.0,0.7109335996005991,0.8310475634665888,0.5,0.0
ABC,HIV-1 RT,ECFP4,Validation,0.7106446776611695,1.0,0.7106446776611695,0.8308501314636284,0.5,0.0
ABC,HIV-1 RT,ECFP4,Test,0.7529940119760479,1.0,0.7529940119760479,0.8590947907771136,0.5,0.0
ABC,HIV-1 RT,ECFP4,Train,0.7107892107892108,1.0,0.7107892107892108,0.830948905109489,0.5,0.0
ABC,HIV-1 RT,ECFP4,Validation,0.7110778443113772,1.0,0.7110778443113772,0.8311461067366579,0.5,0.0
ABC,HIV-1 RT,ECFP4,Test,0.7529940119760479,1.0,0.7529940119760479,0.8590947907771136,0.5,0.0
ABC,HIV-1 RT,ECFP4,Train,0.7107892107892108,1.0,0.7107892107892108,0.830948905109489,0.5,0.0
ABC,HIV-1 RT,ECFP4,Validation,0.7110778443113772,1.0,0.7110778443113772,0.8311461067366579,0.5,0.0
ABC,HIV-1 RT,ECFP4,Test,0.7529940119760479,1.0,0.7529940119760479,0.8590947907771136,0.5,0.0
ABC,HIV-1 RT,ECFP4,Train,0.7109335996005991,1.0,0.7109335996005991,0.8310475634665888,0.5,0.0
ABC,HIV-1 RT,ECFP4,Validation,0.7106446776611695,1.0,0.7106446776611695,0.8308501314636284,0.5,0.0
ABC,HIV-1 RT,ECFP4,Test,0.7529940119760479,1.0,0.7529940119760479,0.8590947907771136,0.5,0.0
ABC,HIV-1 RT,ECFP4,Train,0.7109335996005991,1.0,0.7109335996005991,0.8310475634665888,0.5,0.0
ABC,HIV-1 RT,ECFP4,Validation,0.7106446776611695,1.0,0.7106446776611695,0.8308501314636284,0.5,0.0
ABC,HIV-1 RT,ECFP4,Test,0.7529940119760479,1.0,0.7529940119760479,0.8590947907771136,0.5,0.0
ABC,HIV-1 RT,ECFP4,Train,0.7066508313539193,0.8362614195361912,0.6368631368631369,0.7660122304473769,0.491533127730099,-0.0210043928358698
ABC,HIV-1 RT,ECFP4,Validation,0.6954954954954955,0.8126315789473684,0.6137724550898204,0.7495145631067961,0.468491955276793,-0.0761888108037101
ABC,HIV-1 RT,ECFP4,Test,0.7338129496402878,0.8111332007952287,0.6362275449101796,0.7705382436260623,0.4570817519127658,-0.0990949536872074
ABC,HIV-1 RT,ECFP4,Train,0.7097753491196114,0.8215038650737878,0.6343656343656343,0.7615635179153094,0.4979712762329216,-0.0048165233337292
ABC,HIV-1 RT,ECFP4,Validation,0.6924528301886792,0.7726315789473684,0.594311377245509,0.7303482587064677,0.4640359967275702,-0.080527831717461
ABC,HIV-1 RT,ECFP4,Test,0.7279411764705882,0.7872763419483101,0.6182634730538922,0.7564469914040115,0.4451533224893065,-0.1216734974931385
ABC,HIV-1 RT,ECFP4,Train,0.7108433734939759,0.8700842696629213,0.6560159760359461,0.782443953268077,0.499808974209699,-0.0005153246414186
ABC,HIV-1 RT,ECFP4,Validation,0.729818780889621,0.9345991561181436,0.7076461769115442,0.8196114708603145,0.5424291117378282,0.1344905563340419
ABC,HIV-1 RT,ECFP4,Test,0.7372013651877133,0.8588469184890656,0.6631736526946108,0.7933884297520661,0.4627567925778661,-0.0978920226221243
ABC,HIV-1 RT,ECFP4,Train,0.713595166163142,0.8293539325842697,0.6420369445831253,0.7671321857746022,0.5053505414216686,0.012803637850785
ABC,HIV-1 RT,ECFP4,Validation,0.70298769771529,0.8438818565400844,0.6356821589205397,0.7670182166826462,0.484117094073151,-0.0406872758712916
ABC,HIV-1 RT,ECFP4,Test,0.7429577464788732,0.8389662027833003,0.6601796407185628,0.7880485527544351,0.4770588589674077,-0.0554621635562656
ABC,HIV-1 RT,ECFP4,Train,0.7107892107892108,1.0,0.7107892107892108,0.830948905109489,0.5,0.0
ABC,HIV-1 RT,ECFP4,Validation,0.7110778443113772,1.0,0.7110778443113772,0.8311461067366579,0.5,0.0
ABC,HIV-1 RT,ECFP4,Test,0.7529940119760479,1.0,0.7529940119760479,0.8590947907771136,0.5,0.0
ABC,HIV-1 RT,ECFP4,Train,0.7107892107892108,1.0,0.7107892107892108,0.830948905109489,0.5,0.0
ABC,HIV-1 RT,ECFP4,Validation,0.7110778443113772,1.0,0.7110778443113772,0.8311461067366579,0.5,0.0
ABC,HIV-1 RT,ECFP4,Test,0.7529940119760479,1.0,0.7529940119760479,0.8590947907771136,0.5,0.0
ABC,HIV-1 RT,ECFP4,Train,0.7109335996005991,1.0,0.7109335996005991,0.8310475634665888,0.5,0.0
ABC,HIV-1 RT,ECFP4,Validation,0.7106446776611695,1.0,0.7106446776611695,0.8308501314636284,0.5,0.0
ABC,HIV-1 RT,ECFP4,Test,0.7529940119760479,1.0,0.7529940119760479,0.8590947907771136,0.5,0.0
ABC,HIV-1 RT,ECFP4,Train,0.7109335996005991,1.0,0.7109335996005991,0.8310475634665888,0.5,0.0
ABC,HIV-1 RT,ECFP4,Validation,0.7106446776611695,1.0,0.7106446776611695,0.8308501314636284,0.5,0.0
ABC,HIV-1 RT,ECFP4,Test,0.7529940119760479,1.0,0.7529940119760479,0.8590947907771136,0.5,0.0
ABC,HIV-1 RT,ECFP4,Train,0.7107892107892108,1.0,0.7107892107892108,0.830948905109489,0.5,0.0
ABC,HIV-1 RT,ECFP4,Validation,0.7110778443113772,1.0,0.7110778443113772,0.8311461067366579,0.5,0.0
ABC,HIV-1 RT,ECFP4,Test,0.7529940119760479,1.0,0.7529940119760479,0.8590947907771136,0.5,0.0
ABC,HIV-1 RT,ECFP4,Train,0.7107892107892108,1.0,0.7107892107892108,0.830948905109489,0.5,0.0
ABC,HIV-1 RT,ECFP4,Validation,0.7110778443113772,1.0,0.7110778443113772,0.8311461067366579,0.5,0.0
ABC,HIV-1 RT,ECFP4,Test,0.7529940119760479,1.0,0.7529940119760479,0.8590947907771136,0.5,0.0
ABC,HIV-1 RT,ECFP4,Train,0.7109335996005991,1.0,0.7109335996005991,0.8310475634665888,0.5,0.0
ABC,HIV-1 RT,ECFP4,Validation,0.7106446776611695,1.0,0.7106446776611695,0.8308501314636284,0.5,0.0
ABC,HIV-1 RT,ECFP4,Test,0.7529940119760479,1.0,0.7529940119760479,0.8590947907771136,0.5,0.0
ABC,HIV-1 RT,ECFP4,Train,0.7109335996005991,1.0,0.7109335996005991,0.8310475634665888,0.5,0.0
ABC,HIV-1 RT,ECFP4,Validation,0.7106446776611695,1.0,0.7106446776611695,0.8308501314636284,0.5,0.0
ABC,HIV-1 RT,ECFP4,Test,0.7529940119760479,1.0,0.7529940119760479,0.8590947907771136,0.5,0.0
ABC,HIV-1 RT,ECFP4,Train,0.7107892107892108,1.0,0.7107892107892108,0.830948905109489,0.5,0.0
ABC,HIV-1 RT,ECFP4,Validation,0.7110778443113772,1.0,0.7110778443113772,0.8311461067366579,0.5,0.0
ABC,HIV-1 RT,ECFP4,Test,0.7529940119760479,1.0,0.7529940119760479,0.8590947907771136,0.5,0.0
ABC,HIV-1 RT,ECFP4,Train,0.7107892107892108,1.0,0.7107892107892108,0.830948905109489,0.5,0.0
ABC,HIV-1 RT,ECFP4,Validation,0.7110778443113772,1.0,0.7110778443113772,0.8311461067366579,0.5,0.0
ABC,HIV-1 RT,ECFP4,Test,0.7529940119760479,1.0,0.7529940119760479,0.8590947907771136,0.5,0.0
ABC,HIV-1 RT,ECFP4,Train,0.7109335996005991,1.0,0.7109335996005991,0.8310475634665888,0.5,0.0
ABC,HIV-1 RT,ECFP4,Validation,0.7106446776611695,1.0,0.7106446776611695,0.8308501314636284,0.5,0.0
ABC,HIV-1 RT,ECFP4,Test,0.7529940119760479,1.0,0.7529940119760479,0.8590947907771136,0.5,0.0
ABC,HIV-1 RT,ECFP4,Train,0.7109335996005991,1.0,0.7109335996005991,0.8310475634665888,0.5,0.0
ABC,HIV-1 RT,ECFP4,Validation,0.7106446776611695,1.0,0.7106446776611695,0.8308501314636284,0.5,0.0
ABC,HIV-1 RT,ECFP4,Test,0.7529940119760479,1.0,0.7529940119760479,0.8590947907771136,0.5,0.0
ABC,HIV-1 RT,ECFP4,Train,0.701344243132671,0.8432888264230499,0.6333666333666333,0.7657945118059988,0.4803663475811277,-0.0505127864848242
ABC,HIV-1 RT,ECFP4,Validation,0.6970227670753065,0.8378947368421052,0.625748502994012,0.7609942638623327,0.4707608399236433,-0.0752343939129959
ABC,HIV-1 RT,ECFP4,Test,0.7413194444444444,0.8489065606361829,0.6631736526946108,0.7914735866543096,0.4729381288029399,-0.0677342969776904
ABC,HIV-1 RT,ECFP4,Train,0.7108504398826979,0.8517217146872804,0.6483516483516484,0.7749360613810742,0.5001268331640202,0.0003235669370997
ABC,HIV-1 RT,ECFP4,Validation,0.6958105646630237,0.8042105263157895,0.6107784431137725,0.74609375,0.4694627761112626,-0.0723478043174072
ABC,HIV-1 RT,ECFP4,Test,0.7396768402154399,0.8190854870775348,0.6467065868263473,0.7773584905660378,0.470148804144828,-0.06917172515685
ABC,HIV-1 RT,ECFP4,Train,0.705625,0.7928370786516854,0.617573639540689,0.7466931216931217,0.4896827880305059,-0.0233331896569857
ABC,HIV-1 RT,ECFP4,Validation,0.7275985663082437,0.8565400843881856,0.6701649175412294,0.7868217054263565,0.5344876587744037,0.084592368603599
ABC,HIV-1 RT,ECFP4,Test,0.7332123411978222,0.8031809145129225,0.6317365269461078,0.7666034155597723,0.4561359118019158,-0.0995397019747939
ABC,HIV-1 RT,ECFP4,Train,0.7075358851674641,0.8307584269662921,0.63554667998003,0.7642118863049095,0.493099420737032,-0.0168452587950467
ABC,HIV-1 RT,ECFP4,Validation,0.7024647887323944,0.8417721518987342,0.6341829085457271,0.7658349328214972,0.4830622417524759,-0.0432077832584759
ABC,HIV-1 RT,ECFP4,Test,0.7421602787456446,0.8469184890656064,0.6631736526946108,0.7910863509749304,0.4749743960479547,-0.0620755612057907
ABC,HIV-1 RT,ECFP4,Train,0.7107892107892108,1.0,0.7107892107892108,0.830948905109489,0.5,0.0
ABC,HIV-1 RT,ECFP4,Validation,0.7110778443113772,1.0,0.7110778443113772,0.8311461067366579,0.5,0.0
ABC,HIV-1 RT,ECFP4,Test,0.7529940119760479,1.0,0.7529940119760479,0.8590947907771136,0.5,0.0
ABC,HIV-1 RT,ECFP4,Train,0.7107892107892108,1.0,0.7107892107892108,0.830948905109489,0.5,0.0
ABC,HIV-1 RT,ECFP4,Validation,0.7110778443113772,1.0,0.7110778443113772,0.8311461067366579,0.5,0.0
ABC,HIV-1 RT,ECFP4,Test,0.7529940119760479,1.0,0.7529940119760479,0.8590947907771136,0.5,0.0
ABC,HIV-1 RT,ECFP4,Train,0.7109335996005991,1.0,0.7109335996005991,0.8310475634665888,0.5,0.0
ABC,HIV-1 RT,ECFP4,Validation,0.7106446776611695,1.0,0.7106446776611695,0.8308501314636284,0.5,0.0
ABC,HIV-1 RT,ECFP4,Test,0.7529940119760479,1.0,0.7529940119760479,0.8590947907771136,0.5,0.0
ABC,HIV-1 RT,ECFP4,Train,0.7109335996005991,1.0,0.7109335996005991,0.8310475634665888,0.5,0.0
ABC,HIV-1 RT,ECFP4,Validation,0.7106446776611695,1.0,0.7106446776611695,0.8308501314636284,0.5,0.0
ABC,HIV-1 RT,ECFP4,Test,0.7529940119760479,1.0,0.7529940119760479,0.8590947907771136,0.5,0.0
ABC,HIV-1 RT,ECFP4,Train,0.7107892107892108,1.0,0.7107892107892108,0.830948905109489,0.5,0.0
ABC,HIV-1 RT,ECFP4,Validation,0.7110778443113772,1.0,0.7110778443113772,0.8311461067366579,0.5,0.0
ABC,HIV-1 RT,ECFP4,Test,0.7529940119760479,1.0,0.7529940119760479,0.8590947907771136,0.5,0.0
ABC,HIV-1 RT,ECFP4,Train,0.7107892107892108,1.0,0.7107892107892108,0.830948905109489,0.5,0.0
ABC,HIV-1 RT,ECFP4,Validation,0.7110778443113772,1.0,0.7110778443113772,0.8311461067366579,0.5,0.0
ABC,HIV-1 RT,ECFP4,Test,0.7529940119760479,1.0,0.7529940119760479,0.8590947907771136,0.5,0.0
ABC,HIV-1 RT,ECFP4,Train,0.7109335996005991,1.0,0.7109335996005991,0.8310475634665888,0.5,0.0
ABC,HIV-1 RT,ECFP4,Validation,0.7106446776611695,1.0,0.7106446776611695,0.8308501314636284,0.5,0.0
ABC,HIV-1 RT,ECFP4,Test,0.7529940119760479,1.0,0.7529940119760479,0.8590947907771136,0.5,0.0
ABC,HIV-1 RT,ECFP4,Train,0.7109335996005991,1.0,0.7109335996005991,0.8310475634665888,0.5,0.0
ABC,HIV-1 RT,ECFP4,Validation,0.7106446776611695,1.0,0.7106446776611695,0.8308501314636284,0.5,0.0
ABC,HIV-1 RT,ECFP4,Test,0.7529940119760479,1.0,0.7529940119760479,0.8590947907771136,0.5,0.0
ABC,HIV-1 RT,ECFP4,Train,0.7107892107892108,1.0,0.7107892107892108,0.830948905109489,0.5,0.0
ABC,HIV-1 RT,ECFP4,Validation,0.7110778443113772,1.0,0.7110778443113772,0.8311461067366579,0.5,0.0
ABC,HIV-1 RT,ECFP4,Test,0.7529940119760479,1.0,0.7529940119760479,0.8590947907771136,0.5,0.0
ABC,HIV-1 RT,ECFP4,Train,0.7108554277138569,0.9985945186226284,0.7102897102897103,0.8305084745762712,0.5001608171696906,0.0037699632581087
ABC,HIV-1 RT,ECFP4,Validation,0.7110778443113772,1.0,0.7110778443113772,0.8311461067366579,0.5,0.0
ABC,HIV-1 RT,ECFP4,Test,0.7526236881559221,0.9980119284294234,0.7514970059880239,0.8581196581196581,0.4990059642147117,-0.0221766050785797
ABC,HIV-1 RT,ECFP4,Train,0.7109335996005991,1.0,0.7109335996005991,0.8310475634665888,0.5,0.0
ABC,HIV-1 RT,ECFP4,Validation,0.7106446776611695,1.0,0.7106446776611695,0.8308501314636284,0.5,0.0
ABC,HIV-1 RT,ECFP4,Test,0.7529940119760479,1.0,0.7529940119760479,0.8590947907771136,0.5,0.0
ABC,HIV-1 RT,ECFP4,Train,0.7109335996005991,1.0,0.7109335996005991,0.8310475634665888,0.5,0.0
ABC,HIV-1 RT,ECFP4,Validation,0.7106446776611695,1.0,0.7106446776611695,0.8308501314636284,0.5,0.0
ABC,HIV-1 RT,ECFP4,Test,0.7529940119760479,1.0,0.7529940119760479,0.8590947907771136,0.5,0.0
ABC,HIV-1 RT,ECFP4,Train,0.6995249406175772,0.8278285312719607,0.6248751248751249,0.7582877373672353,0.4769539892974656,-0.0571719339402948
ABC,HIV-1 RT,ECFP4,Validation,0.7012522361359571,0.8252631578947368,0.625748502994012,0.758220502901354,0.4799890919007363,-0.0490911379736622
ABC,HIV-1 RT,ECFP4,Test,0.7385159010600707,0.831013916500994,0.6511976047904192,0.7820392890551918,0.4670221097656485,-0.0790807040157168
ABC,HIV-1 RT,ECFP4,Train,0.7130594727161251,0.8172874209416725,0.6363636363636364,0.7616240995415848,0.504498632750629,0.0104987678556121
ABC,HIV-1 RT,ECFP4,Validation,0.6954022988505747,0.7642105263157895,0.594311377245509,0.728184553660983,0.4701881647122988,-0.0653931847426398
ABC,HIV-1 RT,ECFP4,Test,0.7335834896810507,0.7773359840954275,0.6197604790419161,0.7548262548262549,0.4583649617446834,-0.0894302489209839
ABC,HIV-1 RT,ECFP4,Train,0.7073474470734745,0.797752808988764,0.6215676485272091,0.7498349834983499,0.4930042110574217,-0.015910834084326
ABC,HIV-1 RT,ECFP4,Validation,0.7261261261261261,0.8502109704641351,0.6656671664167916,0.783284742468416,0.5313231018123784,0.0759988604209804
ABC,HIV-1 RT,ECFP4,Test,0.7360861759425493,0.8151093439363817,0.6407185628742516,0.7735849056603774,0.4621001265136454,-0.087822264977143
ABC,HIV-1 RT,ECFP4,Train,0.7051671732522796,0.8146067415730337,0.6260609086370444,0.7559465623981753,0.4884778094739089,-0.0272668431539438
ABC,HIV-1 RT,ECFP4,Validation,0.7043010752688172,0.8291139240506329,0.631184407796102,0.7616279069767442,0.4870958221289433,-0.0316517563031849
ABC,HIV-1 RT,ECFP4,Test,0.7351351351351352,0.8111332007952287,0.6377245508982036,0.7712665406427222,0.4601120549430689,-0.0917723620843431
ABC,HIV-1 RT,ECFP4,Train,0.7107892107892108,1.0,0.7107892107892108,0.830948905109489,0.5,0.0
ABC,HIV-1 RT,ECFP4,Validation,0.7110778443113772,1.0,0.7110778443113772,0.8311461067366579,0.5,0.0
ABC,HIV-1 RT,ECFP4,Test,0.7529940119760479,1.0,0.7529940119760479,0.8590947907771136,0.5,0.0
ABC,HIV-1 RT,ECFP4,Train,0.7107892107892108,1.0,0.7107892107892108,0.830948905109489,0.5,0.0
ABC,HIV-1 RT,ECFP4,Validation,0.7110778443113772,1.0,0.7110778443113772,0.8311461067366579,0.5,0.0
ABC,HIV-1 RT,ECFP4,Test,0.7529940119760479,1.0,0.7529940119760479,0.8590947907771136,0.5,0.0
ABC,HIV-1 RT,ECFP4,Train,0.7109335996005991,1.0,0.7109335996005991,0.8310475634665888,0.5,0.0
ABC,HIV-1 RT,ECFP4,Validation,0.7106446776611695,1.0,0.7106446776611695,0.8308501314636284,0.5,0.0
ABC,HIV-1 RT,ECFP4,Test,0.7529940119760479,1.0,0.7529940119760479,0.8590947907771136,0.5,0.0
ABC,HIV-1 RT,ECFP4,Train,0.7109335996005991,1.0,0.7109335996005991,0.8310475634665888,0.5,0.0
ABC,HIV-1 RT,ECFP4,Validation,0.7106446776611695,1.0,0.7106446776611695,0.8308501314636284,0.5,0.0
ABC,HIV-1 RT,ECFP4,Test,0.7529940119760479,1.0,0.7529940119760479,0.8590947907771136,0.5,0.0
ABC,HIV-1 RT,ECFP4,Train,0.7107892107892108,1.0,0.7107892107892108,0.830948905109489,0.5,0.0
ABC,HIV-1 RT,ECFP4,Validation,0.7110778443113772,1.0,0.7110778443113772,0.8311461067366579,0.5,0.0
ABC,HIV-1 RT,ECFP4,Test,0.7529940119760479,1.0,0.7529940119760479,0.8590947907771136,0.5,0.0
ABC,HIV-1 RT,ECFP4,Train,0.7107892107892108,1.0,0.7107892107892108,0.830948905109489,0.5,0.0
ABC,HIV-1 RT,ECFP4,Validation,0.7110778443113772,1.0,0.7110778443113772,0.8311461067366579,0.5,0.0
ABC,HIV-1 RT,ECFP4,Test,0.7529940119760479,1.0,0.7529940119760479,0.8590947907771136,0.5,0.0
ABC,HIV-1 RT,ECFP4,Train,0.7109335996005991,1.0,0.7109335996005991,0.8310475634665888,0.5,0.0
ABC,HIV-1 RT,ECFP4,Validation,0.7106446776611695,1.0,0.7106446776611695,0.8308501314636284,0.5,0.0
ABC,HIV-1 RT,ECFP4,Test,0.7529940119760479,1.0,0.7529940119760479,0.8590947907771136,0.5,0.0
ABC,HIV-1 RT,ECFP4,Train,0.7109335996005991,1.0,0.7109335996005991,0.8310475634665888,0.5,0.0
ABC,HIV-1 RT,ECFP4,Validation,0.7106446776611695,1.0,0.7106446776611695,0.8308501314636284,0.5,0.0
ABC,HIV-1 RT,ECFP4,Test,0.7529940119760479,1.0,0.7529940119760479,0.8590947907771136,0.5,0.0
ABC,HIV-1 RT,ECFP4,Train,0.7107892107892108,1.0,0.7107892107892108,0.830948905109489,0.5,0.0
ABC,HIV-1 RT,ECFP4,Validation,0.7110778443113772,1.0,0.7110778443113772,0.8311461067366579,0.5,0.0
ABC,HIV-1 RT,ECFP4,Test,0.7529940119760479,1.0,0.7529940119760479,0.8590947907771136,0.5,0.0
ABC,HIV-1 RT,ECFP4,Train,0.7107892107892108,1.0,0.7107892107892108,0.830948905109489,0.5,0.0
ABC,HIV-1 RT,ECFP4,Validation,0.7110778443113772,1.0,0.7110778443113772,0.8311461067366579,0.5,0.0
ABC,HIV-1 RT,ECFP4,Test,0.7529940119760479,1.0,0.7529940119760479,0.8590947907771136,0.5,0.0
ABC,HIV-1 RT,ECFP4,Train,0.7109335996005991,1.0,0.7109335996005991,0.8310475634665888,0.5,0.0
ABC,HIV-1 RT,ECFP4,Validation,0.7106446776611695,1.0,0.7106446776611695,0.8308501314636284,0.5,0.0
ABC,HIV-1 RT,ECFP4,Test,0.7529940119760479,1.0,0.7529940119760479,0.8590947907771136,0.5,0.0
ABC,HIV-1 RT,ECFP4,Train,0.7109335996005991,1.0,0.7109335996005991,0.8310475634665888,0.5,0.0
ABC,HIV-1 RT,ECFP4,Validation,0.7106446776611695,1.0,0.7106446776611695,0.8308501314636284,0.5,0.0
ABC,HIV-1 RT,ECFP4,Test,0.7529940119760479,1.0,0.7529940119760479,0.8590947907771136,0.5,0.0
ABC,HIV-1 RT,ECFP4,Train,0.7046485260770975,0.8735066760365425,0.6498501498501499,0.7800439284593662,0.4868396938041089,-0.0368722765648391
ABC,HIV-1 RT,ECFP4,Validation,0.6919104991394148,0.8463157894736842,0.6227544910179641,0.7613636363636364,0.4594273247886556,-0.1092801813096568
ABC,HIV-1 RT,ECFP4,Test,0.7387543252595156,0.8489065606361829,0.6601796407185628,0.790009250693802,0.4668775227423338,-0.0836745907556508
ABC,HIV-1 RT,ECFP4,Train,0.7080332409972299,0.8981026001405481,0.6643356643356644,0.79182156133829,0.4939563087058526,-0.0183993416729319
ABC,HIV-1 RT,ECFP4,Validation,0.7013422818791947,0.88,0.6482035928143712,0.780578898225957,0.478860103626943,-0.0617972189401316
ABC,HIV-1 RT,ECFP4,Test,0.735494880546075,0.856858846918489,0.6601796407185628,0.7915518824609734,0.4587324537622748,-0.1084698083082419
ABC,HIV-1 RT,ECFP4,Train,0.7068864037669217,0.8433988764044944,0.6400399400898652,0.7691322446365674,0.4916476247307446,-0.0211057500080662
ABC,HIV-1 RT,ECFP4,Validation,0.7263513513513513,0.9071729957805909,0.6911544227886057,0.8067542213883677,0.5338973787193109,0.0973133563088262
ABC,HIV-1 RT,ECFP4,Test,0.7321739130434782,0.8369781312127237,0.6467065868263473,0.7810760667903525,0.4518223989396951,-0.1200399303487785
ABC,HIV-1 RT,ECFP4,Train,0.718187461204221,0.8125,0.6400399400898652,0.7624382207578254,0.5141947322970639,0.0324384933717955
ABC,HIV-1 RT,ECFP4,Validation,0.7155963302752294,0.8227848101265823,0.6416791604197901,0.7654563297350343,0.5098380009182135,0.02307950623703
ABC,HIV-1 RT,ECFP4,Test,0.7508833922261484,0.8449304174950298,0.6721556886227545,0.7951356407857811,0.4951924814747876,-0.01152838907646
ABC,HIV-1 RT,ECFP4,Train,0.7107892107892108,1.0,0.7107892107892108,0.830948905109489,0.5,0.0
ABC,HIV-1 RT,ECFP4,Validation,0.7110778443113772,1.0,0.7110778443113772,0.8311461067366579,0.5,0.0
ABC,HIV-1 RT,ECFP4,Test,0.7529940119760479,1.0,0.7529940119760479,0.8590947907771136,0.5,0.0
ABC,HIV-1 RT,ECFP4,Train,0.7107892107892108,1.0,0.7107892107892108,0.830948905109489,0.5,0.0
ABC,HIV-1 RT,ECFP4,Validation,0.7110778443113772,1.0,0.7110778443113772,0.8311461067366579,0.5,0.0
ABC,HIV-1 RT,ECFP4,Test,0.7529940119760479,1.0,0.7529940119760479,0.8590947907771136,0.5,0.0
ABC,HIV-1 RT,ECFP4,Train,0.7109335996005991,1.0,0.7109335996005991,0.8310475634665888,0.5,0.0
ABC,HIV-1 RT,ECFP4,Validation,0.7106446776611695,1.0,0.7106446776611695,0.8308501314636284,0.5,0.0
ABC,HIV-1 RT,ECFP4,Test,0.7529940119760479,1.0,0.7529940119760479,0.8590947907771136,0.5,0.0
ABC,HIV-1 RT,ECFP4,Train,0.7109335996005991,1.0,0.7109335996005991,0.8310475634665888,0.5,0.0
ABC,HIV-1 RT,ECFP4,Validation,0.7106446776611695,1.0,0.7106446776611695,0.8308501314636284,0.5,0.0
ABC,HIV-1 RT,ECFP4,Test,0.7529940119760479,1.0,0.7529940119760479,0.8590947907771136,0.5,0.0
ABC,HIV-1 RT,ECFP4,Train,0.7107892107892108,1.0,0.7107892107892108,0.830948905109489,0.5,0.0
ABC,HIV-1 RT,ECFP4,Validation,0.7110778443113772,1.0,0.7110778443113772,0.8311461067366579,0.5,0.0
ABC,HIV-1 RT,ECFP4,Test,0.7529940119760479,1.0,0.7529940119760479,0.8590947907771136,0.5,0.0
ABC,HIV-1 RT,ECFP4,Train,0.7107892107892108,1.0,0.7107892107892108,0.830948905109489,0.5,0.0
ABC,HIV-1 RT,ECFP4,Validation,0.7110778443113772,1.0,0.7110778443113772,0.8311461067366579,0.5,0.0
ABC,HIV-1 RT,ECFP4,Test,0.7529940119760479,1.0,0.7529940119760479,0.8590947907771136,0.5,0.0
ABC,HIV-1 RT,ECFP4,Train,0.7109335996005991,1.0,0.7109335996005991,0.8310475634665888,0.5,0.0
ABC,HIV-1 RT,ECFP4,Validation,0.7106446776611695,1.0,0.7106446776611695,0.8308501314636284,0.5,0.0
ABC,HIV-1 RT,ECFP4,Test,0.7529940119760479,1.0,0.7529940119760479,0.8590947907771136,0.5,0.0
ABC,HIV-1 RT,ECFP4,Train,0.7109335996005991,1.0,0.7109335996005991,0.8310475634665888,0.5,0.0
ABC,HIV-1 RT,ECFP4,Validation,0.7106446776611695,1.0,0.7106446776611695,0.8308501314636284,0.5,0.0
ABC,HIV-1 RT,ECFP4,Test,0.7529940119760479,1.0,0.7529940119760479,0.8590947907771136,0.5,0.0
ABC,HIV-1 RT,ECFP4,Train,0.7107892107892108,1.0,0.7107892107892108,0.830948905109489,0.5,0.0
ABC,HIV-1 RT,ECFP4,Validation,0.7110778443113772,1.0,0.7110778443113772,0.8311461067366579,0.5,0.0
ABC,HIV-1 RT,ECFP4,Test,0.7529940119760479,1.0,0.7529940119760479,0.8590947907771136,0.5,0.0
ABC,HIV-1 RT,ECFP4,Train,0.7101958814665997,0.9936753338018272,0.7072927072927073,0.8283538371411834,0.4985647826176666,-0.0176058679661775
ABC,HIV-1 RT,ECFP4,Validation,0.7084592145015106,0.9873684210526316,0.7020958083832335,0.8249780123131046,0.4936842105263158,-0.0606845981151887
ABC,HIV-1 RT,ECFP4,Test,0.7522658610271903,0.9900596421471172,0.7470059880239521,0.8549356223175966,0.4980601241038617,-0.0177347588361132
ABC,HIV-1 RT,ECFP4,Train,0.7112887112887113,1.0,0.7114328507239142,0.8312901342673672,0.5008635578583764,0.0350496492481128
ABC,HIV-1 RT,ECFP4,Validation,0.7117117117117117,1.0,0.712143928035982,0.8315789473684211,0.5025906735751295,0.0607258219317242
ABC,HIV-1 RT,ECFP4,Test,0.7526236881559221,0.9980119284294234,0.7514970059880239,0.8581196581196581,0.4990059642147117,-0.0221766050785797
ABC,HIV-1 RT,ECFP4,Train,0.7109335996005991,1.0,0.7109335996005991,0.8310475634665888,0.5,0.0
ABC,HIV-1 RT,ECFP4,Validation,0.7106446776611695,1.0,0.7106446776611695,0.8308501314636284,0.5,0.0
ABC,HIV-1 RT,ECFP4,Test,0.7529940119760479,1.0,0.7529940119760479,0.8590947907771136,0.5,0.0
ABC,HIV-1 RT,ECFP4,Train,0.7044757817290006,0.8074490513000703,0.6223776223776224,0.7524557956777996,0.4874896379125567,-0.0291962902122546
ABC,HIV-1 RT,ECFP4,Validation,0.7014925373134329,0.791578947368421,0.6122754491017964,0.7438180019782393,0.4812817016634851,-0.0426140154905525
ABC,HIV-1 RT,ECFP4,Test,0.7387387387387387,0.8151093439363817,0.6437125748502994,0.775047258979206,0.4681607325742514,-0.0732543322180567
ABC,HIV-1 RT,ECFP4,Train,0.7078651685393258,0.7969079409697821,0.6218781218781219,0.7497520661157024,0.4943088927646838,-0.0129064631261609
ABC,HIV-1 RT,ECFP4,Validation,0.6964980544747081,0.7536842105263157,0.5913173652694611,0.723963599595551,0.4726970275429506,-0.0587656394245551
ABC,HIV-1 RT,ECFP4,Test,0.72552783109405,0.7514910536779325,0.5988023952095808,0.73828125,0.4424121935056329,-0.1198971798348387
ABC,HIV-1 RT,ECFP4,Train,0.7011349306431274,0.7808988764044944,0.6075886170743884,0.7388704318936877,0.4811230133317808,-0.0421538574253979
ABC,HIV-1 RT,ECFP4,Validation,0.7243243243243244,0.8481012658227848,0.6626686656671664,0.7813411078717201,0.5276775759165737,0.0671537653414491
ABC,HIV-1 RT,ECFP4,Test,0.7364620938628159,0.8111332007952287,0.6392215568862275,0.771996215704825,0.4631423579733719,-0.0845037924247202
ABC,HIV-1 RT,ECFP4,Train,0.7039951573849879,0.8167134831460674,0.6255616575137294,0.7561768530559168,0.4860769488269197,-0.0332047421283693
ABC,HIV-1 RT,ECFP4,Validation,0.7099644128113879,0.8417721518987342,0.6431784107946027,0.7702702702702703,0.4986062832032532,-0.0034706398397344
ABC,HIV-1 RT,ECFP4,Test,0.7403508771929824,0.8389662027833003,0.657185628742515,0.7865796831314072,0.4709982529068016,-0.0707016673146326
ABC,HIV-1 RT,ECFP4,Train,0.7107892107892108,1.0,0.7107892107892108,0.830948905109489,0.5,0.0
ABC,HIV-1 RT,ECFP4,Validation,0.7110778443113772,1.0,0.7110778443113772,0.8311461067366579,0.5,0.0
ABC,HIV-1 RT,ECFP4,Test,0.7529940119760479,1.0,0.7529940119760479,0.8590947907771136,0.5,0.0
ABC,HIV-1 RT,ECFP4,Train,0.7107892107892108,1.0,0.7107892107892108,0.830948905109489,0.5,0.0
ABC,HIV-1 RT,ECFP4,Validation,0.7110778443113772,1.0,0.7110778443113772,0.8311461067366579,0.5,0.0
ABC,HIV-1 RT,ECFP4,Test,0.7529940119760479,1.0,0.7529940119760479,0.8590947907771136,0.5,0.0
ABC,HIV-1 RT,ECFP4,Train,0.7109335996005991,1.0,0.7109335996005991,0.8310475634665888,0.5,0.0
ABC,HIV-1 RT,ECFP4,Validation,0.7106446776611695,1.0,0.7106446776611695,0.8308501314636284,0.5,0.0
ABC,HIV-1 RT,ECFP4,Test,0.7529940119760479,1.0,0.7529940119760479,0.8590947907771136,0.5,0.0
ABC,HIV-1 RT,ECFP4,Train,0.7109335996005991,1.0,0.7109335996005991,0.8310475634665888,0.5,0.0
ABC,HIV-1 RT,ECFP4,Validation,0.7106446776611695,1.0,0.7106446776611695,0.8308501314636284,0.5,0.0
ABC,HIV-1 RT,ECFP4,Test,0.7529940119760479,1.0,0.7529940119760479,0.8590947907771136,0.5,0.0
ABC,HIV-1 RT,ECFP4,Train,0.7107892107892108,1.0,0.7107892107892108,0.830948905109489,0.5,0.0
ABC,HIV-1 RT,ECFP4,Validation,0.7110778443113772,1.0,0.7110778443113772,0.8311461067366579,0.5,0.0
ABC,HIV-1 RT,ECFP4,Test,0.7529940119760479,1.0,0.7529940119760479,0.8590947907771136,0.5,0.0
ABC,HIV-1 RT,ECFP4,Train,0.7107892107892108,1.0,0.7107892107892108,0.830948905109489,0.5,0.0
ABC,HIV-1 RT,ECFP4,Validation,0.7110778443113772,1.0,0.7110778443113772,0.8311461067366579,0.5,0.0
ABC,HIV-1 RT,ECFP4,Test,0.7529940119760479,1.0,0.7529940119760479,0.8590947907771136,0.5,0.0
ABC,HIV-1 RT,ECFP4,Train,0.7109335996005991,1.0,0.7109335996005991,0.8310475634665888,0.5,0.0
ABC,HIV-1 RT,ECFP4,Validation,0.7106446776611695,1.0,0.7106446776611695,0.8308501314636284,0.5,0.0
ABC,HIV-1 RT,ECFP4,Test,0.7529940119760479,1.0,0.7529940119760479,0.8590947907771136,0.5,0.0
ABC,HIV-1 RT,ECFP4,Train,0.7109335996005991,1.0,0.7109335996005991,0.8310475634665888,0.5,0.0
ABC,HIV-1 RT,ECFP4,Validation,0.7106446776611695,1.0,0.7106446776611695,0.8308501314636284,0.5,0.0
ABC,HIV-1 RT,ECFP4,Test,0.7529940119760479,1.0,0.7529940119760479,0.8590947907771136,0.5,0.0
ABC,HIV-1 RT,ECFP4,Train,0.7107892107892108,1.0,0.7107892107892108,0.830948905109489,0.5,0.0
ABC,HIV-1 RT,ECFP4,Validation,0.7110778443113772,1.0,0.7110778443113772,0.8311461067366579,0.5,0.0
ABC,HIV-1 RT,ECFP4,Test,0.7529940119760479,1.0,0.7529940119760479,0.8590947907771136,0.5,0.0
ABC,HIV-1 RT,ECFP4,Train,0.7107892107892108,1.0,0.7107892107892108,0.830948905109489,0.5,0.0
ABC,HIV-1 RT,ECFP4,Validation,0.7110778443113772,1.0,0.7110778443113772,0.8311461067366579,0.5,0.0
ABC,HIV-1 RT,ECFP4,Test,0.7529940119760479,1.0,0.7529940119760479,0.8590947907771136,0.5,0.0
ABC,HIV-1 RT,ECFP4,Train,0.7109335996005991,1.0,0.7109335996005991,0.8310475634665888,0.5,0.0
ABC,HIV-1 RT,ECFP4,Validation,0.7106446776611695,1.0,0.7106446776611695,0.8308501314636284,0.5,0.0
ABC,HIV-1 RT,ECFP4,Test,0.7529940119760479,1.0,0.7529940119760479,0.8590947907771136,0.5,0.0
ABC,HIV-1 RT,ECFP4,Train,0.7109335996005991,1.0,0.7109335996005991,0.8310475634665888,0.5,0.0
ABC,HIV-1 RT,ECFP4,Validation,0.7106446776611695,1.0,0.7106446776611695,0.8308501314636284,0.5,0.0
ABC,HIV-1 RT,ECFP4,Test,0.7529940119760479,1.0,0.7529940119760479,0.8590947907771136,0.5,0.0
ABC,HIV-1 RT,ECFP4,Train,0.7066508313539193,0.8362614195361912,0.6368631368631369,0.7660122304473769,0.491533127730099,-0.0210043928358698
ABC,HIV-1 RT,ECFP4,Validation,0.6954954954954955,0.8126315789473684,0.6137724550898204,0.7495145631067961,0.468491955276793,-0.0761888108037101
ABC,HIV-1 RT,ECFP4,Test,0.7338129496402878,0.8111332007952287,0.6362275449101796,0.7705382436260623,0.4570817519127658,-0.0990949536872074
ABC,HIV-1 RT,ECFP4,Train,0.7097753491196114,0.8215038650737878,0.6343656343656343,0.7615635179153094,0.4979712762329216,-0.0048165233337292
ABC,HIV-1 RT,ECFP4,Validation,0.6924528301886792,0.7726315789473684,0.594311377245509,0.7303482587064677,0.4640359967275702,-0.080527831717461
ABC,HIV-1 RT,ECFP4,Test,0.7279411764705882,0.7872763419483101,0.6182634730538922,0.7564469914040115,0.4451533224893065,-0.1216734974931385
ABC,HIV-1 RT,ECFP4,Train,0.7108433734939759,0.8700842696629213,0.6560159760359461,0.782443953268077,0.499808974209699,-0.0005153246414186
ABC,HIV-1 RT,ECFP4,Validation,0.729818780889621,0.9345991561181436,0.7076461769115442,0.8196114708603145,0.5424291117378282,0.1344905563340419
ABC,HIV-1 RT,ECFP4,Test,0.7372013651877133,0.8588469184890656,0.6631736526946108,0.7933884297520661,0.4627567925778661,-0.0978920226221243
ABC,HIV-1 RT,ECFP4,Train,0.713595166163142,0.8293539325842697,0.6420369445831253,0.7671321857746022,0.5053505414216686,0.012803637850785
ABC,HIV-1 RT,ECFP4,Validation,0.70298769771529,0.8438818565400844,0.6356821589205397,0.7670182166826462,0.484117094073151,-0.0406872758712916
ABC,HIV-1 RT,ECFP4,Test,0.7429577464788732,0.8389662027833003,0.6601796407185628,0.7880485527544351,0.4770588589674077,-0.0554621635562656
ABC,HIV-1 RT,ECFP4,Train,0.7107892107892108,1.0,0.7107892107892108,0.830948905109489,0.5,0.0
ABC,HIV-1 RT,ECFP4,Validation,0.7110778443113772,1.0,0.7110778443113772,0.8311461067366579,0.5,0.0
ABC,HIV-1 RT,ECFP4,Test,0.7529940119760479,1.0,0.7529940119760479,0.8590947907771136,0.5,0.0
ABC,HIV-1 RT,ECFP4,Train,0.7107892107892108,1.0,0.7107892107892108,0.830948905109489,0.5,0.0
ABC,HIV-1 RT,ECFP4,Validation,0.7110778443113772,1.0,0.7110778443113772,0.8311461067366579,0.5,0.0
ABC,HIV-1 RT,ECFP4,Test,0.7529940119760479,1.0,0.7529940119760479,0.8590947907771136,0.5,0.0
ABC,HIV-1 RT,ECFP4,Train,0.7109335996005991,1.0,0.7109335996005991,0.8310475634665888,0.5,0.0
ABC,HIV-1 RT,ECFP4,Validation,0.7106446776611695,1.0,0.7106446776611695,0.8308501314636284,0.5,0.0
ABC,HIV-1 RT,ECFP4,Test,0.7529940119760479,1.0,0.7529940119760479,0.8590947907771136,0.5,0.0
ABC,HIV-1 RT,ECFP4,Train,0.7109335996005991,1.0,0.7109335996005991,0.8310475634665888,0.5,0.0
ABC,HIV-1 RT,ECFP4,Validation,0.7106446776611695,1.0,0.7106446776611695,0.8308501314636284,0.5,0.0
ABC,HIV-1 RT,ECFP4,Test,0.7529940119760479,1.0,0.7529940119760479,0.8590947907771136,0.5,0.0
ABC,HIV-1 RT,ECFP4,Train,0.7107892107892108,1.0,0.7107892107892108,0.830948905109489,0.5,0.0
ABC,HIV-1 RT,ECFP4,Validation,0.7110778443113772,1.0,0.7110778443113772,0.8311461067366579,0.5,0.0
ABC,HIV-1 RT,ECFP4,Test,0.7529940119760479,1.0,0.7529940119760479,0.8590947907771136,0.5,0.0
ABC,HIV-1 RT,ECFP4,Train,0.7107892107892108,1.0,0.7107892107892108,0.830948905109489,0.5,0.0
ABC,HIV-1 RT,ECFP4,Validation,0.7110778443113772,1.0,0.7110778443113772,0.8311461067366579,0.5,0.0
ABC,HIV-1 RT,ECFP4,Test,0.7529940119760479,1.0,0.7529940119760479,0.8590947907771136,0.5,0.0
ABC,HIV-1 RT,ECFP4,Train,0.7109335996005991,1.0,0.7109335996005991,0.8310475634665888,0.5,0.0
ABC,HIV-1 RT,ECFP4,Validation,0.7106446776611695,1.0,0.7106446776611695,0.8308501314636284,0.5,0.0
ABC,HIV-1 RT,ECFP4,Test,0.7529940119760479,1.0,0.7529940119760479,0.8590947907771136,0.5,0.0
ABC,HIV-1 RT,ECFP4,Train,0.7109335996005991,1.0,0.7109335996005991,0.8310475634665888,0.5,0.0
ABC,HIV-1 RT,ECFP4,Validation,0.7106446776611695,1.0,0.7106446776611695,0.8308501314636284,0.5,0.0
ABC,HIV-1 RT,ECFP4,Test,0.7529940119760479,1.0,0.7529940119760479,0.8590947907771136,0.5,0.0
ABC,HIV-1 RT,ECFP4,Train,0.7107892107892108,1.0,0.7107892107892108,0.830948905109489,0.5,0.0
ABC,HIV-1 RT,ECFP4,Validation,0.7110778443113772,1.0,0.7110778443113772,0.8311461067366579,0.5,0.0
ABC,HIV-1 RT,ECFP4,Test,0.7529940119760479,1.0,0.7529940119760479,0.8590947907771136,0.5,0.0
ABC,HIV-1 RT,ECFP4,Train,0.7107892107892108,1.0,0.7107892107892108,0.830948905109489,0.5,0.0
ABC,HIV-1 RT,ECFP4,Validation,0.7110778443113772,1.0,0.7110778443113772,0.8311461067366579,0.5,0.0
ABC,HIV-1 RT,ECFP4,Test,0.7529940119760479,1.0,0.7529940119760479,0.8590947907771136,0.5,0.0
ABC,HIV-1 RT,ECFP4,Train,0.7109335996005991,1.0,0.7109335996005991,0.8310475634665888,0.5,0.0
ABC,HIV-1 RT,ECFP4,Validation,0.7106446776611695,1.0,0.7106446776611695,0.8308501314636284,0.5,0.0
ABC,HIV-1 RT,ECFP4,Test,0.7529940119760479,1.0,0.7529940119760479,0.8590947907771136,0.5,0.0
ABC,HIV-1 RT,ECFP4,Train,0.7109335996005991,1.0,0.7109335996005991,0.8310475634665888,0.5,0.0
ABC,HIV-1 RT,ECFP4,Validation,0.7106446776611695,1.0,0.7106446776611695,0.8308501314636284,0.5,0.0
ABC,HIV-1 RT,ECFP4,Test,0.7529940119760479,1.0,0.7529940119760479,0.8590947907771136,0.5,0.0
ABC,HIV-1 RT,ECFP4,Train,0.701344243132671,0.8432888264230499,0.6333666333666333,0.7657945118059988,0.4803663475811277,-0.0505127864848242
ABC,HIV-1 RT,ECFP4,Validation,0.6970227670753065,0.8378947368421052,0.625748502994012,0.7609942638623327,0.4707608399236433,-0.0752343939129959
ABC,HIV-1 RT,ECFP4,Test,0.7413194444444444,0.8489065606361829,0.6631736526946108,0.7914735866543096,0.4729381288029399,-0.0677342969776904
ABC,HIV-1 RT,ECFP4,Train,0.7108504398826979,0.8517217146872804,0.6483516483516484,0.7749360613810742,0.5001268331640202,0.0003235669370997
ABC,HIV-1 RT,ECFP4,Validation,0.6958105646630237,0.8042105263157895,0.6107784431137725,0.74609375,0.4694627761112626,-0.0723478043174072
ABC,HIV-1 RT,ECFP4,Test,0.7396768402154399,0.8190854870775348,0.6467065868263473,0.7773584905660378,0.470148804144828,-0.06917172515685
ABC,HIV-1 RT,ECFP4,Train,0.705625,0.7928370786516854,0.617573639540689,0.7466931216931217,0.4896827880305059,-0.0233331896569857
ABC,HIV-1 RT,ECFP4,Validation,0.7275985663082437,0.8565400843881856,0.6701649175412294,0.7868217054263565,0.5344876587744037,0.084592368603599
ABC,HIV-1 RT,ECFP4,Test,0.7332123411978222,0.8031809145129225,0.6317365269461078,0.7666034155597723,0.4561359118019158,-0.0995397019747939
ABC,HIV-1 RT,ECFP4,Train,0.7075358851674641,0.8307584269662921,0.63554667998003,0.7642118863049095,0.493099420737032,-0.0168452587950467
ABC,HIV-1 RT,ECFP4,Validation,0.7024647887323944,0.8417721518987342,0.6341829085457271,0.7658349328214972,0.4830622417524759,-0.0432077832584759
ABC,HIV-1 RT,ECFP4,Test,0.7421602787456446,0.8469184890656064,0.6631736526946108,0.7910863509749304,0.4749743960479547,-0.0620755612057907
ABC,HIV-1 RT,ECFP4,Train,0.7107892107892108,1.0,0.7107892107892108,0.830948905109489,0.5,0.0
ABC,HIV-1 RT,ECFP4,Validation,0.7110778443113772,1.0,0.7110778443113772,0.8311461067366579,0.5,0.0
ABC,HIV-1 RT,ECFP4,Test,0.7529940119760479,1.0,0.7529940119760479,0.8590947907771136,0.5,0.0
ABC,HIV-1 RT,ECFP4,Train,0.7107892107892108,1.0,0.7107892107892108,0.830948905109489,0.5,0.0
ABC,HIV-1 RT,ECFP4,Validation,0.7110778443113772,1.0,0.7110778443113772,0.8311461067366579,0.5,0.0
ABC,HIV-1 RT,ECFP4,Test,0.7529940119760479,1.0,0.7529940119760479,0.8590947907771136,0.5,0.0
ABC,HIV-1 RT,ECFP4,Train,0.7109335996005991,1.0,0.7109335996005991,0.8310475634665888,0.5,0.0
ABC,HIV-1 RT,ECFP4,Validation,0.7106446776611695,1.0,0.7106446776611695,0.8308501314636284,0.5,0.0
ABC,HIV-1 RT,ECFP4,Test,0.7529940119760479,1.0,0.7529940119760479,0.8590947907771136,0.5,0.0
ABC,HIV-1 RT,ECFP4,Train,0.7109335996005991,1.0,0.7109335996005991,0.8310475634665888,0.5,0.0
ABC,HIV-1 RT,ECFP4,Validation,0.7106446776611695,1.0,0.7106446776611695,0.8308501314636284,0.5,0.0
ABC,HIV-1 RT,ECFP4,Test,0.7529940119760479,1.0,0.7529940119760479,0.8590947907771136,0.5,0.0
ABC,HIV-1 RT,ECFP4,Train,0.7107892107892108,1.0,0.7107892107892108,0.830948905109489,0.5,0.0
ABC,HIV-1 RT,ECFP4,Validation,0.7110778443113772,1.0,0.7110778443113772,0.8311461067366579,0.5,0.0
ABC,HIV-1 RT,ECFP4,Test,0.7529940119760479,1.0,0.7529940119760479,0.8590947907771136,0.5,0.0
ABC,HIV-1 RT,ECFP4,Train,0.7107892107892108,1.0,0.7107892107892108,0.830948905109489,0.5,0.0
ABC,HIV-1 RT,ECFP4,Validation,0.7110778443113772,1.0,0.7110778443113772,0.8311461067366579,0.5,0.0
ABC,HIV-1 RT,ECFP4,Test,0.7529940119760479,1.0,0.7529940119760479,0.8590947907771136,0.5,0.0
ABC,HIV-1 RT,ECFP4,Train,0.7109335996005991,1.0,0.7109335996005991,0.8310475634665888,0.5,0.0
ABC,HIV-1 RT,ECFP4,Validation,0.7106446776611695,1.0,0.7106446776611695,0.8308501314636284,0.5,0.0
ABC,HIV-1 RT,ECFP4,Test,0.7529940119760479,1.0,0.7529940119760479,0.8590947907771136,0.5,0.0
ABC,HIV-1 RT,ECFP4,Train,0.7109335996005991,1.0,0.7109335996005991,0.8310475634665888,0.5,0.0
ABC,HIV-1 RT,ECFP4,Validation,0.7106446776611695,1.0,0.7106446776611695,0.8308501314636284,0.5,0.0
ABC,HIV-1 RT,ECFP4,Test,0.7529940119760479,1.0,0.7529940119760479,0.8590947907771136,0.5,0.0
ABC,HIV-1 RT,ECFP4,Train,0.7107892107892108,1.0,0.7107892107892108,0.830948905109489,0.5,0.0
ABC,HIV-1 RT,ECFP4,Validation,0.7110778443113772,1.0,0.7110778443113772,0.8311461067366579,0.5,0.0
ABC,HIV-1 RT,ECFP4,Test,0.7529940119760479,1.0,0.7529940119760479,0.8590947907771136,0.5,0.0
ABC,HIV-1 RT,ECFP4,Train,0.7108554277138569,0.9985945186226284,0.7102897102897103,0.8305084745762712,0.5001608171696906,0.0037699632581087
ABC,HIV-1 RT,ECFP4,Validation,0.7110778443113772,1.0,0.7110778443113772,0.8311461067366579,0.5,0.0
ABC,HIV-1 RT,ECFP4,Test,0.7526236881559221,0.9980119284294234,0.7514970059880239,0.8581196581196581,0.4990059642147117,-0.0221766050785797
ABC,HIV-1 RT,ECFP4,Train,0.7109335996005991,1.0,0.7109335996005991,0.8310475634665888,0.5,0.0
ABC,HIV-1 RT,ECFP4,Validation,0.7106446776611695,1.0,0.7106446776611695,0.8308501314636284,0.5,0.0
ABC,HIV-1 RT,ECFP4,Test,0.7529940119760479,1.0,0.7529940119760479,0.8590947907771136,0.5,0.0
ABC,HIV-1 RT,ECFP4,Train,0.7109335996005991,1.0,0.7109335996005991,0.8310475634665888,0.5,0.0
ABC,HIV-1 RT,ECFP4,Validation,0.7106446776611695,1.0,0.7106446776611695,0.8308501314636284,0.5,0.0
ABC,HIV-1 RT,ECFP4,Test,0.7529940119760479,1.0,0.7529940119760479,0.8590947907771136,0.5,0.0
ABC,HIV-1 RT,ECFP4,Train,0.6995249406175772,0.8278285312719607,0.6248751248751249,0.7582877373672353,0.4769539892974656,-0.0571719339402948
ABC,HIV-1 RT,ECFP4,Validation,0.7012522361359571,0.8252631578947368,0.625748502994012,0.758220502901354,0.4799890919007363,-0.0490911379736622
ABC,HIV-1 RT,ECFP4,Test,0.7385159010600707,0.831013916500994,0.6511976047904192,0.7820392890551918,0.4670221097656485,-0.0790807040157168
ABC,HIV-1 RT,ECFP4,Train,0.7130594727161251,0.8172874209416725,0.6363636363636364,0.7616240995415848,0.504498632750629,0.0104987678556121
ABC,HIV-1 RT,ECFP4,Validation,0.6954022988505747,0.7642105263157895,0.594311377245509,0.728184553660983,0.4701881647122988,-0.0653931847426398
ABC,HIV-1 RT,ECFP4,Test,0.7335834896810507,0.7773359840954275,0.6197604790419161,0.7548262548262549,0.4583649617446834,-0.0894302489209839
ABC,HIV-1 RT,ECFP4,Train,0.7073474470734745,0.797752808988764,0.6215676485272091,0.7498349834983499,0.4930042110574217,-0.015910834084326
ABC,HIV-1 RT,ECFP4,Validation,0.7261261261261261,0.8502109704641351,0.6656671664167916,0.783284742468416,0.5313231018123784,0.0759988604209804
ABC,HIV-1 RT,ECFP4,Test,0.7360861759425493,0.8151093439363817,0.6407185628742516,0.7735849056603774,0.4621001265136454,-0.087822264977143
ABC,HIV-1 RT,ECFP4,Train,0.7051671732522796,0.8146067415730337,0.6260609086370444,0.7559465623981753,0.4884778094739089,-0.0272668431539438
ABC,HIV-1 RT,ECFP4,Validation,0.7043010752688172,0.8291139240506329,0.631184407796102,0.7616279069767442,0.4870958221289433,-0.0316517563031849
ABC,HIV-1 RT,ECFP4,Test,0.7351351351351352,0.8111332007952287,0.6377245508982036,0.7712665406427222,0.4601120549430689,-0.0917723620843431
ABC,HIV-1 RT,MIX,Train,0.7107892107892108,1.0,0.7107892107892108,0.830948905109489,0.5,0.0
ABC,HIV-1 RT,MIX,Validation,0.7110778443113772,1.0,0.7110778443113772,0.8311461067366579,0.5,0.0
ABC,HIV-1 RT,MIX,Test,0.7529940119760479,1.0,0.7529940119760479,0.8590947907771136,0.5,0.0
ABC,HIV-1 RT,MIX,Train,0.8069164265129684,0.7870695713281799,0.7147852147852148,0.7968694414799004,0.662101279619185,0.3187713282866354
ABC,HIV-1 RT,MIX,Validation,0.7763496143958869,0.6357894736842106,0.6107784431137725,0.6990740740740741,0.5925061358058358,0.1700392154667887
ABC,HIV-1 RT,MIX,Test,0.8277404921700223,0.73558648111332,0.6856287425149701,0.7789473684210526,0.6344599072233267,0.246489752729238
ABC,HIV-1 RT,MIX,Train,0.7109335996005991,1.0,0.7109335996005991,0.8310475634665888,0.5,0.0
ABC,HIV-1 RT,MIX,Validation,0.7106446776611695,1.0,0.7106446776611695,0.8308501314636284,0.5,0.0
ABC,HIV-1 RT,MIX,Test,0.7529940119760479,1.0,0.7529940119760479,0.8590947907771136,0.5,0.0
ABC,HIV-1 RT,MIX,Train,0.7109335996005991,1.0,0.7109335996005991,0.8310475634665888,0.5,0.0
ABC,HIV-1 RT,MIX,Validation,0.7106446776611695,1.0,0.7106446776611695,0.8308501314636284,0.5,0.0
ABC,HIV-1 RT,MIX,Test,0.7529940119760479,1.0,0.7529940119760479,0.8590947907771136,0.5,0.0
ABC,HIV-1 RT,MIX,Train,0.7107892107892108,1.0,0.7107892107892108,0.830948905109489,0.5,0.0
ABC,HIV-1 RT,MIX,Validation,0.7110778443113772,1.0,0.7110778443113772,0.8311461067366579,0.5,0.0
ABC,HIV-1 RT,MIX,Test,0.7529940119760479,1.0,0.7529940119760479,0.8590947907771136,0.5,0.0
ABC,HIV-1 RT,MIX,Train,0.7107892107892108,1.0,0.7107892107892108,0.830948905109489,0.5,0.0
ABC,HIV-1 RT,MIX,Validation,0.7110778443113772,1.0,0.7110778443113772,0.8311461067366579,0.5,0.0
ABC,HIV-1 RT,MIX,Test,0.7529940119760479,1.0,0.7529940119760479,0.8590947907771136,0.5,0.0
ABC,HIV-1 RT,MIX,Train,0.7109335996005991,1.0,0.7109335996005991,0.8310475634665888,0.5,0.0
ABC,HIV-1 RT,MIX,Validation,0.7106446776611695,1.0,0.7106446776611695,0.8308501314636284,0.5,0.0
ABC,HIV-1 RT,MIX,Test,0.7529940119760479,1.0,0.7529940119760479,0.8590947907771136,0.5,0.0
ABC,HIV-1 RT,MIX,Train,0.7109335996005991,1.0,0.7109335996005991,0.8310475634665888,0.5,0.0
ABC,HIV-1 RT,MIX,Validation,0.7106446776611695,1.0,0.7106446776611695,0.8308501314636284,0.5,0.0
ABC,HIV-1 RT,MIX,Test,0.7529940119760479,1.0,0.7529940119760479,0.8590947907771136,0.5,0.0
ABC,HIV-1 RT,MIX,Train,0.7107892107892108,1.0,0.7107892107892108,0.830948905109489,0.5,0.0
ABC,HIV-1 RT,MIX,Validation,0.7110778443113772,1.0,0.7110778443113772,0.8311461067366579,0.5,0.0
ABC,HIV-1 RT,MIX,Test,0.7529940119760479,1.0,0.7529940119760479,0.8590947907771136,0.5,0.0
ABC,HIV-1 RT,MIX,Train,0.7107892107892108,1.0,0.7107892107892108,0.830948905109489,0.5,0.0
ABC,HIV-1 RT,MIX,Validation,0.7110778443113772,1.0,0.7110778443113772,0.8311461067366579,0.5,0.0
ABC,HIV-1 RT,MIX,Test,0.7529940119760479,1.0,0.7529940119760479,0.8590947907771136,0.5,0.0
ABC,HIV-1 RT,MIX,Train,0.7109335996005991,1.0,0.7109335996005991,0.8310475634665888,0.5,0.0
ABC,HIV-1 RT,MIX,Validation,0.7106446776611695,1.0,0.7106446776611695,0.8308501314636284,0.5,0.0
ABC,HIV-1 RT,MIX,Test,0.7529940119760479,1.0,0.7529940119760479,0.8590947907771136,0.5,0.0
ABC,HIV-1 RT,MIX,Train,0.7109335996005991,1.0,0.7109335996005991,0.8310475634665888,0.5,0.0
ABC,HIV-1 RT,MIX,Validation,0.7106446776611695,1.0,0.7106446776611695,0.8308501314636284,0.5,0.0
ABC,HIV-1 RT,MIX,Test,0.7529940119760479,1.0,0.7529940119760479,0.8590947907771136,0.5,0.0
ABC,HIV-1 RT,MIX,Train,0.815278647463995,0.9149683766690092,0.7922077922077922,0.8622516556291391,0.7027346201134337,0.4576354673769025
ABC,HIV-1 RT,MIX,Validation,0.802,0.8442105263157895,0.7410179640718563,0.8225641025641026,0.6656285792200709,0.3460597489615228
ABC,HIV-1 RT,MIX,Test,0.8342245989304813,0.9304174950298212,0.8083832335329342,0.8796992481203008,0.6833905656967287,0.4312803100013527
ABC,HIV-1 RT,MIX,Train,0.8447782546494993,0.8299367533380183,0.7707292707292708,0.837291740517547,0.7275763214013061,0.4496004587115019
ABC,HIV-1 RT,MIX,Validation,0.7881773399014779,0.6736842105263158,0.6392215568862275,0.7264472190692395,0.6140441778020179,0.2117458517991545
ABC,HIV-1 RT,MIX,Test,0.8459915611814346,0.7972166998011928,0.7380239520958084,0.8208802456499488,0.6773962286884752,0.3370623988579009
ABC,HIV-1 RT,MIX,Train,0.8085365853658537,0.9311797752808988,0.7943085371942087,0.8655352480417755,0.6944327201102249,0.457634110277712
ABC,HIV-1 RT,MIX,Validation,0.7631578947368421,0.9177215189873418,0.7391304347826086,0.8333333333333334,0.6091198268511838,0.2807231278666254
ABC,HIV-1 RT,MIX,Test,0.8096085409252669,0.904572564612326,0.7679640718562875,0.8544600938967136,0.6280438580637389,0.3022690083194246
ABC,HIV-1 RT,MIX,Train,0.8114543114543115,0.8855337078651685,0.7723414877683474,0.8468770987239759,0.6897444014282664,0.4125195781575513
ABC,HIV-1 RT,MIX,Validation,0.7682119205298014,0.7341772151898734,0.6536731634182908,0.7508090614886731,0.5950678822063357,0.1847037243974701
ABC,HIV-1 RT,MIX,Test,0.8154981549815498,0.878727634194831,0.7589820359281437,0.845933014354067,0.6363335140671125,0.3005894082735998
ABC,HIV-1 RT,MIX,Train,0.7107892107892108,1.0,0.7107892107892108,0.830948905109489,0.5,0.0
ABC,HIV-1 RT,MIX,Validation,0.7110778443113772,1.0,0.7110778443113772,0.8311461067366579,0.5,0.0
ABC,HIV-1 RT,MIX,Test,0.7529940119760479,1.0,0.7529940119760479,0.8590947907771136,0.5,0.0
ABC,HIV-1 RT,MIX,Train,0.8069164265129684,0.7870695713281799,0.7147852147852148,0.7968694414799004,0.662101279619185,0.3187713282866354
ABC,HIV-1 RT,MIX,Validation,0.7763496143958869,0.6357894736842106,0.6107784431137725,0.6990740740740741,0.5925061358058358,0.1700392154667887
ABC,HIV-1 RT,MIX,Test,0.8277404921700223,0.73558648111332,0.6856287425149701,0.7789473684210526,0.6344599072233267,0.246489752729238
ABC,HIV-1 RT,MIX,Train,0.7109335996005991,1.0,0.7109335996005991,0.8310475634665888,0.5,0.0
ABC,HIV-1 RT,MIX,Validation,0.7106446776611695,1.0,0.7106446776611695,0.8308501314636284,0.5,0.0
ABC,HIV-1 RT,MIX,Test,0.7529940119760479,1.0,0.7529940119760479,0.8590947907771136,0.5,0.0
ABC,HIV-1 RT,MIX,Train,0.7109335996005991,1.0,0.7109335996005991,0.8310475634665888,0.5,0.0
ABC,HIV-1 RT,MIX,Validation,0.7106446776611695,1.0,0.7106446776611695,0.8308501314636284,0.5,0.0
ABC,HIV-1 RT,MIX,Test,0.7529940119760479,1.0,0.7529940119760479,0.8590947907771136,0.5,0.0
ABC,HIV-1 RT,MIX,Train,0.7107892107892108,1.0,0.7107892107892108,0.830948905109489,0.5,0.0
ABC,HIV-1 RT,MIX,Validation,0.7110778443113772,1.0,0.7110778443113772,0.8311461067366579,0.5,0.0
ABC,HIV-1 RT,MIX,Test,0.7529940119760479,1.0,0.7529940119760479,0.8590947907771136,0.5,0.0
ABC,HIV-1 RT,MIX,Train,0.7107892107892108,1.0,0.7107892107892108,0.830948905109489,0.5,0.0
ABC,HIV-1 RT,MIX,Validation,0.7110778443113772,1.0,0.7110778443113772,0.8311461067366579,0.5,0.0
ABC,HIV-1 RT,MIX,Test,0.7529940119760479,1.0,0.7529940119760479,0.8590947907771136,0.5,0.0
ABC,HIV-1 RT,MIX,Train,0.7109335996005991,1.0,0.7109335996005991,0.8310475634665888,0.5,0.0
ABC,HIV-1 RT,MIX,Validation,0.7106446776611695,1.0,0.7106446776611695,0.8308501314636284,0.5,0.0
ABC,HIV-1 RT,MIX,Test,0.7529940119760479,1.0,0.7529940119760479,0.8590947907771136,0.5,0.0
ABC,HIV-1 RT,MIX,Train,0.7109335996005991,1.0,0.7109335996005991,0.8310475634665888,0.5,0.0
ABC,HIV-1 RT,MIX,Validation,0.7106446776611695,1.0,0.7106446776611695,0.8308501314636284,0.5,0.0
ABC,HIV-1 RT,MIX,Test,0.7529940119760479,1.0,0.7529940119760479,0.8590947907771136,0.5,0.0
ABC,HIV-1 RT,MIX,Train,0.7591991341991342,0.9859451862262824,0.7677322677322678,0.857841638642617,0.6086893461355938,0.3698685117300031
ABC,HIV-1 RT,MIX,Validation,0.7705479452054794,0.9473684210526316,0.7619760479041916,0.8498583569405099,0.6265339514589583,0.3459524885609011
ABC,HIV-1 RT,MIX,Test,0.7777777777777778,0.9880715705765408,0.7784431137724551,0.8704028021015762,0.5637327549852401,0.2697548268548686
ABC,HIV-1 RT,MIX,Train,0.789867587795049,0.9641602248770204,0.7922077922077922,0.8683544303797468,0.6668814941310837,0.4465365995420982
ABC,HIV-1 RT,MIX,Validation,0.7829861111111112,0.9494736842105264,0.7769461077844312,0.8582302568981922,0.6509026452140715,0.3969603705293425
ABC,HIV-1 RT,MIX,Test,0.8136752136752137,0.9463220675944334,0.7964071856287425,0.875,0.6428580034941864,0.373545541704385
ABC,HIV-1 RT,MIX,Train,0.7844243792325056,0.976123595505618,0.7923115327009486,0.869837296620776,0.6581826958529817,0.4489990232632603
ABC,HIV-1 RT,MIX,Validation,0.7611940298507462,0.9683544303797468,0.7616191904047976,0.8523676880222841,0.6111202203712206,0.3421702695815858
ABC,HIV-1 RT,MIX,Test,0.7785016286644951,0.9502982107355864,0.7589820359281437,0.855863921217547,0.5630278932465811,0.1994378967849632
ABC,HIV-1 RT,MIX,Train,0.774482372691662,0.9719101123595506,0.7788317523714429,0.8620367486764248,0.6379412392540413,0.4032080959841073
ABC,HIV-1 RT,MIX,Validation,0.7482758620689656,0.9156118143459916,0.7211394302848576,0.8235294117647058,0.5795675652040839,0.2142694558085015
ABC,HIV-1 RT,MIX,Test,0.7726550079491256,0.9662027833001988,0.7604790419161677,0.8586572438162544,0.5497680583167661,0.183083426254159
ABC,HIV-1 RT,MIX,Train,0.8677792041078306,0.9501054111033028,0.8616383616383616,0.9070781616907078,0.7971597867260901,0.6486143515122095
ABC,HIV-1 RT,MIX,Validation,0.8202247191011236,0.9221052631578948,0.8008982035928144,0.8681863230921705,0.7123479683665122,0.4807071009557937
ABC,HIV-1 RT,MIX,Test,0.8394160583941606,0.9145129224652088,0.8038922155688623,0.8753568030447193,0.6905897945659378,0.428227644456928
ABC,HIV-1 RT,MIX,Train,0.8895184135977338,0.8826423049894588,0.8386613386613386,0.8860670194003527,0.8066061265879936,0.6098305852537506
ABC,HIV-1 RT,MIX,Validation,0.8208955223880597,0.6947368421052632,0.6751497005988024,0.7525655644241733,0.6608399236433051,0.2978485350422691
ABC,HIV-1 RT,MIX,Test,0.8522483940042827,0.7912524850894632,0.7395209580838323,0.8206185567010309,0.6865353334538226,0.3508008194185422
ABC,HIV-1 RT,MIX,Train,0.886968085106383,0.9367977528089888,0.8701947079380928,0.9112021857923496,0.8215940404804875,0.6741523820529143
ABC,HIV-1 RT,MIX,Validation,0.8114285714285714,0.8987341772151899,0.7796101949025487,0.8528528528528528,0.692890404669771,0.4273508984255511
ABC,HIV-1 RT,MIX,Test,0.8527724665391969,0.8866799204771372,0.7994011976047904,0.8693957115009746,0.7100066269052353,0.4393939918076348
ABC,HIV-1 RT,MIX,Train,0.8614576493762311,0.9213483146067416,0.8387418871692461,0.8903970139124533,0.7784634491859269,0.5914552621506661
ABC,HIV-1 RT,MIX,Validation,0.8226164079822617,0.7827004219409283,0.7256371814092953,0.8021621621621622,0.6840963249601015,0.3568024217548675
ABC,HIV-1 RT,MIX,Test,0.8491620111731844,0.9065606361829026,0.8083832335329342,0.8769230769230769,0.7078257726369058,0.4514738218799339
ABC,HIV-1 RT,MIX,Train,0.7107892107892108,1.0,0.7107892107892108,0.830948905109489,0.5,0.0
ABC,HIV-1 RT,MIX,Validation,0.7110778443113772,1.0,0.7110778443113772,0.8311461067366579,0.5,0.0
ABC,HIV-1 RT,MIX,Test,0.7529940119760479,1.0,0.7529940119760479,0.8590947907771136,0.5,0.0
ABC,HIV-1 RT,MIX,Train,0.8069164265129684,0.7870695713281799,0.7147852147852148,0.7968694414799004,0.662101279619185,0.3187713282866354
ABC,HIV-1 RT,MIX,Validation,0.7763496143958869,0.6357894736842106,0.6107784431137725,0.6990740740740741,0.5925061358058358,0.1700392154667887
ABC,HIV-1 RT,MIX,Test,0.8277404921700223,0.73558648111332,0.6856287425149701,0.7789473684210526,0.6344599072233267,0.246489752729238
ABC,HIV-1 RT,MIX,Train,0.7109335996005991,1.0,0.7109335996005991,0.8310475634665888,0.5,0.0
ABC,HIV-1 RT,MIX,Validation,0.7106446776611695,1.0,0.7106446776611695,0.8308501314636284,0.5,0.0
ABC,HIV-1 RT,MIX,Test,0.7529940119760479,1.0,0.7529940119760479,0.8590947907771136,0.5,0.0
ABC,HIV-1 RT,MIX,Train,0.7109335996005991,1.0,0.7109335996005991,0.8310475634665888,0.5,0.0
ABC,HIV-1 RT,MIX,Validation,0.7106446776611695,1.0,0.7106446776611695,0.8308501314636284,0.5,0.0
ABC,HIV-1 RT,MIX,Test,0.7529940119760479,1.0,0.7529940119760479,0.8590947907771136,0.5,0.0
ABC,HIV-1 RT,MIX,Train,0.7107892107892108,1.0,0.7107892107892108,0.830948905109489,0.5,0.0
ABC,HIV-1 RT,MIX,Validation,0.7110778443113772,1.0,0.7110778443113772,0.8311461067366579,0.5,0.0
ABC,HIV-1 RT,MIX,Test,0.7529940119760479,1.0,0.7529940119760479,0.8590947907771136,0.5,0.0
ABC,HIV-1 RT,MIX,Train,0.7107892107892108,1.0,0.7107892107892108,0.830948905109489,0.5,0.0
ABC,HIV-1 RT,MIX,Validation,0.7110778443113772,1.0,0.7110778443113772,0.8311461067366579,0.5,0.0
ABC,HIV-1 RT,MIX,Test,0.7529940119760479,1.0,0.7529940119760479,0.8590947907771136,0.5,0.0
ABC,HIV-1 RT,MIX,Train,0.7109335996005991,1.0,0.7109335996005991,0.8310475634665888,0.5,0.0
ABC,HIV-1 RT,MIX,Validation,0.7106446776611695,1.0,0.7106446776611695,0.8308501314636284,0.5,0.0
ABC,HIV-1 RT,MIX,Test,0.7529940119760479,1.0,0.7529940119760479,0.8590947907771136,0.5,0.0
ABC,HIV-1 RT,MIX,Train,0.7109335996005991,1.0,0.7109335996005991,0.8310475634665888,0.5,0.0
ABC,HIV-1 RT,MIX,Validation,0.7106446776611695,1.0,0.7106446776611695,0.8308501314636284,0.5,0.0
ABC,HIV-1 RT,MIX,Test,0.7529940119760479,1.0,0.7529940119760479,0.8590947907771136,0.5,0.0
ABC,HIV-1 RT,MIX,Train,0.7107892107892108,1.0,0.7107892107892108,0.830948905109489,0.5,0.0
ABC,HIV-1 RT,MIX,Validation,0.7110778443113772,1.0,0.7110778443113772,0.8311461067366579,0.5,0.0
ABC,HIV-1 RT,MIX,Test,0.7529940119760479,1.0,0.7529940119760479,0.8590947907771136,0.5,0.0
ABC,HIV-1 RT,MIX,Train,0.7107892107892108,1.0,0.7107892107892108,0.830948905109489,0.5,0.0
ABC,HIV-1 RT,MIX,Validation,0.7110778443113772,1.0,0.7110778443113772,0.8311461067366579,0.5,0.0
ABC,HIV-1 RT,MIX,Test,0.7529940119760479,1.0,0.7529940119760479,0.8590947907771136,0.5,0.0
ABC,HIV-1 RT,MIX,Train,0.7109335996005991,1.0,0.7109335996005991,0.8310475634665888,0.5,0.0
ABC,HIV-1 RT,MIX,Validation,0.7106446776611695,1.0,0.7106446776611695,0.8308501314636284,0.5,0.0
ABC,HIV-1 RT,MIX,Test,0.7529940119760479,1.0,0.7529940119760479,0.8590947907771136,0.5,0.0
ABC,HIV-1 RT,MIX,Train,0.7109335996005991,1.0,0.7109335996005991,0.8310475634665888,0.5,0.0
ABC,HIV-1 RT,MIX,Validation,0.7106446776611695,1.0,0.7106446776611695,0.8308501314636284,0.5,0.0
ABC,HIV-1 RT,MIX,Test,0.7529940119760479,1.0,0.7529940119760479,0.8590947907771136,0.5,0.0
ABC,HIV-1 RT,MIX,Train,0.8254777070063695,0.910751932536894,0.7997002997002997,0.8660207150016705,0.7187611130732829,0.4822254781532661
ABC,HIV-1 RT,MIX,Validation,0.8296593186372746,0.871578947368421,0.781437125748503,0.8501026694045175,0.7155822197982001,0.4495466537543477
ABC,HIV-1 RT,MIX,Test,0.8300180831826401,0.9125248508946322,0.7934131736526946,0.8693181818181818,0.6714139405988313,0.3916432207443576
ABC,HIV-1 RT,MIX,Train,0.8355555555555556,0.9248067463106114,0.8171828171828172,0.8779186124082722,0.7387418878357892,0.5285013909976265
ABC,HIV-1 RT,MIX,Validation,0.793859649122807,0.7621052631578947,0.6901197604790419,0.7776584317937701,0.6375293155167712,0.2678553867185021
ABC,HIV-1 RT,MIX,Test,0.8363970588235294,0.904572564612326,0.7949101796407185,0.8691499522445081,0.6825893126091933,0.4050615511887129
ABC,HIV-1 RT,MIX,Train,0.8389830508474576,0.9037921348314608,0.8082875686470294,0.8701825557809331,0.7385972763967321,0.5108467713221533
ABC,HIV-1 RT,MIX,Validation,0.7988614800759013,0.8881856540084389,0.7616191904047976,0.8411588411588412,0.6694814280404888,0.3774423349869186
ABC,HIV-1 RT,MIX,Test,0.8432122370936902,0.8767395626242545,0.7844311377245509,0.8596491228070176,0.6898849328272787,0.3972936466274087
ABC,HIV-1 RT,MIX,Train,0.829552819183409,0.898876404494382,0.7968047928107839,0.8628244017526121,0.7223224854941686,0.4792319698326768
ABC,HIV-1 RT,MIX,Validation,0.7792207792207793,0.759493670886076,0.6761619190404797,0.7692307692307693,0.6154981307798255,0.2270256137130616
ABC,HIV-1 RT,MIX,Test,0.8233151183970856,0.8986083499005965,0.7784431137724551,0.8593155893536122,0.6553647810109042,0.3502264037025179
ABC,HIV-1 RT,MIX,Train,0.7107892107892108,1.0,0.7107892107892108,0.830948905109489,0.5,0.0
ABC,HIV-1 RT,MIX,Validation,0.7110778443113772,1.0,0.7110778443113772,0.8311461067366579,0.5,0.0
ABC,HIV-1 RT,MIX,Test,0.7529940119760479,1.0,0.7529940119760479,0.8590947907771136,0.5,0.0
ABC,HIV-1 RT,MIX,Train,0.8069164265129684,0.7870695713281799,0.7147852147852148,0.7968694414799004,0.662101279619185,0.3187713282866354
ABC,HIV-1 RT,MIX,Validation,0.7763496143958869,0.6357894736842106,0.6107784431137725,0.6990740740740741,0.5925061358058358,0.1700392154667887
ABC,HIV-1 RT,MIX,Test,0.8277404921700223,0.73558648111332,0.6856287425149701,0.7789473684210526,0.6344599072233267,0.246489752729238
ABC,HIV-1 RT,MIX,Train,0.7109335996005991,1.0,0.7109335996005991,0.8310475634665888,0.5,0.0
ABC,HIV-1 RT,MIX,Validation,0.7106446776611695,1.0,0.7106446776611695,0.8308501314636284,0.5,0.0
ABC,HIV-1 RT,MIX,Test,0.7529940119760479,1.0,0.7529940119760479,0.8590947907771136,0.5,0.0
ABC,HIV-1 RT,MIX,Train,0.7109335996005991,1.0,0.7109335996005991,0.8310475634665888,0.5,0.0
ABC,HIV-1 RT,MIX,Validation,0.7106446776611695,1.0,0.7106446776611695,0.8308501314636284,0.5,0.0
ABC,HIV-1 RT,MIX,Test,0.7529940119760479,1.0,0.7529940119760479,0.8590947907771136,0.5,0.0
ABC,HIV-1 RT,MIX,Train,0.7107892107892108,1.0,0.7107892107892108,0.830948905109489,0.5,0.0
ABC,HIV-1 RT,MIX,Validation,0.7110778443113772,1.0,0.7110778443113772,0.8311461067366579,0.5,0.0
ABC,HIV-1 RT,MIX,Test,0.7529940119760479,1.0,0.7529940119760479,0.8590947907771136,0.5,0.0
ABC,HIV-1 RT,MIX,Train,0.7107892107892108,1.0,0.7107892107892108,0.830948905109489,0.5,0.0
ABC,HIV-1 RT,MIX,Validation,0.7110778443113772,1.0,0.7110778443113772,0.8311461067366579,0.5,0.0
ABC,HIV-1 RT,MIX,Test,0.7529940119760479,1.0,0.7529940119760479,0.8590947907771136,0.5,0.0
ABC,HIV-1 RT,MIX,Train,0.7109335996005991,1.0,0.7109335996005991,0.8310475634665888,0.5,0.0
ABC,HIV-1 RT,MIX,Validation,0.7106446776611695,1.0,0.7106446776611695,0.8308501314636284,0.5,0.0
ABC,HIV-1 RT,MIX,Test,0.7529940119760479,1.0,0.7529940119760479,0.8590947907771136,0.5,0.0
ABC,HIV-1 RT,MIX,Train,0.7109335996005991,1.0,0.7109335996005991,0.8310475634665888,0.5,0.0
ABC,HIV-1 RT,MIX,Validation,0.7106446776611695,1.0,0.7106446776611695,0.8308501314636284,0.5,0.0
ABC,HIV-1 RT,MIX,Test,0.7529940119760479,1.0,0.7529940119760479,0.8590947907771136,0.5,0.0
ABC,HIV-1 RT,MIX,Train,0.7537473233404711,0.9894588896697118,0.7627372627372627,0.8556669705256761,0.5974928299816608,0.353755800385181
ABC,HIV-1 RT,MIX,Validation,0.754180602006689,0.9494736842105264,0.7440119760479041,0.8406337371854613,0.5939078265612217,0.2779442104537432
ABC,HIV-1 RT,MIX,Test,0.778125,0.9900596421471172,0.7799401197604791,0.8713910761154856,0.5647267907705283,0.2785935339292
ABC,HIV-1 RT,MIX,Train,0.7795637198622273,0.954321855235418,0.7757242757242757,0.8581358609794629,0.6455547100011287,0.3926334006975603
ABC,HIV-1 RT,MIX,Validation,0.767402376910017,0.9515789473684212,0.7604790419161677,0.849624060150376,0.6208671938914645,0.3393069078314248
ABC,HIV-1 RT,MIX,Test,0.8091216216216216,0.952286282306163,0.7949101796407185,0.8748858447488584,0.633718898728839,0.3632294908999635
ABC,HIV-1 RT,MIX,Train,0.752,0.9901685393258428,0.7608587119321019,0.8548044862079418,0.5935298655178436,0.3467120702496648
ABC,HIV-1 RT,MIX,Validation,0.7351097178683386,0.989451476793249,0.7391304347826086,0.8435251798561151,0.5569019041997333,0.2530552098043117
ABC,HIV-1 RT,MIX,Test,0.7710280373831776,0.9840954274353876,0.7679640718562875,0.8646288209606987,0.5465931682631484,0.2077896995320766
ABC,HIV-1 RT,MIX,Train,0.737116085372202,0.99438202247191,0.7438841737393909,0.8466367713004485,0.5610942927558169,0.2795466583928539
ABC,HIV-1 RT,MIX,Validation,0.7310126582278481,0.9746835443037974,0.7271364317841079,0.8354430379746836,0.5469272643798779,0.1908668462059814
ABC,HIV-1 RT,MIX,Test,0.7632776934749621,1.0,0.7664670658682635,0.8657487091222031,0.5272727272727273,0.204042467969288
ABC,HIV-1 RT,MIX,Train,0.8395755305867666,0.9451862262825016,0.8326673326673326,0.8892561983471075,0.7506587435384875,0.5684513921392625
ABC,HIV-1 RT,MIX,Validation,0.8223938223938224,0.8968421052631579,0.7889221556886228,0.8580060422960725,0.7100790837196619,0.4563812148853521
ABC,HIV-1 RT,MIX,Test,0.8403669724770643,0.9105367793240556,0.8023952095808383,0.8740458015267175,0.6916320260256641,0.4264550333307511
ABC,HIV-1 RT,MIX,Train,0.8772189349112426,0.8334504567814477,0.7987012987012987,0.8547747747747748,0.773374623900223,0.5294011763720387
ABC,HIV-1 RT,MIX,Validation,0.806282722513089,0.6484210526315789,0.6392215568862275,0.7187864644107351,0.6325006817562039,0.2427497938781353
ABC,HIV-1 RT,MIX,Test,0.8474945533769063,0.7733598409542743,0.7245508982035929,0.8087318087318087,0.674558708355925,0.3247266963301314
ABC,HIV-1 RT,MIX,Train,0.8630406290956749,0.9248595505617978,0.8422366450324513,0.8928813559322034,0.7819461828802081,0.6001420191803656
ABC,HIV-1 RT,MIX,Validation,0.8061420345489443,0.8860759493670886,0.767616191904048,0.8442211055276382,0.6813799435954614,0.3978247458208529
ABC,HIV-1 RT,MIX,Test,0.85546875,0.8707753479125249,0.7919161676646707,0.8630541871921182,0.7111452497138382,0.4304671310573413
ABC,HIV-1 RT,MIX,Train,0.8559039359573049,0.9009831460674156,0.8217673489765353,0.8778652069791311,0.7639630756243815,0.5515074297791756
ABC,HIV-1 RT,MIX,Validation,0.8089622641509434,0.7236286919831224,0.6821589205397302,0.7639198218262806,0.6519697864060692,0.2863973590980364
ABC,HIV-1 RT,MIX,Test,0.8421052631578947,0.8906560636182903,0.7919161676646707,0.8657004830917875,0.6907825772636906,0.4086668415377888
ABC,HIV-1 RT,MIX,Train,0.7107892107892108,1.0,0.7107892107892108,0.830948905109489,0.5,0.0
ABC,HIV-1 RT,MIX,Validation,0.7110778443113772,1.0,0.7110778443113772,0.8311461067366579,0.5,0.0
ABC,HIV-1 RT,MIX,Test,0.7529940119760479,1.0,0.7529940119760479,0.8590947907771136,0.5,0.0
ABC,HIV-1 RT,MIX,Train,0.8069164265129684,0.7870695713281799,0.7147852147852148,0.7968694414799004,0.662101279619185,0.3187713282866354
ABC,HIV-1 RT,MIX,Validation,0.7763496143958869,0.6357894736842106,0.6107784431137725,0.6990740740740741,0.5925061358058358,0.1700392154667887
ABC,HIV-1 RT,MIX,Test,0.8277404921700223,0.73558648111332,0.6856287425149701,0.7789473684210526,0.6344599072233267,0.246489752729238
ABC,HIV-1 RT,MIX,Train,0.7109335996005991,1.0,0.7109335996005991,0.8310475634665888,0.5,0.0
ABC,HIV-1 RT,MIX,Validation,0.7106446776611695,1.0,0.7106446776611695,0.8308501314636284,0.5,0.0
ABC,HIV-1 RT,MIX,Test,0.7529940119760479,1.0,0.7529940119760479,0.8590947907771136,0.5,0.0
ABC,HIV-1 RT,MIX,Train,0.7109335996005991,1.0,0.7109335996005991,0.8310475634665888,0.5,0.0
ABC,HIV-1 RT,MIX,Validation,0.7106446776611695,1.0,0.7106446776611695,0.8308501314636284,0.5,0.0
ABC,HIV-1 RT,MIX,Test,0.7529940119760479,1.0,0.7529940119760479,0.8590947907771136,0.5,0.0
ABC,HIV-1 RT,MIX,Train,0.7107892107892108,1.0,0.7107892107892108,0.830948905109489,0.5,0.0
ABC,HIV-1 RT,MIX,Validation,0.7110778443113772,1.0,0.7110778443113772,0.8311461067366579,0.5,0.0
ABC,HIV-1 RT,MIX,Test,0.7529940119760479,1.0,0.7529940119760479,0.8590947907771136,0.5,0.0
ABC,HIV-1 RT,MIX,Train,0.7107892107892108,1.0,0.7107892107892108,0.830948905109489,0.5,0.0
ABC,HIV-1 RT,MIX,Validation,0.7110778443113772,1.0,0.7110778443113772,0.8311461067366579,0.5,0.0
ABC,HIV-1 RT,MIX,Test,0.7529940119760479,1.0,0.7529940119760479,0.8590947907771136,0.5,0.0
ABC,HIV-1 RT,MIX,Train,0.7109335996005991,1.0,0.7109335996005991,0.8310475634665888,0.5,0.0
ABC,HIV-1 RT,MIX,Validation,0.7106446776611695,1.0,0.7106446776611695,0.8308501314636284,0.5,0.0
ABC,HIV-1 RT,MIX,Test,0.7529940119760479,1.0,0.7529940119760479,0.8590947907771136,0.5,0.0
ABC,HIV-1 RT,MIX,Train,0.7109335996005991,1.0,0.7109335996005991,0.8310475634665888,0.5,0.0
ABC,HIV-1 RT,MIX,Validation,0.7106446776611695,1.0,0.7106446776611695,0.8308501314636284,0.5,0.0
ABC,HIV-1 RT,MIX,Test,0.7529940119760479,1.0,0.7529940119760479,0.8590947907771136,0.5,0.0
ABC,HIV-1 RT,MIX,Train,0.7511987213638786,0.9908643710470836,0.7602397602397603,0.8545454545454545,0.592150665661711,0.3453687680989399
ABC,HIV-1 RT,MIX,Validation,0.7545909849749582,0.9515789473684212,0.7455089820359282,0.8417132216014898,0.5949604581401691,0.2828526810724637
ABC,HIV-1 RT,MIX,Test,0.7776049766718507,0.9940357852882704,0.781437125748503,0.8726003490401396,0.5636845593108019,0.2894107224687328
ABC,HIV-1 RT,MIX,Train,0.7860810039931546,0.9683766690091355,0.7902097902097902,0.8677581863979849,0.6603541376133761,0.440617017523098
ABC,HIV-1 RT,MIX,Validation,0.7770154373927959,0.9536842105263158,0.7724550898203593,0.8563327032136105,0.6400545404963185,0.3809859040993351
ABC,HIV-1 RT,MIX,Test,0.8117647058823529,0.9602385685884692,0.8023952095808383,0.8797814207650273,0.6407253449002952,0.3890526421948611
ABC,HIV-1 RT,MIX,Train,0.7697802197802198,0.9838483146067416,0.7793310034947578,0.8637484586929717,0.6300934146436126,0.4093721995051531
ABC,HIV-1 RT,MIX,Validation,0.7475728155339806,0.9746835443037974,0.7481259370314842,0.8461538461538461,0.5831966944316915,0.2892088740764049
ABC,HIV-1 RT,MIX,Test,0.7761674718196457,0.9582504970178928,0.7604790419161677,0.8576512455516014,0.5579131272968252,0.1953161920847602
ABC,HIV-1 RT,MIX,Train,0.7574606619641888,0.9803370786516854,0.762855716425362,0.854606672788491,0.6041581766315423,0.348333290139748
ABC,HIV-1 RT,MIX,Validation,0.7453936348408711,0.938818565400844,0.7286356821589205,0.830999066293184,0.5756268992807329,0.2237885848691918
ABC,HIV-1 RT,MIX,Test,0.7694704049844237,0.9821073558648112,0.7649700598802395,0.862882096069869,0.542568829447557,0.1898425157607516
ABC,HIV-1 RT,MIX,Train,0.8612903225806452,0.938158819395643,0.8486513486513486,0.8980827447023209,0.7834144701468716,0.614693585424718
ABC,HIV-1 RT,MIX,Validation,0.830078125,0.8947368421052632,0.7949101796407185,0.8611955420466059,0.7219798200163621,0.4756326619916821
ABC,HIV-1 RT,MIX,Test,0.8515037593984962,0.9005964214711729,0.8068862275449101,0.8753623188405797,0.710904271341647,0.4517686241175606
ABC,HIV-1 RT,MIX,Train,0.8948562783661119,0.83134223471539,0.8106893106893107,0.8619307832422587,0.7956365750433599,0.5660564012334213
ABC,HIV-1 RT,MIX,Validation,0.8252688172043011,0.6463157894736842,0.6511976047904192,0.7249114521841794,0.6547641123534224,0.282428416248779
ABC,HIV-1 RT,MIX,Test,0.8503401360544217,0.7455268389662028,0.7095808383233533,0.7944915254237288,0.6727634194831014,0.3146121773400676
ABC,HIV-1 RT,MIX,Train,0.8650742414460942,0.9410112359550562,0.853719420868697,0.9014463504877228,0.7900220255768372,0.6280606991310381
ABC,HIV-1 RT,MIX,Validation,0.8045540796963947,0.8945147679324894,0.7706146926536732,0.8471528471528471,0.6804180057279027,0.4017985577709111
ABC,HIV-1 RT,MIX,Test,0.8468809073724007,0.8906560636182903,0.7964071856287425,0.8682170542635659,0.6998734863545997,0.4246937913185926
ABC,HIV-1 RT,MIX,Train,0.8519003931847968,0.9129213483146068,0.8252621068397404,0.8813559322033898,0.7612965981642118,0.5561879448953474
ABC,HIV-1 RT,MIX,Validation,0.8135198135198135,0.7362869198312236,0.6926536731634183,0.7729789590254706,0.6608895739052492,0.304585060466768
ABC,HIV-1 RT,MIX,Test,0.8515037593984962,0.9005964214711729,0.8068862275449101,0.8753623188405797,0.710904271341647,0.4517686241175606
ABC,HIV-1 RT,MIX,Train,0.7107892107892108,1.0,0.7107892107892108,0.830948905109489,0.5,0.0
ABC,HIV-1 RT,MIX,Validation,0.7110778443113772,1.0,0.7110778443113772,0.8311461067366579,0.5,0.0
ABC,HIV-1 RT,MIX,Test,0.7529940119760479,1.0,0.7529940119760479,0.8590947907771136,0.5,0.0
ABC,HIV-1 RT,MIX,Train,0.8171959721146398,0.741391426563598,0.6983016983016983,0.7774502579218865,0.6668960587049423,0.3162422468163994
ABC,HIV-1 RT,MIX,Validation,0.8044692737430168,0.6063157894736843,0.6152694610778443,0.6914765906362546,0.6218107444777747,0.221420941069514
ABC,HIV-1 RT,MIX,Test,0.850253807106599,0.6660039761431411,0.6601796407185628,0.7469342251950948,0.6542141092836917,0.2704311268285778
ABC,HIV-1 RT,MIX,Train,0.7109335996005991,1.0,0.7109335996005991,0.8310475634665888,0.5,0.0
ABC,HIV-1 RT,MIX,Validation,0.7106446776611695,1.0,0.7106446776611695,0.8308501314636284,0.5,0.0
ABC,HIV-1 RT,MIX,Test,0.7529940119760479,1.0,0.7529940119760479,0.8590947907771136,0.5,0.0
ABC,HIV-1 RT,MIX,Train,0.7109335996005991,1.0,0.7109335996005991,0.8310475634665888,0.5,0.0
ABC,HIV-1 RT,MIX,Validation,0.7106446776611695,1.0,0.7106446776611695,0.8308501314636284,0.5,0.0
ABC,HIV-1 RT,MIX,Test,0.7529940119760479,1.0,0.7529940119760479,0.8590947907771136,0.5,0.0
ABC,HIV-1 RT,MIX,Train,0.7107892107892108,1.0,0.7107892107892108,0.830948905109489,0.5,0.0
ABC,HIV-1 RT,MIX,Validation,0.7110778443113772,1.0,0.7110778443113772,0.8311461067366579,0.5,0.0
ABC,HIV-1 RT,MIX,Test,0.7529940119760479,1.0,0.7529940119760479,0.8590947907771136,0.5,0.0
ABC,HIV-1 RT,MIX,Train,0.7107892107892108,1.0,0.7107892107892108,0.830948905109489,0.5,0.0
ABC,HIV-1 RT,MIX,Validation,0.7110778443113772,1.0,0.7110778443113772,0.8311461067366579,0.5,0.0
ABC,HIV-1 RT,MIX,Test,0.7529940119760479,1.0,0.7529940119760479,0.8590947907771136,0.5,0.0
ABC,HIV-1 RT,MIX,Train,0.7109335996005991,1.0,0.7109335996005991,0.8310475634665888,0.5,0.0
ABC,HIV-1 RT,MIX,Validation,0.7106446776611695,1.0,0.7106446776611695,0.8308501314636284,0.5,0.0
ABC,HIV-1 RT,MIX,Test,0.7529940119760479,1.0,0.7529940119760479,0.8590947907771136,0.5,0.0
ABC,HIV-1 RT,MIX,Train,0.7109335996005991,1.0,0.7109335996005991,0.8310475634665888,0.5,0.0
ABC,HIV-1 RT,MIX,Validation,0.7106446776611695,1.0,0.7106446776611695,0.8308501314636284,0.5,0.0
ABC,HIV-1 RT,MIX,Test,0.7529940119760479,1.0,0.7529940119760479,0.8590947907771136,0.5,0.0
ABC,HIV-1 RT,MIX,Train,0.7107892107892108,1.0,0.7107892107892108,0.830948905109489,0.5,0.0
ABC,HIV-1 RT,MIX,Validation,0.7110778443113772,1.0,0.7110778443113772,0.8311461067366579,0.5,0.0
ABC,HIV-1 RT,MIX,Test,0.7529940119760479,1.0,0.7529940119760479,0.8590947907771136,0.5,0.0
ABC,HIV-1 RT,MIX,Train,0.7107892107892108,1.0,0.7107892107892108,0.830948905109489,0.5,0.0
ABC,HIV-1 RT,MIX,Validation,0.7110778443113772,1.0,0.7110778443113772,0.8311461067366579,0.5,0.0
ABC,HIV-1 RT,MIX,Test,0.7529940119760479,1.0,0.7529940119760479,0.8590947907771136,0.5,0.0
ABC,HIV-1 RT,MIX,Train,0.7109335996005991,1.0,0.7109335996005991,0.8310475634665888,0.5,0.0
ABC,HIV-1 RT,MIX,Validation,0.7106446776611695,1.0,0.7106446776611695,0.8308501314636284,0.5,0.0
ABC,HIV-1 RT,MIX,Test,0.7529940119760479,1.0,0.7529940119760479,0.8590947907771136,0.5,0.0
ABC,HIV-1 RT,MIX,Train,0.7109335996005991,1.0,0.7109335996005991,0.8310475634665888,0.5,0.0
ABC,HIV-1 RT,MIX,Validation,0.7106446776611695,1.0,0.7106446776611695,0.8308501314636284,0.5,0.0
ABC,HIV-1 RT,MIX,Test,0.7529940119760479,1.0,0.7529940119760479,0.8590947907771136,0.5,0.0
ABC,HIV-1 RT,MIX,Train,0.788782816229117,0.9290231904427266,0.7727272727272727,0.8531784446595676,0.6588121133560784,0.3900403571612507
ABC,HIV-1 RT,MIX,Validation,0.7824427480916031,0.8631578947368421,0.7320359281437125,0.8208208208208209,0.6362421598036543,0.3003447778441057
ABC,HIV-1 RT,MIX,Test,0.8238341968911918,0.94831013916501,0.8083832335329342,0.8817005545286506,0.6650641604915959,0.4189618345116954
ABC,HIV-1 RT,MIX,Train,0.8327803583278036,0.881939564300773,0.7902097902097902,0.856655290102389,0.7233532018395057,0.4694665832900277
ABC,HIV-1 RT,MIX,Validation,0.7987152034261242,0.7852631578947369,0.7065868263473054,0.7919320594479831,0.6491082628851923,0.2947139523326973
ABC,HIV-1 RT,MIX,Test,0.7948207171314741,0.7932405566600398,0.6901197604790419,0.7940298507462686,0.5844990662088078,0.1686560665418656
ABC,HIV-1 RT,MIX,Train,0.8071693448702101,0.9171348314606742,0.7853220169745382,0.8586456278763971,0.6891373639168655,0.4351930795576519
ABC,HIV-1 RT,MIX,Validation,0.7739602169981917,0.9029535864978904,0.7436281859070465,0.8334956183057449,0.6276425963577534,0.3075236064857722
ABC,HIV-1 RT,MIX,Test,0.8145454545454546,0.8906560636182903,0.7649700598802395,0.8509021842355176,0.6362371227182361,0.3081265170060608
ABC,HIV-1 RT,MIX,Train,0.8033813400125235,0.9009831460674156,0.7728407388916625,0.8493876199933796,0.6793344055034833,0.4044570545107102
ABC,HIV-1 RT,MIX,Validation,0.7711111111111111,0.7320675105485233,0.6551724137931034,0.7510822510822511,0.5991943770359196,0.1920210107991407
ABC,HIV-1 RT,MIX,Test,0.8112522686025408,0.8886679920477137,0.7604790419161677,0.8481973434535104,0.6291824808723417,0.2931506426926943
ABC,HIV-1 RT,MIX,Train,0.7107892107892108,1.0,0.7107892107892108,0.830948905109489,0.5,0.0
ABC,HIV-1 RT,MIX,Validation,0.7110778443113772,1.0,0.7110778443113772,0.8311461067366579,0.5,0.0
ABC,HIV-1 RT,MIX,Test,0.7529940119760479,1.0,0.7529940119760479,0.8590947907771136,0.5,0.0
ABC,HIV-1 RT,MIX,Train,0.8171959721146398,0.741391426563598,0.6983016983016983,0.7774502579218865,0.6668960587049423,0.3162422468163994
ABC,HIV-1 RT,MIX,Validation,0.8044692737430168,0.6063157894736843,0.6152694610778443,0.6914765906362546,0.6218107444777747,0.221420941069514
ABC,HIV-1 RT,MIX,Test,0.850253807106599,0.6660039761431411,0.6601796407185628,0.7469342251950948,0.6542141092836917,0.2704311268285778
ABC,HIV-1 RT,MIX,Train,0.7109335996005991,1.0,0.7109335996005991,0.8310475634665888,0.5,0.0
ABC,HIV-1 RT,MIX,Validation,0.7106446776611695,1.0,0.7106446776611695,0.8308501314636284,0.5,0.0
ABC,HIV-1 RT,MIX,Test,0.7529940119760479,1.0,0.7529940119760479,0.8590947907771136,0.5,0.0
ABC,HIV-1 RT,MIX,Train,0.7109335996005991,1.0,0.7109335996005991,0.8310475634665888,0.5,0.0
ABC,HIV-1 RT,MIX,Validation,0.7106446776611695,1.0,0.7106446776611695,0.8308501314636284,0.5,0.0
ABC,HIV-1 RT,MIX,Test,0.7529940119760479,1.0,0.7529940119760479,0.8590947907771136,0.5,0.0
ABC,HIV-1 RT,MIX,Train,0.7107892107892108,1.0,0.7107892107892108,0.830948905109489,0.5,0.0
ABC,HIV-1 RT,MIX,Validation,0.7110778443113772,1.0,0.7110778443113772,0.8311461067366579,0.5,0.0
ABC,HIV-1 RT,MIX,Test,0.7529940119760479,1.0,0.7529940119760479,0.8590947907771136,0.5,0.0
ABC,HIV-1 RT,MIX,Train,0.7107892107892108,1.0,0.7107892107892108,0.830948905109489,0.5,0.0
ABC,HIV-1 RT,MIX,Validation,0.7110778443113772,1.0,0.7110778443113772,0.8311461067366579,0.5,0.0
ABC,HIV-1 RT,MIX,Test,0.7529940119760479,1.0,0.7529940119760479,0.8590947907771136,0.5,0.0
ABC,HIV-1 RT,MIX,Train,0.7109335996005991,1.0,0.7109335996005991,0.8310475634665888,0.5,0.0
ABC,HIV-1 RT,MIX,Validation,0.7106446776611695,1.0,0.7106446776611695,0.8308501314636284,0.5,0.0
ABC,HIV-1 RT,MIX,Test,0.7529940119760479,1.0,0.7529940119760479,0.8590947907771136,0.5,0.0
ABC,HIV-1 RT,MIX,Train,0.7109335996005991,1.0,0.7109335996005991,0.8310475634665888,0.5,0.0
ABC,HIV-1 RT,MIX,Validation,0.7106446776611695,1.0,0.7106446776611695,0.8308501314636284,0.5,0.0
ABC,HIV-1 RT,MIX,Test,0.7529940119760479,1.0,0.7529940119760479,0.8590947907771136,0.5,0.0
ABC,HIV-1 RT,MIX,Train,0.7451187335092349,0.9922698524244554,0.7532467532467533,0.8511151295961422,0.5790364806163728,0.3186418574734236
ABC,HIV-1 RT,MIX,Validation,0.7545605306799337,0.9578947368421052,0.7485029940119761,0.8441558441558441,0.5955276793018817,0.2921926908591782
ABC,HIV-1 RT,MIX,Test,0.7779503105590062,0.9960238568588468,0.7829341317365269,0.8735832606800349,0.5646785950960901,0.2997560682183076
ABC,HIV-1 RT,MIX,Train,0.789080459770115,0.9648629655657064,0.7917082917082917,0.8681631362630414,0.6655057487586735,0.4449995185797226
ABC,HIV-1 RT,MIX,Validation,0.7713310580204779,0.9515789473684212,0.7649700598802395,0.8520263901979265,0.628639214616853,0.3553637308004947
ABC,HIV-1 RT,MIX,Test,0.8030050083472454,0.956262425447316,0.7904191616766467,0.8729582577132486,0.6205554551479004,0.3416684447260789
ABC,HIV-1 RT,MIX,Train,0.7913093196112064,0.9719101123595506,0.7978032950574139,0.8723605420737472,0.6707564378723487,0.4652534428766943
ABC,HIV-1 RT,MIX,Validation,0.7688356164383562,0.9472573839662448,0.760119940029985,0.8487712665406427,0.6238877593406353,0.3403931011609433
ABC,HIV-1 RT,MIX,Test,0.7816091954022989,0.9463220675944334,0.7604790419161677,0.8561151079136691,0.5701307307669137,0.2131717607866345
ABC,HIV-1 RT,MIX,Train,0.7762711864406779,0.9648876404494382,0.7773339990014978,0.8603631809643081,0.6404749083076207,0.3972449965151749
ABC,HIV-1 RT,MIX,Validation,0.7444253859348199,0.9156118143459916,0.7166416791604198,0.8211920529801324,0.5717955444786953,0.196255300021624
ABC,HIV-1 RT,MIX,Test,0.776,0.9642147117296224,0.7634730538922155,0.8599290780141844,0.5578649316223869,0.2033748136944406
ABC,HIV-1 RT,MIX,Train,0.8529411764705882,0.9578355586788476,0.8526473526473527,0.9023502151605428,0.7759816826209436,0.6235523433553423
ABC,HIV-1 RT,MIX,Validation,0.8120437956204379,0.936842105263158,0.8008982035928144,0.8699902248289345,0.7015816743932369,0.4760204394844788
ABC,HIV-1 RT,MIX,Test,0.8414414414414414,0.9284294234592444,0.8143712574850299,0.8827977315689981,0.6975480450629556,0.4545095189711063
ABC,HIV-1 RT,MIX,Train,0.8705501618122977,0.9451862262825016,0.8611388611388612,0.90633423180593,0.7998815414659486,0.6478867827934198
ABC,HIV-1 RT,MIX,Validation,0.81875,0.8273684210526315,0.7470059880239521,0.8230366492146597,0.6882956094900463,0.3795736930183816
ABC,HIV-1 RT,MIX,Test,0.8250460405156538,0.8906560636182903,0.7754491017964071,0.8565965583173997,0.6574492439303572,0.3482103041484194
ABC,HIV-1 RT,MIX,Train,0.8870320855614974,0.93188202247191,0.8671992011982027,0.9089041095890412,0.8199997331703246,0.6672738599091547
ABC,HIV-1 RT,MIX,Validation,0.8068833652007649,0.890295358649789,0.7706146926536732,0.8465396188565697,0.6834896482368116,0.4044616028664307
ABC,HIV-1 RT,MIX,Test,0.8560157790927022,0.8628230616302187,0.7874251497005988,0.8594059405940594,0.7101994096029882,0.4239069476139886
ABC,HIV-1 RT,MIX,Train,0.8677248677248677,0.9213483146067416,0.8442336495257114,0.8937329700272479,0.7879625856280685,0.6069371136200443
ABC,HIV-1 RT,MIX,Validation,0.827906976744186,0.7510548523206751,0.712143928035982,0.7876106194690266,0.683817581600752,0.3483184412579822
ABC,HIV-1 RT,MIX,Test,0.864244741873805,0.8986083499005965,0.8173652694610778,0.8810916179337231,0.7341526597987831,0.489914406023906
ABC,HIV-1 RT,MIX,Train,0.7107892107892108,1.0,0.7107892107892108,0.830948905109489,0.5,0.0
ABC,HIV-1 RT,MIX,Validation,0.7110778443113772,1.0,0.7110778443113772,0.8311461067366579,0.5,0.0
ABC,HIV-1 RT,MIX,Test,0.7529940119760479,1.0,0.7529940119760479,0.8590947907771136,0.5,0.0
ABC,HIV-1 RT,MIX,Train,0.8171959721146398,0.741391426563598,0.6983016983016983,0.7774502579218865,0.6668960587049423,0.3162422468163994
ABC,HIV-1 RT,MIX,Validation,0.8044692737430168,0.6063157894736843,0.6152694610778443,0.6914765906362546,0.6218107444777747,0.221420941069514
ABC,HIV-1 RT,MIX,Test,0.850253807106599,0.6660039761431411,0.6601796407185628,0.7469342251950948,0.6542141092836917,0.2704311268285778
ABC,HIV-1 RT,MIX,Train,0.7109335996005991,1.0,0.7109335996005991,0.8310475634665888,0.5,0.0
ABC,HIV-1 RT,MIX,Validation,0.7106446776611695,1.0,0.7106446776611695,0.8308501314636284,0.5,0.0
ABC,HIV-1 RT,MIX,Test,0.7529940119760479,1.0,0.7529940119760479,0.8590947907771136,0.5,0.0
ABC,HIV-1 RT,MIX,Train,0.7109335996005991,1.0,0.7109335996005991,0.8310475634665888,0.5,0.0
ABC,HIV-1 RT,MIX,Validation,0.7106446776611695,1.0,0.7106446776611695,0.8308501314636284,0.5,0.0
ABC,HIV-1 RT,MIX,Test,0.7529940119760479,1.0,0.7529940119760479,0.8590947907771136,0.5,0.0
ABC,HIV-1 RT,MIX,Train,0.7107892107892108,1.0,0.7107892107892108,0.830948905109489,0.5,0.0
ABC,HIV-1 RT,MIX,Validation,0.7110778443113772,1.0,0.7110778443113772,0.8311461067366579,0.5,0.0
ABC,HIV-1 RT,MIX,Test,0.7529940119760479,1.0,0.7529940119760479,0.8590947907771136,0.5,0.0
ABC,HIV-1 RT,MIX,Train,0.7107892107892108,1.0,0.7107892107892108,0.830948905109489,0.5,0.0
ABC,HIV-1 RT,MIX,Validation,0.7110778443113772,1.0,0.7110778443113772,0.8311461067366579,0.5,0.0
ABC,HIV-1 RT,MIX,Test,0.7529940119760479,1.0,0.7529940119760479,0.8590947907771136,0.5,0.0
ABC,HIV-1 RT,MIX,Train,0.7109335996005991,1.0,0.7109335996005991,0.8310475634665888,0.5,0.0
ABC,HIV-1 RT,MIX,Validation,0.7106446776611695,1.0,0.7106446776611695,0.8308501314636284,0.5,0.0
ABC,HIV-1 RT,MIX,Test,0.7529940119760479,1.0,0.7529940119760479,0.8590947907771136,0.5,0.0
ABC,HIV-1 RT,MIX,Train,0.7109335996005991,1.0,0.7109335996005991,0.8310475634665888,0.5,0.0
ABC,HIV-1 RT,MIX,Validation,0.7106446776611695,1.0,0.7106446776611695,0.8308501314636284,0.5,0.0
ABC,HIV-1 RT,MIX,Test,0.7529940119760479,1.0,0.7529940119760479,0.8590947907771136,0.5,0.0
ABC,HIV-1 RT,MIX,Train,0.7107892107892108,1.0,0.7107892107892108,0.830948905109489,0.5,0.0
ABC,HIV-1 RT,MIX,Validation,0.7110778443113772,1.0,0.7110778443113772,0.8311461067366579,0.5,0.0
ABC,HIV-1 RT,MIX,Test,0.7529940119760479,1.0,0.7529940119760479,0.8590947907771136,0.5,0.0
ABC,HIV-1 RT,MIX,Train,0.7107892107892108,1.0,0.7107892107892108,0.830948905109489,0.5,0.0
ABC,HIV-1 RT,MIX,Validation,0.7110778443113772,1.0,0.7110778443113772,0.8311461067366579,0.5,0.0
ABC,HIV-1 RT,MIX,Test,0.7529940119760479,1.0,0.7529940119760479,0.8590947907771136,0.5,0.0
ABC,HIV-1 RT,MIX,Train,0.7109335996005991,1.0,0.7109335996005991,0.8310475634665888,0.5,0.0
ABC,HIV-1 RT,MIX,Validation,0.7106446776611695,1.0,0.7106446776611695,0.8308501314636284,0.5,0.0
ABC,HIV-1 RT,MIX,Test,0.7529940119760479,1.0,0.7529940119760479,0.8590947907771136,0.5,0.0
ABC,HIV-1 RT,MIX,Train,0.7109335996005991,1.0,0.7109335996005991,0.8310475634665888,0.5,0.0
ABC,HIV-1 RT,MIX,Validation,0.7106446776611695,1.0,0.7106446776611695,0.8308501314636284,0.5,0.0
ABC,HIV-1 RT,MIX,Test,0.7529940119760479,1.0,0.7529940119760479,0.8590947907771136,0.5,0.0
ABC,HIV-1 RT,MIX,Train,0.8021911138161899,0.9262122276879832,0.7852147852147852,0.8597521200260926,0.6824498098716254,0.4312698886650336
ABC,HIV-1 RT,MIX,Validation,0.8061420345489443,0.8842105263157894,0.7664670658682635,0.8433734939759037,0.6804472320698118,0.3948463708511782
ABC,HIV-1 RT,MIX,Test,0.8256227758007118,0.9224652087475148,0.7949101796407185,0.8713615023474178,0.6642629074040605,0.3877701505992957
ABC,HIV-1 RT,MIX,Train,0.85,0.8959943780744906,0.8136863136863137,0.8723913787204927,0.7536966709025302,0.5307487839228634
ABC,HIV-1 RT,MIX,Validation,0.8173913043478261,0.791578947368421,0.7260479041916168,0.8042780748663102,0.6781728933733296,0.3488080540117686
ABC,HIV-1 RT,MIX,Test,0.8448275862068966,0.8767395626242545,0.7859281437125748,0.8604878048780488,0.6929152358575817,0.4026343370211184
ABC,HIV-1 RT,MIX,Train,0.8453678474114441,0.8714887640449438,0.7953070394408387,0.8582295988934993,0.7397167481710039,0.4912275673344572
ABC,HIV-1 RT,MIX,Validation,0.7976190476190477,0.8481012658227848,0.7391304347826086,0.8220858895705522,0.65980192824818,0.3372646053412325
ABC,HIV-1 RT,MIX,Test,0.8404040404040404,0.827037773359841,0.7514970059880239,0.8336673346693386,0.674124947285981,0.3428398585303478
ABC,HIV-1 RT,MIX,Train,0.8134651019147622,0.9248595505617978,0.7958062905641538,0.8655931646401578,0.7016353020511925,0.4644102599280387
ABC,HIV-1 RT,MIX,Validation,0.7747368421052632,0.7763713080168776,0.6806596701649176,0.7755532139093783,0.6109835814695788,0.2223100709831969
ABC,HIV-1 RT,MIX,Test,0.8180212014134276,0.9204771371769384,0.7859281437125748,0.8662301216089804,0.6481173564672571,0.3551841777366488
ABC,HIV-1 RT,MIX,Train,0.7107892107892108,1.0,0.7107892107892108,0.830948905109489,0.5,0.0
ABC,HIV-1 RT,MIX,Validation,0.7110778443113772,1.0,0.7110778443113772,0.8311461067366579,0.5,0.0
ABC,HIV-1 RT,MIX,Test,0.7529940119760479,1.0,0.7529940119760479,0.8590947907771136,0.5,0.0
ABC,HIV-1 RT,MIX,Train,0.8171959721146398,0.741391426563598,0.6983016983016983,0.7774502579218865,0.6668960587049423,0.3162422468163994
ABC,HIV-1 RT,MIX,Validation,0.8044692737430168,0.6063157894736843,0.6152694610778443,0.6914765906362546,0.6218107444777747,0.221420941069514
ABC,HIV-1 RT,MIX,Test,0.850253807106599,0.6660039761431411,0.6601796407185628,0.7469342251950948,0.6542141092836917,0.2704311268285778
ABC,HIV-1 RT,MIX,Train,0.7109335996005991,1.0,0.7109335996005991,0.8310475634665888,0.5,0.0
ABC,HIV-1 RT,MIX,Validation,0.7106446776611695,1.0,0.7106446776611695,0.8308501314636284,0.5,0.0
ABC,HIV-1 RT,MIX,Test,0.7529940119760479,1.0,0.7529940119760479,0.8590947907771136,0.5,0.0
ABC,HIV-1 RT,MIX,Train,0.7109335996005991,1.0,0.7109335996005991,0.8310475634665888,0.5,0.0
ABC,HIV-1 RT,MIX,Validation,0.7106446776611695,1.0,0.7106446776611695,0.8308501314636284,0.5,0.0
ABC,HIV-1 RT,MIX,Test,0.7529940119760479,1.0,0.7529940119760479,0.8590947907771136,0.5,0.0
ABC,HIV-1 RT,MIX,Train,0.7107892107892108,1.0,0.7107892107892108,0.830948905109489,0.5,0.0
ABC,HIV-1 RT,MIX,Validation,0.7110778443113772,1.0,0.7110778443113772,0.8311461067366579,0.5,0.0
ABC,HIV-1 RT,MIX,Test,0.7529940119760479,1.0,0.7529940119760479,0.8590947907771136,0.5,0.0
ABC,HIV-1 RT,MIX,Train,0.7107892107892108,1.0,0.7107892107892108,0.830948905109489,0.5,0.0
ABC,HIV-1 RT,MIX,Validation,0.7110778443113772,1.0,0.7110778443113772,0.8311461067366579,0.5,0.0
ABC,HIV-1 RT,MIX,Test,0.7529940119760479,1.0,0.7529940119760479,0.8590947907771136,0.5,0.0
ABC,HIV-1 RT,MIX,Train,0.7109335996005991,1.0,0.7109335996005991,0.8310475634665888,0.5,0.0
ABC,HIV-1 RT,MIX,Validation,0.7106446776611695,1.0,0.7106446776611695,0.8308501314636284,0.5,0.0
ABC,HIV-1 RT,MIX,Test,0.7529940119760479,1.0,0.7529940119760479,0.8590947907771136,0.5,0.0
ABC,HIV-1 RT,MIX,Train,0.7109335996005991,1.0,0.7109335996005991,0.8310475634665888,0.5,0.0
ABC,HIV-1 RT,MIX,Validation,0.7106446776611695,1.0,0.7106446776611695,0.8308501314636284,0.5,0.0
ABC,HIV-1 RT,MIX,Test,0.7529940119760479,1.0,0.7529940119760479,0.8590947907771136,0.5,0.0
ABC,HIV-1 RT,MIX,Train,0.7410901467505241,0.9936753338018272,0.7487512487512488,0.848994296007205,0.570240084862917,0.3010950690086997
ABC,HIV-1 RT,MIX,Validation,0.7446808510638298,0.9578947368421052,0.7365269461077845,0.8379373848987108,0.5748022907008453,0.2427237759712024
ABC,HIV-1 RT,MIX,Test,0.7774343122102009,1.0,0.7844311377245509,0.8747826086956522,0.5636363636363637,0.3145571254802364
ABC,HIV-1 RT,MIX,Train,0.7670011148272018,0.966971187631764,0.7677322677322678,0.8554553932235002,0.6225184090145003,0.3641079732996801
ABC,HIV-1 RT,MIX,Validation,0.7595356550580431,0.9642105263157896,0.7574850299401198,0.849721706864564,0.6064575947641124,0.3256242725024437
ABC,HIV-1 RT,MIX,Test,0.7928802588996764,0.974155069582505,0.7889221556886228,0.8742194469223907,0.5991987469124646,0.3251493624082249
ABC,HIV-1 RT,MIX,Train,0.752,0.9901685393258428,0.7608587119321019,0.8548044862079418,0.5935298655178436,0.3467120702496648
ABC,HIV-1 RT,MIX,Validation,0.7396825396825397,0.9831223628691984,0.7421289355322339,0.8442028985507246,0.5666907151133556,0.2642360439066867
ABC,HIV-1 RT,MIX,Test,0.7713841368584758,0.9860834990059644,0.7694610778443114,0.8656195462478184,0.5475872040484366,0.2162572412052332
ABC,HIV-1 RT,MIX,Train,0.7376108502869066,0.9929775280898876,0.7438841737393909,0.8464531577372044,0.5621191612815586,0.2778366753452346
ABC,HIV-1 RT,MIX,Validation,0.7204968944099379,0.978902953586498,0.7151424287856072,0.8300536672629696,0.5231302332699329,0.1149664131572667
ABC,HIV-1 RT,MIX,Test,0.764525993883792,0.9940357852882704,0.7649700598802395,0.8643042350907519,0.5303512259774685,0.1827592244894179
ABC,HIV-1 RT,MIX,Train,0.8166069295101553,0.960646521433591,0.8186813186813187,0.8827897965773329,0.7152109981952066,0.5272560123464198
ABC,HIV-1 RT,MIX,Validation,0.8059149722735675,0.9178947368421052,0.7844311377245509,0.8582677165354331,0.6869266430324515,0.4318432827521716
ABC,HIV-1 RT,MIX,Test,0.8356890459363958,0.9403578528827038,0.8158682634730539,0.8849391955098223,0.6883607446231701,0.45168748479273
ABC,HIV-1 RT,MIX,Train,0.8516624040920716,0.9360505973295854,0.8386613386613386,0.8918647472380314,0.7676798755214421,0.587126955431451
ABC,HIV-1 RT,MIX,Validation,0.8137651821862348,0.8463157894736842,0.7529940119760479,0.8297213622291022,0.6848159258249251,0.381730401049822
ABC,HIV-1 RT,MIX,Test,0.822141560798548,0.9005964214711729,0.7784431137724551,0.8595825426944972,0.6533285137658894,0.3479446442742043
ABC,HIV-1 RT,MIX,Train,0.8697674418604651,0.919241573033708,0.8447329006490265,0.893820416524411,0.7903634462750578,0.6090925578823169
ABC,HIV-1 RT,MIX,Validation,0.8113948919449901,0.8713080168776371,0.7646176911544228,0.8402848423194303,0.6869493452263833,0.3987808867719626
ABC,HIV-1 RT,MIX,Test,0.8689516129032258,0.856858846918489,0.7949101796407185,0.8628628628628628,0.7314597264895475,0.4565899354778637
ABC,HIV-1 RT,MIX,Train,0.837992376111817,0.9262640449438202,0.8202695956065901,0.8799199466310874,0.7429247685858997,0.5368649603976
ABC,HIV-1 RT,MIX,Validation,0.796875,0.7531645569620253,0.6881559220389805,0.7744034707158352,0.6408309831442252,0.2719787463980949
ABC,HIV-1 RT,MIX,Test,0.8415300546448088,0.9184890656063618,0.8083832335329342,0.8783269961977186,0.6956081691668172,0.440943855978016
ABC,HIV-1 RT,MIX,Train,0.7107892107892108,1.0,0.7107892107892108,0.830948905109489,0.5,0.0
ABC,HIV-1 RT,MIX,Validation,0.7110778443113772,1.0,0.7110778443113772,0.8311461067366579,0.5,0.0
ABC,HIV-1 RT,MIX,Test,0.7529940119760479,1.0,0.7529940119760479,0.8590947907771136,0.5,0.0
ABC,HIV-1 RT,MIX,Train,0.8171959721146398,0.741391426563598,0.6983016983016983,0.7774502579218865,0.6668960587049423,0.3162422468163994
ABC,HIV-1 RT,MIX,Validation,0.8044692737430168,0.6063157894736843,0.6152694610778443,0.6914765906362546,0.6218107444777747,0.221420941069514
ABC,HIV-1 RT,MIX,Test,0.850253807106599,0.6660039761431411,0.6601796407185628,0.7469342251950948,0.6542141092836917,0.2704311268285778
ABC,HIV-1 RT,MIX,Train,0.7109335996005991,1.0,0.7109335996005991,0.8310475634665888,0.5,0.0
ABC,HIV-1 RT,MIX,Validation,0.7106446776611695,1.0,0.7106446776611695,0.8308501314636284,0.5,0.0
ABC,HIV-1 RT,MIX,Test,0.7529940119760479,1.0,0.7529940119760479,0.8590947907771136,0.5,0.0
ABC,HIV-1 RT,MIX,Train,0.7109335996005991,1.0,0.7109335996005991,0.8310475634665888,0.5,0.0
ABC,HIV-1 RT,MIX,Validation,0.7106446776611695,1.0,0.7106446776611695,0.8308501314636284,0.5,0.0
ABC,HIV-1 RT,MIX,Test,0.7529940119760479,1.0,0.7529940119760479,0.8590947907771136,0.5,0.0
ABC,HIV-1 RT,MIX,Train,0.7107892107892108,1.0,0.7107892107892108,0.830948905109489,0.5,0.0
ABC,HIV-1 RT,MIX,Validation,0.7110778443113772,1.0,0.7110778443113772,0.8311461067366579,0.5,0.0
ABC,HIV-1 RT,MIX,Test,0.7529940119760479,1.0,0.7529940119760479,0.8590947907771136,0.5,0.0
ABC,HIV-1 RT,MIX,Train,0.7107892107892108,1.0,0.7107892107892108,0.830948905109489,0.5,0.0
ABC,HIV-1 RT,MIX,Validation,0.7110778443113772,1.0,0.7110778443113772,0.8311461067366579,0.5,0.0
ABC,HIV-1 RT,MIX,Test,0.7529940119760479,1.0,0.7529940119760479,0.8590947907771136,0.5,0.0
ABC,HIV-1 RT,MIX,Train,0.7109335996005991,1.0,0.7109335996005991,0.8310475634665888,0.5,0.0
ABC,HIV-1 RT,MIX,Validation,0.7106446776611695,1.0,0.7106446776611695,0.8308501314636284,0.5,0.0
ABC,HIV-1 RT,MIX,Test,0.7529940119760479,1.0,0.7529940119760479,0.8590947907771136,0.5,0.0
ABC,HIV-1 RT,MIX,Train,0.7109335996005991,1.0,0.7109335996005991,0.8310475634665888,0.5,0.0
ABC,HIV-1 RT,MIX,Validation,0.7106446776611695,1.0,0.7106446776611695,0.8308501314636284,0.5,0.0
ABC,HIV-1 RT,MIX,Test,0.7529940119760479,1.0,0.7529940119760479,0.8590947907771136,0.5,0.0
ABC,HIV-1 RT,MIX,Train,0.7414787624541164,0.9936753338018272,0.7492507492507493,0.8492492492492493,0.5711036427212935,0.3032678896202765
ABC,HIV-1 RT,MIX,Validation,0.7508250825082509,0.9578947368421052,0.7440119760479041,0.8418131359851989,0.587755658576493,0.2741564248056289
ABC,HIV-1 RT,MIX,Test,0.7774343122102009,1.0,0.7844311377245509,0.8747826086956522,0.5636363636363637,0.3145571254802364
ABC,HIV-1 RT,MIX,Train,0.7818181818181819,0.966971187631764,0.7847152847152847,0.8645931511153,0.6518793761993016,0.4224803511059233
ABC,HIV-1 RT,MIX,Validation,0.7625418060200669,0.96,0.7589820359281437,0.8499534016775396,0.6121243523316062,0.3318606736269051
ABC,HIV-1 RT,MIX,Test,0.7909238249594813,0.9701789264413518,0.7844311377245509,0.8714285714285714,0.594180372311585,0.305906491599572
ABC,HIV-1 RT,MIX,Train,0.7676600441501104,0.9768258426966292,0.7733399900149776,0.8597033374536465,0.6248550629718034,0.3854203575075706
ABC,HIV-1 RT,MIX,Validation,0.7554076539101497,0.9578059071729956,0.7496251874062968,0.8446511627906976,0.5980739380424565,0.297880607901893
ABC,HIV-1 RT,MIX,Test,0.77491961414791,0.9582504970178928,0.7589820359281437,0.8568888888888889,0.554882824266522,0.1869469155745456
ABC,HIV-1 RT,MIX,Train,0.7551462621885157,0.9789325842696628,0.7593609585621568,0.8525993883792049,0.5991381401486484,0.3344254844194612
ABC,HIV-1 RT,MIX,Validation,0.7372742200328407,0.9472573839662448,0.7226386806596702,0.8291782086795937,0.559120919962397,0.1902901731393118
ABC,HIV-1 RT,MIX,Test,0.7698289269051322,0.9840954274353876,0.7664670658682635,0.8638743455497382,0.5435628652328454,0.1979688708893583
ABC,HIV-1 RT,MIX,Train,0.8405438813349815,0.95572733661279,0.8396603396603397,0.8944426175600132,0.755065740845255,0.5874474013871004
ABC,HIV-1 RT,MIX,Validation,0.8096118299445472,0.9221052631578948,0.7904191616766467,0.8622047244094488,0.6942132533406054,0.4486770185137595
ABC,HIV-1 RT,MIX,Test,0.8442028985507246,0.926441351888668,0.8158682634730539,0.8834123222748815,0.7026146153382734,0.46134752622134
ABC,HIV-1 RT,MIX,Train,0.869140625,0.938158819395643,0.8556443556443556,0.9023318688746198,0.7955042801641427,0.6340842079304637
ABC,HIV-1 RT,MIX,Validation,0.8195020746887967,0.8315789473684211,0.75,0.8254963427377221,0.690400872647941,0.3850741791053192
ABC,HIV-1 RT,MIX,Test,0.8333333333333334,0.8946322067594433,0.7859281437125748,0.862895493767977,0.674588830652449,0.3826225412030621
ABC,HIV-1 RT,MIX,Train,0.873767258382643,0.9332865168539326,0.8567149276085871,0.9025466893039048,0.8008401496186761,0.638075312769907
ABC,HIV-1 RT,MIX,Validation,0.8080614203454894,0.8881856540084389,0.7706146926536732,0.8462311557788945,0.6850254694912661,0.4058205604855461
ABC,HIV-1 RT,MIX,Test,0.8529411764705882,0.8648111332007953,0.7859281437125748,0.8588351431391905,0.7051328393276703,0.4163681684553153
ABC,HIV-1 RT,MIX,Train,0.8431122448979592,0.928370786516854,0.8262606090863704,0.8836898395721925,0.7517501600978053,0.5535748740875935
ABC,HIV-1 RT,MIX,Validation,0.816933638443936,0.7531645569620253,0.704647676161919,0.7837541163556532,0.66932839247065,0.3230895934984389
ABC,HIV-1 RT,MIX,Test,0.8571428571428571,0.9184890656063618,0.8233532934131736,0.8867562380038387,0.7259111994698475,0.4936333397049393
