Model,Enzyme,Descriptor,Phase,PRC,REC,ACC,F1-Score,AUC,MCC
QDA,HIV-1 IN,PC,Train,0.4916387959866221,0.2318611987381703,0.5461647727272727,0.315112540192926,0.5177393848988009,0.0431600853261283
QDA,HIV-1 IN,PC,Validation,0.4711538461538461,0.2311320754716981,0.5361702127659574,0.310126582278481,0.5089768904490274,0.0215216959714039
QDA,HIV-1 IN,PC,Test,0.4505494505494505,0.1889400921658986,0.5191489361702127,0.2662337662337662,0.4956558168339374,-0.0109619533711814
QDA,HIV-1 IN,PC,Train,0.4394736842105263,0.7902208201892744,0.4517045454545454,0.5648252536640361,0.4823197124202186,-0.0448140925823549
QDA,HIV-1 IN,PC,Validation,0.4478021978021978,0.7688679245283019,0.4680851063829787,0.5659722222222222,0.4948990785432207,-0.0121465457711133
QDA,HIV-1 IN,PC,Test,0.4410112359550562,0.7235023041474654,0.4489361702127659,0.5479930191972077,0.4684705196626655,-0.073343142049556
QDA,HIV-1 IN,PC,Train,0.5043103448275862,0.184251968503937,0.5507452093683464,0.2698961937716263,0.517836578567214,0.0478593356727549
QDA,HIV-1 IN,PC,Validation,0.6875,0.2085308056872037,0.6012793176972282,0.32,0.5655057129211213,0.1898640564173395
QDA,HIV-1 IN,PC,Test,0.5211267605633803,0.1705069124423963,0.5446808510638298,0.2569444444444444,0.5180597803318702,0.0502825118343455
QDA,HIV-1 IN,PC,Train,0.6607142857142857,0.1165354330708661,0.5748757984386089,0.1981258366800535,0.5337199129178619,0.1240494330283936
QDA,HIV-1 IN,PC,Validation,0.5714285714285714,0.0947867298578199,0.5607675906183369,0.1626016260162601,0.5183235974870495,0.0693765872658316
QDA,HIV-1 IN,PC,Test,0.6756756756756757,0.1152073732718894,0.5659574468085107,0.1968503937007874,0.5338882716161819,0.1254656186264343
QDA,HIV-1 IN,PC,Train,0.4916387959866221,0.2318611987381703,0.5461647727272727,0.315112540192926,0.5177393848988009,0.0431600853261283
QDA,HIV-1 IN,PC,Validation,0.4711538461538461,0.2311320754716981,0.5361702127659574,0.310126582278481,0.5089768904490274,0.0215216959714039
QDA,HIV-1 IN,PC,Test,0.4505494505494505,0.1889400921658986,0.5191489361702127,0.2662337662337662,0.4956558168339374,-0.0109619533711814
QDA,HIV-1 IN,PC,Train,0.4394736842105263,0.7902208201892744,0.4517045454545454,0.5648252536640361,0.4823197124202186,-0.0448140925823549
QDA,HIV-1 IN,PC,Validation,0.4478021978021978,0.7688679245283019,0.4680851063829787,0.5659722222222222,0.4948990785432207,-0.0121465457711133
QDA,HIV-1 IN,PC,Test,0.4410112359550562,0.7235023041474654,0.4489361702127659,0.5479930191972077,0.4684705196626655,-0.073343142049556
QDA,HIV-1 IN,PC,Train,0.5043103448275862,0.184251968503937,0.5507452093683464,0.2698961937716263,0.517836578567214,0.0478593356727549
QDA,HIV-1 IN,PC,Validation,0.6875,0.2085308056872037,0.6012793176972282,0.32,0.5655057129211213,0.1898640564173395
QDA,HIV-1 IN,PC,Test,0.5211267605633803,0.1705069124423963,0.5446808510638298,0.2569444444444444,0.5180597803318702,0.0502825118343455
QDA,HIV-1 IN,PC,Train,0.6607142857142857,0.1165354330708661,0.5748757984386089,0.1981258366800535,0.5337199129178619,0.1240494330283936
QDA,HIV-1 IN,PC,Validation,0.5714285714285714,0.0947867298578199,0.5607675906183369,0.1626016260162601,0.5183235974870495,0.0693765872658316
QDA,HIV-1 IN,PC,Test,0.6756756756756757,0.1152073732718894,0.5659574468085107,0.1968503937007874,0.5338882716161819,0.1254656186264343
QDA,HIV-1 IN,PC,Train,0.8305084745762712,0.0772870662460567,0.5774147727272727,0.1414141414141414,0.532183584802615,0.159826040734104
QDA,HIV-1 IN,PC,Validation,0.8235294117647058,0.0660377358490566,0.5723404255319149,0.1222707423580786,0.5272049144361562,0.1450045339233581
QDA,HIV-1 IN,PC,Test,0.9,0.0829493087557603,0.5723404255319149,0.1518987341772152,0.5375220852079198,0.1853471164279062
QDA,HIV-1 IN,PC,Train,0.5221238938053098,0.1861198738170347,0.5568181818181818,0.2744186046511628,0.5232924950480522,0.0631390668335879
QDA,HIV-1 IN,PC,Validation,0.524390243902439,0.2028301886792453,0.5574468085106383,0.2925170068027211,0.5258336989907854,0.0677441167930313
QDA,HIV-1 IN,PC,Test,0.5081967213114754,0.1428571428571428,0.5404255319148936,0.2230215827338129,0.5121400338791643,0.0360174905081404
QDA,HIV-1 IN,PC,Train,0.7540983606557377,0.0724409448818897,0.5713271823988645,0.132183908045977,0.5265305499603247,0.1297250144528597
QDA,HIV-1 IN,PC,Validation,0.8260869565217391,0.0900473933649289,0.582089552238806,0.1623931623931624,0.5372717586979683,0.1717234538112894
QDA,HIV-1 IN,PC,Test,0.9090909090909092,0.0921658986175115,0.5765957446808511,0.1673640167364016,0.5421303801387953,0.1988681132957444
QDA,HIV-1 IN,PC,Train,0.7222222222222222,0.0818897637795275,0.5720369056068133,0.1471004243281471,0.5280249852489368,0.1266487125964805
QDA,HIV-1 IN,PC,Validation,0.8,0.0758293838862559,0.5756929637526652,0.1385281385281385,0.5301627539586318,0.1485299037029896
QDA,HIV-1 IN,PC,Test,0.8333333333333334,0.0921658986175115,0.5723404255319149,0.1659751037344398,0.5381778109688348,0.1729251241910395
QDA,HIV-1 IN,PC,Train,0.8305084745762712,0.0772870662460567,0.5774147727272727,0.1414141414141414,0.532183584802615,0.159826040734104
QDA,HIV-1 IN,PC,Validation,0.8235294117647058,0.0660377358490566,0.5723404255319149,0.1222707423580786,0.5272049144361562,0.1450045339233581
QDA,HIV-1 IN,PC,Test,0.9,0.0829493087557603,0.5723404255319149,0.1518987341772152,0.5375220852079198,0.1853471164279062
QDA,HIV-1 IN,PC,Train,0.5221238938053098,0.1861198738170347,0.5568181818181818,0.2744186046511628,0.5232924950480522,0.0631390668335879
QDA,HIV-1 IN,PC,Validation,0.524390243902439,0.2028301886792453,0.5574468085106383,0.2925170068027211,0.5258336989907854,0.0677441167930313
QDA,HIV-1 IN,PC,Test,0.5081967213114754,0.1428571428571428,0.5404255319148936,0.2230215827338129,0.5121400338791643,0.0360174905081404
QDA,HIV-1 IN,PC,Train,0.7540983606557377,0.0724409448818897,0.5713271823988645,0.132183908045977,0.5265305499603247,0.1297250144528597
QDA,HIV-1 IN,PC,Validation,0.8260869565217391,0.0900473933649289,0.582089552238806,0.1623931623931624,0.5372717586979683,0.1717234538112894
QDA,HIV-1 IN,PC,Test,0.9090909090909092,0.0921658986175115,0.5765957446808511,0.1673640167364016,0.5421303801387953,0.1988681132957444
QDA,HIV-1 IN,PC,Train,0.7222222222222222,0.0818897637795275,0.5720369056068133,0.1471004243281471,0.5280249852489368,0.1266487125964805
QDA,HIV-1 IN,PC,Validation,0.8,0.0758293838862559,0.5756929637526652,0.1385281385281385,0.5301627539586318,0.1485299037029896
QDA,HIV-1 IN,PC,Test,0.8333333333333334,0.0921658986175115,0.5723404255319149,0.1659751037344398,0.5381778109688348,0.1729251241910395
QDA,HIV-1 IN,PC,Train,0.8421052631578947,0.0757097791798107,0.5774147727272727,0.1389290882778582,0.5320409361015332,0.1617652370371686
QDA,HIV-1 IN,PC,Validation,0.8666666666666667,0.0613207547169811,0.5723404255319149,0.1145374449339207,0.5267844083662425,0.1516486362230301
QDA,HIV-1 IN,PC,Test,0.9,0.0829493087557603,0.5723404255319149,0.1518987341772152,0.5375220852079198,0.1853471164279062
QDA,HIV-1 IN,PC,Train,0.7313432835820896,0.0772870662460567,0.5717329545454546,0.1398002853067047,0.5270156261462842,0.1262723759869283
QDA,HIV-1 IN,PC,Validation,0.7272727272727273,0.0754716981132075,0.5702127659574469,0.1367521367521367,0.5261079420798596,0.1230070695526018
QDA,HIV-1 IN,PC,Test,0.8,0.0921658986175115,0.5702127659574469,0.1652892561983471,0.5362015263838545,0.160841085575597
QDA,HIV-1 IN,PC,Train,0.7592592592592593,0.0645669291338582,0.5691980127750177,0.1190130624092888,0.5238855317503918,0.1238100004910982
QDA,HIV-1 IN,PC,Validation,0.8947368421052632,0.0805687203791469,0.582089552238806,0.1478260869565217,0.5364083911973254,0.1837382212996579
QDA,HIV-1 IN,PC,Test,0.95,0.0875576036866359,0.5765957446808511,0.160337552742616,0.5418025172583377,0.2064910835932256
QDA,HIV-1 IN,PC,Train,0.7164179104477612,0.0755905511811023,0.5699077359829666,0.1367521367521367,0.5255213737817657,0.11933771762613
QDA,HIV-1 IN,PC,Validation,0.8,0.0758293838862559,0.5756929637526652,0.1385281385281385,0.5301627539586318,0.1485299037029896
QDA,HIV-1 IN,PC,Test,0.8333333333333334,0.0921658986175115,0.5723404255319149,0.1659751037344398,0.5381778109688348,0.1729251241910395
QDA,HIV-1 IN,PC,Train,0.8421052631578947,0.0757097791798107,0.5774147727272727,0.1389290882778582,0.5320409361015332,0.1617652370371686
QDA,HIV-1 IN,PC,Validation,0.8666666666666667,0.0613207547169811,0.5723404255319149,0.1145374449339207,0.5267844083662425,0.1516486362230301
QDA,HIV-1 IN,PC,Test,0.9,0.0829493087557603,0.5723404255319149,0.1518987341772152,0.5375220852079198,0.1853471164279062
QDA,HIV-1 IN,PC,Train,0.7313432835820896,0.0772870662460567,0.5717329545454546,0.1398002853067047,0.5270156261462842,0.1262723759869283
QDA,HIV-1 IN,PC,Validation,0.7272727272727273,0.0754716981132075,0.5702127659574469,0.1367521367521367,0.5261079420798596,0.1230070695526018
QDA,HIV-1 IN,PC,Test,0.8,0.0921658986175115,0.5702127659574469,0.1652892561983471,0.5362015263838545,0.160841085575597
QDA,HIV-1 IN,PC,Train,0.7592592592592593,0.0645669291338582,0.5691980127750177,0.1190130624092888,0.5238855317503918,0.1238100004910982
QDA,HIV-1 IN,PC,Validation,0.8947368421052632,0.0805687203791469,0.582089552238806,0.1478260869565217,0.5364083911973254,0.1837382212996579
QDA,HIV-1 IN,PC,Test,0.95,0.0875576036866359,0.5765957446808511,0.160337552742616,0.5418025172583377,0.2064910835932256
QDA,HIV-1 IN,PC,Train,0.7164179104477612,0.0755905511811023,0.5699077359829666,0.1367521367521367,0.5255213737817657,0.11933771762613
QDA,HIV-1 IN,PC,Validation,0.8,0.0758293838862559,0.5756929637526652,0.1385281385281385,0.5301627539586318,0.1485299037029896
QDA,HIV-1 IN,PC,Test,0.8333333333333334,0.0921658986175115,0.5723404255319149,0.1659751037344398,0.5381778109688348,0.1729251241910395
QDA,HIV-1 IN,PC,Train,0.86,0.0678233438485804,0.5752840909090909,0.1257309941520467,0.5293897081000007,0.1580176105877421
QDA,HIV-1 IN,PC,Validation,0.8571428571428571,0.0566037735849056,0.5702127659574469,0.1061946902654867,0.5244259178002048,0.1429921615292881
QDA,HIV-1 IN,PC,Test,0.8947368421052632,0.0783410138248847,0.5702127659574469,0.1440677966101695,0.5352179377424819,0.1782867109496483
QDA,HIV-1 IN,PC,Train,0.7313432835820896,0.0772870662460567,0.5717329545454546,0.1398002853067047,0.5270156261462842,0.1262723759869283
QDA,HIV-1 IN,PC,Validation,0.7,0.0660377358490566,0.5659574468085107,0.1206896551724138,0.521390960947784,0.1054670550117321
QDA,HIV-1 IN,PC,Test,0.8333333333333334,0.0921658986175115,0.5723404255319149,0.1659751037344398,0.5381778109688348,0.1729251241910395
QDA,HIV-1 IN,PC,Train,0.8367346938775511,0.0645669291338582,0.5727466288147622,0.1198830409356725,0.5271155059105983,0.1472778908970776
QDA,HIV-1 IN,PC,Validation,0.9333333333333332,0.0663507109004739,0.5778251599147122,0.1238938053097345,0.5312373709541129,0.1766371282331843
QDA,HIV-1 IN,PC,Test,0.8947368421052632,0.0783410138248847,0.5702127659574469,0.1440677966101695,0.5352179377424819,0.1782867109496483
QDA,HIV-1 IN,PC,Train,0.7121212121212122,0.074015748031496,0.5691980127750177,0.1340941512125535,0.5247339722069625,0.1164853296316838
QDA,HIV-1 IN,PC,Validation,0.8,0.0758293838862559,0.5756929637526652,0.1385281385281385,0.5301627539586318,0.1485299037029896
QDA,HIV-1 IN,PC,Test,0.8333333333333334,0.0921658986175115,0.5723404255319149,0.1659751037344398,0.5381778109688348,0.1729251241910395
QDA,HIV-1 IN,PC,Train,0.86,0.0678233438485804,0.5752840909090909,0.1257309941520467,0.5293897081000007,0.1580176105877421
QDA,HIV-1 IN,PC,Validation,0.8571428571428571,0.0566037735849056,0.5702127659574469,0.1061946902654867,0.5244259178002048,0.1429921615292881
QDA,HIV-1 IN,PC,Test,0.8947368421052632,0.0783410138248847,0.5702127659574469,0.1440677966101695,0.5352179377424819,0.1782867109496483
QDA,HIV-1 IN,PC,Train,0.7313432835820896,0.0772870662460567,0.5717329545454546,0.1398002853067047,0.5270156261462842,0.1262723759869283
QDA,HIV-1 IN,PC,Validation,0.7,0.0660377358490566,0.5659574468085107,0.1206896551724138,0.521390960947784,0.1054670550117321
QDA,HIV-1 IN,PC,Test,0.8333333333333334,0.0921658986175115,0.5723404255319149,0.1659751037344398,0.5381778109688348,0.1729251241910395
QDA,HIV-1 IN,PC,Train,0.8367346938775511,0.0645669291338582,0.5727466288147622,0.1198830409356725,0.5271155059105983,0.1472778908970776
QDA,HIV-1 IN,PC,Validation,0.9333333333333332,0.0663507109004739,0.5778251599147122,0.1238938053097345,0.5312373709541129,0.1766371282331843
QDA,HIV-1 IN,PC,Test,0.8947368421052632,0.0783410138248847,0.5702127659574469,0.1440677966101695,0.5352179377424819,0.1782867109496483
QDA,HIV-1 IN,PC,Train,0.7121212121212122,0.074015748031496,0.5691980127750177,0.1340941512125535,0.5247339722069625,0.1164853296316838
QDA,HIV-1 IN,PC,Validation,0.8,0.0758293838862559,0.5756929637526652,0.1385281385281385,0.5301627539586318,0.1485299037029896
QDA,HIV-1 IN,PC,Test,0.8333333333333334,0.0921658986175115,0.5723404255319149,0.1659751037344398,0.5381778109688348,0.1729251241910395
QDA,HIV-1 IN,PC,Train,0.8571428571428571,0.0662460567823343,0.5745738636363636,0.1229868228404099,0.5286010645668778,0.155281434690248
QDA,HIV-1 IN,PC,Validation,0.8571428571428571,0.0566037735849056,0.5702127659574469,0.1061946902654867,0.5244259178002048,0.1429921615292881
QDA,HIV-1 IN,PC,Test,0.8947368421052632,0.0783410138248847,0.5702127659574469,0.1440677966101695,0.5352179377424819,0.1782867109496483
QDA,HIV-1 IN,PC,Train,0.7272727272727273,0.0757097791798107,0.5710227272727273,0.1371428571428571,0.5262269826131611,0.1234653828960588
QDA,HIV-1 IN,PC,Validation,0.7777777777777778,0.0660377358490566,0.5702127659574469,0.1217391304347826,0.5252669299400322,0.1310251861238248
QDA,HIV-1 IN,PC,Test,0.8333333333333334,0.0921658986175115,0.5723404255319149,0.1659751037344398,0.5381778109688348,0.1729251241910395
QDA,HIV-1 IN,PC,Train,0.8367346938775511,0.0645669291338582,0.5727466288147622,0.1198830409356725,0.5271155059105983,0.1472778908970776
QDA,HIV-1 IN,PC,Validation,0.9375,0.0710900473933649,0.579957356076759,0.13215859030837,0.5336070392005584,0.1842053487151386
QDA,HIV-1 IN,PC,Test,0.9,0.0829493087557603,0.5723404255319149,0.1518987341772152,0.5375220852079198,0.1853471164279062
QDA,HIV-1 IN,PC,Train,0.7121212121212122,0.074015748031496,0.5691980127750177,0.1340941512125535,0.5247339722069625,0.1164853296316838
QDA,HIV-1 IN,PC,Validation,0.8,0.0758293838862559,0.5756929637526652,0.1385281385281385,0.5301627539586318,0.1485299037029896
QDA,HIV-1 IN,PC,Test,0.8333333333333334,0.0921658986175115,0.5723404255319149,0.1659751037344398,0.5381778109688348,0.1729251241910395
QDA,HIV-1 IN,PC,Train,0.8571428571428571,0.0662460567823343,0.5745738636363636,0.1229868228404099,0.5286010645668778,0.155281434690248
QDA,HIV-1 IN,PC,Validation,0.8571428571428571,0.0566037735849056,0.5702127659574469,0.1061946902654867,0.5244259178002048,0.1429921615292881
QDA,HIV-1 IN,PC,Test,0.8947368421052632,0.0783410138248847,0.5702127659574469,0.1440677966101695,0.5352179377424819,0.1782867109496483
QDA,HIV-1 IN,PC,Train,0.7272727272727273,0.0757097791798107,0.5710227272727273,0.1371428571428571,0.5262269826131611,0.1234653828960588
QDA,HIV-1 IN,PC,Validation,0.7777777777777778,0.0660377358490566,0.5702127659574469,0.1217391304347826,0.5252669299400322,0.1310251861238248
QDA,HIV-1 IN,PC,Test,0.8333333333333334,0.0921658986175115,0.5723404255319149,0.1659751037344398,0.5381778109688348,0.1729251241910395
QDA,HIV-1 IN,PC,Train,0.8367346938775511,0.0645669291338582,0.5727466288147622,0.1198830409356725,0.5271155059105983,0.1472778908970776
QDA,HIV-1 IN,PC,Validation,0.9375,0.0710900473933649,0.579957356076759,0.13215859030837,0.5336070392005584,0.1842053487151386
QDA,HIV-1 IN,PC,Test,0.9,0.0829493087557603,0.5723404255319149,0.1518987341772152,0.5375220852079198,0.1853471164279062
QDA,HIV-1 IN,PC,Train,0.7121212121212122,0.074015748031496,0.5691980127750177,0.1340941512125535,0.5247339722069625,0.1164853296316838
QDA,HIV-1 IN,PC,Validation,0.8,0.0758293838862559,0.5756929637526652,0.1385281385281385,0.5301627539586318,0.1485299037029896
QDA,HIV-1 IN,PC,Test,0.8333333333333334,0.0921658986175115,0.5723404255319149,0.1659751037344398,0.5381778109688348,0.1729251241910395
QDA,HIV-1 IN,PC,Train,0.8478260869565217,0.0615141955835962,0.5724431818181818,0.1147058823529411,0.5262351339675088,0.1468455944041495
QDA,HIV-1 IN,PC,Validation,0.9090909090909092,0.0471698113207547,0.5680851063829787,0.0896860986547085,0.5216469211642534,0.1424955261475061
QDA,HIV-1 IN,PC,Test,0.9444444444444444,0.0783410138248847,0.5723404255319149,0.1446808510638297,0.5371942223274622,0.1932369330315821
QDA,HIV-1 IN,PC,Train,0.8085106382978723,0.0599369085173501,0.5703125,0.1116005873715124,0.524154500770303,0.1338027930684564
QDA,HIV-1 IN,PC,Validation,0.8,0.0566037735849056,0.5680851063829787,0.105726872246696,0.5224879333040807,0.1273227457708717
QDA,HIV-1 IN,PC,Test,0.9473684210526316,0.0829493087557603,0.574468085106383,0.1525423728813559,0.5394983697929,0.1999559000229182
QDA,HIV-1 IN,PC,Train,0.7333333333333333,0.0692913385826771,0.5691980127750177,0.1266187050359712,0.5243097519786771,0.1198081236427432
QDA,HIV-1 IN,PC,Validation,0.7307692307692307,0.0900473933649289,0.5756929637526652,0.160337552742616,0.5314578052095962,0.1367794830787675
QDA,HIV-1 IN,PC,Test,0.8333333333333334,0.0921658986175115,0.5723404255319149,0.1659751037344398,0.5381778109688348,0.1729251241910395
QDA,HIV-1 IN,PC,Train,0.726027397260274,0.0834645669291338,0.5727466288147622,0.1497175141242938,0.52881238682374,0.129360568749642
QDA,HIV-1 IN,PC,Validation,0.8,0.0758293838862559,0.5756929637526652,0.1385281385281385,0.5301627539586318,0.1485299037029896
QDA,HIV-1 IN,PC,Test,0.8,0.0921658986175115,0.5702127659574469,0.1652892561983471,0.5362015263838545,0.160841085575597
QDA,HIV-1 IN,PC,Train,0.8478260869565217,0.0615141955835962,0.5724431818181818,0.1147058823529411,0.5262351339675088,0.1468455944041495
QDA,HIV-1 IN,PC,Validation,0.9090909090909092,0.0471698113207547,0.5680851063829787,0.0896860986547085,0.5216469211642534,0.1424955261475061
QDA,HIV-1 IN,PC,Test,0.9444444444444444,0.0783410138248847,0.5723404255319149,0.1446808510638297,0.5371942223274622,0.1932369330315821
QDA,HIV-1 IN,PC,Train,0.8085106382978723,0.0599369085173501,0.5703125,0.1116005873715124,0.524154500770303,0.1338027930684564
QDA,HIV-1 IN,PC,Validation,0.8,0.0566037735849056,0.5680851063829787,0.105726872246696,0.5224879333040807,0.1273227457708717
QDA,HIV-1 IN,PC,Test,0.9473684210526316,0.0829493087557603,0.574468085106383,0.1525423728813559,0.5394983697929,0.1999559000229182
QDA,HIV-1 IN,PC,Train,0.7333333333333333,0.0692913385826771,0.5691980127750177,0.1266187050359712,0.5243097519786771,0.1198081236427432
QDA,HIV-1 IN,PC,Validation,0.7307692307692307,0.0900473933649289,0.5756929637526652,0.160337552742616,0.5314578052095962,0.1367794830787675
QDA,HIV-1 IN,PC,Test,0.8333333333333334,0.0921658986175115,0.5723404255319149,0.1659751037344398,0.5381778109688348,0.1729251241910395
QDA,HIV-1 IN,PC,Train,0.726027397260274,0.0834645669291338,0.5727466288147622,0.1497175141242938,0.52881238682374,0.129360568749642
QDA,HIV-1 IN,PC,Validation,0.8,0.0758293838862559,0.5756929637526652,0.1385281385281385,0.5301627539586318,0.1485299037029896
QDA,HIV-1 IN,PC,Test,0.8,0.0921658986175115,0.5702127659574469,0.1652892561983471,0.5362015263838545,0.160841085575597
QDA,HIV-1 IN,PC,Train,0.4453781512605042,0.5851735015772871,0.4850852272727273,0.5057941376959781,0.4941371383855428,-0.0118685680774268
QDA,HIV-1 IN,PC,Validation,0.449814126394052,0.5707547169811321,0.4914893617021276,0.5031185031185031,0.4985556530642094,-0.0029053946654731
QDA,HIV-1 IN,PC,Test,0.4694656488549618,0.5668202764976958,0.5042553191489362,0.5135699373695198,0.5087065809365949,0.0174777471294783
QDA,HIV-1 IN,PC,Train,0.4383697813121272,0.695583596214511,0.4616477272727273,0.5378048780487805,0.4828047180038963,-0.0378828278572332
QDA,HIV-1 IN,PC,Validation,0.4311377245508982,0.6792452830188679,0.451063829787234,0.5274725274725275,0.471405587245868,-0.0627547022521873
QDA,HIV-1 IN,PC,Test,0.453416149068323,0.6728110599078341,0.474468085106383,0.5417439703153989,0.4885794429973953,-0.0245159437055248
QDA,HIV-1 IN,PC,Train,0.4375,0.573228346456693,0.4755145493257629,0.4962508520790729,0.4842885918329976,-0.031794564466839
QDA,HIV-1 IN,PC,Validation,0.4210526315789473,0.5308056872037915,0.4605543710021322,0.469601677148847,0.466953231198795,-0.0663622712138334
QDA,HIV-1 IN,PC,Test,0.4692307692307692,0.5622119815668203,0.5042553191489362,0.5115303983228512,0.5083787180561374,0.0168035629961129
QDA,HIV-1 IN,PC,Train,0.4587912087912087,0.525984251968504,0.5067423704755145,0.4900953778429934,0.5084701621599625,0.0168670766277456
QDA,HIV-1 IN,PC,Validation,0.4354838709677419,0.5118483412322274,0.4818763326226012,0.4705882352941176,0.4846063411587493,-0.0306832215840077
QDA,HIV-1 IN,PC,Test,0.4476987447698745,0.4930875576036866,0.4851063829787234,0.4692982456140351,0.485674213584452,-0.02857154034842
QDA,HIV-1 IN,PC,Train,0.4453781512605042,0.5851735015772871,0.4850852272727273,0.5057941376959781,0.4941371383855428,-0.0118685680774268
QDA,HIV-1 IN,PC,Validation,0.449814126394052,0.5707547169811321,0.4914893617021276,0.5031185031185031,0.4985556530642094,-0.0029053946654731
QDA,HIV-1 IN,PC,Test,0.4694656488549618,0.5668202764976958,0.5042553191489362,0.5135699373695198,0.5087065809365949,0.0174777471294783
QDA,HIV-1 IN,PC,Train,0.4383697813121272,0.695583596214511,0.4616477272727273,0.5378048780487805,0.4828047180038963,-0.0378828278572332
QDA,HIV-1 IN,PC,Validation,0.4311377245508982,0.6792452830188679,0.451063829787234,0.5274725274725275,0.471405587245868,-0.0627547022521873
QDA,HIV-1 IN,PC,Test,0.453416149068323,0.6728110599078341,0.474468085106383,0.5417439703153989,0.4885794429973953,-0.0245159437055248
QDA,HIV-1 IN,PC,Train,0.4375,0.573228346456693,0.4755145493257629,0.4962508520790729,0.4842885918329976,-0.031794564466839
QDA,HIV-1 IN,PC,Validation,0.4210526315789473,0.5308056872037915,0.4605543710021322,0.469601677148847,0.466953231198795,-0.0663622712138334
QDA,HIV-1 IN,PC,Test,0.4692307692307692,0.5622119815668203,0.5042553191489362,0.5115303983228512,0.5083787180561374,0.0168035629961129
QDA,HIV-1 IN,PC,Train,0.4587912087912087,0.525984251968504,0.5067423704755145,0.4900953778429934,0.5084701621599625,0.0168670766277456
QDA,HIV-1 IN,PC,Validation,0.4354838709677419,0.5118483412322274,0.4818763326226012,0.4705882352941176,0.4846063411587493,-0.0306832215840077
QDA,HIV-1 IN,PC,Test,0.4476987447698745,0.4930875576036866,0.4851063829787234,0.4692982456140351,0.485674213584452,-0.02857154034842
QDA,HIV-1 IN,PC,Train,0.4492415402567094,0.6072555205047319,0.4879261363636363,0.5164319248826291,0.4987181995288517,-0.0026133604929579
QDA,HIV-1 IN,PC,Validation,0.4724137931034483,0.6462264150943396,0.5148936170212766,0.545816733067729,0.526601579640193,0.0544602905541268
QDA,HIV-1 IN,PC,Test,0.4686346863468634,0.5852534562211982,0.502127659574468,0.5204918032786885,0.5080417478734449,0.0162277905028349
QDA,HIV-1 IN,PC,Train,0.4391634980988593,0.7287066246056783,0.4588068181818182,0.5480427046263345,0.4832163613984463,-0.0384236267986806
QDA,HIV-1 IN,PC,Validation,0.4241573033707865,0.7122641509433962,0.4340425531914894,0.5316901408450704,0.4588452537662718,-0.0955543103904424
QDA,HIV-1 IN,PC,Test,0.4398826979472141,0.6912442396313364,0.451063829787234,0.5376344086021505,0.4681517640844429,-0.071159593769448
QDA,HIV-1 IN,PC,Train,0.4360986547085201,0.6125984251968504,0.4684173172462739,0.5094957432874918,0.4813638120816293,-0.0384783748309295
QDA,HIV-1 IN,PC,Validation,0.4280701754385965,0.5781990521327014,0.4626865671641791,0.4919354838709677,0.4732080531981336,-0.0545951428887415
QDA,HIV-1 IN,PC,Test,0.4736842105263157,0.5806451612903226,0.5085106382978724,0.5217391304347826,0.5136427387479281,0.0274451610644878
QDA,HIV-1 IN,PC,Train,0.4524765729585007,0.5322834645669291,0.4989354151880766,0.4891461649782923,0.5019298459785551,0.0038478726692377
QDA,HIV-1 IN,PC,Validation,0.4007936507936508,0.4786729857819905,0.4434968017057569,0.4362850971922246,0.4467008339762665,-0.1063582915608207
QDA,HIV-1 IN,PC,Test,0.4424778761061947,0.4608294930875576,0.4829787234042553,0.4514672686230248,0.4814028888362689,-0.0371121809897486
QDA,HIV-1 IN,PC,Train,0.4492415402567094,0.6072555205047319,0.4879261363636363,0.5164319248826291,0.4987181995288517,-0.0026133604929579
QDA,HIV-1 IN,PC,Validation,0.4724137931034483,0.6462264150943396,0.5148936170212766,0.545816733067729,0.526601579640193,0.0544602905541268
QDA,HIV-1 IN,PC,Test,0.4686346863468634,0.5852534562211982,0.502127659574468,0.5204918032786885,0.5080417478734449,0.0162277905028349
QDA,HIV-1 IN,PC,Train,0.4391634980988593,0.7287066246056783,0.4588068181818182,0.5480427046263345,0.4832163613984463,-0.0384236267986806
QDA,HIV-1 IN,PC,Validation,0.4241573033707865,0.7122641509433962,0.4340425531914894,0.5316901408450704,0.4588452537662718,-0.0955543103904424
QDA,HIV-1 IN,PC,Test,0.4398826979472141,0.6912442396313364,0.451063829787234,0.5376344086021505,0.4681517640844429,-0.071159593769448
QDA,HIV-1 IN,PC,Train,0.4360986547085201,0.6125984251968504,0.4684173172462739,0.5094957432874918,0.4813638120816293,-0.0384783748309295
QDA,HIV-1 IN,PC,Validation,0.4280701754385965,0.5781990521327014,0.4626865671641791,0.4919354838709677,0.4732080531981336,-0.0545951428887415
QDA,HIV-1 IN,PC,Test,0.4736842105263157,0.5806451612903226,0.5085106382978724,0.5217391304347826,0.5136427387479281,0.0274451610644878
QDA,HIV-1 IN,PC,Train,0.4524765729585007,0.5322834645669291,0.4989354151880766,0.4891461649782923,0.5019298459785551,0.0038478726692377
QDA,HIV-1 IN,PC,Validation,0.4007936507936508,0.4786729857819905,0.4434968017057569,0.4362850971922246,0.4467008339762665,-0.1063582915608207
QDA,HIV-1 IN,PC,Test,0.4424778761061947,0.4608294930875576,0.4829787234042553,0.4514672686230248,0.4814028888362689,-0.0371121809897486
QDA,HIV-1 IN,PC,Train,0.4463350785340314,0.5378548895899053,0.4914772727272727,0.4878397711015736,0.4956716308414643,-0.008645294376942
QDA,HIV-1 IN,PC,Validation,0.4693877551020408,0.5424528301886793,0.5170212765957447,0.5032822757111597,0.5192884305982156,0.0384264594036883
QDA,HIV-1 IN,PC,Test,0.4853556485355648,0.5345622119815668,0.5234042553191489,0.5087719298245614,0.5241981020382142,0.0482610188847756
QDA,HIV-1 IN,PC,Train,0.4364851957975167,0.7208201892744479,0.4552556818181818,0.5437239738251041,0.4792731437328312,-0.0472336599777115
QDA,HIV-1 IN,PC,Validation,0.4358974358974359,0.7216981132075472,0.4531914893617021,0.5435168738898757,0.4771281263712154,-0.0523458773175169
QDA,HIV-1 IN,PC,Test,0.43952802359882,0.6866359447004609,0.451063829787234,0.5359712230215827,0.4678239012039853,-0.0715513797773526
QDA,HIV-1 IN,PC,Train,0.4449877750611247,0.573228346456693,0.4854506742370476,0.5010323468685478,0.4933325194815765,-0.0134455540163289
QDA,HIV-1 IN,PC,Validation,0.4313725490196078,0.5213270142180095,0.4754797441364605,0.4721030042918455,0.4796557551710202,-0.0406392489351242
QDA,HIV-1 IN,PC,Test,0.4647302904564315,0.5161290322580645,0.502127659574468,0.4890829694323144,0.5031238046665816,0.0062312866508473
QDA,HIV-1 IN,PC,Train,0.4811643835616438,0.44251968503937,0.5337118523775728,0.4610336341263331,0.5255234084111579,0.0515575902521552
QDA,HIV-1 IN,PC,Validation,0.4347826086956521,0.3791469194312796,0.4989339019189765,0.4050632911392405,0.4880230721187405,-0.0244059192070342
QDA,HIV-1 IN,PC,Test,0.4540229885057471,0.3640552995391705,0.5042553191489362,0.4040920716112532,0.4942806141964627,-0.0118099765847823
QDA,HIV-1 IN,PC,Train,0.4463350785340314,0.5378548895899053,0.4914772727272727,0.4878397711015736,0.4956716308414643,-0.008645294376942
QDA,HIV-1 IN,PC,Validation,0.4693877551020408,0.5424528301886793,0.5170212765957447,0.5032822757111597,0.5192884305982156,0.0384264594036883
QDA,HIV-1 IN,PC,Test,0.4853556485355648,0.5345622119815668,0.5234042553191489,0.5087719298245614,0.5241981020382142,0.0482610188847756
QDA,HIV-1 IN,PC,Train,0.4364851957975167,0.7208201892744479,0.4552556818181818,0.5437239738251041,0.4792731437328312,-0.0472336599777115
QDA,HIV-1 IN,PC,Validation,0.4358974358974359,0.7216981132075472,0.4531914893617021,0.5435168738898757,0.4771281263712154,-0.0523458773175169
QDA,HIV-1 IN,PC,Test,0.43952802359882,0.6866359447004609,0.451063829787234,0.5359712230215827,0.4678239012039853,-0.0715513797773526
QDA,HIV-1 IN,PC,Train,0.4449877750611247,0.573228346456693,0.4854506742370476,0.5010323468685478,0.4933325194815765,-0.0134455540163289
QDA,HIV-1 IN,PC,Validation,0.4313725490196078,0.5213270142180095,0.4754797441364605,0.4721030042918455,0.4796557551710202,-0.0406392489351242
QDA,HIV-1 IN,PC,Test,0.4647302904564315,0.5161290322580645,0.502127659574468,0.4890829694323144,0.5031238046665816,0.0062312866508473
QDA,HIV-1 IN,PC,Train,0.4811643835616438,0.44251968503937,0.5337118523775728,0.4610336341263331,0.5255234084111579,0.0515575902521552
QDA,HIV-1 IN,PC,Validation,0.4347826086956521,0.3791469194312796,0.4989339019189765,0.4050632911392405,0.4880230721187405,-0.0244059192070342
QDA,HIV-1 IN,PC,Test,0.4540229885057471,0.3640552995391705,0.5042553191489362,0.4040920716112532,0.4942806141964627,-0.0118099765847823
QDA,HIV-1 IN,PC,Train,0.4661921708185053,0.4132492113564668,0.5227272727272727,0.4381270903010033,0.5128261560658304,0.0260608325444646
QDA,HIV-1 IN,PC,Validation,0.4578947368421052,0.410377358490566,0.5148936170212766,0.4328358208955223,0.5055762761445078,0.0113082717215734
QDA,HIV-1 IN,PC,Test,0.4674556213017751,0.3640552995391705,0.5148936170212766,0.4093264248704663,0.5041620371213639,0.0086476772502915
QDA,HIV-1 IN,PC,Train,0.4405377456049638,0.6719242902208202,0.4680397727272727,0.5321673953778888,0.4864789409760432,-0.0290083670356827
QDA,HIV-1 IN,PC,Validation,0.436532507739938,0.6650943396226415,0.4617021276595744,0.5271028037383177,0.4798339915167471,-0.0432880274297805
QDA,HIV-1 IN,PC,Test,0.462046204620462,0.6451612903225806,0.4893617021276595,0.5384615384615384,0.5004462578095116,0.0009296648324533
QDA,HIV-1 IN,PC,Train,0.4511400651465798,0.4362204724409448,0.5067423704755145,0.4435548438751001,0.5004099778225396,0.0008227728517424
QDA,HIV-1 IN,PC,Validation,0.4734042553191489,0.4218009478672986,0.5287846481876333,0.4461152882205513,0.5190400088173702,0.0386559309536761
QDA,HIV-1 IN,PC,Test,0.4539877300613497,0.3410138248847926,0.5063829787234042,0.3894736842105263,0.4946175843791552,-0.0112754624611466
QDA,HIV-1 IN,PC,Train,0.5,0.337007874015748,0.5493257629524485,0.4026340545625588,0.5302610429510265,0.0654809305309061
QDA,HIV-1 IN,PC,Validation,0.4104477611940298,0.2606635071090047,0.4989339019189765,0.3188405797101449,0.4772309783607039,-0.0501476566216076
QDA,HIV-1 IN,PC,Test,0.4521739130434782,0.2396313364055299,0.5148936170212766,0.3132530120481928,0.49530973934901,-0.010878123994588
QDA,HIV-1 IN,PC,Train,0.4661921708185053,0.4132492113564668,0.5227272727272727,0.4381270903010033,0.5128261560658304,0.0260608325444646
QDA,HIV-1 IN,PC,Validation,0.4578947368421052,0.410377358490566,0.5148936170212766,0.4328358208955223,0.5055762761445078,0.0113082717215734
QDA,HIV-1 IN,PC,Test,0.4674556213017751,0.3640552995391705,0.5148936170212766,0.4093264248704663,0.5041620371213639,0.0086476772502915
QDA,HIV-1 IN,PC,Train,0.4405377456049638,0.6719242902208202,0.4680397727272727,0.5321673953778888,0.4864789409760432,-0.0290083670356827
QDA,HIV-1 IN,PC,Validation,0.436532507739938,0.6650943396226415,0.4617021276595744,0.5271028037383177,0.4798339915167471,-0.0432880274297805
QDA,HIV-1 IN,PC,Test,0.462046204620462,0.6451612903225806,0.4893617021276595,0.5384615384615384,0.5004462578095116,0.0009296648324533
QDA,HIV-1 IN,PC,Train,0.4511400651465798,0.4362204724409448,0.5067423704755145,0.4435548438751001,0.5004099778225396,0.0008227728517424
QDA,HIV-1 IN,PC,Validation,0.4734042553191489,0.4218009478672986,0.5287846481876333,0.4461152882205513,0.5190400088173702,0.0386559309536761
QDA,HIV-1 IN,PC,Test,0.4539877300613497,0.3410138248847926,0.5063829787234042,0.3894736842105263,0.4946175843791552,-0.0112754624611466
QDA,HIV-1 IN,PC,Train,0.5,0.337007874015748,0.5493257629524485,0.4026340545625588,0.5302610429510265,0.0654809305309061
QDA,HIV-1 IN,PC,Validation,0.4104477611940298,0.2606635071090047,0.4989339019189765,0.3188405797101449,0.4772309783607039,-0.0501476566216076
QDA,HIV-1 IN,PC,Test,0.4521739130434782,0.2396313364055299,0.5148936170212766,0.3132530120481928,0.49530973934901,-0.010878123994588
QDA,HIV-1 IN,PC,Train,0.4880174291938998,0.3533123028391167,0.5419034090909091,0.4098810612991765,0.5248473658898426,0.0527455725827774
QDA,HIV-1 IN,PC,Validation,0.4444444444444444,0.3396226415094339,0.5106382978723404,0.3850267379679144,0.4953927161035542,-0.0096476132982432
QDA,HIV-1 IN,PC,Test,0.4728682170542636,0.2811059907834101,0.5234042553191489,0.3526011560693641,0.5061656436130489,0.0137761066576826
QDA,HIV-1 IN,PC,Train,0.4383164005805515,0.4763406940063091,0.4893465909090909,0.4565381708238851,0.4881703470031545,-0.023547405046744
QDA,HIV-1 IN,PC,Validation,0.4325396825396825,0.5141509433962265,0.4765957446808511,0.4698275862068966,0.4799436887523768,-0.0400249061810081
QDA,HIV-1 IN,PC,Test,0.445,0.4101382488479262,0.4914893617021276,0.4268585131894484,0.4857015354911568,-0.0288345146057854
QDA,HIV-1 IN,PC,Train,0.4349775784753363,0.305511811023622,0.5081618168914124,0.3589269195189639,0.4899652078373924,-0.0214691646998201
QDA,HIV-1 IN,PC,Validation,0.5319148936170213,0.3554502369668246,0.5692963752665245,0.4261363636363636,0.5498181417392263,0.1080991109219323
QDA,HIV-1 IN,PC,Test,0.4782608695652174,0.2534562211981567,0.5276595744680851,0.3313253012048193,0.5081510355002641,0.0189047009226336
QDA,HIV-1 IN,PC,Train,0.5063613231552163,0.3133858267716535,0.552874378992193,0.38715953307393,0.5313699159698061,0.0696077450300182
QDA,HIV-1 IN,PC,Validation,0.4049586776859504,0.2322274881516587,0.5010660980810234,0.2951807228915662,0.4765788603548991,-0.0532606905131527
QDA,HIV-1 IN,PC,Test,0.4424778761061947,0.2304147465437788,0.5106382978723404,0.303030303030303,0.4907014444181344,-0.0216951313965235
QDA,HIV-1 IN,PC,Train,0.4880174291938998,0.3533123028391167,0.5419034090909091,0.4098810612991765,0.5248473658898426,0.0527455725827774
QDA,HIV-1 IN,PC,Validation,0.4444444444444444,0.3396226415094339,0.5106382978723404,0.3850267379679144,0.4953927161035542,-0.0096476132982432
QDA,HIV-1 IN,PC,Test,0.4728682170542636,0.2811059907834101,0.5234042553191489,0.3526011560693641,0.5061656436130489,0.0137761066576826
QDA,HIV-1 IN,PC,Train,0.4383164005805515,0.4763406940063091,0.4893465909090909,0.4565381708238851,0.4881703470031545,-0.023547405046744
QDA,HIV-1 IN,PC,Validation,0.4325396825396825,0.5141509433962265,0.4765957446808511,0.4698275862068966,0.4799436887523768,-0.0400249061810081
QDA,HIV-1 IN,PC,Test,0.445,0.4101382488479262,0.4914893617021276,0.4268585131894484,0.4857015354911568,-0.0288345146057854
QDA,HIV-1 IN,PC,Train,0.4349775784753363,0.305511811023622,0.5081618168914124,0.3589269195189639,0.4899652078373924,-0.0214691646998201
QDA,HIV-1 IN,PC,Validation,0.5319148936170213,0.3554502369668246,0.5692963752665245,0.4261363636363636,0.5498181417392263,0.1080991109219323
QDA,HIV-1 IN,PC,Test,0.4782608695652174,0.2534562211981567,0.5276595744680851,0.3313253012048193,0.5081510355002641,0.0189047009226336
QDA,HIV-1 IN,PC,Train,0.5063613231552163,0.3133858267716535,0.552874378992193,0.38715953307393,0.5313699159698061,0.0696077450300182
QDA,HIV-1 IN,PC,Validation,0.4049586776859504,0.2322274881516587,0.5010660980810234,0.2951807228915662,0.4765788603548991,-0.0532606905131527
QDA,HIV-1 IN,PC,Test,0.4424778761061947,0.2304147465437788,0.5106382978723404,0.303030303030303,0.4907014444181344,-0.0216951313965235
QDA,HIV-1 IN,PC,Train,0.5174825174825175,0.2334384858044164,0.5568181818181818,0.3217391304347826,0.5275719560805028,0.0681919701541401
QDA,HIV-1 IN,PC,Validation,0.5102040816326531,0.2358490566037736,0.5531914893617021,0.3225806451612903,0.5249012724879334,0.061002103670656
QDA,HIV-1 IN,PC,Test,0.5056179775280899,0.2073732718894009,0.5404255319148936,0.2941176470588235,0.51673011420557,0.042575674567267
QDA,HIV-1 IN,PC,Train,0.4662576687116564,0.2397476340694006,0.5340909090909091,0.3166666666666666,0.5074707162595066,0.0176232059516784
QDA,HIV-1 IN,PC,Validation,0.4435483870967742,0.2594339622641509,0.5191489361702127,0.3273809523809524,0.4959960508995173,-0.0090416446596192
QDA,HIV-1 IN,PC,Test,0.3805309734513274,0.1981566820276497,0.4808510638297872,0.2606060606060606,0.4607384200652082,-0.091604026885811
QDA,HIV-1 IN,PC,Train,0.4904761904761904,0.1622047244094488,0.5464868701206529,0.2437869822485207,0.5119809151763007,0.0334778911641884
QDA,HIV-1 IN,PC,Validation,0.5974025974025974,0.2180094786729857,0.582089552238806,0.3194444444444444,0.548927219956648,0.1314144797411066
QDA,HIV-1 IN,PC,Test,0.5,0.1751152073732718,0.5382978723404256,0.2593856655290102,0.5124587894573869,0.0337396880454741
QDA,HIV-1 IN,PC,Train,0.54,0.1700787401574803,0.560681334279631,0.2586826347305389,0.5256078455309365,0.0730183864641349
QDA,HIV-1 IN,PC,Validation,0.4745762711864407,0.1327014218009478,0.5437100213219617,0.2074074074074074,0.506273191520629,0.0188213897840029
QDA,HIV-1 IN,PC,Test,0.5072463768115942,0.1612903225806451,0.5404255319148936,0.2447552447552447,0.5134514854009945,0.0378960230713253
QDA,HIV-1 IN,PC,Train,0.5174825174825175,0.2334384858044164,0.5568181818181818,0.3217391304347826,0.5275719560805028,0.0681919701541401
QDA,HIV-1 IN,PC,Validation,0.5102040816326531,0.2358490566037736,0.5531914893617021,0.3225806451612903,0.5249012724879334,0.061002103670656
QDA,HIV-1 IN,PC,Test,0.5056179775280899,0.2073732718894009,0.5404255319148936,0.2941176470588235,0.51673011420557,0.042575674567267
QDA,HIV-1 IN,PC,Train,0.4662576687116564,0.2397476340694006,0.5340909090909091,0.3166666666666666,0.5074707162595066,0.0176232059516784
QDA,HIV-1 IN,PC,Validation,0.4435483870967742,0.2594339622641509,0.5191489361702127,0.3273809523809524,0.4959960508995173,-0.0090416446596192
QDA,HIV-1 IN,PC,Test,0.3805309734513274,0.1981566820276497,0.4808510638297872,0.2606060606060606,0.4607384200652082,-0.091604026885811
QDA,HIV-1 IN,PC,Train,0.4904761904761904,0.1622047244094488,0.5464868701206529,0.2437869822485207,0.5119809151763007,0.0334778911641884
QDA,HIV-1 IN,PC,Validation,0.5974025974025974,0.2180094786729857,0.582089552238806,0.3194444444444444,0.548927219956648,0.1314144797411066
QDA,HIV-1 IN,PC,Test,0.5,0.1751152073732718,0.5382978723404256,0.2593856655290102,0.5124587894573869,0.0337396880454741
QDA,HIV-1 IN,PC,Train,0.54,0.1700787401574803,0.560681334279631,0.2586826347305389,0.5256078455309365,0.0730183864641349
QDA,HIV-1 IN,PC,Validation,0.4745762711864407,0.1327014218009478,0.5437100213219617,0.2074074074074074,0.506273191520629,0.0188213897840029
QDA,HIV-1 IN,PC,Test,0.5072463768115942,0.1612903225806451,0.5404255319148936,0.2447552447552447,0.5134514854009945,0.0378960230713253
QDA,HIV-1 IN,ECFP4,Train,0.4619047619047619,0.305993690851735,0.5269886363636364,0.3681214421252372,0.5070020133845238,0.0152287733827528
QDA,HIV-1 IN,ECFP4,Validation,0.4236111111111111,0.2877358490566037,0.502127659574468,0.3426966292134831,0.4830152113500073,-0.0366672112060364
QDA,HIV-1 IN,ECFP4,Test,0.3333333333333333,0.1981566820276497,0.4468085106382978,0.2485549132947976,0.4291178667055244,-0.1583743546776133
QDA,HIV-1 IN,ECFP4,Train,0.4700854700854701,0.3470031545741325,0.5298295454545454,0.3992740471869328,0.5132948589408131,0.0280829020641047
QDA,HIV-1 IN,ECFP4,Validation,0.5316455696202531,0.3962264150943396,0.5702127659574469,0.4540540540540541,0.5547023548339916,0.1152412501539347
QDA,HIV-1 IN,ECFP4,Test,0.435064935064935,0.3087557603686636,0.4957446808510638,0.3611859838274933,0.4824411212910512,-0.0373003580208669
QDA,HIV-1 IN,ECFP4,Train,0.512987012987013,0.3732283464566929,0.5578424414478353,0.4320875113947128,0.541265336019044,0.0874735490099865
QDA,HIV-1 IN,ECFP4,Validation,0.5533333333333333,0.3933649289099526,0.5842217484008528,0.4598337950138504,0.5668375032146663,0.1425805623366786
QDA,HIV-1 IN,ECFP4,Test,0.4934210526315789,0.3456221198156682,0.5340425531914894,0.4065040650406504,0.5206371468643558,0.043988021033931
QDA,HIV-1 IN,ECFP4,Train,0.6033254156769596,0.4,0.6110716820440029,0.4810606060606061,0.5921188630490956,0.2002702258608999
QDA,HIV-1 IN,ECFP4,Validation,0.5789473684210527,0.3649289099526066,0.5948827292110874,0.4476744186046512,0.5739373231933576,0.1632109679917218
QDA,HIV-1 IN,ECFP4,Test,0.5434782608695652,0.3456221198156682,0.5638297872340425,0.4225352112676056,0.5483051310540791,0.1057559480496489
QDA,HIV-1 IN,ECFP4,Train,0.4619047619047619,0.305993690851735,0.5269886363636364,0.3681214421252372,0.5070020133845238,0.0152287733827528
QDA,HIV-1 IN,ECFP4,Validation,0.4236111111111111,0.2877358490566037,0.502127659574468,0.3426966292134831,0.4830152113500073,-0.0366672112060364
QDA,HIV-1 IN,ECFP4,Test,0.3333333333333333,0.1981566820276497,0.4468085106382978,0.2485549132947976,0.4291178667055244,-0.1583743546776133
QDA,HIV-1 IN,ECFP4,Train,0.4700854700854701,0.3470031545741325,0.5298295454545454,0.3992740471869328,0.5132948589408131,0.0280829020641047
QDA,HIV-1 IN,ECFP4,Validation,0.5316455696202531,0.3962264150943396,0.5702127659574469,0.4540540540540541,0.5547023548339916,0.1152412501539347
QDA,HIV-1 IN,ECFP4,Test,0.435064935064935,0.3087557603686636,0.4957446808510638,0.3611859838274933,0.4824411212910512,-0.0373003580208669
QDA,HIV-1 IN,ECFP4,Train,0.512987012987013,0.3732283464566929,0.5578424414478353,0.4320875113947128,0.541265336019044,0.0874735490099865
QDA,HIV-1 IN,ECFP4,Validation,0.5533333333333333,0.3933649289099526,0.5842217484008528,0.4598337950138504,0.5668375032146663,0.1425805623366786
QDA,HIV-1 IN,ECFP4,Test,0.4934210526315789,0.3456221198156682,0.5340425531914894,0.4065040650406504,0.5206371468643558,0.043988021033931
QDA,HIV-1 IN,ECFP4,Train,0.6033254156769596,0.4,0.6110716820440029,0.4810606060606061,0.5921188630490956,0.2002702258608999
QDA,HIV-1 IN,ECFP4,Validation,0.5789473684210527,0.3649289099526066,0.5948827292110874,0.4476744186046512,0.5739373231933576,0.1632109679917218
QDA,HIV-1 IN,ECFP4,Test,0.5434782608695652,0.3456221198156682,0.5638297872340425,0.4225352112676056,0.5483051310540791,0.1057559480496489
QDA,HIV-1 IN,ECFP4,Train,0.7777777777777778,0.0331230283911671,0.5603693181818182,0.0635400907715582,0.5126855452033355,0.0920397691628225
QDA,HIV-1 IN,ECFP4,Validation,0.5,0.0424528301886792,0.548936170212766,0.0782608695652174,0.5037845546292234,0.0196253354034961
QDA,HIV-1 IN,ECFP4,Test,0.8571428571428571,0.0276497695852534,0.548936170212766,0.0535714285714285,0.5118486002076466,0.0975321175754229
QDA,HIV-1 IN,ECFP4,Train,0.6666666666666666,0.0347003154574132,0.5575284090909091,0.0659670164917541,0.5102442145762519,0.0673775868594538
QDA,HIV-1 IN,ECFP4,Validation,0.7272727272727273,0.0377358490566037,0.5595744680851064,0.0717488789237668,0.5130539710399298,0.0859305791126008
QDA,HIV-1 IN,ECFP4,Test,0.9090909090909092,0.0460829493087557,0.5574468085106383,0.087719298245614,0.5210651900693977,0.1389257723534815
QDA,HIV-1 IN,ECFP4,Train,1.0,0.0551181102362204,0.57416607523066,0.1044776119402985,0.5275590551181102,0.1762074529211099
QDA,HIV-1 IN,ECFP4,Validation,1.0,0.0616113744075829,0.5778251599147122,0.1160714285714285,0.5308056872037915,0.1867058303830579
QDA,HIV-1 IN,ECFP4,Test,1.0,0.0737327188940092,0.5723404255319149,0.1373390557939914,0.5368663594470046,0.202704065233236
QDA,HIV-1 IN,ECFP4,Train,0.8181818181818182,0.0566929133858267,0.5691980127750177,0.1060382916053019,0.5231784980365827,0.1326111267249171
QDA,HIV-1 IN,ECFP4,Validation,0.8571428571428571,0.0568720379146919,0.5714285714285714,0.1066666666666666,0.5245600499650979,0.1435954259171369
QDA,HIV-1 IN,ECFP4,Test,1.0,0.0737327188940092,0.5723404255319149,0.1373390557939914,0.5368663594470046,0.202704065233236
QDA,HIV-1 IN,ECFP4,Train,0.7777777777777778,0.0331230283911671,0.5603693181818182,0.0635400907715582,0.5126855452033355,0.0920397691628225
QDA,HIV-1 IN,ECFP4,Validation,0.5,0.0424528301886792,0.548936170212766,0.0782608695652174,0.5037845546292234,0.0196253354034961
QDA,HIV-1 IN,ECFP4,Test,0.8571428571428571,0.0276497695852534,0.548936170212766,0.0535714285714285,0.5118486002076466,0.0975321175754229
QDA,HIV-1 IN,ECFP4,Train,0.6666666666666666,0.0347003154574132,0.5575284090909091,0.0659670164917541,0.5102442145762519,0.0673775868594538
QDA,HIV-1 IN,ECFP4,Validation,0.7272727272727273,0.0377358490566037,0.5595744680851064,0.0717488789237668,0.5130539710399298,0.0859305791126008
QDA,HIV-1 IN,ECFP4,Test,0.9090909090909092,0.0460829493087557,0.5574468085106383,0.087719298245614,0.5210651900693977,0.1389257723534815
QDA,HIV-1 IN,ECFP4,Train,1.0,0.0551181102362204,0.57416607523066,0.1044776119402985,0.5275590551181102,0.1762074529211099
QDA,HIV-1 IN,ECFP4,Validation,1.0,0.0616113744075829,0.5778251599147122,0.1160714285714285,0.5308056872037915,0.1867058303830579
QDA,HIV-1 IN,ECFP4,Test,1.0,0.0737327188940092,0.5723404255319149,0.1373390557939914,0.5368663594470046,0.202704065233236
QDA,HIV-1 IN,ECFP4,Train,0.8181818181818182,0.0566929133858267,0.5691980127750177,0.1060382916053019,0.5231784980365827,0.1326111267249171
QDA,HIV-1 IN,ECFP4,Validation,0.8571428571428571,0.0568720379146919,0.5714285714285714,0.1066666666666666,0.5245600499650979,0.1435954259171369
QDA,HIV-1 IN,ECFP4,Test,1.0,0.0737327188940092,0.5723404255319149,0.1373390557939914,0.5368663594470046,0.202704065233236
QDA,HIV-1 IN,ECFP4,Train,1.0,0.0315457413249211,0.5639204545454546,0.0611620795107033,0.5157728706624606,0.1326313274069074
QDA,HIV-1 IN,ECFP4,Validation,1.0,0.0424528301886792,0.5680851063829787,0.0814479638009049,0.5212264150943396,0.154139062974517
QDA,HIV-1 IN,ECFP4,Test,1.0,0.0276497695852534,0.551063829787234,0.0538116591928251,0.5138248847926268,0.1227854845917956
QDA,HIV-1 IN,ECFP4,Train,1.0,0.0141955835962145,0.5561079545454546,0.0279937791601866,0.5070977917981072,0.0886213270166637
QDA,HIV-1 IN,ECFP4,Validation,1.0,0.0235849056603773,0.5595744680851064,0.0460829493087557,0.5117924528301887,0.1143932630204569
QDA,HIV-1 IN,ECFP4,Test,1.0,0.0368663594470046,0.5553191489361702,0.0711111111111111,0.5184331797235023,0.1420870178783063
QDA,HIV-1 IN,ECFP4,Train,1.0,0.0519685039370078,0.5727466288147622,0.0988023952095808,0.525984251968504,0.1709745111546365
QDA,HIV-1 IN,ECFP4,Validation,1.0,0.0521327014218009,0.5735607675906184,0.0990990990990991,0.5260663507109005,0.1713689867563202
QDA,HIV-1 IN,ECFP4,Test,1.0,0.0599078341013824,0.5659574468085107,0.1130434782608695,0.5299539170506913,0.1821142668420501
QDA,HIV-1 IN,ECFP4,Train,1.0,0.0519685039370078,0.5727466288147622,0.0988023952095808,0.525984251968504,0.1709745111546365
QDA,HIV-1 IN,ECFP4,Validation,1.0,0.0568720379146919,0.5756929637526652,0.1076233183856502,0.5284360189573459,0.1791847925883958
QDA,HIV-1 IN,ECFP4,Test,1.0,0.0599078341013824,0.5659574468085107,0.1130434782608695,0.5299539170506913,0.1821142668420501
QDA,HIV-1 IN,ECFP4,Train,1.0,0.0315457413249211,0.5639204545454546,0.0611620795107033,0.5157728706624606,0.1326313274069074
QDA,HIV-1 IN,ECFP4,Validation,1.0,0.0424528301886792,0.5680851063829787,0.0814479638009049,0.5212264150943396,0.154139062974517
QDA,HIV-1 IN,ECFP4,Test,1.0,0.0276497695852534,0.551063829787234,0.0538116591928251,0.5138248847926268,0.1227854845917956
QDA,HIV-1 IN,ECFP4,Train,1.0,0.0141955835962145,0.5561079545454546,0.0279937791601866,0.5070977917981072,0.0886213270166637
QDA,HIV-1 IN,ECFP4,Validation,1.0,0.0235849056603773,0.5595744680851064,0.0460829493087557,0.5117924528301887,0.1143932630204569
QDA,HIV-1 IN,ECFP4,Test,1.0,0.0368663594470046,0.5553191489361702,0.0711111111111111,0.5184331797235023,0.1420870178783063
QDA,HIV-1 IN,ECFP4,Train,1.0,0.0519685039370078,0.5727466288147622,0.0988023952095808,0.525984251968504,0.1709745111546365
QDA,HIV-1 IN,ECFP4,Validation,1.0,0.0521327014218009,0.5735607675906184,0.0990990990990991,0.5260663507109005,0.1713689867563202
QDA,HIV-1 IN,ECFP4,Test,1.0,0.0599078341013824,0.5659574468085107,0.1130434782608695,0.5299539170506913,0.1821142668420501
QDA,HIV-1 IN,ECFP4,Train,1.0,0.0519685039370078,0.5727466288147622,0.0988023952095808,0.525984251968504,0.1709745111546365
QDA,HIV-1 IN,ECFP4,Validation,1.0,0.0568720379146919,0.5756929637526652,0.1076233183856502,0.5284360189573459,0.1791847925883958
QDA,HIV-1 IN,ECFP4,Test,1.0,0.0599078341013824,0.5659574468085107,0.1130434782608695,0.5299539170506913,0.1821142668420501
QDA,HIV-1 IN,ECFP4,Train,1.0,0.029968454258675,0.5632102272727273,0.0581929555895865,0.5149842271293376,0.1292264842458232
QDA,HIV-1 IN,ECFP4,Validation,1.0,0.0424528301886792,0.5680851063829787,0.0814479638009049,0.5212264150943396,0.154139062974517
QDA,HIV-1 IN,ECFP4,Test,1.0,0.0184331797235023,0.5468085106382978,0.0361990950226244,0.5092165898617511,0.1000385598408659
QDA,HIV-1 IN,ECFP4,Train,1.0,0.0141955835962145,0.5561079545454546,0.0279937791601866,0.5070977917981072,0.0886213270166637
QDA,HIV-1 IN,ECFP4,Validation,1.0,0.0235849056603773,0.5595744680851064,0.0460829493087557,0.5117924528301887,0.1143932630204569
QDA,HIV-1 IN,ECFP4,Test,1.0,0.0368663594470046,0.5553191489361702,0.0711111111111111,0.5184331797235023,0.1420870178783063
QDA,HIV-1 IN,ECFP4,Train,1.0,0.0488188976377952,0.5713271823988645,0.093093093093093,0.5244094488188976,0.1655921922823852
QDA,HIV-1 IN,ECFP4,Validation,1.0,0.0473933649289099,0.5714285714285714,0.090497737556561,0.523696682464455,0.1632158317621751
QDA,HIV-1 IN,ECFP4,Test,1.0,0.0552995391705069,0.5638297872340425,0.1048034934497816,0.5276497695852534,0.1747786086192173
QDA,HIV-1 IN,ECFP4,Train,1.0,0.0456692913385826,0.5699077359829666,0.0873493975903614,0.5228346456692914,0.1600453547493873
QDA,HIV-1 IN,ECFP4,Validation,1.0,0.0521327014218009,0.5735607675906184,0.0990990990990991,0.5260663507109005,0.1713689867563202
QDA,HIV-1 IN,ECFP4,Test,1.0,0.0552995391705069,0.5638297872340425,0.1048034934497816,0.5276497695852534,0.1747786086192173
QDA,HIV-1 IN,ECFP4,Train,1.0,0.029968454258675,0.5632102272727273,0.0581929555895865,0.5149842271293376,0.1292264842458232
QDA,HIV-1 IN,ECFP4,Validation,1.0,0.0424528301886792,0.5680851063829787,0.0814479638009049,0.5212264150943396,0.154139062974517
QDA,HIV-1 IN,ECFP4,Test,1.0,0.0184331797235023,0.5468085106382978,0.0361990950226244,0.5092165898617511,0.1000385598408659
QDA,HIV-1 IN,ECFP4,Train,1.0,0.0141955835962145,0.5561079545454546,0.0279937791601866,0.5070977917981072,0.0886213270166637
QDA,HIV-1 IN,ECFP4,Validation,1.0,0.0235849056603773,0.5595744680851064,0.0460829493087557,0.5117924528301887,0.1143932630204569
QDA,HIV-1 IN,ECFP4,Test,1.0,0.0368663594470046,0.5553191489361702,0.0711111111111111,0.5184331797235023,0.1420870178783063
QDA,HIV-1 IN,ECFP4,Train,1.0,0.0488188976377952,0.5713271823988645,0.093093093093093,0.5244094488188976,0.1655921922823852
QDA,HIV-1 IN,ECFP4,Validation,1.0,0.0473933649289099,0.5714285714285714,0.090497737556561,0.523696682464455,0.1632158317621751
QDA,HIV-1 IN,ECFP4,Test,1.0,0.0552995391705069,0.5638297872340425,0.1048034934497816,0.5276497695852534,0.1747786086192173
QDA,HIV-1 IN,ECFP4,Train,1.0,0.0456692913385826,0.5699077359829666,0.0873493975903614,0.5228346456692914,0.1600453547493873
QDA,HIV-1 IN,ECFP4,Validation,1.0,0.0521327014218009,0.5735607675906184,0.0990990990990991,0.5260663507109005,0.1713689867563202
QDA,HIV-1 IN,ECFP4,Test,1.0,0.0552995391705069,0.5638297872340425,0.1048034934497816,0.5276497695852534,0.1747786086192173
QDA,HIV-1 IN,ECFP4,Train,0.875,0.0331230283911671,0.5625,0.0638297872340425,0.5146235296994596,0.1124148409881385
QDA,HIV-1 IN,ECFP4,Validation,1.0,0.0377358490566037,0.5659574468085107,0.0727272727272727,0.5188679245283019,0.1451663403006537
QDA,HIV-1 IN,ECFP4,Test,0.6666666666666666,0.0184331797235023,0.5425531914893617,0.0358744394618834,0.5052640206917907,0.0467523123149261
QDA,HIV-1 IN,ECFP4,Train,0.8333333333333334,0.0157728706624605,0.5553977272727273,0.0309597523219814,0.5065944456671475,0.0713822227428379
QDA,HIV-1 IN,ECFP4,Validation,0.7777777777777778,0.0330188679245283,0.5595744680851064,0.0633484162895927,0.512633464970016,0.0917399591002508
QDA,HIV-1 IN,ECFP4,Test,0.9,0.0414746543778801,0.5553191489361702,0.079295154185022,0.5187610426039598,0.1296278079468748
QDA,HIV-1 IN,ECFP4,Train,0.972972972972973,0.0566929133858267,0.57416607523066,0.1071428571428571,0.527700461860872,0.1723837925480449
QDA,HIV-1 IN,ECFP4,Validation,0.7692307692307693,0.0473933649289099,0.5650319829424307,0.0892857142857142,0.5178827289760829,0.1083829015372134
QDA,HIV-1 IN,ECFP4,Test,0.9333333333333332,0.064516129032258,0.5659574468085107,0.1206896551724138,0.5302817799311488,0.1717711385404379
QDA,HIV-1 IN,ECFP4,Train,0.9523809523809524,0.0629921259842519,0.5762952448545068,0.1181683899556868,0.5302040733280432,0.1767437039622395
QDA,HIV-1 IN,ECFP4,Validation,1.0,0.0521327014218009,0.5735607675906184,0.0990990990990991,0.5260663507109005,0.1713689867563202
QDA,HIV-1 IN,ECFP4,Test,1.0,0.0552995391705069,0.5638297872340425,0.1048034934497816,0.5276497695852534,0.1747786086192173
QDA,HIV-1 IN,ECFP4,Train,0.875,0.0331230283911671,0.5625,0.0638297872340425,0.5146235296994596,0.1124148409881385
QDA,HIV-1 IN,ECFP4,Validation,1.0,0.0377358490566037,0.5659574468085107,0.0727272727272727,0.5188679245283019,0.1451663403006537
QDA,HIV-1 IN,ECFP4,Test,0.6666666666666666,0.0184331797235023,0.5425531914893617,0.0358744394618834,0.5052640206917907,0.0467523123149261
QDA,HIV-1 IN,ECFP4,Train,0.8333333333333334,0.0157728706624605,0.5553977272727273,0.0309597523219814,0.5065944456671475,0.0713822227428379
QDA,HIV-1 IN,ECFP4,Validation,0.7777777777777778,0.0330188679245283,0.5595744680851064,0.0633484162895927,0.512633464970016,0.0917399591002508
QDA,HIV-1 IN,ECFP4,Test,0.9,0.0414746543778801,0.5553191489361702,0.079295154185022,0.5187610426039598,0.1296278079468748
QDA,HIV-1 IN,ECFP4,Train,0.972972972972973,0.0566929133858267,0.57416607523066,0.1071428571428571,0.527700461860872,0.1723837925480449
QDA,HIV-1 IN,ECFP4,Validation,0.7692307692307693,0.0473933649289099,0.5650319829424307,0.0892857142857142,0.5178827289760829,0.1083829015372134
QDA,HIV-1 IN,ECFP4,Test,0.9333333333333332,0.064516129032258,0.5659574468085107,0.1206896551724138,0.5302817799311488,0.1717711385404379
QDA,HIV-1 IN,ECFP4,Train,0.9523809523809524,0.0629921259842519,0.5762952448545068,0.1181683899556868,0.5302040733280432,0.1767437039622395
QDA,HIV-1 IN,ECFP4,Validation,1.0,0.0521327014218009,0.5735607675906184,0.0990990990990991,0.5260663507109005,0.1713689867563202
QDA,HIV-1 IN,ECFP4,Test,1.0,0.0552995391705069,0.5638297872340425,0.1048034934497816,0.5276497695852534,0.1747786086192173
QDA,HIV-1 IN,ECFP4,Train,0.4569606801275239,0.6782334384858044,0.4921875,0.546031746031746,0.5090133600697756,0.0190492803654972
QDA,HIV-1 IN,ECFP4,Validation,0.4440894568690096,0.6556603773584906,0.474468085106383,0.5295238095238095,0.4906208863536639,-0.0197900814826693
QDA,HIV-1 IN,ECFP4,Test,0.4592833876221498,0.6497695852534562,0.4851063829787234,0.5381679389312977,0.4968215515200087,-0.006658437223249
QDA,HIV-1 IN,ECFP4,Train,0.4510010537407797,0.6750788643533123,0.4836647727272727,0.5407454200884396,0.5009761246831161,0.0020721011455056
QDA,HIV-1 IN,ECFP4,Validation,0.4455128205128205,0.6556603773584906,0.4765957446808511,0.5305343511450382,0.492558870849788,-0.015676199469469
QDA,HIV-1 IN,ECFP4,Test,0.4684385382059801,0.6497695852534562,0.4978723404255319,0.5444015444015444,0.5086792590298902,0.0180333400864942
QDA,HIV-1 IN,ECFP4,Train,0.4171122994652406,0.6141732283464567,0.439318665720369,0.4968152866242038,0.455019430710696,-0.0947364943782128
QDA,HIV-1 IN,ECFP4,Validation,0.4375,0.6635071090047393,0.464818763326226,0.527306967984934,0.482916345200044,-0.0365084790233801
QDA,HIV-1 IN,ECFP4,Test,0.4090909090909091,0.5806451612903226,0.4191489361702127,0.48,0.4306387861787581,-0.1455137196387942
QDA,HIV-1 IN,ECFP4,Train,0.4064171122994652,0.5984251968503937,0.4251242015613911,0.4840764331210191,0.4406854666422511,-0.124926185790381
QDA,HIV-1 IN,ECFP4,Validation,0.3846153846153846,0.5450236966824644,0.4029850746268656,0.4509803921568627,0.4159227010544105,-0.1740202437392876
QDA,HIV-1 IN,ECFP4,Test,0.4172413793103448,0.5576036866359447,0.4361702127659574,0.4773175542406311,0.4448097484563122,-0.1132002132924401
QDA,HIV-1 IN,ECFP4,Train,0.4569606801275239,0.6782334384858044,0.4921875,0.546031746031746,0.5090133600697756,0.0190492803654972
QDA,HIV-1 IN,ECFP4,Validation,0.4440894568690096,0.6556603773584906,0.474468085106383,0.5295238095238095,0.4906208863536639,-0.0197900814826693
QDA,HIV-1 IN,ECFP4,Test,0.4592833876221498,0.6497695852534562,0.4851063829787234,0.5381679389312977,0.4968215515200087,-0.006658437223249
QDA,HIV-1 IN,ECFP4,Train,0.4510010537407797,0.6750788643533123,0.4836647727272727,0.5407454200884396,0.5009761246831161,0.0020721011455056
QDA,HIV-1 IN,ECFP4,Validation,0.4455128205128205,0.6556603773584906,0.4765957446808511,0.5305343511450382,0.492558870849788,-0.015676199469469
QDA,HIV-1 IN,ECFP4,Test,0.4684385382059801,0.6497695852534562,0.4978723404255319,0.5444015444015444,0.5086792590298902,0.0180333400864942
QDA,HIV-1 IN,ECFP4,Train,0.4171122994652406,0.6141732283464567,0.439318665720369,0.4968152866242038,0.455019430710696,-0.0947364943782128
QDA,HIV-1 IN,ECFP4,Validation,0.4375,0.6635071090047393,0.464818763326226,0.527306967984934,0.482916345200044,-0.0365084790233801
QDA,HIV-1 IN,ECFP4,Test,0.4090909090909091,0.5806451612903226,0.4191489361702127,0.48,0.4306387861787581,-0.1455137196387942
QDA,HIV-1 IN,ECFP4,Train,0.4064171122994652,0.5984251968503937,0.4251242015613911,0.4840764331210191,0.4406854666422511,-0.124926185790381
QDA,HIV-1 IN,ECFP4,Validation,0.3846153846153846,0.5450236966824644,0.4029850746268656,0.4509803921568627,0.4159227010544105,-0.1740202437392876
QDA,HIV-1 IN,ECFP4,Test,0.4172413793103448,0.5576036866359447,0.4361702127659574,0.4773175542406311,0.4448097484563122,-0.1132002132924401
QDA,HIV-1 IN,ECFP4,Train,0.4733840304182509,0.3927444794952681,0.5298295454545454,0.4293103448275862,0.5174316712721819,0.0358555978013673
QDA,HIV-1 IN,ECFP4,Validation,0.4624277456647399,0.3773584905660377,0.5212765957446809,0.4155844155844156,0.508446687143484,0.017429820378585
QDA,HIV-1 IN,ECFP4,Test,0.3878787878787879,0.2949308755760368,0.4595744680851064,0.3350785340314136,0.4478606947050145,-0.108916448526447
QDA,HIV-1 IN,ECFP4,Train,0.4831288343558282,0.4968454258675079,0.5340909090909091,0.4898911353032659,0.5307224545358211,0.0613078829463338
QDA,HIV-1 IN,ECFP4,Validation,0.4801762114537445,0.5141509433962265,0.5297872340425532,0.4965831435079726,0.5283933011554777,0.056546743940267
QDA,HIV-1 IN,ECFP4,Test,0.4549763033175355,0.4423963133640553,0.4978723404255319,0.4485981308411215,0.4939254294093004,-0.0121771203051057
QDA,HIV-1 IN,ECFP4,Train,0.443217665615142,0.44251968503937,0.4982256919801277,0.4428684003152088,0.4932236668090907,-0.0135545970200178
QDA,HIV-1 IN,ECFP4,Validation,0.4063926940639269,0.4218009478672986,0.4626865671641791,0.413953488372093,0.4589624894375252,-0.081840829410835
QDA,HIV-1 IN,ECFP4,Test,0.4801980198019802,0.4470046082949309,0.5212765957446809,0.4630071599045346,0.5159924227245405,0.032210042831085
QDA,HIV-1 IN,ECFP4,Train,0.4572784810126582,0.4551181102362204,0.511000709723208,0.4561957379636938,0.5059828277279294,0.0119708444579097
QDA,HIV-1 IN,ECFP4,Validation,0.4626168224299065,0.4691943127962085,0.5159914712153518,0.4658823529411764,0.5117289393438407,0.0234294902438617
QDA,HIV-1 IN,ECFP4,Test,0.4528301886792453,0.4423963133640553,0.4957446808510638,0.4475524475524475,0.4919491448243202,-0.016131856646488
QDA,HIV-1 IN,ECFP4,Train,0.4733840304182509,0.3927444794952681,0.5298295454545454,0.4293103448275862,0.5174316712721819,0.0358555978013673
QDA,HIV-1 IN,ECFP4,Validation,0.4624277456647399,0.3773584905660377,0.5212765957446809,0.4155844155844156,0.508446687143484,0.017429820378585
QDA,HIV-1 IN,ECFP4,Test,0.3878787878787879,0.2949308755760368,0.4595744680851064,0.3350785340314136,0.4478606947050145,-0.108916448526447
QDA,HIV-1 IN,ECFP4,Train,0.4831288343558282,0.4968454258675079,0.5340909090909091,0.4898911353032659,0.5307224545358211,0.0613078829463338
QDA,HIV-1 IN,ECFP4,Validation,0.4801762114537445,0.5141509433962265,0.5297872340425532,0.4965831435079726,0.5283933011554777,0.056546743940267
QDA,HIV-1 IN,ECFP4,Test,0.4549763033175355,0.4423963133640553,0.4978723404255319,0.4485981308411215,0.4939254294093004,-0.0121771203051057
QDA,HIV-1 IN,ECFP4,Train,0.443217665615142,0.44251968503937,0.4982256919801277,0.4428684003152088,0.4932236668090907,-0.0135545970200178
QDA,HIV-1 IN,ECFP4,Validation,0.4063926940639269,0.4218009478672986,0.4626865671641791,0.413953488372093,0.4589624894375252,-0.081840829410835
QDA,HIV-1 IN,ECFP4,Test,0.4801980198019802,0.4470046082949309,0.5212765957446809,0.4630071599045346,0.5159924227245405,0.032210042831085
QDA,HIV-1 IN,ECFP4,Train,0.4572784810126582,0.4551181102362204,0.511000709723208,0.4561957379636938,0.5059828277279294,0.0119708444579097
QDA,HIV-1 IN,ECFP4,Validation,0.4626168224299065,0.4691943127962085,0.5159914712153518,0.4658823529411764,0.5117289393438407,0.0234294902438617
QDA,HIV-1 IN,ECFP4,Test,0.4528301886792453,0.4423963133640553,0.4957446808510638,0.4475524475524475,0.4919491448243202,-0.016131856646488
QDA,HIV-1 IN,ECFP4,Train,0.4871099050203528,0.5662460567823344,0.5362215909090909,0.5237053245805982,0.5389369818795393,0.0775733212682556
QDA,HIV-1 IN,ECFP4,Validation,0.4677419354838709,0.5471698113207547,0.5148936170212766,0.5043478260869565,0.5177709521720053,0.0354255131210371
QDA,HIV-1 IN,ECFP4,Test,0.4721030042918455,0.5069124423963134,0.5106382978723404,0.4888888888888889,0.5103732172455875,0.0206862354284843
QDA,HIV-1 IN,ECFP4,Train,0.4823529411764706,0.582018927444795,0.5305397727272727,0.5275196568977841,0.5351955102340253,0.0703066113948414
QDA,HIV-1 IN,ECFP4,Validation,0.4728682170542636,0.5754716981132075,0.5191489361702127,0.5191489361702127,0.5241699575837355,0.0483399151674711
QDA,HIV-1 IN,ECFP4,Test,0.4567901234567901,0.511520737327189,0.4936170212765957,0.4826086956521739,0.4948908034462032,-0.0101942825922191
QDA,HIV-1 IN,ECFP4,Train,0.4,0.4661417322834645,0.4442867281760113,0.4305454545454545,0.4462491607153756,-0.1071133666642636
QDA,HIV-1 IN,ECFP4,Validation,0.3565891472868217,0.4360189573459715,0.3923240938166311,0.3923240938166311,0.3963040523163966,-0.2073918953672067
QDA,HIV-1 IN,ECFP4,Test,0.4107883817427386,0.456221198156682,0.4468085106382978,0.4323144104803493,0.4474781880111473,-0.1047691840100202
QDA,HIV-1 IN,ECFP4,Train,0.3812664907651715,0.4551181102362204,0.4215755855216465,0.4149318018664752,0.42458747889072,-0.150523982937551
QDA,HIV-1 IN,ECFP4,Validation,0.3843137254901961,0.4644549763033175,0.4243070362473347,0.4206008583690987,0.427963922260186,-0.1438978010826997
QDA,HIV-1 IN,ECFP4,Test,0.3815261044176707,0.4377880184331797,0.4127659574468085,0.407725321888412,0.4145461831296333,-0.170708748487635
QDA,HIV-1 IN,ECFP4,Train,0.4871099050203528,0.5662460567823344,0.5362215909090909,0.5237053245805982,0.5389369818795393,0.0775733212682556
QDA,HIV-1 IN,ECFP4,Validation,0.4677419354838709,0.5471698113207547,0.5148936170212766,0.5043478260869565,0.5177709521720053,0.0354255131210371
QDA,HIV-1 IN,ECFP4,Test,0.4721030042918455,0.5069124423963134,0.5106382978723404,0.4888888888888889,0.5103732172455875,0.0206862354284843
QDA,HIV-1 IN,ECFP4,Train,0.4823529411764706,0.582018927444795,0.5305397727272727,0.5275196568977841,0.5351955102340253,0.0703066113948414
QDA,HIV-1 IN,ECFP4,Validation,0.4728682170542636,0.5754716981132075,0.5191489361702127,0.5191489361702127,0.5241699575837355,0.0483399151674711
QDA,HIV-1 IN,ECFP4,Test,0.4567901234567901,0.511520737327189,0.4936170212765957,0.4826086956521739,0.4948908034462032,-0.0101942825922191
QDA,HIV-1 IN,ECFP4,Train,0.4,0.4661417322834645,0.4442867281760113,0.4305454545454545,0.4462491607153756,-0.1071133666642636
QDA,HIV-1 IN,ECFP4,Validation,0.3565891472868217,0.4360189573459715,0.3923240938166311,0.3923240938166311,0.3963040523163966,-0.2073918953672067
QDA,HIV-1 IN,ECFP4,Test,0.4107883817427386,0.456221198156682,0.4468085106382978,0.4323144104803493,0.4474781880111473,-0.1047691840100202
QDA,HIV-1 IN,ECFP4,Train,0.3812664907651715,0.4551181102362204,0.4215755855216465,0.4149318018664752,0.42458747889072,-0.150523982937551
QDA,HIV-1 IN,ECFP4,Validation,0.3843137254901961,0.4644549763033175,0.4243070362473347,0.4206008583690987,0.427963922260186,-0.1438978010826997
QDA,HIV-1 IN,ECFP4,Test,0.3815261044176707,0.4377880184331797,0.4127659574468085,0.407725321888412,0.4145461831296333,-0.170708748487635
QDA,HIV-1 IN,ECFP4,Train,0.4736842105263157,0.5962145110410094,0.5198863636363636,0.5279329608938548,0.5267894260631403,0.0537950296409279
QDA,HIV-1 IN,ECFP4,Validation,0.4545454545454545,0.5424528301886793,0.5,0.4946236559139785,0.5037845546292234,0.0075549645380611
QDA,HIV-1 IN,ECFP4,Test,0.5038167938931297,0.6082949308755761,0.5425531914893617,0.5511482254697286,0.5472304693903571,0.0948112935287394
QDA,HIV-1 IN,ECFP4,Train,0.4763729246487867,0.5883280757097792,0.5234375,0.5264643613267467,0.5293061567179387,0.0586925641036229
QDA,HIV-1 IN,ECFP4,Validation,0.4716981132075472,0.589622641509434,0.5170212765957447,0.5241090146750524,0.5234934912973527,0.0471471529536164
QDA,HIV-1 IN,ECFP4,Test,0.4637096774193548,0.5299539170506913,0.5,0.4946236559139785,0.5021311087229741,0.0042562134741749
QDA,HIV-1 IN,ECFP4,Train,0.391644908616188,0.4724409448818897,0.4315117104329312,0.4282655246252677,0.4351868807096787,-0.129488258731398
QDA,HIV-1 IN,ECFP4,Validation,0.3503649635036496,0.4549763033175355,0.3752665245202559,0.3958762886597938,0.3825269113486902,-0.2371520465081978
QDA,HIV-1 IN,ECFP4,Test,0.3991935483870967,0.456221198156682,0.4319148936170213,0.4258064516129032,0.4336441959162856,-0.1325246639864897
QDA,HIV-1 IN,ECFP4,Train,0.3751617076326002,0.4566929133858268,0.4123491838183108,0.4119318181818182,0.4163309528169444,-0.1673146068127401
QDA,HIV-1 IN,ECFP4,Validation,0.3721804511278195,0.4691943127962085,0.4051172707889126,0.4150943396226415,0.4109537455453911,-0.178816625741555
QDA,HIV-1 IN,ECFP4,Test,0.3625954198473282,0.4377880184331797,0.3851063829787234,0.3966597077244259,0.3888544835248902,-0.2231155083348893
QDA,HIV-1 IN,ECFP4,Train,0.4736842105263157,0.5962145110410094,0.5198863636363636,0.5279329608938548,0.5267894260631403,0.0537950296409279
QDA,HIV-1 IN,ECFP4,Validation,0.4545454545454545,0.5424528301886793,0.5,0.4946236559139785,0.5037845546292234,0.0075549645380611
QDA,HIV-1 IN,ECFP4,Test,0.5038167938931297,0.6082949308755761,0.5425531914893617,0.5511482254697286,0.5472304693903571,0.0948112935287394
QDA,HIV-1 IN,ECFP4,Train,0.4763729246487867,0.5883280757097792,0.5234375,0.5264643613267467,0.5293061567179387,0.0586925641036229
QDA,HIV-1 IN,ECFP4,Validation,0.4716981132075472,0.589622641509434,0.5170212765957447,0.5241090146750524,0.5234934912973527,0.0471471529536164
QDA,HIV-1 IN,ECFP4,Test,0.4637096774193548,0.5299539170506913,0.5,0.4946236559139785,0.5021311087229741,0.0042562134741749
QDA,HIV-1 IN,ECFP4,Train,0.391644908616188,0.4724409448818897,0.4315117104329312,0.4282655246252677,0.4351868807096787,-0.129488258731398
QDA,HIV-1 IN,ECFP4,Validation,0.3503649635036496,0.4549763033175355,0.3752665245202559,0.3958762886597938,0.3825269113486902,-0.2371520465081978
QDA,HIV-1 IN,ECFP4,Test,0.3991935483870967,0.456221198156682,0.4319148936170213,0.4258064516129032,0.4336441959162856,-0.1325246639864897
QDA,HIV-1 IN,ECFP4,Train,0.3751617076326002,0.4566929133858268,0.4123491838183108,0.4119318181818182,0.4163309528169444,-0.1673146068127401
QDA,HIV-1 IN,ECFP4,Validation,0.3721804511278195,0.4691943127962085,0.4051172707889126,0.4150943396226415,0.4109537455453911,-0.178816625741555
QDA,HIV-1 IN,ECFP4,Test,0.3625954198473282,0.4377880184331797,0.3851063829787234,0.3966597077244259,0.3888544835248902,-0.2231155083348893
QDA,HIV-1 IN,ECFP4,Train,0.479498861047836,0.6640378548895899,0.5241477272727273,0.5568783068783069,0.5367992892019009,0.0755786869135127
QDA,HIV-1 IN,ECFP4,Validation,0.4519572953736654,0.5990566037735849,0.4914893617021276,0.5152129817444219,0.5010786894836917,0.0021893750360911
QDA,HIV-1 IN,ECFP4,Test,0.5033783783783784,0.6866359447004609,0.5425531914893617,0.580896686159844,0.5528041383581356,0.1090354207620515
QDA,HIV-1 IN,ECFP4,Train,0.4829157175398633,0.668769716088328,0.5284090909090909,0.5608465608465608,0.541103204297394,0.0844181036131106
QDA,HIV-1 IN,ECFP4,Validation,0.4913494809688581,0.6698113207547169,0.5382978723404256,0.5668662674650699,0.5500219394471259,0.1023010512239352
QDA,HIV-1 IN,ECFP4,Test,0.4681647940074906,0.576036866359447,0.502127659574468,0.5165289256198347,0.5073860221125298,0.0148671278807056
QDA,HIV-1 IN,ECFP4,Train,0.3808411214953271,0.5133858267716536,0.4045422285308729,0.437290409121395,0.4143156524039146,-0.174618150904449
QDA,HIV-1 IN,ECFP4,Validation,0.3675496688741722,0.5260663507109005,0.3795309168443497,0.4327485380116959,0.3928781365957603,-0.2225858169891319
QDA,HIV-1 IN,ECFP4,Test,0.3962962962962963,0.4930875576036866,0.4191489361702127,0.4394250513347023,0.4244093914500646,-0.1524372428203942
QDA,HIV-1 IN,ECFP4,Train,0.3812351543942993,0.5055118110236221,0.4073811213626686,0.4346648612051456,0.4161925980182709,-0.1700678186173627
QDA,HIV-1 IN,ECFP4,Validation,0.3623693379790941,0.4928909952606635,0.3816631130063966,0.4176706827309236,0.391794334839634,-0.2209298679608426
QDA,HIV-1 IN,ECFP4,Test,0.3610108303249097,0.4608294930875576,0.3744680851063829,0.4048582995951417,0.3806123750022768,-0.2419696503463055
QDA,HIV-1 IN,ECFP4,Train,0.479498861047836,0.6640378548895899,0.5241477272727273,0.5568783068783069,0.5367992892019009,0.0755786869135127
QDA,HIV-1 IN,ECFP4,Validation,0.4519572953736654,0.5990566037735849,0.4914893617021276,0.5152129817444219,0.5010786894836917,0.0021893750360911
QDA,HIV-1 IN,ECFP4,Test,0.5033783783783784,0.6866359447004609,0.5425531914893617,0.580896686159844,0.5528041383581356,0.1090354207620515
QDA,HIV-1 IN,ECFP4,Train,0.4829157175398633,0.668769716088328,0.5284090909090909,0.5608465608465608,0.541103204297394,0.0844181036131106
QDA,HIV-1 IN,ECFP4,Validation,0.4913494809688581,0.6698113207547169,0.5382978723404256,0.5668662674650699,0.5500219394471259,0.1023010512239352
QDA,HIV-1 IN,ECFP4,Test,0.4681647940074906,0.576036866359447,0.502127659574468,0.5165289256198347,0.5073860221125298,0.0148671278807056
QDA,HIV-1 IN,ECFP4,Train,0.3808411214953271,0.5133858267716536,0.4045422285308729,0.437290409121395,0.4143156524039146,-0.174618150904449
QDA,HIV-1 IN,ECFP4,Validation,0.3675496688741722,0.5260663507109005,0.3795309168443497,0.4327485380116959,0.3928781365957603,-0.2225858169891319
QDA,HIV-1 IN,ECFP4,Test,0.3962962962962963,0.4930875576036866,0.4191489361702127,0.4394250513347023,0.4244093914500646,-0.1524372428203942
QDA,HIV-1 IN,ECFP4,Train,0.3812351543942993,0.5055118110236221,0.4073811213626686,0.4346648612051456,0.4161925980182709,-0.1700678186173627
QDA,HIV-1 IN,ECFP4,Validation,0.3623693379790941,0.4928909952606635,0.3816631130063966,0.4176706827309236,0.391794334839634,-0.2209298679608426
QDA,HIV-1 IN,ECFP4,Test,0.3610108303249097,0.4608294930875576,0.3744680851063829,0.4048582995951417,0.3806123750022768,-0.2419696503463055
QDA,HIV-1 IN,ECFP4,Train,0.4738771769019248,0.8154574132492114,0.5092329545454546,0.5994202898550725,0.5369276730328745,0.0879741420876373
QDA,HIV-1 IN,ECFP4,Validation,0.4844192634560906,0.8066037735849056,0.5255319148936171,0.6053097345132743,0.5505887084978791,0.1164343405468001
QDA,HIV-1 IN,ECFP4,Test,0.4972972972972973,0.847926267281106,0.5340425531914894,0.626916524701874,0.556374200834229,0.1373408274102172
QDA,HIV-1 IN,ECFP4,Train,0.4664778092540132,0.7791798107255521,0.4992897727272727,0.583579444772593,0.5246028252594168,0.0566982159186473
QDA,HIV-1 IN,ECFP4,Validation,0.4653179190751445,0.7594339622641509,0.4978723404255319,0.5770609318996416,0.5211898493491297,0.0478505304132359
QDA,HIV-1 IN,ECFP4,Test,0.4651162790697674,0.7373271889400922,0.4872340425531914,0.5704099821746881,0.5050272308336824,0.0113157789839701
QDA,HIV-1 IN,ECFP4,Train,0.4125230202578269,0.705511811023622,0.4144783534421575,0.5206275421266705,0.4406112026694337,-0.1405968839195051
QDA,HIV-1 IN,ECFP4,Validation,0.4101876675603217,0.7251184834123223,0.4072494669509595,0.523972602739726,0.4362026525588743,-0.1573235240024154
QDA,HIV-1 IN,ECFP4,Test,0.4089635854341736,0.6728110599078341,0.4,0.5087108013937283,0.419409482523087,-0.1880315550713389
QDA,HIV-1 IN,ECFP4,Train,0.4165872259294566,0.6881889763779527,0.4251242015613911,0.5190023752969121,0.448745650979674,-0.1169443020072506
QDA,HIV-1 IN,ECFP4,Validation,0.403954802259887,0.6777251184834123,0.4051172707889126,0.5061946902654867,0.4299478305595356,-0.1620138395977173
QDA,HIV-1 IN,ECFP4,Test,0.4127906976744186,0.6543778801843319,0.4106382978723404,0.5062388591800356,0.427979453926158,-0.1621108337051373
QDA,HIV-1 IN,ECFP4,Train,0.4738771769019248,0.8154574132492114,0.5092329545454546,0.5994202898550725,0.5369276730328745,0.0879741420876373
QDA,HIV-1 IN,ECFP4,Validation,0.4844192634560906,0.8066037735849056,0.5255319148936171,0.6053097345132743,0.5505887084978791,0.1164343405468001
QDA,HIV-1 IN,ECFP4,Test,0.4972972972972973,0.847926267281106,0.5340425531914894,0.626916524701874,0.556374200834229,0.1373408274102172
QDA,HIV-1 IN,ECFP4,Train,0.4664778092540132,0.7791798107255521,0.4992897727272727,0.583579444772593,0.5246028252594168,0.0566982159186473
QDA,HIV-1 IN,ECFP4,Validation,0.4653179190751445,0.7594339622641509,0.4978723404255319,0.5770609318996416,0.5211898493491297,0.0478505304132359
QDA,HIV-1 IN,ECFP4,Test,0.4651162790697674,0.7373271889400922,0.4872340425531914,0.5704099821746881,0.5050272308336824,0.0113157789839701
QDA,HIV-1 IN,ECFP4,Train,0.4125230202578269,0.705511811023622,0.4144783534421575,0.5206275421266705,0.4406112026694337,-0.1405968839195051
QDA,HIV-1 IN,ECFP4,Validation,0.4101876675603217,0.7251184834123223,0.4072494669509595,0.523972602739726,0.4362026525588743,-0.1573235240024154
QDA,HIV-1 IN,ECFP4,Test,0.4089635854341736,0.6728110599078341,0.4,0.5087108013937283,0.419409482523087,-0.1880315550713389
QDA,HIV-1 IN,ECFP4,Train,0.4165872259294566,0.6881889763779527,0.4251242015613911,0.5190023752969121,0.448745650979674,-0.1169443020072506
QDA,HIV-1 IN,ECFP4,Validation,0.403954802259887,0.6777251184834123,0.4051172707889126,0.5061946902654867,0.4299478305595356,-0.1620138395977173
QDA,HIV-1 IN,ECFP4,Test,0.4127906976744186,0.6543778801843319,0.4106382978723404,0.5062388591800356,0.427979453926158,-0.1621108337051373
QDA,HIV-1 IN,ECFP4,Train,0.4555669050051072,0.7034700315457413,0.4879261363636363,0.5530068195908245,0.5074197702948345,0.0160404140063468
QDA,HIV-1 IN,ECFP4,Validation,0.4490445859872611,0.6650943396226415,0.4808510638297872,0.5361216730038023,0.4972758519818634,-0.005757200539481
QDA,HIV-1 IN,ECFP4,Test,0.4968553459119497,0.728110599078341,0.5340425531914894,0.5906542056074766,0.5478497659423325,0.1019916427679936
QDA,HIV-1 IN,ECFP4,Train,0.4386339381003202,0.6482649842271293,0.4680397727272727,0.5232336091661363,0.4843392104598178,-0.0330277135434102
QDA,HIV-1 IN,ECFP4,Validation,0.4419354838709677,0.6462264150943396,0.4723404255319149,0.524904214559387,0.4878418897177125,-0.0255348328470328
QDA,HIV-1 IN,ECFP4,Test,0.4719471947194719,0.6589861751152074,0.502127659574468,0.55,0.5132875539607658,0.0276812447050894
QDA,HIV-1 IN,ECFP4,Train,0.3859095688748685,0.5779527559055118,0.3953158268275372,0.4627994955863808,0.4117153960406112,-0.1875639258709804
QDA,HIV-1 IN,ECFP4,Validation,0.3943217665615142,0.5924170616113744,0.4072494669509595,0.4734848484848485,0.4241155075498732,-0.1613179464696522
QDA,HIV-1 IN,ECFP4,Test,0.3917197452229299,0.5668202764976958,0.3936170212765957,0.4632768361581921,0.4059397825176226,-0.1991585604810538
QDA,HIV-1 IN,ECFP4,Train,0.3621227887617065,0.5480314960629922,0.36124911284599,0.4360902255639097,0.3780209159901524,-0.2606585683286245
QDA,HIV-1 IN,ECFP4,Validation,0.347962382445141,0.5260663507109005,0.3432835820895522,0.4188679245283019,0.3599324001616518,-0.2987980727819637
QDA,HIV-1 IN,ECFP4,Test,0.3738317757009345,0.5529953917050692,0.3659574468085106,0.4460966542750929,0.3792644942715069,-0.2587077735129876
QDA,HIV-1 IN,ECFP4,Train,0.4555669050051072,0.7034700315457413,0.4879261363636363,0.5530068195908245,0.5074197702948345,0.0160404140063468
QDA,HIV-1 IN,ECFP4,Validation,0.4490445859872611,0.6650943396226415,0.4808510638297872,0.5361216730038023,0.4972758519818634,-0.005757200539481
QDA,HIV-1 IN,ECFP4,Test,0.4968553459119497,0.728110599078341,0.5340425531914894,0.5906542056074766,0.5478497659423325,0.1019916427679936
QDA,HIV-1 IN,ECFP4,Train,0.4386339381003202,0.6482649842271293,0.4680397727272727,0.5232336091661363,0.4843392104598178,-0.0330277135434102
QDA,HIV-1 IN,ECFP4,Validation,0.4419354838709677,0.6462264150943396,0.4723404255319149,0.524904214559387,0.4878418897177125,-0.0255348328470328
QDA,HIV-1 IN,ECFP4,Test,0.4719471947194719,0.6589861751152074,0.502127659574468,0.55,0.5132875539607658,0.0276812447050894
QDA,HIV-1 IN,ECFP4,Train,0.3859095688748685,0.5779527559055118,0.3953158268275372,0.4627994955863808,0.4117153960406112,-0.1875639258709804
QDA,HIV-1 IN,ECFP4,Validation,0.3943217665615142,0.5924170616113744,0.4072494669509595,0.4734848484848485,0.4241155075498732,-0.1613179464696522
QDA,HIV-1 IN,ECFP4,Test,0.3917197452229299,0.5668202764976958,0.3936170212765957,0.4632768361581921,0.4059397825176226,-0.1991585604810538
QDA,HIV-1 IN,ECFP4,Train,0.3621227887617065,0.5480314960629922,0.36124911284599,0.4360902255639097,0.3780209159901524,-0.2606585683286245
QDA,HIV-1 IN,ECFP4,Validation,0.347962382445141,0.5260663507109005,0.3432835820895522,0.4188679245283019,0.3599324001616518,-0.2987980727819637
QDA,HIV-1 IN,ECFP4,Test,0.3738317757009345,0.5529953917050692,0.3659574468085106,0.4460966542750929,0.3792644942715069,-0.2587077735129876
QDA,HIV-1 IN,MIX,Train,1.0,0.8501577287066246,0.9325284090909092,0.9190110826939472,0.9250788643533124,0.8701825014055992
QDA,HIV-1 IN,MIX,Validation,0.9026548672566372,0.4811320754716981,0.7425531914893617,0.6276923076923077,0.7192482082784848,0.5105878807844203
QDA,HIV-1 IN,MIX,Test,0.927007299270073,0.5852534562211982,0.7872340425531915,0.7175141242937854,0.7728638822607967,0.5986648734597807
QDA,HIV-1 IN,MIX,Train,1.0,0.8343848580441641,0.9254261363636364,0.9097162510748066,0.917192429022082,0.8571547770743706
QDA,HIV-1 IN,MIX,Validation,0.8944099378881988,0.6792452830188679,0.8191489361702128,0.7721179624664879,0.8066769050753254,0.6431268970673304
QDA,HIV-1 IN,MIX,Test,0.896,0.5161290322580645,0.7489361702127659,0.6549707602339181,0.7323728165242891,0.5243736874689509
QDA,HIV-1 IN,MIX,Train,1.0,0.8740157480314961,0.943222143364088,0.9327731092436976,0.937007874015748,0.8900228853834588
QDA,HIV-1 IN,MIX,Validation,0.8699186991869918,0.5071090047393365,0.744136460554371,0.6407185628742516,0.7225467504316837,0.5033982812330281
QDA,HIV-1 IN,MIX,Test,0.900763358778626,0.543778801843318,0.7617021276595745,0.6781609195402298,0.7461977013169159,0.5474804555678389
QDA,HIV-1 IN,MIX,Train,1.0,0.8236220472440945,0.9205110007097232,0.9032815198618308,0.9118110236220472,0.8482377593286777
QDA,HIV-1 IN,MIX,Validation,0.8809523809523809,0.5260663507109005,0.7547974413646056,0.658753709198813,0.7339634079135897,0.5251660978394427
QDA,HIV-1 IN,MIX,Test,0.7945205479452054,0.2672811059907834,0.6297872340425532,0.4,0.6039962842206882,0.2862735753080855
QDA,HIV-1 IN,MIX,Train,1.0,0.8501577287066246,0.9325284090909092,0.9190110826939472,0.9250788643533124,0.8701825014055992
QDA,HIV-1 IN,MIX,Validation,0.9026548672566372,0.4811320754716981,0.7425531914893617,0.6276923076923077,0.7192482082784848,0.5105878807844203
QDA,HIV-1 IN,MIX,Test,0.927007299270073,0.5852534562211982,0.7872340425531915,0.7175141242937854,0.7728638822607967,0.5986648734597807
QDA,HIV-1 IN,MIX,Train,1.0,0.8343848580441641,0.9254261363636364,0.9097162510748066,0.917192429022082,0.8571547770743706
QDA,HIV-1 IN,MIX,Validation,0.8944099378881988,0.6792452830188679,0.8191489361702128,0.7721179624664879,0.8066769050753254,0.6431268970673304
QDA,HIV-1 IN,MIX,Test,0.896,0.5161290322580645,0.7489361702127659,0.6549707602339181,0.7323728165242891,0.5243736874689509
QDA,HIV-1 IN,MIX,Train,1.0,0.8740157480314961,0.943222143364088,0.9327731092436976,0.937007874015748,0.8900228853834588
QDA,HIV-1 IN,MIX,Validation,0.8699186991869918,0.5071090047393365,0.744136460554371,0.6407185628742516,0.7225467504316837,0.5033982812330281
QDA,HIV-1 IN,MIX,Test,0.900763358778626,0.543778801843318,0.7617021276595745,0.6781609195402298,0.7461977013169159,0.5474804555678389
QDA,HIV-1 IN,MIX,Train,1.0,0.8236220472440945,0.9205110007097232,0.9032815198618308,0.9118110236220472,0.8482377593286777
QDA,HIV-1 IN,MIX,Validation,0.8809523809523809,0.5260663507109005,0.7547974413646056,0.658753709198813,0.7339634079135897,0.5251660978394427
QDA,HIV-1 IN,MIX,Test,0.7945205479452054,0.2672811059907834,0.6297872340425532,0.4,0.6039962842206882,0.2862735753080855
QDA,HIV-1 IN,MIX,Train,1.0,0.0725552050473186,0.5823863636363636,0.1352941176470588,0.5362776025236593,0.2030561807971625
QDA,HIV-1 IN,MIX,Validation,1.0,0.0377358490566037,0.5659574468085107,0.0727272727272727,0.5188679245283019,0.1451663403006537
QDA,HIV-1 IN,MIX,Test,1.0,0.0737327188940092,0.5723404255319149,0.1373390557939914,0.5368663594470046,0.202704065233236
QDA,HIV-1 IN,MIX,Train,1.0,0.0410094637223974,0.5681818181818182,0.0787878787878787,0.5205047318611987,0.1515508944358131
QDA,HIV-1 IN,MIX,Validation,1.0,0.1037735849056603,0.5957446808510638,0.188034188034188,0.5518867924528302,0.2444636298251288
QDA,HIV-1 IN,MIX,Test,1.0,0.0737327188940092,0.5723404255319149,0.1373390557939914,0.5368663594470046,0.202704065233236
QDA,HIV-1 IN,MIX,Train,1.0,0.0677165354330708,0.5798438608942512,0.1268436578171091,0.5338582677165354,0.1958810826861973
QDA,HIV-1 IN,MIX,Validation,1.0,0.0094786729857819,0.5543710021321961,0.0187793427230046,0.504739336492891,0.0723644362108859
QDA,HIV-1 IN,MIX,Test,1.0,0.0737327188940092,0.5723404255319149,0.1373390557939914,0.5368663594470046,0.202704065233236
QDA,HIV-1 IN,MIX,Train,1.0,0.074015748031496,0.5826827537260468,0.1378299120234604,0.537007874015748,0.2050897675604191
QDA,HIV-1 IN,MIX,Validation,1.0,0.0236966824644549,0.5607675906183369,0.0462962962962962,0.5118483412322274,0.1147875105454356
QDA,HIV-1 IN,MIX,Test,1.0,0.0691244239631336,0.5702127659574469,0.1293103448275862,0.5345622119815668,0.1960515701536727
QDA,HIV-1 IN,MIX,Train,1.0,0.0725552050473186,0.5823863636363636,0.1352941176470588,0.5362776025236593,0.2030561807971625
QDA,HIV-1 IN,MIX,Validation,1.0,0.0377358490566037,0.5659574468085107,0.0727272727272727,0.5188679245283019,0.1451663403006537
QDA,HIV-1 IN,MIX,Test,1.0,0.0737327188940092,0.5723404255319149,0.1373390557939914,0.5368663594470046,0.202704065233236
QDA,HIV-1 IN,MIX,Train,1.0,0.0410094637223974,0.5681818181818182,0.0787878787878787,0.5205047318611987,0.1515508944358131
QDA,HIV-1 IN,MIX,Validation,1.0,0.1037735849056603,0.5957446808510638,0.188034188034188,0.5518867924528302,0.2444636298251288
QDA,HIV-1 IN,MIX,Test,1.0,0.0737327188940092,0.5723404255319149,0.1373390557939914,0.5368663594470046,0.202704065233236
QDA,HIV-1 IN,MIX,Train,1.0,0.0677165354330708,0.5798438608942512,0.1268436578171091,0.5338582677165354,0.1958810826861973
QDA,HIV-1 IN,MIX,Validation,1.0,0.0094786729857819,0.5543710021321961,0.0187793427230046,0.504739336492891,0.0723644362108859
QDA,HIV-1 IN,MIX,Test,1.0,0.0737327188940092,0.5723404255319149,0.1373390557939914,0.5368663594470046,0.202704065233236
QDA,HIV-1 IN,MIX,Train,1.0,0.074015748031496,0.5826827537260468,0.1378299120234604,0.537007874015748,0.2050897675604191
QDA,HIV-1 IN,MIX,Validation,1.0,0.0236966824644549,0.5607675906183369,0.0462962962962962,0.5118483412322274,0.1147875105454356
QDA,HIV-1 IN,MIX,Test,1.0,0.0691244239631336,0.5702127659574469,0.1293103448275862,0.5345622119815668,0.1960515701536727
QDA,HIV-1 IN,MIX,Train,1.0,0.0473186119873817,0.5710227272727273,0.0903614457831325,0.5236593059936908,0.1630278758390871
QDA,HIV-1 IN,MIX,Validation,1.0,0.0235849056603773,0.5595744680851064,0.0460829493087557,0.5117924528301887,0.1143932630204569
QDA,HIV-1 IN,MIX,Test,1.0,0.0046082949308755,0.5404255319148936,0.0091743119266055,0.5023041474654378,0.0498590468981694
QDA,HIV-1 IN,MIX,Train,1.0,0.0094637223974763,0.5539772727272727,0.01875,0.5047318611987381,0.0722815521321678
QDA,HIV-1 IN,MIX,Validation,1.0,0.0235849056603773,0.5595744680851064,0.0460829493087557,0.5117924528301887,0.1143932630204569
QDA,HIV-1 IN,MIX,Test,1.0,0.0046082949308755,0.5404255319148936,0.0091743119266055,0.5023041474654378,0.0498590468981694
QDA,HIV-1 IN,MIX,Train,1.0,0.0598425196850393,0.5762952448545068,0.112927191679049,0.5299212598425197,0.1838047322659842
QDA,HIV-1 IN,MIX,Validation,1.0,0.0047393364928909,0.5522388059701493,0.0094339622641509,0.5023696682464455,0.0511146861823178
QDA,HIV-1 IN,MIX,Test,1.0,0.0414746543778801,0.5574468085106383,0.079646017699115,0.5207373271889401,0.1508694078203399
QDA,HIV-1 IN,MIX,Train,1.0,0.0551181102362204,0.57416607523066,0.1044776119402985,0.5275590551181102,0.1762074529211099
QDA,HIV-1 IN,MIX,Validation,0.0,0.0,0.5501066098081023,0.0,0.5,0.0
QDA,HIV-1 IN,MIX,Test,0.0,0.0,0.5382978723404256,0.0,0.5,0.0
QDA,HIV-1 IN,MIX,Train,1.0,0.0473186119873817,0.5710227272727273,0.0903614457831325,0.5236593059936908,0.1630278758390871
QDA,HIV-1 IN,MIX,Validation,1.0,0.0235849056603773,0.5595744680851064,0.0460829493087557,0.5117924528301887,0.1143932630204569
QDA,HIV-1 IN,MIX,Test,1.0,0.0046082949308755,0.5404255319148936,0.0091743119266055,0.5023041474654378,0.0498590468981694
QDA,HIV-1 IN,MIX,Train,1.0,0.0094637223974763,0.5539772727272727,0.01875,0.5047318611987381,0.0722815521321678
QDA,HIV-1 IN,MIX,Validation,1.0,0.0235849056603773,0.5595744680851064,0.0460829493087557,0.5117924528301887,0.1143932630204569
QDA,HIV-1 IN,MIX,Test,1.0,0.0046082949308755,0.5404255319148936,0.0091743119266055,0.5023041474654378,0.0498590468981694
QDA,HIV-1 IN,MIX,Train,1.0,0.0598425196850393,0.5762952448545068,0.112927191679049,0.5299212598425197,0.1838047322659842
QDA,HIV-1 IN,MIX,Validation,1.0,0.0047393364928909,0.5522388059701493,0.0094339622641509,0.5023696682464455,0.0511146861823178
QDA,HIV-1 IN,MIX,Test,1.0,0.0414746543778801,0.5574468085106383,0.079646017699115,0.5207373271889401,0.1508694078203399
QDA,HIV-1 IN,MIX,Train,1.0,0.0551181102362204,0.57416607523066,0.1044776119402985,0.5275590551181102,0.1762074529211099
QDA,HIV-1 IN,MIX,Validation,0.0,0.0,0.5501066098081023,0.0,0.5,0.0
QDA,HIV-1 IN,MIX,Test,0.0,0.0,0.5382978723404256,0.0,0.5,0.0
QDA,HIV-1 IN,MIX,Train,1.0,0.0441640378548895,0.5696022727272727,0.0845921450151057,0.5220820189274448,0.1573857195234571
QDA,HIV-1 IN,MIX,Validation,1.0,0.0188679245283018,0.5574468085106383,0.037037037037037,0.5094339622641509,0.1022066043604656
QDA,HIV-1 IN,MIX,Test,0.0,0.0,0.5382978723404256,0.0,0.5,0.0
QDA,HIV-1 IN,MIX,Train,0.0,0.0,0.5497159090909091,0.0,0.5,0.0
QDA,HIV-1 IN,MIX,Validation,0.0,0.0,0.548936170212766,0.0,0.5,0.0
QDA,HIV-1 IN,MIX,Test,0.0,0.0,0.5382978723404256,0.0,0.5,0.0
QDA,HIV-1 IN,MIX,Train,1.0,0.0488188976377952,0.5713271823988645,0.093093093093093,0.5244094488188976,0.1655921922823852
QDA,HIV-1 IN,MIX,Validation,1.0,0.0047393364928909,0.5522388059701493,0.0094339622641509,0.5023696682464455,0.0511146861823178
QDA,HIV-1 IN,MIX,Test,0.0,0.0,0.5382978723404256,0.0,0.5,0.0
QDA,HIV-1 IN,MIX,Train,1.0,0.0503937007874015,0.5720369056068133,0.095952023988006,0.5251968503937008,0.1683029145048505
QDA,HIV-1 IN,MIX,Validation,0.0,0.0,0.5501066098081023,0.0,0.5,0.0
QDA,HIV-1 IN,MIX,Test,0.0,0.0,0.5382978723404256,0.0,0.5,0.0
QDA,HIV-1 IN,MIX,Train,1.0,0.0441640378548895,0.5696022727272727,0.0845921450151057,0.5220820189274448,0.1573857195234571
QDA,HIV-1 IN,MIX,Validation,1.0,0.0188679245283018,0.5574468085106383,0.037037037037037,0.5094339622641509,0.1022066043604656
QDA,HIV-1 IN,MIX,Test,0.0,0.0,0.5382978723404256,0.0,0.5,0.0
QDA,HIV-1 IN,MIX,Train,0.0,0.0,0.5497159090909091,0.0,0.5,0.0
QDA,HIV-1 IN,MIX,Validation,0.0,0.0,0.548936170212766,0.0,0.5,0.0
QDA,HIV-1 IN,MIX,Test,0.0,0.0,0.5382978723404256,0.0,0.5,0.0
QDA,HIV-1 IN,MIX,Train,1.0,0.0488188976377952,0.5713271823988645,0.093093093093093,0.5244094488188976,0.1655921922823852
QDA,HIV-1 IN,MIX,Validation,1.0,0.0047393364928909,0.5522388059701493,0.0094339622641509,0.5023696682464455,0.0511146861823178
QDA,HIV-1 IN,MIX,Test,0.0,0.0,0.5382978723404256,0.0,0.5,0.0
QDA,HIV-1 IN,MIX,Train,1.0,0.0503937007874015,0.5720369056068133,0.095952023988006,0.5251968503937008,0.1683029145048505
QDA,HIV-1 IN,MIX,Validation,0.0,0.0,0.5501066098081023,0.0,0.5,0.0
QDA,HIV-1 IN,MIX,Test,0.0,0.0,0.5382978723404256,0.0,0.5,0.0
QDA,HIV-1 IN,MIX,Train,0.6666666666666666,0.0378548895899053,0.5582386363636364,0.0716417910447761,0.5111755068104565,0.0704504913548968
QDA,HIV-1 IN,MIX,Validation,0.5,0.0094339622641509,0.548936170212766,0.0185185185185185,0.5008410121398275,0.009111441473995
QDA,HIV-1 IN,MIX,Test,0.0,0.0,0.5382978723404256,0.0,0.5,0.0
QDA,HIV-1 IN,MIX,Train,0.0,0.0,0.5426136363636364,0.0,0.4935400516795866,-0.076545658391023
QDA,HIV-1 IN,MIX,Validation,0.0,0.0,0.548936170212766,0.0,0.5,0.0
QDA,HIV-1 IN,MIX,Test,0.0,0.0,0.5382978723404256,0.0,0.5,0.0
QDA,HIV-1 IN,MIX,Train,0.7073170731707317,0.0456692913385826,0.5613910574875799,0.0857988165680473,0.5150827076847952,0.0892959322661623
QDA,HIV-1 IN,MIX,Validation,1.0,0.0047393364928909,0.5522388059701493,0.0094339622641509,0.5023696682464455,0.0511146861823178
QDA,HIV-1 IN,MIX,Test,0.0,0.0,0.5382978723404256,0.0,0.5,0.0
QDA,HIV-1 IN,MIX,Train,0.7317073170731707,0.0472440944881889,0.5628105039034776,0.0887573964497041,0.5165161040916397,0.0977822379833498
QDA,HIV-1 IN,MIX,Validation,0.0,0.0,0.5458422174840085,0.0,0.4961240310077519,-0.0591817675988253
QDA,HIV-1 IN,MIX,Test,0.0,0.0,0.5382978723404256,0.0,0.5,0.0
QDA,HIV-1 IN,MIX,Train,0.6666666666666666,0.0378548895899053,0.5582386363636364,0.0716417910447761,0.5111755068104565,0.0704504913548968
QDA,HIV-1 IN,MIX,Validation,0.5,0.0094339622641509,0.548936170212766,0.0185185185185185,0.5008410121398275,0.009111441473995
QDA,HIV-1 IN,MIX,Test,0.0,0.0,0.5382978723404256,0.0,0.5,0.0
QDA,HIV-1 IN,MIX,Train,0.0,0.0,0.5426136363636364,0.0,0.4935400516795866,-0.076545658391023
QDA,HIV-1 IN,MIX,Validation,0.0,0.0,0.548936170212766,0.0,0.5,0.0
QDA,HIV-1 IN,MIX,Test,0.0,0.0,0.5382978723404256,0.0,0.5,0.0
QDA,HIV-1 IN,MIX,Train,0.7073170731707317,0.0456692913385826,0.5613910574875799,0.0857988165680473,0.5150827076847952,0.0892959322661623
QDA,HIV-1 IN,MIX,Validation,1.0,0.0047393364928909,0.5522388059701493,0.0094339622641509,0.5023696682464455,0.0511146861823178
QDA,HIV-1 IN,MIX,Test,0.0,0.0,0.5382978723404256,0.0,0.5,0.0
QDA,HIV-1 IN,MIX,Train,0.7317073170731707,0.0472440944881889,0.5628105039034776,0.0887573964497041,0.5165161040916397,0.0977822379833498
QDA,HIV-1 IN,MIX,Validation,0.0,0.0,0.5458422174840085,0.0,0.4961240310077519,-0.0591817675988253
QDA,HIV-1 IN,MIX,Test,0.0,0.0,0.5382978723404256,0.0,0.5,0.0
QDA,HIV-1 IN,MIX,Train,0.1184834123222748,0.1577287066246056,0.0923295454545454,0.13531799729364,0.0982441982735431,-0.8158240177441456
QDA,HIV-1 IN,MIX,Validation,0.3915662650602409,0.6132075471698113,0.3957446808510638,0.4779411764705882,0.4151309053678514,-0.185459362792197
QDA,HIV-1 IN,MIX,Test,0.4171270718232044,0.695852534562212,0.4106382978723404,0.5215889464594128,0.4309302198502759,-0.163697495070457
QDA,HIV-1 IN,MIX,Train,0.1008505467800729,0.1309148264984227,0.0830965909090909,0.1139327385037748,0.087421237538617,-0.833055858938186
QDA,HIV-1 IN,MIX,Validation,0.3839779005524862,0.6556603773584906,0.3702127659574468,0.4843205574912892,0.3956596460435864,-0.2468277144258348
QDA,HIV-1 IN,MIX,Test,0.4130434782608695,0.7004608294930875,0.4021276595744681,0.5196581196581197,0.4233529443908125,-0.1853922623010057
QDA,HIV-1 IN,MIX,Train,0.130281690140845,0.1748031496062992,0.1022001419446416,0.1492938802958977,0.1087194042605139,-0.7963945048612243
QDA,HIV-1 IN,MIX,Validation,0.3970588235294117,0.6398104265402843,0.4008528784648187,0.4900181488203267,0.4226183915647158,-0.1724187591384401
QDA,HIV-1 IN,MIX,Test,0.4412607449856733,0.7096774193548387,0.451063829787234,0.5441696113074205,0.4694632156062731,-0.069636675153423
QDA,HIV-1 IN,MIX,Train,0.0992555831265508,0.1259842519685039,0.0908445706174592,0.1110340041637751,0.0939998779222364,-0.8165585411146618
QDA,HIV-1 IN,MIX,Validation,0.3878787878787879,0.6066350710900474,0.3923240938166311,0.4731977818853974,0.4118446673279695,-0.1920725467669589
QDA,HIV-1 IN,MIX,Test,0.4491525423728814,0.7327188940092166,0.4617021276595744,0.5569176882661997,0.4809839529334621,-0.0439753941983714
QDA,HIV-1 IN,MIX,Train,0.1184834123222748,0.1577287066246056,0.0923295454545454,0.13531799729364,0.0982441982735431,-0.8158240177441456
QDA,HIV-1 IN,MIX,Validation,0.3915662650602409,0.6132075471698113,0.3957446808510638,0.4779411764705882,0.4151309053678514,-0.185459362792197
QDA,HIV-1 IN,MIX,Test,0.4171270718232044,0.695852534562212,0.4106382978723404,0.5215889464594128,0.4309302198502759,-0.163697495070457
QDA,HIV-1 IN,MIX,Train,0.1008505467800729,0.1309148264984227,0.0830965909090909,0.1139327385037748,0.087421237538617,-0.833055858938186
QDA,HIV-1 IN,MIX,Validation,0.3839779005524862,0.6556603773584906,0.3702127659574468,0.4843205574912892,0.3956596460435864,-0.2468277144258348
QDA,HIV-1 IN,MIX,Test,0.4130434782608695,0.7004608294930875,0.4021276595744681,0.5196581196581197,0.4233529443908125,-0.1853922623010057
QDA,HIV-1 IN,MIX,Train,0.130281690140845,0.1748031496062992,0.1022001419446416,0.1492938802958977,0.1087194042605139,-0.7963945048612243
QDA,HIV-1 IN,MIX,Validation,0.3970588235294117,0.6398104265402843,0.4008528784648187,0.4900181488203267,0.4226183915647158,-0.1724187591384401
QDA,HIV-1 IN,MIX,Test,0.4412607449856733,0.7096774193548387,0.451063829787234,0.5441696113074205,0.4694632156062731,-0.069636675153423
QDA,HIV-1 IN,MIX,Train,0.0992555831265508,0.1259842519685039,0.0908445706174592,0.1110340041637751,0.0939998779222364,-0.8165585411146618
QDA,HIV-1 IN,MIX,Validation,0.3878787878787879,0.6066350710900474,0.3923240938166311,0.4731977818853974,0.4118446673279695,-0.1920725467669589
QDA,HIV-1 IN,MIX,Test,0.4491525423728814,0.7327188940092166,0.4617021276595744,0.5569176882661997,0.4809839529334621,-0.0439753941983714
QDA,HIV-1 IN,MIX,Train,0.9984251968503935,1.0,0.9992897727272728,0.9992119779353822,0.9993540051679586,0.9985665935808704
QDA,HIV-1 IN,MIX,Validation,0.689922480620155,0.839622641509434,0.7574468085106383,0.7574468085106383,0.7647725610647945,0.529545122129589
QDA,HIV-1 IN,MIX,Test,0.8042553191489362,0.8709677419354839,0.8425531914893617,0.8362831858407079,0.844574780058651,0.6871249976993583
QDA,HIV-1 IN,MIX,Train,1.0,1.0,1.0,1.0,1.0,1.0
QDA,HIV-1 IN,MIX,Validation,0.5878787878787879,0.9150943396226416,0.6723404255319149,0.7158671586715867,0.6939812783384525,0.4221303796428314
QDA,HIV-1 IN,MIX,Test,0.6483870967741936,0.9262672811059908,0.7340425531914894,0.7628083491461101,0.7477186207901495,0.5212402426367663
QDA,HIV-1 IN,MIX,Train,1.0,1.0,1.0,1.0,1.0,1.0
QDA,HIV-1 IN,MIX,Validation,0.6439393939393939,0.8056872037914692,0.7121535181236673,0.7157894736842105,0.7206730592600756,0.4426408570990029
QDA,HIV-1 IN,MIX,Test,0.68561872909699,0.9447004608294932,0.774468085106383,0.7945736434108527,0.7865794794266041,0.5939249410628069
QDA,HIV-1 IN,MIX,Train,1.0,1.0,1.0,1.0,1.0,1.0
QDA,HIV-1 IN,MIX,Validation,0.6258503401360545,0.8720379146919431,0.7078891257995735,0.7287128712871287,0.7228406627723282,0.4584403423881339
QDA,HIV-1 IN,MIX,Test,0.6821428571428572,0.880184331797235,0.7553191489361702,0.7686116700201208,0.7642028378353763,0.5367867474526192
QDA,HIV-1 IN,MIX,Train,0.9984251968503935,1.0,0.9992897727272728,0.9992119779353822,0.9993540051679586,0.9985665935808704
QDA,HIV-1 IN,MIX,Validation,0.689922480620155,0.839622641509434,0.7574468085106383,0.7574468085106383,0.7647725610647945,0.529545122129589
QDA,HIV-1 IN,MIX,Test,0.8042553191489362,0.8709677419354839,0.8425531914893617,0.8362831858407079,0.844574780058651,0.6871249976993583
QDA,HIV-1 IN,MIX,Train,1.0,1.0,1.0,1.0,1.0,1.0
QDA,HIV-1 IN,MIX,Validation,0.5878787878787879,0.9150943396226416,0.6723404255319149,0.7158671586715867,0.6939812783384525,0.4221303796428314
QDA,HIV-1 IN,MIX,Test,0.6483870967741936,0.9262672811059908,0.7340425531914894,0.7628083491461101,0.7477186207901495,0.5212402426367663
QDA,HIV-1 IN,MIX,Train,1.0,1.0,1.0,1.0,1.0,1.0
QDA,HIV-1 IN,MIX,Validation,0.6439393939393939,0.8056872037914692,0.7121535181236673,0.7157894736842105,0.7206730592600756,0.4426408570990029
QDA,HIV-1 IN,MIX,Test,0.68561872909699,0.9447004608294932,0.774468085106383,0.7945736434108527,0.7865794794266041,0.5939249410628069
QDA,HIV-1 IN,MIX,Train,1.0,1.0,1.0,1.0,1.0,1.0
QDA,HIV-1 IN,MIX,Validation,0.6258503401360545,0.8720379146919431,0.7078891257995735,0.7287128712871287,0.7228406627723282,0.4584403423881339
QDA,HIV-1 IN,MIX,Test,0.6821428571428572,0.880184331797235,0.7553191489361702,0.7686116700201208,0.7642028378353763,0.5367867474526192
QDA,HIV-1 IN,MIX,Train,0.9905808477237048,0.995268138801262,0.9936079545454546,0.992918961447679,0.9937581004083827,0.9871029124951484
QDA,HIV-1 IN,MIX,Validation,0.5497237569060773,0.9386792452830188,0.625531914893617,0.6933797909407665,0.6534481497732924,0.3629971976828511
QDA,HIV-1 IN,MIX,Test,0.6512345679012346,0.9723502304147466,0.7468085106382979,0.7800369685767098,0.7628549571046064,0.566353204104237
QDA,HIV-1 IN,MIX,Train,0.9984126984126984,0.9921135646687698,0.9957386363636364,0.995253164556962,0.9954107875023436,0.9914035981549634
QDA,HIV-1 IN,MIX,Validation,0.5769230769230769,0.9905660377358492,0.6680851063829787,0.7291666666666666,0.6968334064648238,0.4687086443433914
QDA,HIV-1 IN,MIX,Test,0.606508875739645,0.9447004608294932,0.6914893617021277,0.7387387387387387,0.7095043806123751,0.4648019224676228
QDA,HIV-1 IN,MIX,Train,0.9952755905511812,0.9952755905511812,0.9957416607523066,0.9952755905511812,0.9956998107794666,0.991399621558933
QDA,HIV-1 IN,MIX,Validation,0.5901639344262295,0.8530805687203792,0.6673773987206824,0.6976744186046512,0.6842922223446857,0.3845176148570967
QDA,HIV-1 IN,MIX,Test,0.6017441860465116,0.9539170506912442,0.6872340425531915,0.7379679144385026,0.7062075372033296,0.4641519343388618
QDA,HIV-1 IN,MIX,Train,0.9984152139461172,0.9921259842519684,0.9957416607523066,0.995260663507109,0.9954169972939428,0.9914110686102088
QDA,HIV-1 IN,MIX,Validation,0.5843373493975904,0.919431279620853,0.6695095948827292,0.714548802946593,0.6922737793453102,0.4206993236114281
QDA,HIV-1 IN,MIX,Test,0.6,0.9539170506912442,0.6851063829787234,0.7366548042704626,0.7042312526183494,0.4608692902798833
QDA,HIV-1 IN,MIX,Train,0.9905808477237048,0.995268138801262,0.9936079545454546,0.992918961447679,0.9937581004083827,0.9871029124951484
QDA,HIV-1 IN,MIX,Validation,0.5497237569060773,0.9386792452830188,0.625531914893617,0.6933797909407665,0.6534481497732924,0.3629971976828511
QDA,HIV-1 IN,MIX,Test,0.6512345679012346,0.9723502304147466,0.7468085106382979,0.7800369685767098,0.7628549571046064,0.566353204104237
QDA,HIV-1 IN,MIX,Train,0.9984126984126984,0.9921135646687698,0.9957386363636364,0.995253164556962,0.9954107875023436,0.9914035981549634
QDA,HIV-1 IN,MIX,Validation,0.5769230769230769,0.9905660377358492,0.6680851063829787,0.7291666666666666,0.6968334064648238,0.4687086443433914
QDA,HIV-1 IN,MIX,Test,0.606508875739645,0.9447004608294932,0.6914893617021277,0.7387387387387387,0.7095043806123751,0.4648019224676228
QDA,HIV-1 IN,MIX,Train,0.9952755905511812,0.9952755905511812,0.9957416607523066,0.9952755905511812,0.9956998107794666,0.991399621558933
QDA,HIV-1 IN,MIX,Validation,0.5901639344262295,0.8530805687203792,0.6673773987206824,0.6976744186046512,0.6842922223446857,0.3845176148570967
QDA,HIV-1 IN,MIX,Test,0.6017441860465116,0.9539170506912442,0.6872340425531915,0.7379679144385026,0.7062075372033296,0.4641519343388618
QDA,HIV-1 IN,MIX,Train,0.9984152139461172,0.9921259842519684,0.9957416607523066,0.995260663507109,0.9954169972939428,0.9914110686102088
QDA,HIV-1 IN,MIX,Validation,0.5843373493975904,0.919431279620853,0.6695095948827292,0.714548802946593,0.6922737793453102,0.4206993236114281
QDA,HIV-1 IN,MIX,Test,0.6,0.9539170506912442,0.6851063829787234,0.7366548042704626,0.7042312526183494,0.4608692902798833
QDA,HIV-1 IN,MIX,Train,0.9691358024691358,0.9905362776025236,0.9815340909090908,0.9797191887675508,0.9823482421604348,0.96296722508881
QDA,HIV-1 IN,MIX,Validation,0.5372340425531915,0.9528301886792452,0.6085106382978723,0.6870748299319728,0.6392057920140413,0.3463436547145559
QDA,HIV-1 IN,MIX,Test,0.5933147632311978,0.9815668202764976,0.6808510638297872,0.7395833333333334,0.7022458607311342,0.4747785080408261
QDA,HIV-1 IN,MIX,Train,0.9873417721518988,0.9842271293375394,0.9872159090909092,0.985781990521327,0.9869456060124392,0.974173152308637
QDA,HIV-1 IN,MIX,Validation,0.5603217158176944,0.9858490566037736,0.6446808510638298,0.7145299145299145,0.6750950709375456,0.4305676697260288
QDA,HIV-1 IN,MIX,Test,0.5994152046783626,0.9447004608294932,0.6829787234042554,0.7334525939177102,0.7015992422724541,0.4515345437653764
QDA,HIV-1 IN,MIX,Train,0.9737654320987654,0.9937007874015747,0.9850958126330732,0.9836321122369448,0.9858684815560844,0.9701217342888788
QDA,HIV-1 IN,MIX,Validation,0.5638629283489096,0.8578199052132701,0.6375266524520256,0.6804511278195489,0.6575921231492707,0.3373900020944765
QDA,HIV-1 IN,MIX,Test,0.5786516853932584,0.9493087557603688,0.6574468085106383,0.7190226876090751,0.6782116901331487,0.4145518785747293
QDA,HIV-1 IN,MIX,Train,0.9841772151898734,0.979527559055118,0.9836763662171752,0.9818468823993686,0.9833038312071456,0.9670268395468185
QDA,HIV-1 IN,MIX,Validation,0.5727002967359051,0.914691943127962,0.6545842217484008,0.7043795620437956,0.6782762041221206,0.3944323605651315
QDA,HIV-1 IN,MIX,Test,0.5754189944134078,0.9493087557603688,0.6531914893617021,0.7165217391304348,0.6742591209631883,0.4078168046007995
QDA,HIV-1 IN,MIX,Train,0.9691358024691358,0.9905362776025236,0.9815340909090908,0.9797191887675508,0.9823482421604348,0.96296722508881
QDA,HIV-1 IN,MIX,Validation,0.5372340425531915,0.9528301886792452,0.6085106382978723,0.6870748299319728,0.6392057920140413,0.3463436547145559
QDA,HIV-1 IN,MIX,Test,0.5933147632311978,0.9815668202764976,0.6808510638297872,0.7395833333333334,0.7022458607311342,0.4747785080408261
QDA,HIV-1 IN,MIX,Train,0.9873417721518988,0.9842271293375394,0.9872159090909092,0.985781990521327,0.9869456060124392,0.974173152308637
QDA,HIV-1 IN,MIX,Validation,0.5603217158176944,0.9858490566037736,0.6446808510638298,0.7145299145299145,0.6750950709375456,0.4305676697260288
QDA,HIV-1 IN,MIX,Test,0.5994152046783626,0.9447004608294932,0.6829787234042554,0.7334525939177102,0.7015992422724541,0.4515345437653764
QDA,HIV-1 IN,MIX,Train,0.9737654320987654,0.9937007874015747,0.9850958126330732,0.9836321122369448,0.9858684815560844,0.9701217342888788
QDA,HIV-1 IN,MIX,Validation,0.5638629283489096,0.8578199052132701,0.6375266524520256,0.6804511278195489,0.6575921231492707,0.3373900020944765
QDA,HIV-1 IN,MIX,Test,0.5786516853932584,0.9493087557603688,0.6574468085106383,0.7190226876090751,0.6782116901331487,0.4145518785747293
QDA,HIV-1 IN,MIX,Train,0.9841772151898734,0.979527559055118,0.9836763662171752,0.9818468823993686,0.9833038312071456,0.9670268395468185
QDA,HIV-1 IN,MIX,Validation,0.5727002967359051,0.914691943127962,0.6545842217484008,0.7043795620437956,0.6782762041221206,0.3944323605651315
QDA,HIV-1 IN,MIX,Test,0.5754189944134078,0.9493087557603688,0.6531914893617021,0.7165217391304348,0.6742591209631883,0.4078168046007995
QDA,HIV-1 IN,MIX,Train,0.8563458856345886,0.9684542586750788,0.9126420454545454,0.9089563286454478,0.917689661637281,0.8313812571955562
QDA,HIV-1 IN,MIX,Validation,0.5012165450121655,0.9716981132075472,0.551063829787234,0.6613162118780096,0.5885622348983472,0.2660170235965816
QDA,HIV-1 IN,MIX,Test,0.5518134715025906,0.9815668202764976,0.6234042553191489,0.7064676616915423,0.6488861769366678,0.3874727866697389
QDA,HIV-1 IN,MIX,Train,0.8794326241134752,0.9779179810725552,0.9296875,0.9260642270351008,0.9340494298127634,0.8637977609712584
QDA,HIV-1 IN,MIX,Validation,0.5109489051094891,0.9905660377358492,0.5680851063829787,0.6741573033707865,0.6057481351469942,0.3176388242119381
QDA,HIV-1 IN,MIX,Test,0.5652173913043478,0.9585253456221198,0.6404255319148936,0.7111111111111111,0.6630571392142219,0.3943991283551813
QDA,HIV-1 IN,MIX,Train,0.8683473389355743,0.9763779527559056,0.92264017033357,0.9191994069681244,0.9274654621660664,0.8508379672706308
QDA,HIV-1 IN,MIX,Validation,0.529891304347826,0.924170616113744,0.5970149253731343,0.6735751295336787,0.6268139902274147,0.3069471801617864
QDA,HIV-1 IN,MIX,Test,0.5267175572519084,0.9539170506912442,0.5829787234042553,0.6786885245901639,0.609369592539298,0.294628720368581
QDA,HIV-1 IN,MIX,Train,0.8911465892597968,0.9669291338582676,0.9318665720369056,0.9274924471299094,0.9350149545260332,0.8659955621470633
QDA,HIV-1 IN,MIX,Validation,0.5671232876712329,0.981042654028436,0.6545842217484008,0.71875,0.6843197766266211,0.4414585269883676
QDA,HIV-1 IN,MIX,Test,0.5430809399477807,0.9585253456221198,0.6085106382978723,0.6933333333333334,0.6334128704395183,0.3424986296458641
QDA,HIV-1 IN,MIX,Train,0.8563458856345886,0.9684542586750788,0.9126420454545454,0.9089563286454478,0.917689661637281,0.8313812571955562
QDA,HIV-1 IN,MIX,Validation,0.5012165450121655,0.9716981132075472,0.551063829787234,0.6613162118780096,0.5885622348983472,0.2660170235965816
QDA,HIV-1 IN,MIX,Test,0.5518134715025906,0.9815668202764976,0.6234042553191489,0.7064676616915423,0.6488861769366678,0.3874727866697389
QDA,HIV-1 IN,MIX,Train,0.8794326241134752,0.9779179810725552,0.9296875,0.9260642270351008,0.9340494298127634,0.8637977609712584
QDA,HIV-1 IN,MIX,Validation,0.5109489051094891,0.9905660377358492,0.5680851063829787,0.6741573033707865,0.6057481351469942,0.3176388242119381
QDA,HIV-1 IN,MIX,Test,0.5652173913043478,0.9585253456221198,0.6404255319148936,0.7111111111111111,0.6630571392142219,0.3943991283551813
QDA,HIV-1 IN,MIX,Train,0.8683473389355743,0.9763779527559056,0.92264017033357,0.9191994069681244,0.9274654621660664,0.8508379672706308
QDA,HIV-1 IN,MIX,Validation,0.529891304347826,0.924170616113744,0.5970149253731343,0.6735751295336787,0.6268139902274147,0.3069471801617864
QDA,HIV-1 IN,MIX,Test,0.5267175572519084,0.9539170506912442,0.5829787234042553,0.6786885245901639,0.609369592539298,0.294628720368581
QDA,HIV-1 IN,MIX,Train,0.8911465892597968,0.9669291338582676,0.9318665720369056,0.9274924471299094,0.9350149545260332,0.8659955621470633
QDA,HIV-1 IN,MIX,Validation,0.5671232876712329,0.981042654028436,0.6545842217484008,0.71875,0.6843197766266211,0.4414585269883676
QDA,HIV-1 IN,MIX,Test,0.5430809399477807,0.9585253456221198,0.6085106382978723,0.6933333333333334,0.6334128704395183,0.3424986296458641
QDA,HIV-1 IN,MIX,Train,0.5398058252427185,0.8769716088328076,0.6079545454545454,0.6682692307692307,0.632284254028807,0.2970220869945412
QDA,HIV-1 IN,MIX,Validation,0.4641255605381166,0.9764150943396226,0.4808510638297872,0.6291793313069909,0.525029252596168,0.1131573087948356
QDA,HIV-1 IN,MIX,Test,0.5286783042394015,0.976958525345622,0.5872340425531914,0.686084142394822,0.6149614761115463,0.3238737300130939
QDA,HIV-1 IN,MIX,Train,0.6057385759829969,0.8990536277602523,0.6910511363636364,0.7238095238095238,0.7098627311927876,0.4435342617861195
QDA,HIV-1 IN,MIX,Validation,0.4707207207207207,0.9858490566037736,0.4936170212765957,0.6371951219512195,0.5374981717127395,0.1632449343387375
QDA,HIV-1 IN,MIX,Test,0.5210918114143921,0.967741935483871,0.574468085106383,0.6774193548387096,0.6024480428407497,0.2921688188557656
QDA,HIV-1 IN,MIX,Train,0.5747011952191236,0.9086614173228348,0.6557842441447835,0.7040878584502746,0.6784909153797636,0.392472369597874
QDA,HIV-1 IN,MIX,Validation,0.4740566037735849,0.95260663507109,0.5031982942430704,0.6330708661417322,0.5441327748998861,0.1490915830827369
QDA,HIV-1 IN,MIX,Test,0.4786516853932584,0.9815668202764976,0.4978723404255319,0.6435045317220544,0.5322853864228337,0.1434419241171047
QDA,HIV-1 IN,MIX,Train,0.5736514522821576,0.8708661417322835,0.6501064584811923,0.691682301438399,0.6699291948971495,0.363778322536387
QDA,HIV-1 IN,MIX,Validation,0.4951690821256038,0.971563981042654,0.5415778251599147,0.656,0.5807432308314046,0.249692607196558
QDA,HIV-1 IN,MIX,Test,0.5072115384615384,0.9723502304147466,0.551063829787234,0.6666666666666666,0.5810367752864247,0.2533720636615385
QDA,HIV-1 IN,MIX,Train,0.5398058252427185,0.8769716088328076,0.6079545454545454,0.6682692307692307,0.632284254028807,0.2970220869945412
QDA,HIV-1 IN,MIX,Validation,0.4641255605381166,0.9764150943396226,0.4808510638297872,0.6291793313069909,0.525029252596168,0.1131573087948356
QDA,HIV-1 IN,MIX,Test,0.5286783042394015,0.976958525345622,0.5872340425531914,0.686084142394822,0.6149614761115463,0.3238737300130939
QDA,HIV-1 IN,MIX,Train,0.6057385759829969,0.8990536277602523,0.6910511363636364,0.7238095238095238,0.7098627311927876,0.4435342617861195
QDA,HIV-1 IN,MIX,Validation,0.4707207207207207,0.9858490566037736,0.4936170212765957,0.6371951219512195,0.5374981717127395,0.1632449343387375
QDA,HIV-1 IN,MIX,Test,0.5210918114143921,0.967741935483871,0.574468085106383,0.6774193548387096,0.6024480428407497,0.2921688188557656
QDA,HIV-1 IN,MIX,Train,0.5747011952191236,0.9086614173228348,0.6557842441447835,0.7040878584502746,0.6784909153797636,0.392472369597874
QDA,HIV-1 IN,MIX,Validation,0.4740566037735849,0.95260663507109,0.5031982942430704,0.6330708661417322,0.5441327748998861,0.1490915830827369
QDA,HIV-1 IN,MIX,Test,0.4786516853932584,0.9815668202764976,0.4978723404255319,0.6435045317220544,0.5322853864228337,0.1434419241171047
QDA,HIV-1 IN,MIX,Train,0.5736514522821576,0.8708661417322835,0.6501064584811923,0.691682301438399,0.6699291948971495,0.363778322536387
QDA,HIV-1 IN,MIX,Validation,0.4951690821256038,0.971563981042654,0.5415778251599147,0.656,0.5807432308314046,0.249692607196558
QDA,HIV-1 IN,MIX,Test,0.5072115384615384,0.9723502304147466,0.551063829787234,0.6666666666666666,0.5810367752864247,0.2533720636615385
QDA,HIV-1 IN,MIX,Train,0.0077720207253886,0.0094637223974763,0.0099431818181818,0.0085348506401137,0.0098998198550689,-0.9799248228789188
QDA,HIV-1 IN,MIX,Validation,0.3604060913705584,0.6698113207547169,0.3148936170212766,0.4686468646864686,0.3465335673541027,-0.4148262877423418
QDA,HIV-1 IN,MIX,Test,0.3909774436090225,0.7188940092165899,0.3531914893617021,0.5064935064935064,0.3792098504580973,-0.3363070874729826
QDA,HIV-1 IN,MIX,Train,0.0026075619295958,0.0031545741324921,0.0078125,0.0028551034975017,0.0073912405546181,-0.9842842556449918
QDA,HIV-1 IN,MIX,Validation,0.3008356545961003,0.5094339622641509,0.2446808510638297,0.3782837127845884,0.2682828726049437,-0.5429467043390729
QDA,HIV-1 IN,MIX,Test,0.3857868020304568,0.7004608294930875,0.3468085106382979,0.497545008183306,0.3719695451813263,-0.3467196889936227
QDA,HIV-1 IN,MIX,Train,0.001293661060802,0.0015748031496062,0.0021291696238466,0.0014204545454545,0.0020793912388858,-0.9957014413772072
QDA,HIV-1 IN,MIX,Validation,0.3490304709141274,0.5971563981042654,0.3176972281449893,0.4405594405594406,0.3431518424629854,-0.3706764704846881
QDA,HIV-1 IN,MIX,Test,0.3945409429280397,0.7327188940092166,0.3574468085106383,0.5129032258064516,0.3841460082694304,-0.3304008840487327
QDA,HIV-1 IN,MIX,Train,0.0013089005235602,0.0015748031496062,0.0085166784953867,0.0014295925661186,0.0078933447272579,-0.9829242290354404
QDA,HIV-1 IN,MIX,Validation,0.3378378378378378,0.5924170616113744,0.2942430703624733,0.4302925989672977,0.3214023292552996,-0.4354501129330856
QDA,HIV-1 IN,MIX,Test,0.3945409429280397,0.7327188940092166,0.3574468085106383,0.5129032258064516,0.3841460082694304,-0.3304008840487327
QDA,HIV-1 IN,MIX,Train,0.0077720207253886,0.0094637223974763,0.0099431818181818,0.0085348506401137,0.0098998198550689,-0.9799248228789188
QDA,HIV-1 IN,MIX,Validation,0.3604060913705584,0.6698113207547169,0.3148936170212766,0.4686468646864686,0.3465335673541027,-0.4148262877423418
QDA,HIV-1 IN,MIX,Test,0.3909774436090225,0.7188940092165899,0.3531914893617021,0.5064935064935064,0.3792098504580973,-0.3363070874729826
QDA,HIV-1 IN,MIX,Train,0.0026075619295958,0.0031545741324921,0.0078125,0.0028551034975017,0.0073912405546181,-0.9842842556449918
QDA,HIV-1 IN,MIX,Validation,0.3008356545961003,0.5094339622641509,0.2446808510638297,0.3782837127845884,0.2682828726049437,-0.5429467043390729
QDA,HIV-1 IN,MIX,Test,0.3857868020304568,0.7004608294930875,0.3468085106382979,0.497545008183306,0.3719695451813263,-0.3467196889936227
QDA,HIV-1 IN,MIX,Train,0.001293661060802,0.0015748031496062,0.0021291696238466,0.0014204545454545,0.0020793912388858,-0.9957014413772072
QDA,HIV-1 IN,MIX,Validation,0.3490304709141274,0.5971563981042654,0.3176972281449893,0.4405594405594406,0.3431518424629854,-0.3706764704846881
QDA,HIV-1 IN,MIX,Test,0.3945409429280397,0.7327188940092166,0.3574468085106383,0.5129032258064516,0.3841460082694304,-0.3304008840487327
QDA,HIV-1 IN,MIX,Train,0.0013089005235602,0.0015748031496062,0.0085166784953867,0.0014295925661186,0.0078933447272579,-0.9829242290354404
QDA,HIV-1 IN,MIX,Validation,0.3378378378378378,0.5924170616113744,0.2942430703624733,0.4302925989672977,0.3214023292552996,-0.4354501129330856
QDA,HIV-1 IN,MIX,Test,0.3945409429280397,0.7327188940092166,0.3574468085106383,0.5129032258064516,0.3841460082694304,-0.3304008840487327
QDA,HIV-1 PR,PC,Train,0.9297253634894992,0.9974003466204506,0.927477840451249,0.9623745819397992,0.4987001733102253,-0.013516275237695
QDA,HIV-1 PR,PC,Validation,0.9296116504854368,0.9948051948051948,0.92512077294686,0.961104140526976,0.4974025974025974,-0.0191220752982519
QDA,HIV-1 PR,PC,Test,0.9176755447941888,0.9973684210526316,0.9154589371980676,0.9558638083228248,0.4986842105263158,-0.0147188078040711
QDA,HIV-1 PR,PC,Train,0.9296116504854368,0.9956672443674176,0.9258662369057212,0.9615062761506276,0.4978336221837088,-0.017463548259944
QDA,HIV-1 PR,PC,Validation,0.9297820823244553,0.9974025974025974,0.927536231884058,0.962406015037594,0.4987012987012987,-0.0135049695206861
QDA,HIV-1 PR,PC,Test,0.9178743961352656,1.0,0.9178743961352656,0.9571788413098236,0.5,0.0
QDA,HIV-1 PR,PC,Train,0.9295546558704454,0.9948006932409011,0.9250604351329572,0.9610715780661364,0.4974003466204506,-0.0191381021493729
QDA,HIV-1 PR,PC,Validation,0.929951690821256,1.0,0.929951690821256,0.9637046307884856,0.5,0.0
QDA,HIV-1 PR,PC,Test,0.9176755447941888,0.9973684210526316,0.9154589371980676,0.9558638083228248,0.4986842105263158,-0.0147188078040711
QDA,HIV-1 PR,PC,Train,0.9297820823244553,0.9974025974025974,0.927536231884058,0.962406015037594,0.4987012987012987,-0.0135049695206861
QDA,HIV-1 PR,PC,Validation,0.9292682926829268,0.9921875,0.9225181598062954,0.9596977329974812,0.49609375,-0.0235072640563429
QDA,HIV-1 PR,PC,Test,0.9176755447941888,0.9973684210526316,0.9154589371980676,0.9558638083228248,0.4986842105263158,-0.0147188078040711
QDA,HIV-1 PR,PC,Train,0.9297253634894992,0.9974003466204506,0.927477840451249,0.9623745819397992,0.4987001733102253,-0.013516275237695
QDA,HIV-1 PR,PC,Validation,0.9296116504854368,0.9948051948051948,0.92512077294686,0.961104140526976,0.4974025974025974,-0.0191220752982519
QDA,HIV-1 PR,PC,Test,0.9176755447941888,0.9973684210526316,0.9154589371980676,0.9558638083228248,0.4986842105263158,-0.0147188078040711
QDA,HIV-1 PR,PC,Train,0.9296116504854368,0.9956672443674176,0.9258662369057212,0.9615062761506276,0.4978336221837088,-0.017463548259944
QDA,HIV-1 PR,PC,Validation,0.9297820823244553,0.9974025974025974,0.927536231884058,0.962406015037594,0.4987012987012987,-0.0135049695206861
QDA,HIV-1 PR,PC,Test,0.9178743961352656,1.0,0.9178743961352656,0.9571788413098236,0.5,0.0
QDA,HIV-1 PR,PC,Train,0.9295546558704454,0.9948006932409011,0.9250604351329572,0.9610715780661364,0.4974003466204506,-0.0191381021493729
QDA,HIV-1 PR,PC,Validation,0.929951690821256,1.0,0.929951690821256,0.9637046307884856,0.5,0.0
QDA,HIV-1 PR,PC,Test,0.9176755447941888,0.9973684210526316,0.9154589371980676,0.9558638083228248,0.4986842105263158,-0.0147188078040711
QDA,HIV-1 PR,PC,Train,0.9297820823244553,0.9974025974025974,0.927536231884058,0.962406015037594,0.4987012987012987,-0.0135049695206861
QDA,HIV-1 PR,PC,Validation,0.9292682926829268,0.9921875,0.9225181598062954,0.9596977329974812,0.49609375,-0.0235072640563429
QDA,HIV-1 PR,PC,Test,0.9176755447941888,0.9973684210526316,0.9154589371980676,0.9558638083228248,0.4986842105263158,-0.0147188078040711
QDA,HIV-1 PR,PC,Train,0.9298952457695407,1.0,0.9298952457695407,0.9636743215031316,0.5,0.0
QDA,HIV-1 PR,PC,Validation,0.929951690821256,1.0,0.929951690821256,0.9637046307884856,0.5,0.0
QDA,HIV-1 PR,PC,Test,0.9178743961352656,1.0,0.9178743961352656,0.9571788413098236,0.5,0.0
QDA,HIV-1 PR,PC,Train,0.9298952457695407,1.0,0.9298952457695407,0.9636743215031316,0.5,0.0
QDA,HIV-1 PR,PC,Validation,0.929951690821256,1.0,0.929951690821256,0.9637046307884856,0.5,0.0
QDA,HIV-1 PR,PC,Test,0.9178743961352656,1.0,0.9178743961352656,0.9571788413098236,0.5,0.0
QDA,HIV-1 PR,PC,Train,0.9298952457695407,1.0,0.9298952457695407,0.9636743215031316,0.5,0.0
QDA,HIV-1 PR,PC,Validation,0.929951690821256,1.0,0.929951690821256,0.9637046307884856,0.5,0.0
QDA,HIV-1 PR,PC,Test,0.9178743961352656,1.0,0.9178743961352656,0.9571788413098236,0.5,0.0
QDA,HIV-1 PR,PC,Train,0.929951690821256,1.0,0.929951690821256,0.9637046307884856,0.5,0.0
QDA,HIV-1 PR,PC,Validation,0.9297820823244553,1.0,0.9297820823244553,0.9636135508155584,0.5,0.0
QDA,HIV-1 PR,PC,Test,0.9178743961352656,1.0,0.9178743961352656,0.9571788413098236,0.5,0.0
QDA,HIV-1 PR,PC,Train,0.9298952457695407,1.0,0.9298952457695407,0.9636743215031316,0.5,0.0
QDA,HIV-1 PR,PC,Validation,0.929951690821256,1.0,0.929951690821256,0.9637046307884856,0.5,0.0
QDA,HIV-1 PR,PC,Test,0.9178743961352656,1.0,0.9178743961352656,0.9571788413098236,0.5,0.0
QDA,HIV-1 PR,PC,Train,0.9298952457695407,1.0,0.9298952457695407,0.9636743215031316,0.5,0.0
QDA,HIV-1 PR,PC,Validation,0.929951690821256,1.0,0.929951690821256,0.9637046307884856,0.5,0.0
QDA,HIV-1 PR,PC,Test,0.9178743961352656,1.0,0.9178743961352656,0.9571788413098236,0.5,0.0
QDA,HIV-1 PR,PC,Train,0.9298952457695407,1.0,0.9298952457695407,0.9636743215031316,0.5,0.0
QDA,HIV-1 PR,PC,Validation,0.929951690821256,1.0,0.929951690821256,0.9637046307884856,0.5,0.0
QDA,HIV-1 PR,PC,Test,0.9178743961352656,1.0,0.9178743961352656,0.9571788413098236,0.5,0.0
QDA,HIV-1 PR,PC,Train,0.929951690821256,1.0,0.929951690821256,0.9637046307884856,0.5,0.0
QDA,HIV-1 PR,PC,Validation,0.9297820823244553,1.0,0.9297820823244553,0.9636135508155584,0.5,0.0
QDA,HIV-1 PR,PC,Test,0.9178743961352656,1.0,0.9178743961352656,0.9571788413098236,0.5,0.0
QDA,HIV-1 PR,PC,Train,0.9298952457695407,1.0,0.9298952457695407,0.9636743215031316,0.5,0.0
QDA,HIV-1 PR,PC,Validation,0.929951690821256,1.0,0.929951690821256,0.9637046307884856,0.5,0.0
QDA,HIV-1 PR,PC,Test,0.9178743961352656,1.0,0.9178743961352656,0.9571788413098236,0.5,0.0
QDA,HIV-1 PR,PC,Train,0.9298952457695407,1.0,0.9298952457695407,0.9636743215031316,0.5,0.0
QDA,HIV-1 PR,PC,Validation,0.929951690821256,1.0,0.929951690821256,0.9637046307884856,0.5,0.0
QDA,HIV-1 PR,PC,Test,0.9178743961352656,1.0,0.9178743961352656,0.9571788413098236,0.5,0.0
QDA,HIV-1 PR,PC,Train,0.9298952457695407,1.0,0.9298952457695407,0.9636743215031316,0.5,0.0
QDA,HIV-1 PR,PC,Validation,0.929951690821256,1.0,0.929951690821256,0.9637046307884856,0.5,0.0
QDA,HIV-1 PR,PC,Test,0.9178743961352656,1.0,0.9178743961352656,0.9571788413098236,0.5,0.0
QDA,HIV-1 PR,PC,Train,0.929951690821256,1.0,0.929951690821256,0.9637046307884856,0.5,0.0
QDA,HIV-1 PR,PC,Validation,0.9297820823244553,1.0,0.9297820823244553,0.9636135508155584,0.5,0.0
QDA,HIV-1 PR,PC,Test,0.9178743961352656,1.0,0.9178743961352656,0.9571788413098236,0.5,0.0
QDA,HIV-1 PR,PC,Train,0.9298952457695407,1.0,0.9298952457695407,0.9636743215031316,0.5,0.0
QDA,HIV-1 PR,PC,Validation,0.929951690821256,1.0,0.929951690821256,0.9637046307884856,0.5,0.0
QDA,HIV-1 PR,PC,Test,0.9178743961352656,1.0,0.9178743961352656,0.9571788413098236,0.5,0.0
QDA,HIV-1 PR,PC,Train,0.9298952457695407,1.0,0.9298952457695407,0.9636743215031316,0.5,0.0
QDA,HIV-1 PR,PC,Validation,0.929951690821256,1.0,0.929951690821256,0.9637046307884856,0.5,0.0
QDA,HIV-1 PR,PC,Test,0.9178743961352656,1.0,0.9178743961352656,0.9571788413098236,0.5,0.0
QDA,HIV-1 PR,PC,Train,0.9298952457695407,1.0,0.9298952457695407,0.9636743215031316,0.5,0.0
QDA,HIV-1 PR,PC,Validation,0.929951690821256,1.0,0.929951690821256,0.9637046307884856,0.5,0.0
QDA,HIV-1 PR,PC,Test,0.9178743961352656,1.0,0.9178743961352656,0.9571788413098236,0.5,0.0
QDA,HIV-1 PR,PC,Train,0.929951690821256,1.0,0.929951690821256,0.9637046307884856,0.5,0.0
QDA,HIV-1 PR,PC,Validation,0.9297820823244553,1.0,0.9297820823244553,0.9636135508155584,0.5,0.0
QDA,HIV-1 PR,PC,Test,0.9178743961352656,1.0,0.9178743961352656,0.9571788413098236,0.5,0.0
QDA,HIV-1 PR,PC,Train,0.9298952457695407,1.0,0.9298952457695407,0.9636743215031316,0.5,0.0
QDA,HIV-1 PR,PC,Validation,0.929951690821256,1.0,0.929951690821256,0.9637046307884856,0.5,0.0
QDA,HIV-1 PR,PC,Test,0.9178743961352656,1.0,0.9178743961352656,0.9571788413098236,0.5,0.0
QDA,HIV-1 PR,PC,Train,0.9298952457695407,1.0,0.9298952457695407,0.9636743215031316,0.5,0.0
QDA,HIV-1 PR,PC,Validation,0.929951690821256,1.0,0.929951690821256,0.9637046307884856,0.5,0.0
QDA,HIV-1 PR,PC,Test,0.9178743961352656,1.0,0.9178743961352656,0.9571788413098236,0.5,0.0
QDA,HIV-1 PR,PC,Train,0.9298952457695407,1.0,0.9298952457695407,0.9636743215031316,0.5,0.0
QDA,HIV-1 PR,PC,Validation,0.929951690821256,1.0,0.929951690821256,0.9637046307884856,0.5,0.0
QDA,HIV-1 PR,PC,Test,0.9178743961352656,1.0,0.9178743961352656,0.9571788413098236,0.5,0.0
QDA,HIV-1 PR,PC,Train,0.929951690821256,1.0,0.929951690821256,0.9637046307884856,0.5,0.0
QDA,HIV-1 PR,PC,Validation,0.9297820823244553,1.0,0.9297820823244553,0.9636135508155584,0.5,0.0
QDA,HIV-1 PR,PC,Test,0.9178743961352656,1.0,0.9178743961352656,0.9571788413098236,0.5,0.0
QDA,HIV-1 PR,PC,Train,0.9298952457695407,1.0,0.9298952457695407,0.9636743215031316,0.5,0.0
QDA,HIV-1 PR,PC,Validation,0.929951690821256,1.0,0.929951690821256,0.9637046307884856,0.5,0.0
QDA,HIV-1 PR,PC,Test,0.9178743961352656,1.0,0.9178743961352656,0.9571788413098236,0.5,0.0
QDA,HIV-1 PR,PC,Train,0.9298952457695407,1.0,0.9298952457695407,0.9636743215031316,0.5,0.0
QDA,HIV-1 PR,PC,Validation,0.929951690821256,1.0,0.929951690821256,0.9637046307884856,0.5,0.0
QDA,HIV-1 PR,PC,Test,0.9178743961352656,1.0,0.9178743961352656,0.9571788413098236,0.5,0.0
QDA,HIV-1 PR,PC,Train,0.9298952457695407,1.0,0.9298952457695407,0.9636743215031316,0.5,0.0
QDA,HIV-1 PR,PC,Validation,0.929951690821256,1.0,0.929951690821256,0.9637046307884856,0.5,0.0
QDA,HIV-1 PR,PC,Test,0.9178743961352656,1.0,0.9178743961352656,0.9571788413098236,0.5,0.0
QDA,HIV-1 PR,PC,Train,0.929951690821256,1.0,0.929951690821256,0.9637046307884856,0.5,0.0
QDA,HIV-1 PR,PC,Validation,0.9297820823244553,1.0,0.9297820823244553,0.9636135508155584,0.5,0.0
QDA,HIV-1 PR,PC,Test,0.9178743961352656,1.0,0.9178743961352656,0.9571788413098236,0.5,0.0
QDA,HIV-1 PR,PC,Train,0.9295546558704454,0.9948006932409011,0.9250604351329572,0.9610715780661364,0.4974003466204506,-0.0191381021493729
QDA,HIV-1 PR,PC,Validation,0.929951690821256,1.0,0.929951690821256,0.9637046307884856,0.5,0.0
QDA,HIV-1 PR,PC,Test,0.9176755447941888,0.9973684210526316,0.9154589371980676,0.9558638083228248,0.4986842105263158,-0.0147188078040711
QDA,HIV-1 PR,PC,Train,0.9298952457695407,1.0,0.9298952457695407,0.9636743215031316,0.5,0.0
QDA,HIV-1 PR,PC,Validation,0.929951690821256,1.0,0.929951690821256,0.9637046307884856,0.5,0.0
QDA,HIV-1 PR,PC,Test,0.9178743961352656,1.0,0.9178743961352656,0.9571788413098236,0.5,0.0
QDA,HIV-1 PR,PC,Train,0.9297253634894992,0.9974003466204506,0.927477840451249,0.9623745819397992,0.4987001733102253,-0.013516275237695
QDA,HIV-1 PR,PC,Validation,0.929440389294404,0.9922077922077922,0.9227053140096618,0.9597989949748744,0.4961038961038961,-0.0234481374176136
QDA,HIV-1 PR,PC,Test,0.9176755447941888,0.9973684210526316,0.9154589371980676,0.9558638083228248,0.4986842105263158,-0.0147188078040711
QDA,HIV-1 PR,PC,Train,0.929951690821256,1.0,0.929951690821256,0.9637046307884856,0.5,0.0
QDA,HIV-1 PR,PC,Validation,0.9297820823244553,1.0,0.9297820823244553,0.9636135508155584,0.5,0.0
QDA,HIV-1 PR,PC,Test,0.9178743961352656,1.0,0.9178743961352656,0.9571788413098236,0.5,0.0
QDA,HIV-1 PR,PC,Train,0.9295546558704454,0.9948006932409011,0.9250604351329572,0.9610715780661364,0.4974003466204506,-0.0191381021493729
QDA,HIV-1 PR,PC,Validation,0.929951690821256,1.0,0.929951690821256,0.9637046307884856,0.5,0.0
QDA,HIV-1 PR,PC,Test,0.9176755447941888,0.9973684210526316,0.9154589371980676,0.9558638083228248,0.4986842105263158,-0.0147188078040711
QDA,HIV-1 PR,PC,Train,0.9298952457695407,1.0,0.9298952457695407,0.9636743215031316,0.5,0.0
QDA,HIV-1 PR,PC,Validation,0.929951690821256,1.0,0.929951690821256,0.9637046307884856,0.5,0.0
QDA,HIV-1 PR,PC,Test,0.9178743961352656,1.0,0.9178743961352656,0.9571788413098236,0.5,0.0
QDA,HIV-1 PR,PC,Train,0.9297253634894992,0.9974003466204506,0.927477840451249,0.9623745819397992,0.4987001733102253,-0.013516275237695
QDA,HIV-1 PR,PC,Validation,0.929440389294404,0.9922077922077922,0.9227053140096618,0.9597989949748744,0.4961038961038961,-0.0234481374176136
QDA,HIV-1 PR,PC,Test,0.9176755447941888,0.9973684210526316,0.9154589371980676,0.9558638083228248,0.4986842105263158,-0.0147188078040711
QDA,HIV-1 PR,PC,Train,0.929951690821256,1.0,0.929951690821256,0.9637046307884856,0.5,0.0
QDA,HIV-1 PR,PC,Validation,0.9297820823244553,1.0,0.9297820823244553,0.9636135508155584,0.5,0.0
QDA,HIV-1 PR,PC,Test,0.9178743961352656,1.0,0.9178743961352656,0.9571788413098236,0.5,0.0
QDA,HIV-1 PR,PC,Train,0.9298952457695407,1.0,0.9298952457695407,0.9636743215031316,0.5,0.0
QDA,HIV-1 PR,PC,Validation,0.929951690821256,1.0,0.929951690821256,0.9637046307884856,0.5,0.0
QDA,HIV-1 PR,PC,Test,0.9178743961352656,1.0,0.9178743961352656,0.9571788413098236,0.5,0.0
QDA,HIV-1 PR,PC,Train,0.9298952457695407,1.0,0.9298952457695407,0.9636743215031316,0.5,0.0
QDA,HIV-1 PR,PC,Validation,0.929951690821256,1.0,0.929951690821256,0.9637046307884856,0.5,0.0
QDA,HIV-1 PR,PC,Test,0.9178743961352656,1.0,0.9178743961352656,0.9571788413098236,0.5,0.0
QDA,HIV-1 PR,PC,Train,0.9298952457695407,1.0,0.9298952457695407,0.9636743215031316,0.5,0.0
QDA,HIV-1 PR,PC,Validation,0.929951690821256,1.0,0.929951690821256,0.9637046307884856,0.5,0.0
QDA,HIV-1 PR,PC,Test,0.9178743961352656,1.0,0.9178743961352656,0.9571788413098236,0.5,0.0
QDA,HIV-1 PR,PC,Train,0.929951690821256,1.0,0.929951690821256,0.9637046307884856,0.5,0.0
QDA,HIV-1 PR,PC,Validation,0.9297820823244553,1.0,0.9297820823244553,0.9636135508155584,0.5,0.0
QDA,HIV-1 PR,PC,Test,0.9178743961352656,1.0,0.9178743961352656,0.9571788413098236,0.5,0.0
QDA,HIV-1 PR,PC,Train,0.9298952457695407,1.0,0.9298952457695407,0.9636743215031316,0.5,0.0
QDA,HIV-1 PR,PC,Validation,0.929951690821256,1.0,0.929951690821256,0.9637046307884856,0.5,0.0
QDA,HIV-1 PR,PC,Test,0.9178743961352656,1.0,0.9178743961352656,0.9571788413098236,0.5,0.0
QDA,HIV-1 PR,PC,Train,0.9298952457695407,1.0,0.9298952457695407,0.9636743215031316,0.5,0.0
QDA,HIV-1 PR,PC,Validation,0.929951690821256,1.0,0.929951690821256,0.9637046307884856,0.5,0.0
QDA,HIV-1 PR,PC,Test,0.9178743961352656,1.0,0.9178743961352656,0.9571788413098236,0.5,0.0
QDA,HIV-1 PR,PC,Train,0.9298952457695407,1.0,0.9298952457695407,0.9636743215031316,0.5,0.0
QDA,HIV-1 PR,PC,Validation,0.929951690821256,1.0,0.929951690821256,0.9637046307884856,0.5,0.0
QDA,HIV-1 PR,PC,Test,0.9178743961352656,1.0,0.9178743961352656,0.9571788413098236,0.5,0.0
QDA,HIV-1 PR,PC,Train,0.929951690821256,1.0,0.929951690821256,0.9637046307884856,0.5,0.0
QDA,HIV-1 PR,PC,Validation,0.9297820823244553,1.0,0.9297820823244553,0.9636135508155584,0.5,0.0
QDA,HIV-1 PR,PC,Test,0.9178743961352656,1.0,0.9178743961352656,0.9571788413098236,0.5,0.0
QDA,HIV-1 PR,PC,Train,0.9280397022332506,0.9722703639514731,0.9041095890410958,0.9496402877697842,0.4861351819757366,-0.0446702682666623
QDA,HIV-1 PR,PC,Validation,0.928395061728395,0.9766233766233766,0.9082125603864736,0.9518987341772152,0.4883116883116883,-0.0409130990500802
QDA,HIV-1 PR,PC,Test,0.9156327543424316,0.9710526315789474,0.8913043478260869,0.942528735632184,0.4855263157894737,-0.049418718545902
QDA,HIV-1 PR,PC,Train,0.9281585466556564,0.974003466204506,0.9057211925866236,0.9505285412262156,0.487001733102253,-0.0432160707351284
QDA,HIV-1 PR,PC,Validation,0.928921568627451,0.9844155844155844,0.9154589371980676,0.9558638083228248,0.4922077922077922,-0.0332823649039272
QDA,HIV-1 PR,PC,Test,0.9154228855721394,0.968421052631579,0.8888888888888888,0.9411764705882352,0.4842105263157895,-0.051680327447592
QDA,HIV-1 PR,PC,Train,0.9289843104872006,0.9748700173310224,0.9073327961321516,0.9513742071881608,0.4931821351022928,-0.0226677397840578
QDA,HIV-1 PR,PC,Validation,0.9282178217821784,0.974025974025974,0.9057971014492754,0.9505703422053232,0.487012987012987,-0.0431795340584155
QDA,HIV-1 PR,PC,Test,0.9152119700748128,0.9657894736842104,0.8864734299516909,0.939820742637644,0.4828947368421052,-0.0538576190433587
QDA,HIV-1 PR,PC,Train,0.928395061728395,0.9766233766233766,0.9082125603864736,0.9518987341772152,0.4883116883116883,-0.0409130990500802
QDA,HIV-1 PR,PC,Validation,0.9271356783919598,0.9609375,0.8934624697336562,0.9437340153452686,0.48046875,-0.0533503754702257
QDA,HIV-1 PR,PC,Test,0.9156327543424316,0.9710526315789474,0.8913043478260869,0.942528735632184,0.4855263157894737,-0.049418718545902
QDA,HIV-1 PR,PC,Train,0.9280397022332506,0.9722703639514731,0.9041095890410958,0.9496402877697842,0.4861351819757366,-0.0446702682666623
QDA,HIV-1 PR,PC,Validation,0.928395061728395,0.9766233766233766,0.9082125603864736,0.9518987341772152,0.4883116883116883,-0.0409130990500802
QDA,HIV-1 PR,PC,Test,0.9156327543424316,0.9710526315789474,0.8913043478260869,0.942528735632184,0.4855263157894737,-0.049418718545902
QDA,HIV-1 PR,PC,Train,0.9281585466556564,0.974003466204506,0.9057211925866236,0.9505285412262156,0.487001733102253,-0.0432160707351284
QDA,HIV-1 PR,PC,Validation,0.928921568627451,0.9844155844155844,0.9154589371980676,0.9558638083228248,0.4922077922077922,-0.0332823649039272
QDA,HIV-1 PR,PC,Test,0.9154228855721394,0.968421052631579,0.8888888888888888,0.9411764705882352,0.4842105263157895,-0.051680327447592
QDA,HIV-1 PR,PC,Train,0.9289843104872006,0.9748700173310224,0.9073327961321516,0.9513742071881608,0.4931821351022928,-0.0226677397840578
QDA,HIV-1 PR,PC,Validation,0.9282178217821784,0.974025974025974,0.9057971014492754,0.9505703422053232,0.487012987012987,-0.0431795340584155
QDA,HIV-1 PR,PC,Test,0.9152119700748128,0.9657894736842104,0.8864734299516909,0.939820742637644,0.4828947368421052,-0.0538576190433587
QDA,HIV-1 PR,PC,Train,0.928395061728395,0.9766233766233766,0.9082125603864736,0.9518987341772152,0.4883116883116883,-0.0409130990500802
QDA,HIV-1 PR,PC,Validation,0.9271356783919598,0.9609375,0.8934624697336562,0.9437340153452686,0.48046875,-0.0533503754702257
QDA,HIV-1 PR,PC,Test,0.9156327543424316,0.9710526315789474,0.8913043478260869,0.942528735632184,0.4855263157894737,-0.049418718545902
QDA,HIV-1 PR,PC,Train,0.9280397022332506,0.9722703639514731,0.9041095890410958,0.9496402877697842,0.4861351819757366,-0.0446702682666623
QDA,HIV-1 PR,PC,Validation,0.9298245614035088,0.9636363636363636,0.8985507246376812,0.9464285714285714,0.4990595611285266,-0.0025689630257913
QDA,HIV-1 PR,PC,Test,0.9156327543424316,0.9710526315789474,0.8913043478260869,0.942528735632184,0.4855263157894737,-0.049418718545902
QDA,HIV-1 PR,PC,Train,0.929519071310116,0.9714038128249568,0.9049153908138596,0.95,0.4971961592860415,-0.008648448190195
QDA,HIV-1 PR,PC,Validation,0.9287469287469288,0.9818181818181818,0.9130434782608696,0.9545454545454546,0.4909090909090909,-0.0359931991690024
QDA,HIV-1 PR,PC,Test,0.9154228855721394,0.968421052631579,0.8888888888888888,0.9411764705882352,0.4842105263157895,-0.051680327447592
QDA,HIV-1 PR,PC,Train,0.9286307053941908,0.9696707105719238,0.902497985495568,0.9487070792708776,0.4905824817227435,-0.0286539318928945
QDA,HIV-1 PR,PC,Validation,0.9275,0.9636363636363636,0.8961352657004831,0.9452229299363056,0.4818181818181818,-0.051345531805247
QDA,HIV-1 PR,PC,Test,0.915,0.963157894736842,0.8840579710144928,0.9384615384615383,0.481578947368421,-0.0559605123937265
QDA,HIV-1 PR,PC,Train,0.9282178217821784,0.974025974025974,0.9057971014492754,0.9505703422053232,0.487012987012987,-0.0431795340584155
QDA,HIV-1 PR,PC,Validation,0.9273182957393484,0.9635416666666666,0.8958837772397095,0.9450830140485312,0.4817708333333333,-0.0514767306767785
QDA,HIV-1 PR,PC,Test,0.9154228855721394,0.968421052631579,0.8888888888888888,0.9411764705882352,0.4842105263157895,-0.051680327447592
QDA,HIV-1 PR,PC,Train,0.9280397022332506,0.9722703639514731,0.9041095890410958,0.9496402877697842,0.4861351819757366,-0.0446702682666623
QDA,HIV-1 PR,PC,Validation,0.9298245614035088,0.9636363636363636,0.8985507246376812,0.9464285714285714,0.4990595611285266,-0.0025689630257913
QDA,HIV-1 PR,PC,Test,0.9156327543424316,0.9710526315789474,0.8913043478260869,0.942528735632184,0.4855263157894737,-0.049418718545902
QDA,HIV-1 PR,PC,Train,0.929519071310116,0.9714038128249568,0.9049153908138596,0.95,0.4971961592860415,-0.008648448190195
QDA,HIV-1 PR,PC,Validation,0.9287469287469288,0.9818181818181818,0.9130434782608696,0.9545454545454546,0.4909090909090909,-0.0359931991690024
QDA,HIV-1 PR,PC,Test,0.9154228855721394,0.968421052631579,0.8888888888888888,0.9411764705882352,0.4842105263157895,-0.051680327447592
QDA,HIV-1 PR,PC,Train,0.9286307053941908,0.9696707105719238,0.902497985495568,0.9487070792708776,0.4905824817227435,-0.0286539318928945
QDA,HIV-1 PR,PC,Validation,0.9275,0.9636363636363636,0.8961352657004831,0.9452229299363056,0.4818181818181818,-0.051345531805247
QDA,HIV-1 PR,PC,Test,0.915,0.963157894736842,0.8840579710144928,0.9384615384615383,0.481578947368421,-0.0559605123937265
QDA,HIV-1 PR,PC,Train,0.9282178217821784,0.974025974025974,0.9057971014492754,0.9505703422053232,0.487012987012987,-0.0431795340584155
QDA,HIV-1 PR,PC,Validation,0.9273182957393484,0.9635416666666666,0.8958837772397095,0.9450830140485312,0.4817708333333333,-0.0514767306767785
QDA,HIV-1 PR,PC,Test,0.9154228855721394,0.968421052631579,0.8888888888888888,0.9411764705882352,0.4842105263157895,-0.051680327447592
QDA,HIV-1 PR,PC,Train,0.9273789649415692,0.962738301559792,0.895245769540693,0.9447278911564626,0.481369150779896,-0.0520190648585979
QDA,HIV-1 PR,PC,Validation,0.9296482412060302,0.961038961038961,0.8961352657004831,0.9450830140485312,0.4977608598298253,-0.0059297872680392
QDA,HIV-1 PR,PC,Test,0.914572864321608,0.9578947368421052,0.8792270531400966,0.93573264781491,0.4789473684210526,-0.0599744281220244
QDA,HIV-1 PR,PC,Train,0.9288702928870292,0.9618717504332756,0.8960515713134569,0.9450830140485312,0.4924301280902009,-0.0204605916915064
QDA,HIV-1 PR,PC,Validation,0.9285714285714286,0.9792207792207792,0.9106280193236715,0.9532237673830596,0.4896103896103896,-0.0385257064264709
QDA,HIV-1 PR,PC,Test,0.9143576826196472,0.9552631578947368,0.8768115942028986,0.9343629343629344,0.4776315789473684,-0.0618980357537593
QDA,HIV-1 PR,PC,Train,0.92809364548495,0.9618717504332756,0.895245769540693,0.9446808510638298,0.4866830016534194,-0.0363770121806308
QDA,HIV-1 PR,PC,Validation,0.9263959390862944,0.948051948051948,0.8816425120772947,0.9370988446726572,0.474025974025974,-0.0618351645904881
QDA,HIV-1 PR,PC,Test,0.9147869674185464,0.9605263157894736,0.8816425120772947,0.9370988446726572,0.4802631578947368,-0.0579971752651936
QDA,HIV-1 PR,PC,Train,0.9285714285714286,0.967965367965368,0.9009661835748792,0.9478592623993216,0.4897298104194655,-0.0304406577846801
QDA,HIV-1 PR,PC,Validation,0.9269521410579346,0.9583333333333334,0.8910411622276029,0.942381562099872,0.4791666666666667,-0.0551693827158935
QDA,HIV-1 PR,PC,Test,0.9152119700748128,0.9657894736842104,0.8864734299516909,0.939820742637644,0.4828947368421052,-0.0538576190433587
QDA,HIV-1 PR,PC,Train,0.9273789649415692,0.962738301559792,0.895245769540693,0.9447278911564626,0.481369150779896,-0.0520190648585979
QDA,HIV-1 PR,PC,Validation,0.9296482412060302,0.961038961038961,0.8961352657004831,0.9450830140485312,0.4977608598298253,-0.0059297872680392
QDA,HIV-1 PR,PC,Test,0.914572864321608,0.9578947368421052,0.8792270531400966,0.93573264781491,0.4789473684210526,-0.0599744281220244
QDA,HIV-1 PR,PC,Train,0.9288702928870292,0.9618717504332756,0.8960515713134569,0.9450830140485312,0.4924301280902009,-0.0204605916915064
QDA,HIV-1 PR,PC,Validation,0.9285714285714286,0.9792207792207792,0.9106280193236715,0.9532237673830596,0.4896103896103896,-0.0385257064264709
QDA,HIV-1 PR,PC,Test,0.9143576826196472,0.9552631578947368,0.8768115942028986,0.9343629343629344,0.4776315789473684,-0.0618980357537593
QDA,HIV-1 PR,PC,Train,0.92809364548495,0.9618717504332756,0.895245769540693,0.9446808510638298,0.4866830016534194,-0.0363770121806308
QDA,HIV-1 PR,PC,Validation,0.9263959390862944,0.948051948051948,0.8816425120772947,0.9370988446726572,0.474025974025974,-0.0618351645904881
QDA,HIV-1 PR,PC,Test,0.9147869674185464,0.9605263157894736,0.8816425120772947,0.9370988446726572,0.4802631578947368,-0.0579971752651936
QDA,HIV-1 PR,PC,Train,0.9285714285714286,0.967965367965368,0.9009661835748792,0.9478592623993216,0.4897298104194655,-0.0304406577846801
QDA,HIV-1 PR,PC,Validation,0.9269521410579346,0.9583333333333334,0.8910411622276029,0.942381562099872,0.4791666666666667,-0.0551693827158935
QDA,HIV-1 PR,PC,Test,0.9152119700748128,0.9657894736842104,0.8864734299516909,0.939820742637644,0.4828947368421052,-0.0538576190433587
QDA,HIV-1 PR,PC,Train,0.926458157227388,0.949740034662045,0.8831587429492345,0.9379546427043218,0.4748700173310225,-0.0607964675671277
QDA,HIV-1 PR,PC,Validation,0.929471032745592,0.9584415584415584,0.893719806763285,0.9437340153452686,0.496462158531124,-0.0091007673754528
QDA,HIV-1 PR,PC,Test,0.9132653061224488,0.9421052631578948,0.8647342995169082,0.927461139896373,0.4710526315789474,-0.0708624179457727
QDA,HIV-1 PR,PC,Train,0.92887383573243,0.9506065857885616,0.8863819500402901,0.9396145610278372,0.4925446722046255,-0.0177483790625318
QDA,HIV-1 PR,PC,Validation,0.9298245614035088,0.9636363636363636,0.8985507246376812,0.9464285714285714,0.4990595611285266,-0.0025689630257913
QDA,HIV-1 PR,PC,Test,0.9149484536082474,0.9342105263157896,0.8599033816425121,0.9244791666666666,0.4818111455108359,-0.0411684071805472
QDA,HIV-1 PR,PC,Train,0.9275484414490311,0.9540727902946274,0.8879935535858179,0.9406236651003844,0.4827835215840953,-0.0430937819092918
QDA,HIV-1 PR,PC,Validation,0.9260204081632653,0.9428571428571428,0.8768115942028986,0.9343629343629344,0.4714285714285714,-0.0650184992737713
QDA,HIV-1 PR,PC,Test,0.914141414141414,0.9526315789473684,0.8743961352657005,0.9329896907216496,0.4763157894736842,-0.0637729225136579
QDA,HIV-1 PR,PC,Train,0.9276094276094276,0.954112554112554,0.8880837359098228,0.9406743491250532,0.4828034034930586,-0.0430445344599733
QDA,HIV-1 PR,PC,Validation,0.9260204081632653,0.9453125,0.8789346246973365,0.9355670103092784,0.47265625,-0.0636062805748884
QDA,HIV-1 PR,PC,Test,0.9134860050890584,0.9447368421052632,0.8671497584541062,0.9288486416558862,0.4723684210526316,-0.0691450400308497
QDA,HIV-1 PR,PC,Train,0.926458157227388,0.949740034662045,0.8831587429492345,0.9379546427043218,0.4748700173310225,-0.0607964675671277
QDA,HIV-1 PR,PC,Validation,0.929471032745592,0.9584415584415584,0.893719806763285,0.9437340153452686,0.496462158531124,-0.0091007673754528
QDA,HIV-1 PR,PC,Test,0.9132653061224488,0.9421052631578948,0.8647342995169082,0.927461139896373,0.4710526315789474,-0.0708624179457727
QDA,HIV-1 PR,PC,Train,0.92887383573243,0.9506065857885616,0.8863819500402901,0.9396145610278372,0.4925446722046255,-0.0177483790625318
QDA,HIV-1 PR,PC,Validation,0.9298245614035088,0.9636363636363636,0.8985507246376812,0.9464285714285714,0.4990595611285266,-0.0025689630257913
QDA,HIV-1 PR,PC,Test,0.9149484536082474,0.9342105263157896,0.8599033816425121,0.9244791666666666,0.4818111455108359,-0.0411684071805472
QDA,HIV-1 PR,PC,Train,0.9275484414490311,0.9540727902946274,0.8879935535858179,0.9406236651003844,0.4827835215840953,-0.0430937819092918
QDA,HIV-1 PR,PC,Validation,0.9260204081632653,0.9428571428571428,0.8768115942028986,0.9343629343629344,0.4714285714285714,-0.0650184992737713
QDA,HIV-1 PR,PC,Test,0.914141414141414,0.9526315789473684,0.8743961352657005,0.9329896907216496,0.4763157894736842,-0.0637729225136579
QDA,HIV-1 PR,PC,Train,0.9276094276094276,0.954112554112554,0.8880837359098228,0.9406743491250532,0.4828034034930586,-0.0430445344599733
QDA,HIV-1 PR,PC,Validation,0.9260204081632653,0.9453125,0.8789346246973365,0.9355670103092784,0.47265625,-0.0636062805748884
QDA,HIV-1 PR,PC,Test,0.9134860050890584,0.9447368421052632,0.8671497584541062,0.9288486416558862,0.4723684210526316,-0.0691450400308497
QDA,HIV-1 PR,PC,Train,0.9330396475770923,0.917677642980936,0.8622078968573731,0.9252948885976408,0.5220572122950656,0.0402988159662213
QDA,HIV-1 PR,PC,Validation,0.929503916449086,0.9246753246753248,0.8647342995169082,0.9270833333333334,0.496820420958352,-0.0061666422074782
QDA,HIV-1 PR,PC,Test,0.9126984126984128,0.9078947368421052,0.8357487922705314,0.9102902374670184,0.4686532507739938,-0.0610880991702871
QDA,HIV-1 PR,PC,Train,0.9302120141342756,0.912478336221837,0.854955680902498,0.9212598425196852,0.5022161796051714,0.0039981678064289
QDA,HIV-1 PR,PC,Validation,0.9300518134715026,0.9324675324675324,0.8719806763285024,0.9312581063553826,0.5007165248544558,0.0014565250255757
QDA,HIV-1 PR,PC,Test,0.9144385026737968,0.9,0.8309178743961353,0.9071618037135278,0.4794117647058823,-0.0382661331823064
QDA,HIV-1 PR,PC,Train,0.9285099052540912,0.9341421143847488,0.8718775181305399,0.931317494600432,0.4900595629395008,-0.0206698299095986
QDA,HIV-1 PR,PC,Validation,0.9246753246753248,0.9246753246753248,0.8599033816425121,0.9246753246753248,0.4623376623376623,-0.0753246753246753
QDA,HIV-1 PR,PC,Test,0.9166666666666666,0.9263157894736842,0.855072463768116,0.9214659685863874,0.4925696594427244,-0.0157377895072926
QDA,HIV-1 PR,PC,Train,0.9270008795074758,0.9125541125541126,0.8518518518518519,0.9197207678883071,0.4792655620241827,-0.0380450360673176
QDA,HIV-1 PR,PC,Validation,0.925925925925926,0.9114583333333334,0.8498789346246973,0.9186351706036744,0.4729705459770115,-0.0495966060237613
QDA,HIV-1 PR,PC,Test,0.9129287598944592,0.9105263157894736,0.8381642512077294,0.911725955204216,0.469969040247678,-0.0592757199146387
QDA,HIV-1 PR,PC,Train,0.9330396475770923,0.917677642980936,0.8622078968573731,0.9252948885976408,0.5220572122950656,0.0402988159662213
QDA,HIV-1 PR,PC,Validation,0.929503916449086,0.9246753246753248,0.8647342995169082,0.9270833333333334,0.496820420958352,-0.0061666422074782
QDA,HIV-1 PR,PC,Test,0.9126984126984128,0.9078947368421052,0.8357487922705314,0.9102902374670184,0.4686532507739938,-0.0610880991702871
QDA,HIV-1 PR,PC,Train,0.9302120141342756,0.912478336221837,0.854955680902498,0.9212598425196852,0.5022161796051714,0.0039981678064289
QDA,HIV-1 PR,PC,Validation,0.9300518134715026,0.9324675324675324,0.8719806763285024,0.9312581063553826,0.5007165248544558,0.0014565250255757
QDA,HIV-1 PR,PC,Test,0.9144385026737968,0.9,0.8309178743961353,0.9071618037135278,0.4794117647058823,-0.0382661331823064
QDA,HIV-1 PR,PC,Train,0.9285099052540912,0.9341421143847488,0.8718775181305399,0.931317494600432,0.4900595629395008,-0.0206698299095986
QDA,HIV-1 PR,PC,Validation,0.9246753246753248,0.9246753246753248,0.8599033816425121,0.9246753246753248,0.4623376623376623,-0.0753246753246753
QDA,HIV-1 PR,PC,Test,0.9166666666666666,0.9263157894736842,0.855072463768116,0.9214659685863874,0.4925696594427244,-0.0157377895072926
QDA,HIV-1 PR,PC,Train,0.9270008795074758,0.9125541125541126,0.8518518518518519,0.9197207678883071,0.4792655620241827,-0.0380450360673176
QDA,HIV-1 PR,PC,Validation,0.925925925925926,0.9114583333333334,0.8498789346246973,0.9186351706036744,0.4729705459770115,-0.0495966060237613
QDA,HIV-1 PR,PC,Test,0.9129287598944592,0.9105263157894736,0.8381642512077294,0.911725955204216,0.469969040247678,-0.0592757199146387
QDA,HIV-1 PR,PC,Train,0.9227761485826002,0.8180242634315424,0.7671232876712328,0.8672485071198898,0.4549891432100241,-0.0604009462809801
QDA,HIV-1 PR,PC,Validation,0.9269005847953216,0.8233766233766234,0.7753623188405797,0.8720770288858322,0.480653828929691,-0.0260540403778539
QDA,HIV-1 PR,PC,Test,0.9131736526946108,0.8026315789473685,0.748792270531401,0.8543417366946778,0.4748452012383901,-0.0349835495932616
QDA,HIV-1 PR,PC,Train,0.9408602150537636,0.7582322357019065,0.7308622078968574,0.8397312859884837,0.5630241638279647,0.074263933744596
QDA,HIV-1 PR,PC,Validation,0.9311475409836064,0.7376623376623377,0.7053140096618358,0.8231884057971014,0.5067622033139274,0.007837623820018
QDA,HIV-1 PR,PC,Test,0.9123376623376624,0.7394736842105263,0.6956521739130435,0.8168604651162791,0.4726780185758514,-0.0343751936444604
QDA,HIV-1 PR,PC,Train,0.9237713139418254,0.7980935875216638,0.7510072522159549,0.8563458856345886,0.4622651845654296,-0.048483310262621
QDA,HIV-1 PR,PC,Validation,0.9242902208201892,0.7610389610389611,0.7198067632850241,0.8347578347578347,0.4667263770712047,-0.0400999611455212
QDA,HIV-1 PR,PC,Test,0.9145569620253164,0.7605263157894737,0.714975845410628,0.8304597701149425,0.4832043343653251,-0.0216971101373817
QDA,HIV-1 PR,PC,Train,0.9343629343629344,0.8380952380952381,0.7946859903381642,0.8836147877681424,0.5282430213464696,0.038759510217384
QDA,HIV-1 PR,PC,Validation,0.9378531073446328,0.8645833333333334,0.8208232445520581,0.8997289972899729,0.5529813218390804,0.0773730575737716
QDA,HIV-1 PR,PC,Test,0.9109195402298852,0.8342105263157895,0.7729468599033816,0.8708791208791209,0.4612229102167183,-0.0581667602036179
QDA,HIV-1 PR,PC,Train,0.9227761485826002,0.8180242634315424,0.7671232876712328,0.8672485071198898,0.4549891432100241,-0.0604009462809801
QDA,HIV-1 PR,PC,Validation,0.9269005847953216,0.8233766233766234,0.7753623188405797,0.8720770288858322,0.480653828929691,-0.0260540403778539
QDA,HIV-1 PR,PC,Test,0.9131736526946108,0.8026315789473685,0.748792270531401,0.8543417366946778,0.4748452012383901,-0.0349835495932616
QDA,HIV-1 PR,PC,Train,0.9408602150537636,0.7582322357019065,0.7308622078968574,0.8397312859884837,0.5630241638279647,0.074263933744596
QDA,HIV-1 PR,PC,Validation,0.9311475409836064,0.7376623376623377,0.7053140096618358,0.8231884057971014,0.5067622033139274,0.007837623820018
QDA,HIV-1 PR,PC,Test,0.9123376623376624,0.7394736842105263,0.6956521739130435,0.8168604651162791,0.4726780185758514,-0.0343751936444604
QDA,HIV-1 PR,PC,Train,0.9237713139418254,0.7980935875216638,0.7510072522159549,0.8563458856345886,0.4622651845654296,-0.048483310262621
QDA,HIV-1 PR,PC,Validation,0.9242902208201892,0.7610389610389611,0.7198067632850241,0.8347578347578347,0.4667263770712047,-0.0400999611455212
QDA,HIV-1 PR,PC,Test,0.9145569620253164,0.7605263157894737,0.714975845410628,0.8304597701149425,0.4832043343653251,-0.0216971101373817
QDA,HIV-1 PR,PC,Train,0.9343629343629344,0.8380952380952381,0.7946859903381642,0.8836147877681424,0.5282430213464696,0.038759510217384
QDA,HIV-1 PR,PC,Validation,0.9378531073446328,0.8645833333333334,0.8208232445520581,0.8997289972899729,0.5529813218390804,0.0773730575737716
QDA,HIV-1 PR,PC,Test,0.9109195402298852,0.8342105263157895,0.7729468599033816,0.8708791208791209,0.4612229102167183,-0.0581667602036179
QDA,HIV-1 PR,ECFP4,Train,0.9285127362366477,0.9792027729636048,0.9105560032232072,0.9531843104175454,0.4896013864818024,-0.0385582268095552
QDA,HIV-1 PR,ECFP4,Validation,0.9285714285714286,0.9792207792207792,0.9106280193236715,0.9532237673830596,0.4896103896103896,-0.0385257064264709
QDA,HIV-1 PR,ECFP4,Test,0.915841584158416,0.9736842105263158,0.893719806763285,0.9438775510204082,0.4868421052631579,-0.0470605477414564
QDA,HIV-1 PR,ECFP4,Train,0.927620632279534,0.9662045060658578,0.8984689766317486,0.9465195246179966,0.4831022530329289,-0.0494580274854754
QDA,HIV-1 PR,ECFP4,Validation,0.9290953545232272,0.987012987012987,0.9178743961352656,0.9571788413098236,0.4935064935064935,-0.0303453382193442
QDA,HIV-1 PR,ECFP4,Test,0.9147869674185464,0.9605263157894736,0.8816425120772947,0.9370988446726572,0.4802631578947368,-0.0579971752651936
QDA,HIV-1 PR,ECFP4,Train,0.92833607907743,0.9766031195840554,0.9081385979049154,0.951858108108108,0.4883015597920277,-0.040947676221772
QDA,HIV-1 PR,ECFP4,Validation,0.9282178217821784,0.974025974025974,0.9057971014492754,0.9505703422053232,0.487012987012987,-0.0431795340584155
QDA,HIV-1 PR,ECFP4,Test,0.9156327543424316,0.9710526315789474,0.8913043478260869,0.942528735632184,0.4855263157894737,-0.049418718545902
QDA,HIV-1 PR,ECFP4,Train,0.9288052373158756,0.9826839826839828,0.9138486312399356,0.9549852755574252,0.4913419913419913,-0.035111390508609
QDA,HIV-1 PR,ECFP4,Validation,0.9276807980049876,0.96875,0.900726392251816,0.9477707006369428,0.484375,-0.0475391950115285
QDA,HIV-1 PR,ECFP4,Test,0.915841584158416,0.9736842105263158,0.893719806763285,0.9438775510204082,0.4868421052631579,-0.0470605477414564
QDA,HIV-1 PR,ECFP4,Train,0.9285127362366477,0.9792027729636048,0.9105560032232072,0.9531843104175454,0.4896013864818024,-0.0385582268095552
QDA,HIV-1 PR,ECFP4,Validation,0.9285714285714286,0.9792207792207792,0.9106280193236715,0.9532237673830596,0.4896103896103896,-0.0385257064264709
QDA,HIV-1 PR,ECFP4,Test,0.915841584158416,0.9736842105263158,0.893719806763285,0.9438775510204082,0.4868421052631579,-0.0470605477414564
QDA,HIV-1 PR,ECFP4,Train,0.927620632279534,0.9662045060658578,0.8984689766317486,0.9465195246179966,0.4831022530329289,-0.0494580274854754
QDA,HIV-1 PR,ECFP4,Validation,0.9290953545232272,0.987012987012987,0.9178743961352656,0.9571788413098236,0.4935064935064935,-0.0303453382193442
QDA,HIV-1 PR,ECFP4,Test,0.9147869674185464,0.9605263157894736,0.8816425120772947,0.9370988446726572,0.4802631578947368,-0.0579971752651936
QDA,HIV-1 PR,ECFP4,Train,0.92833607907743,0.9766031195840554,0.9081385979049154,0.951858108108108,0.4883015597920277,-0.040947676221772
QDA,HIV-1 PR,ECFP4,Validation,0.9282178217821784,0.974025974025974,0.9057971014492754,0.9505703422053232,0.487012987012987,-0.0431795340584155
QDA,HIV-1 PR,ECFP4,Test,0.9156327543424316,0.9710526315789474,0.8913043478260869,0.942528735632184,0.4855263157894737,-0.049418718545902
QDA,HIV-1 PR,ECFP4,Train,0.9288052373158756,0.9826839826839828,0.9138486312399356,0.9549852755574252,0.4913419913419913,-0.035111390508609
QDA,HIV-1 PR,ECFP4,Validation,0.9276807980049876,0.96875,0.900726392251816,0.9477707006369428,0.484375,-0.0475391950115285
QDA,HIV-1 PR,ECFP4,Test,0.915841584158416,0.9736842105263158,0.893719806763285,0.9438775510204082,0.4868421052631579,-0.0470605477414564
QDA,HIV-1 PR,ECFP4,Train,0.9298952457695407,1.0,0.9298952457695407,0.9636743215031316,0.5,0.0
QDA,HIV-1 PR,ECFP4,Validation,0.929951690821256,1.0,0.929951690821256,0.9637046307884856,0.5,0.0
QDA,HIV-1 PR,ECFP4,Test,0.9178743961352656,1.0,0.9178743961352656,0.9571788413098236,0.5,0.0
QDA,HIV-1 PR,ECFP4,Train,0.9298952457695407,1.0,0.9298952457695407,0.9636743215031316,0.5,0.0
QDA,HIV-1 PR,ECFP4,Validation,0.929951690821256,1.0,0.929951690821256,0.9637046307884856,0.5,0.0
QDA,HIV-1 PR,ECFP4,Test,0.9178743961352656,1.0,0.9178743961352656,0.9571788413098236,0.5,0.0
QDA,HIV-1 PR,ECFP4,Train,0.9298952457695407,1.0,0.9298952457695407,0.9636743215031316,0.5,0.0
QDA,HIV-1 PR,ECFP4,Validation,0.929951690821256,1.0,0.929951690821256,0.9637046307884856,0.5,0.0
QDA,HIV-1 PR,ECFP4,Test,0.9178743961352656,1.0,0.9178743961352656,0.9571788413098236,0.5,0.0
QDA,HIV-1 PR,ECFP4,Train,0.929951690821256,1.0,0.929951690821256,0.9637046307884856,0.5,0.0
QDA,HIV-1 PR,ECFP4,Validation,0.9297820823244553,1.0,0.9297820823244553,0.9636135508155584,0.5,0.0
QDA,HIV-1 PR,ECFP4,Test,0.9178743961352656,1.0,0.9178743961352656,0.9571788413098236,0.5,0.0
QDA,HIV-1 PR,ECFP4,Train,0.9298952457695407,1.0,0.9298952457695407,0.9636743215031316,0.5,0.0
QDA,HIV-1 PR,ECFP4,Validation,0.929951690821256,1.0,0.929951690821256,0.9637046307884856,0.5,0.0
QDA,HIV-1 PR,ECFP4,Test,0.9178743961352656,1.0,0.9178743961352656,0.9571788413098236,0.5,0.0
QDA,HIV-1 PR,ECFP4,Train,0.9298952457695407,1.0,0.9298952457695407,0.9636743215031316,0.5,0.0
QDA,HIV-1 PR,ECFP4,Validation,0.929951690821256,1.0,0.929951690821256,0.9637046307884856,0.5,0.0
QDA,HIV-1 PR,ECFP4,Test,0.9178743961352656,1.0,0.9178743961352656,0.9571788413098236,0.5,0.0
QDA,HIV-1 PR,ECFP4,Train,0.9298952457695407,1.0,0.9298952457695407,0.9636743215031316,0.5,0.0
QDA,HIV-1 PR,ECFP4,Validation,0.929951690821256,1.0,0.929951690821256,0.9637046307884856,0.5,0.0
QDA,HIV-1 PR,ECFP4,Test,0.9178743961352656,1.0,0.9178743961352656,0.9571788413098236,0.5,0.0
QDA,HIV-1 PR,ECFP4,Train,0.929951690821256,1.0,0.929951690821256,0.9637046307884856,0.5,0.0
QDA,HIV-1 PR,ECFP4,Validation,0.9297820823244553,1.0,0.9297820823244553,0.9636135508155584,0.5,0.0
QDA,HIV-1 PR,ECFP4,Test,0.9178743961352656,1.0,0.9178743961352656,0.9571788413098236,0.5,0.0
QDA,HIV-1 PR,ECFP4,Train,0.9298952457695407,1.0,0.9298952457695407,0.9636743215031316,0.5,0.0
QDA,HIV-1 PR,ECFP4,Validation,0.929951690821256,1.0,0.929951690821256,0.9637046307884856,0.5,0.0
QDA,HIV-1 PR,ECFP4,Test,0.9178743961352656,1.0,0.9178743961352656,0.9571788413098236,0.5,0.0
QDA,HIV-1 PR,ECFP4,Train,0.9298952457695407,1.0,0.9298952457695407,0.9636743215031316,0.5,0.0
QDA,HIV-1 PR,ECFP4,Validation,0.929951690821256,1.0,0.929951690821256,0.9637046307884856,0.5,0.0
QDA,HIV-1 PR,ECFP4,Test,0.9178743961352656,1.0,0.9178743961352656,0.9571788413098236,0.5,0.0
QDA,HIV-1 PR,ECFP4,Train,0.9298952457695407,1.0,0.9298952457695407,0.9636743215031316,0.5,0.0
QDA,HIV-1 PR,ECFP4,Validation,0.929951690821256,1.0,0.929951690821256,0.9637046307884856,0.5,0.0
QDA,HIV-1 PR,ECFP4,Test,0.9178743961352656,1.0,0.9178743961352656,0.9571788413098236,0.5,0.0
QDA,HIV-1 PR,ECFP4,Train,0.929951690821256,1.0,0.929951690821256,0.9637046307884856,0.5,0.0
QDA,HIV-1 PR,ECFP4,Validation,0.9297820823244553,1.0,0.9297820823244553,0.9636135508155584,0.5,0.0
QDA,HIV-1 PR,ECFP4,Test,0.9178743961352656,1.0,0.9178743961352656,0.9571788413098236,0.5,0.0
QDA,HIV-1 PR,ECFP4,Train,0.9298952457695407,1.0,0.9298952457695407,0.9636743215031316,0.5,0.0
QDA,HIV-1 PR,ECFP4,Validation,0.929951690821256,1.0,0.929951690821256,0.9637046307884856,0.5,0.0
QDA,HIV-1 PR,ECFP4,Test,0.9178743961352656,1.0,0.9178743961352656,0.9571788413098236,0.5,0.0
QDA,HIV-1 PR,ECFP4,Train,0.9298952457695407,1.0,0.9298952457695407,0.9636743215031316,0.5,0.0
QDA,HIV-1 PR,ECFP4,Validation,0.929951690821256,1.0,0.929951690821256,0.9637046307884856,0.5,0.0
QDA,HIV-1 PR,ECFP4,Test,0.9178743961352656,1.0,0.9178743961352656,0.9571788413098236,0.5,0.0
QDA,HIV-1 PR,ECFP4,Train,0.9298952457695407,1.0,0.9298952457695407,0.9636743215031316,0.5,0.0
QDA,HIV-1 PR,ECFP4,Validation,0.929951690821256,1.0,0.929951690821256,0.9637046307884856,0.5,0.0
QDA,HIV-1 PR,ECFP4,Test,0.9178743961352656,1.0,0.9178743961352656,0.9571788413098236,0.5,0.0
QDA,HIV-1 PR,ECFP4,Train,0.929951690821256,1.0,0.929951690821256,0.9637046307884856,0.5,0.0
QDA,HIV-1 PR,ECFP4,Validation,0.9297820823244553,1.0,0.9297820823244553,0.9636135508155584,0.5,0.0
QDA,HIV-1 PR,ECFP4,Test,0.9178743961352656,1.0,0.9178743961352656,0.9571788413098236,0.5,0.0
QDA,HIV-1 PR,ECFP4,Train,0.9298952457695407,1.0,0.9298952457695407,0.9636743215031316,0.5,0.0
QDA,HIV-1 PR,ECFP4,Validation,0.929951690821256,1.0,0.929951690821256,0.9637046307884856,0.5,0.0
QDA,HIV-1 PR,ECFP4,Test,0.9178743961352656,1.0,0.9178743961352656,0.9571788413098236,0.5,0.0
QDA,HIV-1 PR,ECFP4,Train,0.9298952457695407,1.0,0.9298952457695407,0.9636743215031316,0.5,0.0
QDA,HIV-1 PR,ECFP4,Validation,0.929951690821256,1.0,0.929951690821256,0.9637046307884856,0.5,0.0
QDA,HIV-1 PR,ECFP4,Test,0.9178743961352656,1.0,0.9178743961352656,0.9571788413098236,0.5,0.0
QDA,HIV-1 PR,ECFP4,Train,0.9298952457695407,1.0,0.9298952457695407,0.9636743215031316,0.5,0.0
QDA,HIV-1 PR,ECFP4,Validation,0.929951690821256,1.0,0.929951690821256,0.9637046307884856,0.5,0.0
QDA,HIV-1 PR,ECFP4,Test,0.9178743961352656,1.0,0.9178743961352656,0.9571788413098236,0.5,0.0
QDA,HIV-1 PR,ECFP4,Train,0.929951690821256,1.0,0.929951690821256,0.9637046307884856,0.5,0.0
QDA,HIV-1 PR,ECFP4,Validation,0.9297820823244553,1.0,0.9297820823244553,0.9636135508155584,0.5,0.0
QDA,HIV-1 PR,ECFP4,Test,0.9178743961352656,1.0,0.9178743961352656,0.9571788413098236,0.5,0.0
QDA,HIV-1 PR,ECFP4,Train,0.9298952457695407,1.0,0.9298952457695407,0.9636743215031316,0.5,0.0
QDA,HIV-1 PR,ECFP4,Validation,0.929951690821256,1.0,0.929951690821256,0.9637046307884856,0.5,0.0
QDA,HIV-1 PR,ECFP4,Test,0.9178743961352656,1.0,0.9178743961352656,0.9571788413098236,0.5,0.0
QDA,HIV-1 PR,ECFP4,Train,0.9298952457695407,1.0,0.9298952457695407,0.9636743215031316,0.5,0.0
QDA,HIV-1 PR,ECFP4,Validation,0.929951690821256,1.0,0.929951690821256,0.9637046307884856,0.5,0.0
QDA,HIV-1 PR,ECFP4,Test,0.9178743961352656,1.0,0.9178743961352656,0.9571788413098236,0.5,0.0
QDA,HIV-1 PR,ECFP4,Train,0.9298952457695407,1.0,0.9298952457695407,0.9636743215031316,0.5,0.0
QDA,HIV-1 PR,ECFP4,Validation,0.929951690821256,1.0,0.929951690821256,0.9637046307884856,0.5,0.0
QDA,HIV-1 PR,ECFP4,Test,0.9178743961352656,1.0,0.9178743961352656,0.9571788413098236,0.5,0.0
QDA,HIV-1 PR,ECFP4,Train,0.929951690821256,1.0,0.929951690821256,0.9637046307884856,0.5,0.0
QDA,HIV-1 PR,ECFP4,Validation,0.9297820823244553,1.0,0.9297820823244553,0.9636135508155584,0.5,0.0
QDA,HIV-1 PR,ECFP4,Test,0.9178743961352656,1.0,0.9178743961352656,0.9571788413098236,0.5,0.0
QDA,HIV-1 PR,ECFP4,Train,0.9298952457695407,1.0,0.9298952457695407,0.9636743215031316,0.5,0.0
QDA,HIV-1 PR,ECFP4,Validation,0.929951690821256,1.0,0.929951690821256,0.9637046307884856,0.5,0.0
QDA,HIV-1 PR,ECFP4,Test,0.9178743961352656,1.0,0.9178743961352656,0.9571788413098236,0.5,0.0
QDA,HIV-1 PR,ECFP4,Train,0.9298952457695407,1.0,0.9298952457695407,0.9636743215031316,0.5,0.0
QDA,HIV-1 PR,ECFP4,Validation,0.929951690821256,1.0,0.929951690821256,0.9637046307884856,0.5,0.0
QDA,HIV-1 PR,ECFP4,Test,0.9178743961352656,1.0,0.9178743961352656,0.9571788413098236,0.5,0.0
QDA,HIV-1 PR,ECFP4,Train,0.9298952457695407,1.0,0.9298952457695407,0.9636743215031316,0.5,0.0
QDA,HIV-1 PR,ECFP4,Validation,0.929951690821256,1.0,0.929951690821256,0.9637046307884856,0.5,0.0
QDA,HIV-1 PR,ECFP4,Test,0.9178743961352656,1.0,0.9178743961352656,0.9571788413098236,0.5,0.0
QDA,HIV-1 PR,ECFP4,Train,0.929951690821256,1.0,0.929951690821256,0.9637046307884856,0.5,0.0
QDA,HIV-1 PR,ECFP4,Validation,0.9297820823244553,1.0,0.9297820823244553,0.9636135508155584,0.5,0.0
QDA,HIV-1 PR,ECFP4,Test,0.9178743961352656,1.0,0.9178743961352656,0.9571788413098236,0.5,0.0
QDA,HIV-1 PR,ECFP4,Train,0.9298952457695407,1.0,0.9298952457695407,0.9636743215031316,0.5,0.0
QDA,HIV-1 PR,ECFP4,Validation,0.929951690821256,1.0,0.929951690821256,0.9637046307884856,0.5,0.0
QDA,HIV-1 PR,ECFP4,Test,0.9178743961352656,1.0,0.9178743961352656,0.9571788413098236,0.5,0.0
QDA,HIV-1 PR,ECFP4,Train,0.9298952457695407,1.0,0.9298952457695407,0.9636743215031316,0.5,0.0
QDA,HIV-1 PR,ECFP4,Validation,0.929951690821256,1.0,0.929951690821256,0.9637046307884856,0.5,0.0
QDA,HIV-1 PR,ECFP4,Test,0.9178743961352656,1.0,0.9178743961352656,0.9571788413098236,0.5,0.0
QDA,HIV-1 PR,ECFP4,Train,0.9298952457695407,1.0,0.9298952457695407,0.9636743215031316,0.5,0.0
QDA,HIV-1 PR,ECFP4,Validation,0.929951690821256,1.0,0.929951690821256,0.9637046307884856,0.5,0.0
QDA,HIV-1 PR,ECFP4,Test,0.9178743961352656,1.0,0.9178743961352656,0.9571788413098236,0.5,0.0
QDA,HIV-1 PR,ECFP4,Train,0.929951690821256,1.0,0.929951690821256,0.9637046307884856,0.5,0.0
QDA,HIV-1 PR,ECFP4,Validation,0.9297820823244553,1.0,0.9297820823244553,0.9636135508155584,0.5,0.0
QDA,HIV-1 PR,ECFP4,Test,0.9178743961352656,1.0,0.9178743961352656,0.9571788413098236,0.5,0.0
QDA,HIV-1 PR,ECFP4,Train,1.0,0.0147313691507798,0.0838033843674456,0.0290350128095644,0.50736568457539,0.0323586558930897
QDA,HIV-1 PR,ECFP4,Validation,1.0,0.0181818181818181,0.0869565217391304,0.0357142857142857,0.509090909090909,0.0359931991690024
QDA,HIV-1 PR,ECFP4,Test,1.0,0.0131578947368421,0.0942028985507246,0.0259740259740259,0.506578947368421,0.0330728033347958
QDA,HIV-1 PR,ECFP4,Train,1.0,0.0164644714038128,0.0854149879129734,0.0323955669224211,0.5082322357019065,0.0342371747419965
QDA,HIV-1 PR,ECFP4,Validation,1.0,0.0103896103896103,0.0797101449275362,0.0205655526992287,0.5051948051948052,0.0271085757873102
QDA,HIV-1 PR,ECFP4,Test,1.0,0.0131578947368421,0.0942028985507246,0.0259740259740259,0.506578947368421,0.0330728033347958
QDA,HIV-1 PR,ECFP4,Train,1.0,0.0207972270363951,0.0894439967767929,0.0407470288624787,0.5103986135181976,0.0385582268095552
QDA,HIV-1 PR,ECFP4,Validation,1.0,0.0181818181818181,0.0869565217391304,0.0357142857142857,0.509090909090909,0.0359931991690024
QDA,HIV-1 PR,ECFP4,Test,1.0,0.0184210526315789,0.0990338164251207,0.0361757105943152,0.5092105263157894,0.0392282988873628
QDA,HIV-1 PR,ECFP4,Train,1.0,0.0112554112554112,0.0805152979066022,0.0222602739726027,0.5056277056277056,0.0282269769692188
QDA,HIV-1 PR,ECFP4,Validation,1.0,0.0234375,0.0920096852300242,0.0458015267175572,0.51171875,0.0410170062532627
QDA,HIV-1 PR,ECFP4,Test,1.0,0.0131578947368421,0.0942028985507246,0.0259740259740259,0.506578947368421,0.0330728033347958
QDA,HIV-1 PR,ECFP4,Train,1.0,0.0147313691507798,0.0838033843674456,0.0290350128095644,0.50736568457539,0.0323586558930897
QDA,HIV-1 PR,ECFP4,Validation,1.0,0.0181818181818181,0.0869565217391304,0.0357142857142857,0.509090909090909,0.0359931991690024
QDA,HIV-1 PR,ECFP4,Test,1.0,0.0131578947368421,0.0942028985507246,0.0259740259740259,0.506578947368421,0.0330728033347958
QDA,HIV-1 PR,ECFP4,Train,1.0,0.0164644714038128,0.0854149879129734,0.0323955669224211,0.5082322357019065,0.0342371747419965
QDA,HIV-1 PR,ECFP4,Validation,1.0,0.0103896103896103,0.0797101449275362,0.0205655526992287,0.5051948051948052,0.0271085757873102
QDA,HIV-1 PR,ECFP4,Test,1.0,0.0131578947368421,0.0942028985507246,0.0259740259740259,0.506578947368421,0.0330728033347958
QDA,HIV-1 PR,ECFP4,Train,1.0,0.0207972270363951,0.0894439967767929,0.0407470288624787,0.5103986135181976,0.0385582268095552
QDA,HIV-1 PR,ECFP4,Validation,1.0,0.0181818181818181,0.0869565217391304,0.0357142857142857,0.509090909090909,0.0359931991690024
QDA,HIV-1 PR,ECFP4,Test,1.0,0.0184210526315789,0.0990338164251207,0.0361757105943152,0.5092105263157894,0.0392282988873628
QDA,HIV-1 PR,ECFP4,Train,1.0,0.0112554112554112,0.0805152979066022,0.0222602739726027,0.5056277056277056,0.0282269769692188
QDA,HIV-1 PR,ECFP4,Validation,1.0,0.0234375,0.0920096852300242,0.0458015267175572,0.51171875,0.0410170062532627
QDA,HIV-1 PR,ECFP4,Test,1.0,0.0131578947368421,0.0942028985507246,0.0259740259740259,0.506578947368421,0.0330728033347958
QDA,HIV-1 PR,ECFP4,Train,0.97062423500612,0.6871750433275563,0.6897663174858985,0.8046676813800101,0.7056564871810195,0.2214323061765823
QDA,HIV-1 PR,ECFP4,Validation,0.9763513513513512,0.7506493506493507,0.751207729468599,0.8487518355359766,0.7546350201522615,0.2879324631432767
QDA,HIV-1 PR,ECFP4,Test,0.9507042253521126,0.7105263157894737,0.7004830917874396,0.8132530120481928,0.6493808049535604,0.176736073300484
QDA,HIV-1 PR,ECFP4,Train,0.9808184143222506,0.6646447140381283,0.6760676873489122,0.7923553719008265,0.7461154604673399,0.2603284922877321
QDA,HIV-1 PR,ECFP4,Validation,0.9545454545454546,0.7090909090909091,0.6980676328502415,0.8137108792846498,0.6304075235109717,0.1440369795144795
QDA,HIV-1 PR,ECFP4,Test,0.9492753623188406,0.6894736842105263,0.6811594202898551,0.7987804878048781,0.6388544891640868,0.1617435955828678
QDA,HIV-1 PR,ECFP4,Train,0.9865030674846624,0.6967071057192374,0.709105560032232,0.8166582021330625,0.785135162055021,0.3066618130801272
QDA,HIV-1 PR,ECFP4,Validation,0.974910394265233,0.7064935064935065,0.7101449275362319,0.8192771084337349,0.7325570980743394,0.2532328093227889
QDA,HIV-1 PR,ECFP4,Test,0.9635036496350364,0.6947368421052632,0.6956521739130435,0.8073394495412844,0.7003095975232199,0.232500403845522
QDA,HIV-1 PR,ECFP4,Train,0.968513853904282,0.6658008658008658,0.6690821256038647,0.7891226269881991,0.6892222719808927,0.2011423911279991
QDA,HIV-1 PR,ECFP4,Validation,0.98,0.6380208333333334,0.6513317191283293,0.7728706624605678,0.7328035201149425,0.2433998706258108
QDA,HIV-1 PR,ECFP4,Test,0.953900709219858,0.7078947368421052,0.7004830917874396,0.8126888217522659,0.6627708978328173,0.1917902352051667
QDA,HIV-1 PR,ECFP4,Train,0.97062423500612,0.6871750433275563,0.6897663174858985,0.8046676813800101,0.7056564871810195,0.2214323061765823
QDA,HIV-1 PR,ECFP4,Validation,0.9763513513513512,0.7506493506493507,0.751207729468599,0.8487518355359766,0.7546350201522615,0.2879324631432767
QDA,HIV-1 PR,ECFP4,Test,0.9507042253521126,0.7105263157894737,0.7004830917874396,0.8132530120481928,0.6493808049535604,0.176736073300484
QDA,HIV-1 PR,ECFP4,Train,0.9808184143222506,0.6646447140381283,0.6760676873489122,0.7923553719008265,0.7461154604673399,0.2603284922877321
QDA,HIV-1 PR,ECFP4,Validation,0.9545454545454546,0.7090909090909091,0.6980676328502415,0.8137108792846498,0.6304075235109717,0.1440369795144795
QDA,HIV-1 PR,ECFP4,Test,0.9492753623188406,0.6894736842105263,0.6811594202898551,0.7987804878048781,0.6388544891640868,0.1617435955828678
QDA,HIV-1 PR,ECFP4,Train,0.9865030674846624,0.6967071057192374,0.709105560032232,0.8166582021330625,0.785135162055021,0.3066618130801272
QDA,HIV-1 PR,ECFP4,Validation,0.974910394265233,0.7064935064935065,0.7101449275362319,0.8192771084337349,0.7325570980743394,0.2532328093227889
QDA,HIV-1 PR,ECFP4,Test,0.9635036496350364,0.6947368421052632,0.6956521739130435,0.8073394495412844,0.7003095975232199,0.232500403845522
QDA,HIV-1 PR,ECFP4,Train,0.968513853904282,0.6658008658008658,0.6690821256038647,0.7891226269881991,0.6892222719808927,0.2011423911279991
QDA,HIV-1 PR,ECFP4,Validation,0.98,0.6380208333333334,0.6513317191283293,0.7728706624605678,0.7328035201149425,0.2433998706258108
QDA,HIV-1 PR,ECFP4,Test,0.953900709219858,0.7078947368421052,0.7004830917874396,0.8126888217522659,0.6627708978328173,0.1917902352051667
QDA,HIV-1 PR,ECFP4,Train,0.9517014270032932,0.7512998266897747,0.7332796132151491,0.8397094430992736,0.6227763501264965,0.1419028397332097
QDA,HIV-1 PR,ECFP4,Validation,0.963076923076923,0.812987012987013,0.7971014492753623,0.8816901408450705,0.6995969547693686,0.2480142226115318
QDA,HIV-1 PR,ECFP4,Test,0.930379746835443,0.7736842105263158,0.7391304347826086,0.8448275862068966,0.563312693498452,0.0817891064164896
QDA,HIV-1 PR,ECFP4,Train,0.960648148148148,0.7192374350086655,0.7115229653505237,0.8225966303270565,0.6642164186537581,0.1823398346102476
QDA,HIV-1 PR,ECFP4,Validation,0.9487179487179488,0.7688311688311689,0.7463768115942029,0.8493543758967002,0.6085535154500672,0.1285955288722661
QDA,HIV-1 PR,ECFP4,Test,0.94,0.7421052631578947,0.7198067632850241,0.8294117647058824,0.6063467492260062,0.1307291443170322
QDA,HIV-1 PR,ECFP4,Train,0.9694224235560588,0.7417677642980935,0.7381144238517324,0.8404516445753559,0.7157114683559433,0.243132993014797
QDA,HIV-1 PR,ECFP4,Validation,0.9603960396039604,0.7558441558441559,0.7439613526570048,0.8459302325581395,0.6710255261979401,0.1970777026486591
QDA,HIV-1 PR,ECFP4,Test,0.9478827361563518,0.7657894736842106,0.7463768115942029,0.8471615720524017,0.6476006191950465,0.1851349253470812
QDA,HIV-1 PR,ECFP4,Train,0.953216374269006,0.7056277056277056,0.6940418679549114,0.8109452736318408,0.6229287953425884,0.1354863989424903
QDA,HIV-1 PR,ECFP4,Validation,0.9532374100719424,0.6901041666666666,0.6803874092009685,0.8006042296072508,0.6209141522988505,0.1317293230676635
QDA,HIV-1 PR,ECFP4,Test,0.933993399339934,0.7447368421052631,0.717391304347826,0.828696925329429,0.5782507739938081,0.0969989628796066
QDA,HIV-1 PR,ECFP4,Train,0.9517014270032932,0.7512998266897747,0.7332796132151491,0.8397094430992736,0.6227763501264965,0.1419028397332097
QDA,HIV-1 PR,ECFP4,Validation,0.963076923076923,0.812987012987013,0.7971014492753623,0.8816901408450705,0.6995969547693686,0.2480142226115318
QDA,HIV-1 PR,ECFP4,Test,0.930379746835443,0.7736842105263158,0.7391304347826086,0.8448275862068966,0.563312693498452,0.0817891064164896
QDA,HIV-1 PR,ECFP4,Train,0.960648148148148,0.7192374350086655,0.7115229653505237,0.8225966303270565,0.6642164186537581,0.1823398346102476
QDA,HIV-1 PR,ECFP4,Validation,0.9487179487179488,0.7688311688311689,0.7463768115942029,0.8493543758967002,0.6085535154500672,0.1285955288722661
QDA,HIV-1 PR,ECFP4,Test,0.94,0.7421052631578947,0.7198067632850241,0.8294117647058824,0.6063467492260062,0.1307291443170322
QDA,HIV-1 PR,ECFP4,Train,0.9694224235560588,0.7417677642980935,0.7381144238517324,0.8404516445753559,0.7157114683559433,0.243132993014797
QDA,HIV-1 PR,ECFP4,Validation,0.9603960396039604,0.7558441558441559,0.7439613526570048,0.8459302325581395,0.6710255261979401,0.1970777026486591
QDA,HIV-1 PR,ECFP4,Test,0.9478827361563518,0.7657894736842106,0.7463768115942029,0.8471615720524017,0.6476006191950465,0.1851349253470812
QDA,HIV-1 PR,ECFP4,Train,0.953216374269006,0.7056277056277056,0.6940418679549114,0.8109452736318408,0.6229287953425884,0.1354863989424903
QDA,HIV-1 PR,ECFP4,Validation,0.9532374100719424,0.6901041666666666,0.6803874092009685,0.8006042296072508,0.6209141522988505,0.1317293230676635
QDA,HIV-1 PR,ECFP4,Test,0.933993399339934,0.7447368421052631,0.717391304347826,0.828696925329429,0.5782507739938081,0.0969989628796066
QDA,HIV-1 PR,ECFP4,Train,0.9522752497225304,0.7435008665511266,0.7268331990330379,0.8350364963503649,0.6246239964939541,0.1426896085896103
QDA,HIV-1 PR,ECFP4,Validation,0.9650793650793652,0.7896103896103897,0.7777777777777778,0.8685714285714285,0.7051500223914018,0.2455037068366737
QDA,HIV-1 PR,ECFP4,Test,0.932475884244373,0.7631578947368421,0.7318840579710145,0.8393632416787264,0.5727554179566563,0.0924118757603083
QDA,HIV-1 PR,ECFP4,Train,0.9551357733175916,0.7010398613518197,0.6913779210314263,0.8085957021489255,0.6321291260782087,0.144944343926118
QDA,HIV-1 PR,ECFP4,Validation,0.9522292993630572,0.7766233766233767,0.7560386473429952,0.8555078683834049,0.6296909986565159,0.1546693889545418
QDA,HIV-1 PR,ECFP4,Test,0.939799331103679,0.7394736842105263,0.717391304347826,0.8276877761413843,0.6050309597523219,0.1287638851857373
QDA,HIV-1 PR,ECFP4,Train,0.966589861751152,0.7270363951473137,0.7228041901692184,0.8298714144411474,0.6968515309069903,0.2192386123190743
QDA,HIV-1 PR,ECFP4,Validation,0.956810631229236,0.7480519480519481,0.7342995169082126,0.8396501457725948,0.6498880429914913,0.1717528210552643
QDA,HIV-1 PR,ECFP4,Test,0.9559322033898304,0.7421052631578947,0.7318840579710145,0.8355555555555556,0.679876160990712,0.2182480509052973
QDA,HIV-1 PR,ECFP4,Train,0.9501779359430604,0.6935064935064935,0.6811594202898551,0.8018018018018018,0.6053739364084192,0.1151896829809925
QDA,HIV-1 PR,ECFP4,Validation,0.96,0.6875,0.6828087167070218,0.8012139605462822,0.654094827586207,0.1669462921653731
QDA,HIV-1 PR,ECFP4,Test,0.936026936026936,0.7315789473684211,0.7077294685990339,0.8212703101920237,0.5863777089783282,0.1053396274088201
QDA,HIV-1 PR,ECFP4,Train,0.9522752497225304,0.7435008665511266,0.7268331990330379,0.8350364963503649,0.6246239964939541,0.1426896085896103
QDA,HIV-1 PR,ECFP4,Validation,0.9650793650793652,0.7896103896103897,0.7777777777777778,0.8685714285714285,0.7051500223914018,0.2455037068366737
QDA,HIV-1 PR,ECFP4,Test,0.932475884244373,0.7631578947368421,0.7318840579710145,0.8393632416787264,0.5727554179566563,0.0924118757603083
QDA,HIV-1 PR,ECFP4,Train,0.9551357733175916,0.7010398613518197,0.6913779210314263,0.8085957021489255,0.6321291260782087,0.144944343926118
QDA,HIV-1 PR,ECFP4,Validation,0.9522292993630572,0.7766233766233767,0.7560386473429952,0.8555078683834049,0.6296909986565159,0.1546693889545418
QDA,HIV-1 PR,ECFP4,Test,0.939799331103679,0.7394736842105263,0.717391304347826,0.8276877761413843,0.6050309597523219,0.1287638851857373
QDA,HIV-1 PR,ECFP4,Train,0.966589861751152,0.7270363951473137,0.7228041901692184,0.8298714144411474,0.6968515309069903,0.2192386123190743
QDA,HIV-1 PR,ECFP4,Validation,0.956810631229236,0.7480519480519481,0.7342995169082126,0.8396501457725948,0.6498880429914913,0.1717528210552643
QDA,HIV-1 PR,ECFP4,Test,0.9559322033898304,0.7421052631578947,0.7318840579710145,0.8355555555555556,0.679876160990712,0.2182480509052973
QDA,HIV-1 PR,ECFP4,Train,0.9501779359430604,0.6935064935064935,0.6811594202898551,0.8018018018018018,0.6053739364084192,0.1151896829809925
QDA,HIV-1 PR,ECFP4,Validation,0.96,0.6875,0.6828087167070218,0.8012139605462822,0.654094827586207,0.1669462921653731
QDA,HIV-1 PR,ECFP4,Test,0.936026936026936,0.7315789473684211,0.7077294685990339,0.8212703101920237,0.5863777089783282,0.1053396274088201
QDA,HIV-1 PR,ECFP4,Train,0.944976076555024,0.3422876949740034,0.3698630136986301,0.5025445292620865,0.5389599394410247,0.0420942466079166
QDA,HIV-1 PR,ECFP4,Validation,0.9612903225806452,0.387012987012987,0.4154589371980676,0.5518518518518518,0.5900582176444246,0.0949876133498258
QDA,HIV-1 PR,ECFP4,Test,0.935251798561151,0.3421052631578947,0.3743961352657005,0.5009633911368016,0.5386996904024768,0.0449981849223228
QDA,HIV-1 PR,ECFP4,Train,0.9604651162790696,0.3578856152512998,0.3892022562449637,0.5214646464646465,0.5812416582003624,0.0871819644355912
QDA,HIV-1 PR,ECFP4,Validation,0.9421965317919077,0.4233766233766233,0.4396135265700483,0.5842293906810035,0.5392745185848634,0.040647950853815
QDA,HIV-1 PR,ECFP4,Test,0.933774834437086,0.3710526315789473,0.3985507246376811,0.5310734463276836,0.5384674922600619,0.0438822391248292
QDA,HIV-1 PR,ECFP4,Train,0.9710144927536232,0.3483535528596187,0.3843674456083803,0.5127551020408163,0.60521125918843,0.1139467176477576
QDA,HIV-1 PR,ECFP4,Validation,0.958904109589041,0.3636363636363636,0.393719806763285,0.527306967984934,0.5783699059561129,0.0837268707700146
QDA,HIV-1 PR,ECFP4,Test,0.9473684210526316,0.331578947368421,0.3695652173913043,0.4912280701754385,0.5628482972136223,0.0739053346125682
QDA,HIV-1 PR,ECFP4,Train,0.944578313253012,0.3393939393939394,0.3671497584541063,0.4993630573248407,0.5375130616509927,0.040596287711969
QDA,HIV-1 PR,ECFP4,Validation,0.948905109489051,0.3385416666666667,0.3680387409200968,0.4990403071017274,0.5485811781609196,0.052728792380108
QDA,HIV-1 PR,ECFP4,Test,0.9444444444444444,0.3578947368421052,0.391304347826087,0.5190839694656488,0.5613003095975232,0.0706741822823559
QDA,HIV-1 PR,ECFP4,Train,0.944976076555024,0.3422876949740034,0.3698630136986301,0.5025445292620865,0.5389599394410247,0.0420942466079166
QDA,HIV-1 PR,ECFP4,Validation,0.9612903225806452,0.387012987012987,0.4154589371980676,0.5518518518518518,0.5900582176444246,0.0949876133498258
QDA,HIV-1 PR,ECFP4,Test,0.935251798561151,0.3421052631578947,0.3743961352657005,0.5009633911368016,0.5386996904024768,0.0449981849223228
QDA,HIV-1 PR,ECFP4,Train,0.9604651162790696,0.3578856152512998,0.3892022562449637,0.5214646464646465,0.5812416582003624,0.0871819644355912
QDA,HIV-1 PR,ECFP4,Validation,0.9421965317919077,0.4233766233766233,0.4396135265700483,0.5842293906810035,0.5392745185848634,0.040647950853815
QDA,HIV-1 PR,ECFP4,Test,0.933774834437086,0.3710526315789473,0.3985507246376811,0.5310734463276836,0.5384674922600619,0.0438822391248292
QDA,HIV-1 PR,ECFP4,Train,0.9710144927536232,0.3483535528596187,0.3843674456083803,0.5127551020408163,0.60521125918843,0.1139467176477576
QDA,HIV-1 PR,ECFP4,Validation,0.958904109589041,0.3636363636363636,0.393719806763285,0.527306967984934,0.5783699059561129,0.0837268707700146
QDA,HIV-1 PR,ECFP4,Test,0.9473684210526316,0.331578947368421,0.3695652173913043,0.4912280701754385,0.5628482972136223,0.0739053346125682
QDA,HIV-1 PR,ECFP4,Train,0.944578313253012,0.3393939393939394,0.3671497584541063,0.4993630573248407,0.5375130616509927,0.040596287711969
QDA,HIV-1 PR,ECFP4,Validation,0.948905109489051,0.3385416666666667,0.3680387409200968,0.4990403071017274,0.5485811781609196,0.052728792380108
QDA,HIV-1 PR,ECFP4,Test,0.9444444444444444,0.3578947368421052,0.391304347826087,0.5190839694656488,0.5613003095975232,0.0706741822823559
QDA,HIV-1 PR,ECFP4,Train,0.918918918918919,0.0294627383015597,0.0950846091861402,0.0570948782535684,0.4974899898404351,-0.0075362257643197
QDA,HIV-1 PR,ECFP4,Validation,0.8888888888888888,0.0207792207792207,0.0869565217391304,0.0406091370558375,0.4931482310792656,-0.0239835408224608
QDA,HIV-1 PR,ECFP4,Test,1.0,0.0236842105263157,0.1038647342995169,0.0462724935732647,0.5118421052631579,0.0445904036039959
QDA,HIV-1 PR,ECFP4,Train,0.9230769230769232,0.0207972270363951,0.0878323932312651,0.0406779661016949,0.4989043606446344,-0.0039064775889443
QDA,HIV-1 PR,ECFP4,Validation,0.8333333333333334,0.0259740259740259,0.0893719806763285,0.0503778337531486,0.4785042543663233,-0.0654045894804774
QDA,HIV-1 PR,ECFP4,Test,1.0,0.0210526315789473,0.1014492753623188,0.0412371134020618,0.5105263157894737,0.0419884300767001
QDA,HIV-1 PR,ECFP4,Train,0.9117647058823528,0.0268630849220103,0.0926672038678485,0.0521885521885521,0.4961901631506604,-0.0119180666786044
QDA,HIV-1 PR,ECFP4,Validation,0.9411764705882352,0.0415584415584415,0.1062801932367149,0.0796019900497512,0.5035378414688759,0.0091007673754528
QDA,HIV-1 PR,ECFP4,Test,1.0,0.0289473684210526,0.108695652173913,0.0562659846547314,0.5144736842105263,0.049418718545902
QDA,HIV-1 PR,ECFP4,Train,0.9166666666666666,0.0380952380952381,0.1022544283413848,0.0731504571903574,0.4960591133004927,-0.010436425591749
QDA,HIV-1 PR,ECFP4,Validation,0.8333333333333334,0.0130208333333333,0.0799031476997578,0.0256410256410256,0.4892690373563218,-0.0458311188967459
QDA,HIV-1 PR,ECFP4,Test,1.0,0.0263157894736842,0.1062801932367149,0.0512820512820512,0.5131578947368421,0.0470605477414564
QDA,HIV-1 PR,ECFP4,Train,0.918918918918919,0.0294627383015597,0.0950846091861402,0.0570948782535684,0.4974899898404351,-0.0075362257643197
QDA,HIV-1 PR,ECFP4,Validation,0.8888888888888888,0.0207792207792207,0.0869565217391304,0.0406091370558375,0.4931482310792656,-0.0239835408224608
QDA,HIV-1 PR,ECFP4,Test,1.0,0.0236842105263157,0.1038647342995169,0.0462724935732647,0.5118421052631579,0.0445904036039959
QDA,HIV-1 PR,ECFP4,Train,0.9230769230769232,0.0207972270363951,0.0878323932312651,0.0406779661016949,0.4989043606446344,-0.0039064775889443
QDA,HIV-1 PR,ECFP4,Validation,0.8333333333333334,0.0259740259740259,0.0893719806763285,0.0503778337531486,0.4785042543663233,-0.0654045894804774
QDA,HIV-1 PR,ECFP4,Test,1.0,0.0210526315789473,0.1014492753623188,0.0412371134020618,0.5105263157894737,0.0419884300767001
QDA,HIV-1 PR,ECFP4,Train,0.9117647058823528,0.0268630849220103,0.0926672038678485,0.0521885521885521,0.4961901631506604,-0.0119180666786044
QDA,HIV-1 PR,ECFP4,Validation,0.9411764705882352,0.0415584415584415,0.1062801932367149,0.0796019900497512,0.5035378414688759,0.0091007673754528
QDA,HIV-1 PR,ECFP4,Test,1.0,0.0289473684210526,0.108695652173913,0.0562659846547314,0.5144736842105263,0.049418718545902
QDA,HIV-1 PR,ECFP4,Train,0.9166666666666666,0.0380952380952381,0.1022544283413848,0.0731504571903574,0.4960591133004927,-0.010436425591749
QDA,HIV-1 PR,ECFP4,Validation,0.8333333333333334,0.0130208333333333,0.0799031476997578,0.0256410256410256,0.4892690373563218,-0.0458311188967459
QDA,HIV-1 PR,ECFP4,Test,1.0,0.0263157894736842,0.1062801932367149,0.0512820512820512,0.5131578947368421,0.0470605477414564
QDA,HIV-1 PR,ECFP4,Train,1.0,0.0077989601386481,0.0773569701853344,0.0154772141014617,0.5038994800693241,0.0234678132032822
QDA,HIV-1 PR,ECFP4,Validation,1.0,0.0129870129870129,0.0821256038647343,0.0256410256410256,0.5064935064935064,0.0303453382193442
QDA,HIV-1 PR,ECFP4,Test,0.0,0.0,0.0821256038647343,0.0,0.5,0.0
QDA,HIV-1 PR,ECFP4,Train,1.0,0.0069324090121317,0.0765511684125705,0.0137693631669535,0.5034662045060658,0.0221166923645462
QDA,HIV-1 PR,ECFP4,Validation,1.0,0.0077922077922077,0.0772946859903381,0.0154639175257731,0.5038961038961038,0.0234481374176136
QDA,HIV-1 PR,ECFP4,Test,0.0,0.0,0.0821256038647343,0.0,0.5,0.0
QDA,HIV-1 PR,ECFP4,Train,1.0,0.0147313691507798,0.0838033843674456,0.0290350128095644,0.50736568457539,0.0323586558930897
QDA,HIV-1 PR,ECFP4,Validation,1.0,0.0103896103896103,0.0797101449275362,0.0205655526992287,0.5051948051948052,0.0271085757873102
QDA,HIV-1 PR,ECFP4,Test,1.0,0.0105263157894736,0.0917874396135265,0.0208333333333333,0.5052631578947369,0.0295451179096956
QDA,HIV-1 PR,ECFP4,Train,1.0,0.006060606060606,0.0756843800322061,0.0120481927710843,0.503030303030303,0.0206625622702766
QDA,HIV-1 PR,ECFP4,Validation,1.0,0.0078125,0.0774818401937046,0.0155038759689922,0.50390625,0.0235072640563429
QDA,HIV-1 PR,ECFP4,Test,1.0,0.0026315789473684,0.0845410628019323,0.0052493438320209,0.5013157894736842,0.0147188078040711
QDA,HIV-1 PR,ECFP4,Train,1.0,0.0077989601386481,0.0773569701853344,0.0154772141014617,0.5038994800693241,0.0234678132032822
QDA,HIV-1 PR,ECFP4,Validation,1.0,0.0129870129870129,0.0821256038647343,0.0256410256410256,0.5064935064935064,0.0303453382193442
QDA,HIV-1 PR,ECFP4,Test,0.0,0.0,0.0821256038647343,0.0,0.5,0.0
QDA,HIV-1 PR,ECFP4,Train,1.0,0.0069324090121317,0.0765511684125705,0.0137693631669535,0.5034662045060658,0.0221166923645462
QDA,HIV-1 PR,ECFP4,Validation,1.0,0.0077922077922077,0.0772946859903381,0.0154639175257731,0.5038961038961038,0.0234481374176136
QDA,HIV-1 PR,ECFP4,Test,0.0,0.0,0.0821256038647343,0.0,0.5,0.0
QDA,HIV-1 PR,ECFP4,Train,1.0,0.0147313691507798,0.0838033843674456,0.0290350128095644,0.50736568457539,0.0323586558930897
QDA,HIV-1 PR,ECFP4,Validation,1.0,0.0103896103896103,0.0797101449275362,0.0205655526992287,0.5051948051948052,0.0271085757873102
QDA,HIV-1 PR,ECFP4,Test,1.0,0.0105263157894736,0.0917874396135265,0.0208333333333333,0.5052631578947369,0.0295451179096956
QDA,HIV-1 PR,ECFP4,Train,1.0,0.006060606060606,0.0756843800322061,0.0120481927710843,0.503030303030303,0.0206625622702766
QDA,HIV-1 PR,ECFP4,Validation,1.0,0.0078125,0.0774818401937046,0.0155038759689922,0.50390625,0.0235072640563429
QDA,HIV-1 PR,ECFP4,Test,1.0,0.0026315789473684,0.0845410628019323,0.0052493438320209,0.5013157894736842,0.0147188078040711
QDA,HIV-1 PR,MIX,Train,0.9366883116883116,1.0,0.9371474617244158,0.9673093042749372,0.5517241379310345,0.311285706167675
QDA,HIV-1 PR,MIX,Validation,0.943627450980392,1.0,0.9444444444444444,0.9709962168978562,0.603448275862069,0.4418520857935166
QDA,HIV-1 PR,MIX,Test,0.9174757281553398,0.9947368421052633,0.9130434782608696,0.9545454545454546,0.4973684210526315,-0.0208407838832092
QDA,HIV-1 PR,MIX,Train,0.9397394136807816,1.0,0.9403706688154714,0.9689336691855585,0.5747126436781609,0.3747276770260134
QDA,HIV-1 PR,MIX,Validation,0.9343065693430656,0.9974025974025974,0.932367149758454,0.964824120603015,0.5331840573219884,0.1997134462810544
QDA,HIV-1 PR,MIX,Test,0.9174757281553398,0.9947368421052633,0.9130434782608696,0.9545454545454546,0.4973684210526315,-0.0208407838832092
QDA,HIV-1 PR,MIX,Train,0.94281045751634,1.0,0.943593875906527,0.9705634987384356,0.5977011494252873,0.4292171138002945
QDA,HIV-1 PR,MIX,Validation,0.9364303178484108,0.9948051948051948,0.932367149758454,0.964735516372796,0.5491267353336319,0.2295781794939358
QDA,HIV-1 PR,MIX,Test,0.9174757281553398,0.9947368421052633,0.9130434782608696,0.9545454545454546,0.4973684210526315,-0.0208407838832092
QDA,HIV-1 PR,MIX,Train,0.9382615759545084,1.0,0.9388083735909822,0.9681475272422464,0.5632183908045977,0.3444281840547601
QDA,HIV-1 PR,MIX,Validation,0.9387254901960784,0.9973958333333334,0.937046004842615,0.9671717171717172,0.5676634339080461,0.3161793901634678
QDA,HIV-1 PR,MIX,Test,0.9166666666666666,0.9842105263157894,0.9033816425120772,0.949238578680203,0.4921052631578947,-0.0362738125055005
QDA,HIV-1 PR,MIX,Train,0.9366883116883116,1.0,0.9371474617244158,0.9673093042749372,0.5517241379310345,0.311285706167675
QDA,HIV-1 PR,MIX,Validation,0.943627450980392,1.0,0.9444444444444444,0.9709962168978562,0.603448275862069,0.4418520857935166
QDA,HIV-1 PR,MIX,Test,0.9174757281553398,0.9947368421052633,0.9130434782608696,0.9545454545454546,0.4973684210526315,-0.0208407838832092
QDA,HIV-1 PR,MIX,Train,0.9397394136807816,1.0,0.9403706688154714,0.9689336691855585,0.5747126436781609,0.3747276770260134
QDA,HIV-1 PR,MIX,Validation,0.9343065693430656,0.9974025974025974,0.932367149758454,0.964824120603015,0.5331840573219884,0.1997134462810544
QDA,HIV-1 PR,MIX,Test,0.9174757281553398,0.9947368421052633,0.9130434782608696,0.9545454545454546,0.4973684210526315,-0.0208407838832092
QDA,HIV-1 PR,MIX,Train,0.94281045751634,1.0,0.943593875906527,0.9705634987384356,0.5977011494252873,0.4292171138002945
QDA,HIV-1 PR,MIX,Validation,0.9364303178484108,0.9948051948051948,0.932367149758454,0.964735516372796,0.5491267353336319,0.2295781794939358
QDA,HIV-1 PR,MIX,Test,0.9174757281553398,0.9947368421052633,0.9130434782608696,0.9545454545454546,0.4973684210526315,-0.0208407838832092
QDA,HIV-1 PR,MIX,Train,0.9382615759545084,1.0,0.9388083735909822,0.9681475272422464,0.5632183908045977,0.3444281840547601
QDA,HIV-1 PR,MIX,Validation,0.9387254901960784,0.9973958333333334,0.937046004842615,0.9671717171717172,0.5676634339080461,0.3161793901634678
QDA,HIV-1 PR,MIX,Test,0.9166666666666666,0.9842105263157894,0.9033816425120772,0.949238578680203,0.4921052631578947,-0.0362738125055005
QDA,HIV-1 PR,MIX,Train,0.9298952457695407,1.0,0.9298952457695407,0.9636743215031316,0.5,0.0
QDA,HIV-1 PR,MIX,Validation,0.929951690821256,1.0,0.929951690821256,0.9637046307884856,0.5,0.0
QDA,HIV-1 PR,MIX,Test,0.9178743961352656,1.0,0.9178743961352656,0.9571788413098236,0.5,0.0
QDA,HIV-1 PR,MIX,Train,0.9298952457695407,1.0,0.9298952457695407,0.9636743215031316,0.5,0.0
QDA,HIV-1 PR,MIX,Validation,0.929951690821256,1.0,0.929951690821256,0.9637046307884856,0.5,0.0
QDA,HIV-1 PR,MIX,Test,0.9178743961352656,1.0,0.9178743961352656,0.9571788413098236,0.5,0.0
QDA,HIV-1 PR,MIX,Train,0.9298952457695407,1.0,0.9298952457695407,0.9636743215031316,0.5,0.0
QDA,HIV-1 PR,MIX,Validation,0.929951690821256,1.0,0.929951690821256,0.9637046307884856,0.5,0.0
QDA,HIV-1 PR,MIX,Test,0.9178743961352656,1.0,0.9178743961352656,0.9571788413098236,0.5,0.0
QDA,HIV-1 PR,MIX,Train,0.929951690821256,1.0,0.929951690821256,0.9637046307884856,0.5,0.0
QDA,HIV-1 PR,MIX,Validation,0.9297820823244553,1.0,0.9297820823244553,0.9636135508155584,0.5,0.0
QDA,HIV-1 PR,MIX,Test,0.9178743961352656,1.0,0.9178743961352656,0.9571788413098236,0.5,0.0
QDA,HIV-1 PR,MIX,Train,0.9298952457695407,1.0,0.9298952457695407,0.9636743215031316,0.5,0.0
QDA,HIV-1 PR,MIX,Validation,0.929951690821256,1.0,0.929951690821256,0.9637046307884856,0.5,0.0
QDA,HIV-1 PR,MIX,Test,0.9178743961352656,1.0,0.9178743961352656,0.9571788413098236,0.5,0.0
QDA,HIV-1 PR,MIX,Train,0.9298952457695407,1.0,0.9298952457695407,0.9636743215031316,0.5,0.0
QDA,HIV-1 PR,MIX,Validation,0.929951690821256,1.0,0.929951690821256,0.9637046307884856,0.5,0.0
QDA,HIV-1 PR,MIX,Test,0.9178743961352656,1.0,0.9178743961352656,0.9571788413098236,0.5,0.0
QDA,HIV-1 PR,MIX,Train,0.9298952457695407,1.0,0.9298952457695407,0.9636743215031316,0.5,0.0
QDA,HIV-1 PR,MIX,Validation,0.929951690821256,1.0,0.929951690821256,0.9637046307884856,0.5,0.0
QDA,HIV-1 PR,MIX,Test,0.9178743961352656,1.0,0.9178743961352656,0.9571788413098236,0.5,0.0
QDA,HIV-1 PR,MIX,Train,0.929951690821256,1.0,0.929951690821256,0.9637046307884856,0.5,0.0
QDA,HIV-1 PR,MIX,Validation,0.9297820823244553,1.0,0.9297820823244553,0.9636135508155584,0.5,0.0
QDA,HIV-1 PR,MIX,Test,0.9178743961352656,1.0,0.9178743961352656,0.9571788413098236,0.5,0.0
QDA,HIV-1 PR,MIX,Train,0.9298952457695407,1.0,0.9298952457695407,0.9636743215031316,0.5,0.0
QDA,HIV-1 PR,MIX,Validation,0.929951690821256,1.0,0.929951690821256,0.9637046307884856,0.5,0.0
QDA,HIV-1 PR,MIX,Test,0.9178743961352656,1.0,0.9178743961352656,0.9571788413098236,0.5,0.0
QDA,HIV-1 PR,MIX,Train,0.9298952457695407,1.0,0.9298952457695407,0.9636743215031316,0.5,0.0
QDA,HIV-1 PR,MIX,Validation,0.929951690821256,1.0,0.929951690821256,0.9637046307884856,0.5,0.0
QDA,HIV-1 PR,MIX,Test,0.9178743961352656,1.0,0.9178743961352656,0.9571788413098236,0.5,0.0
QDA,HIV-1 PR,MIX,Train,0.9298952457695407,1.0,0.9298952457695407,0.9636743215031316,0.5,0.0
QDA,HIV-1 PR,MIX,Validation,0.929951690821256,1.0,0.929951690821256,0.9637046307884856,0.5,0.0
QDA,HIV-1 PR,MIX,Test,0.9178743961352656,1.0,0.9178743961352656,0.9571788413098236,0.5,0.0
QDA,HIV-1 PR,MIX,Train,0.929951690821256,1.0,0.929951690821256,0.9637046307884856,0.5,0.0
QDA,HIV-1 PR,MIX,Validation,0.9297820823244553,1.0,0.9297820823244553,0.9636135508155584,0.5,0.0
QDA,HIV-1 PR,MIX,Test,0.9178743961352656,1.0,0.9178743961352656,0.9571788413098236,0.5,0.0
QDA,HIV-1 PR,MIX,Train,0.9298952457695407,1.0,0.9298952457695407,0.9636743215031316,0.5,0.0
QDA,HIV-1 PR,MIX,Validation,0.929951690821256,1.0,0.929951690821256,0.9637046307884856,0.5,0.0
QDA,HIV-1 PR,MIX,Test,0.9178743961352656,1.0,0.9178743961352656,0.9571788413098236,0.5,0.0
QDA,HIV-1 PR,MIX,Train,0.9298952457695407,1.0,0.9298952457695407,0.9636743215031316,0.5,0.0
QDA,HIV-1 PR,MIX,Validation,0.929951690821256,1.0,0.929951690821256,0.9637046307884856,0.5,0.0
QDA,HIV-1 PR,MIX,Test,0.9178743961352656,1.0,0.9178743961352656,0.9571788413098236,0.5,0.0
QDA,HIV-1 PR,MIX,Train,0.9298952457695407,1.0,0.9298952457695407,0.9636743215031316,0.5,0.0
QDA,HIV-1 PR,MIX,Validation,0.929951690821256,1.0,0.929951690821256,0.9637046307884856,0.5,0.0
QDA,HIV-1 PR,MIX,Test,0.9178743961352656,1.0,0.9178743961352656,0.9571788413098236,0.5,0.0
QDA,HIV-1 PR,MIX,Train,0.929951690821256,1.0,0.929951690821256,0.9637046307884856,0.5,0.0
QDA,HIV-1 PR,MIX,Validation,0.9297820823244553,1.0,0.9297820823244553,0.9636135508155584,0.5,0.0
QDA,HIV-1 PR,MIX,Test,0.9178743961352656,1.0,0.9178743961352656,0.9571788413098236,0.5,0.0
QDA,HIV-1 PR,MIX,Train,0.9298952457695407,1.0,0.9298952457695407,0.9636743215031316,0.5,0.0
QDA,HIV-1 PR,MIX,Validation,0.929951690821256,1.0,0.929951690821256,0.9637046307884856,0.5,0.0
QDA,HIV-1 PR,MIX,Test,0.9178743961352656,1.0,0.9178743961352656,0.9571788413098236,0.5,0.0
QDA,HIV-1 PR,MIX,Train,0.9298952457695407,1.0,0.9298952457695407,0.9636743215031316,0.5,0.0
QDA,HIV-1 PR,MIX,Validation,0.929951690821256,1.0,0.929951690821256,0.9637046307884856,0.5,0.0
QDA,HIV-1 PR,MIX,Test,0.9178743961352656,1.0,0.9178743961352656,0.9571788413098236,0.5,0.0
QDA,HIV-1 PR,MIX,Train,0.9298952457695407,1.0,0.9298952457695407,0.9636743215031316,0.5,0.0
QDA,HIV-1 PR,MIX,Validation,0.929951690821256,1.0,0.929951690821256,0.9637046307884856,0.5,0.0
QDA,HIV-1 PR,MIX,Test,0.9178743961352656,1.0,0.9178743961352656,0.9571788413098236,0.5,0.0
QDA,HIV-1 PR,MIX,Train,0.929951690821256,1.0,0.929951690821256,0.9637046307884856,0.5,0.0
QDA,HIV-1 PR,MIX,Validation,0.9297820823244553,1.0,0.9297820823244553,0.9636135508155584,0.5,0.0
QDA,HIV-1 PR,MIX,Test,0.9178743961352656,1.0,0.9178743961352656,0.9571788413098236,0.5,0.0
QDA,HIV-1 PR,MIX,Train,0.9298952457695407,1.0,0.9298952457695407,0.9636743215031316,0.5,0.0
QDA,HIV-1 PR,MIX,Validation,0.929951690821256,1.0,0.929951690821256,0.9637046307884856,0.5,0.0
QDA,HIV-1 PR,MIX,Test,0.9178743961352656,1.0,0.9178743961352656,0.9571788413098236,0.5,0.0
QDA,HIV-1 PR,MIX,Train,0.9298952457695407,1.0,0.9298952457695407,0.9636743215031316,0.5,0.0
QDA,HIV-1 PR,MIX,Validation,0.929951690821256,1.0,0.929951690821256,0.9637046307884856,0.5,0.0
QDA,HIV-1 PR,MIX,Test,0.9178743961352656,1.0,0.9178743961352656,0.9571788413098236,0.5,0.0
QDA,HIV-1 PR,MIX,Train,0.9298952457695407,1.0,0.9298952457695407,0.9636743215031316,0.5,0.0
QDA,HIV-1 PR,MIX,Validation,0.929951690821256,1.0,0.929951690821256,0.9637046307884856,0.5,0.0
QDA,HIV-1 PR,MIX,Test,0.9178743961352656,1.0,0.9178743961352656,0.9571788413098236,0.5,0.0
QDA,HIV-1 PR,MIX,Train,0.929951690821256,1.0,0.929951690821256,0.9637046307884856,0.5,0.0
QDA,HIV-1 PR,MIX,Validation,0.9297820823244553,1.0,0.9297820823244553,0.9636135508155584,0.5,0.0
QDA,HIV-1 PR,MIX,Test,0.9178743961352656,1.0,0.9178743961352656,0.9571788413098236,0.5,0.0
QDA,HIV-1 PR,MIX,Train,0.9298952457695407,1.0,0.9298952457695407,0.9636743215031316,0.5,0.0
QDA,HIV-1 PR,MIX,Validation,0.929951690821256,1.0,0.929951690821256,0.9637046307884856,0.5,0.0
QDA,HIV-1 PR,MIX,Test,0.9178743961352656,1.0,0.9178743961352656,0.9571788413098236,0.5,0.0
QDA,HIV-1 PR,MIX,Train,0.9298952457695407,1.0,0.9298952457695407,0.9636743215031316,0.5,0.0
QDA,HIV-1 PR,MIX,Validation,0.929951690821256,1.0,0.929951690821256,0.9637046307884856,0.5,0.0
QDA,HIV-1 PR,MIX,Test,0.9178743961352656,1.0,0.9178743961352656,0.9571788413098236,0.5,0.0
QDA,HIV-1 PR,MIX,Train,0.9298952457695407,1.0,0.9298952457695407,0.9636743215031316,0.5,0.0
QDA,HIV-1 PR,MIX,Validation,0.929951690821256,1.0,0.929951690821256,0.9637046307884856,0.5,0.0
QDA,HIV-1 PR,MIX,Test,0.9178743961352656,1.0,0.9178743961352656,0.9571788413098236,0.5,0.0
QDA,HIV-1 PR,MIX,Train,0.929951690821256,1.0,0.929951690821256,0.9637046307884856,0.5,0.0
QDA,HIV-1 PR,MIX,Validation,0.9297820823244553,1.0,0.9297820823244553,0.9636135508155584,0.5,0.0
QDA,HIV-1 PR,MIX,Test,0.9178743961352656,1.0,0.9178743961352656,0.9571788413098236,0.5,0.0
QDA,HIV-1 PR,MIX,Train,0.9298952457695407,1.0,0.9298952457695407,0.9636743215031316,0.5,0.0
QDA,HIV-1 PR,MIX,Validation,0.929951690821256,1.0,0.929951690821256,0.9637046307884856,0.5,0.0
QDA,HIV-1 PR,MIX,Test,0.9178743961352656,1.0,0.9178743961352656,0.9571788413098236,0.5,0.0
QDA,HIV-1 PR,MIX,Train,0.9298952457695407,1.0,0.9298952457695407,0.9636743215031316,0.5,0.0
QDA,HIV-1 PR,MIX,Validation,0.929951690821256,1.0,0.929951690821256,0.9637046307884856,0.5,0.0
QDA,HIV-1 PR,MIX,Test,0.9178743961352656,1.0,0.9178743961352656,0.9571788413098236,0.5,0.0
QDA,HIV-1 PR,MIX,Train,0.9298952457695407,1.0,0.9298952457695407,0.9636743215031316,0.5,0.0
QDA,HIV-1 PR,MIX,Validation,0.929951690821256,1.0,0.929951690821256,0.9637046307884856,0.5,0.0
QDA,HIV-1 PR,MIX,Test,0.9178743961352656,1.0,0.9178743961352656,0.9571788413098236,0.5,0.0
QDA,HIV-1 PR,MIX,Train,0.929951690821256,1.0,0.929951690821256,0.9637046307884856,0.5,0.0
QDA,HIV-1 PR,MIX,Validation,0.9297820823244553,1.0,0.9297820823244553,0.9636135508155584,0.5,0.0
QDA,HIV-1 PR,MIX,Test,0.9178743961352656,1.0,0.9178743961352656,0.9571788413098236,0.5,0.0
QDA,HIV-1 PR,MIX,Train,0.1071428571428571,0.0025996533795493,0.0523771152296535,0.0050761421319796,0.3576216657702344,-0.489583776297125
QDA,HIV-1 PR,MIX,Validation,0.3333333333333333,0.0025974025974025,0.0676328502415458,0.0051546391752577,0.4668159426780116,-0.1997134462810544
QDA,HIV-1 PR,MIX,Test,0.0,0.0,0.0821256038647343,0.0,0.5,0.0
QDA,HIV-1 PR,MIX,Train,0.0384615384615384,0.0008665511265164,0.0507655116841257,0.0016949152542372,0.356755114643718,-0.510736431321847
QDA,HIV-1 PR,MIX,Validation,1.0,0.0051948051948051,0.0748792270531401,0.0103359173126615,0.5025974025974026,0.0191220752982519
QDA,HIV-1 PR,MIX,Test,0.0,0.0,0.0821256038647343,0.0,0.5,0.0
QDA,HIV-1 PR,MIX,Train,0.0625,0.0017331022530329,0.0475423045930701,0.0033726812816188,0.3284527580230681,-0.5526982976700614
QDA,HIV-1 PR,MIX,Validation,1.0,0.0025974025974025,0.072463768115942,0.005181347150259,0.5012987012987012,0.0135049695206861
QDA,HIV-1 PR,MIX,Test,0.0,0.0,0.0821256038647343,0.0,0.5,0.0
QDA,HIV-1 PR,MIX,Train,0.217391304347826,0.0043290043290043,0.0595813204508856,0.0084889643463497,0.3987162263024332,-0.3834905950084847
QDA,HIV-1 PR,MIX,Validation,0.0,0.0,0.0702179176755447,0.0,0.5,0.0
QDA,HIV-1 PR,MIX,Test,0.0,0.0,0.0821256038647343,0.0,0.5,0.0
QDA,HIV-1 PR,MIX,Train,0.1071428571428571,0.0025996533795493,0.0523771152296535,0.0050761421319796,0.3576216657702344,-0.489583776297125
QDA,HIV-1 PR,MIX,Validation,0.3333333333333333,0.0025974025974025,0.0676328502415458,0.0051546391752577,0.4668159426780116,-0.1997134462810544
QDA,HIV-1 PR,MIX,Test,0.0,0.0,0.0821256038647343,0.0,0.5,0.0
QDA,HIV-1 PR,MIX,Train,0.0384615384615384,0.0008665511265164,0.0507655116841257,0.0016949152542372,0.356755114643718,-0.510736431321847
QDA,HIV-1 PR,MIX,Validation,1.0,0.0051948051948051,0.0748792270531401,0.0103359173126615,0.5025974025974026,0.0191220752982519
QDA,HIV-1 PR,MIX,Test,0.0,0.0,0.0821256038647343,0.0,0.5,0.0
QDA,HIV-1 PR,MIX,Train,0.0625,0.0017331022530329,0.0475423045930701,0.0033726812816188,0.3284527580230681,-0.5526982976700614
QDA,HIV-1 PR,MIX,Validation,1.0,0.0025974025974025,0.072463768115942,0.005181347150259,0.5012987012987012,0.0135049695206861
QDA,HIV-1 PR,MIX,Test,0.0,0.0,0.0821256038647343,0.0,0.5,0.0
QDA,HIV-1 PR,MIX,Train,0.217391304347826,0.0043290043290043,0.0595813204508856,0.0084889643463497,0.3987162263024332,-0.3834905950084847
QDA,HIV-1 PR,MIX,Validation,0.0,0.0,0.0702179176755447,0.0,0.5,0.0
QDA,HIV-1 PR,MIX,Test,0.0,0.0,0.0821256038647343,0.0,0.5,0.0
QDA,HIV-1 PR,MIX,Train,0.9982698961937716,1.0,0.9983883964544722,0.9991341991341992,0.9885057471264368,0.98758349669683
QDA,HIV-1 PR,MIX,Validation,1.0,0.3220779220779221,0.3695652173913043,0.487229862475442,0.6610389610389611,0.1794652952740228
QDA,HIV-1 PR,MIX,Test,1.0,0.2447368421052631,0.3067632850241545,0.3932346723044397,0.6223684210526316,0.1610039823773543
QDA,HIV-1 PR,MIX,Train,0.9991341991341992,1.0,0.999194198227236,0.9995669120831528,0.9942528735632185,0.9938057647220232
QDA,HIV-1 PR,MIX,Validation,0.9861111111111112,0.3688311688311688,0.4082125603864734,0.5368620037807184,0.6499328257948946,0.1606915195100665
QDA,HIV-1 PR,MIX,Test,1.0,0.2684210526315789,0.3285024154589372,0.4232365145228215,0.6342105263157894,0.1710292727744259
QDA,HIV-1 PR,MIX,Train,0.9982698961937716,1.0,0.9983883964544722,0.9991341991341992,0.9885057471264368,0.98758349669683
QDA,HIV-1 PR,MIX,Validation,1.0,0.3558441558441558,0.4009661835748792,0.524904214559387,0.6779220779220779,0.1930140987301029
QDA,HIV-1 PR,MIX,Test,1.0,0.2368421052631578,0.2995169082125604,0.3829787234042553,0.618421052631579,0.1576508838211529
QDA,HIV-1 PR,MIX,Train,0.9982713915298184,1.0,0.998389694041868,0.999134948096886,0.9885057471264368,0.98758423636085
QDA,HIV-1 PR,MIX,Validation,0.9895833333333334,0.2473958333333333,0.297820823244552,0.3958333333333333,0.6064565373563219,0.1287957982799266
QDA,HIV-1 PR,MIX,Test,1.0,0.1368421052631579,0.2077294685990338,0.2407407407407407,0.5684210526315789,0.1133691907993813
QDA,HIV-1 PR,MIX,Train,0.9982698961937716,1.0,0.9983883964544722,0.9991341991341992,0.9885057471264368,0.98758349669683
QDA,HIV-1 PR,MIX,Validation,1.0,0.3220779220779221,0.3695652173913043,0.487229862475442,0.6610389610389611,0.1794652952740228
QDA,HIV-1 PR,MIX,Test,1.0,0.2447368421052631,0.3067632850241545,0.3932346723044397,0.6223684210526316,0.1610039823773543
QDA,HIV-1 PR,MIX,Train,0.9991341991341992,1.0,0.999194198227236,0.9995669120831528,0.9942528735632185,0.9938057647220232
QDA,HIV-1 PR,MIX,Validation,0.9861111111111112,0.3688311688311688,0.4082125603864734,0.5368620037807184,0.6499328257948946,0.1606915195100665
QDA,HIV-1 PR,MIX,Test,1.0,0.2684210526315789,0.3285024154589372,0.4232365145228215,0.6342105263157894,0.1710292727744259
QDA,HIV-1 PR,MIX,Train,0.9982698961937716,1.0,0.9983883964544722,0.9991341991341992,0.9885057471264368,0.98758349669683
QDA,HIV-1 PR,MIX,Validation,1.0,0.3558441558441558,0.4009661835748792,0.524904214559387,0.6779220779220779,0.1930140987301029
QDA,HIV-1 PR,MIX,Test,1.0,0.2368421052631578,0.2995169082125604,0.3829787234042553,0.618421052631579,0.1576508838211529
QDA,HIV-1 PR,MIX,Train,0.9982713915298184,1.0,0.998389694041868,0.999134948096886,0.9885057471264368,0.98758423636085
QDA,HIV-1 PR,MIX,Validation,0.9895833333333334,0.2473958333333333,0.297820823244552,0.3958333333333333,0.6064565373563219,0.1287957982799266
QDA,HIV-1 PR,MIX,Test,1.0,0.1368421052631579,0.2077294685990338,0.2407407407407407,0.5684210526315789,0.1133691907993813
QDA,HIV-1 PR,MIX,Train,0.9956859361518552,1.0,0.9959709911361804,0.9978383052313012,0.971264367816092,0.9687427968702298
QDA,HIV-1 PR,MIX,Validation,0.9956521739130436,0.5948051948051948,0.6207729468599034,0.7447154471544716,0.7801612180922526,0.2878024898695297
QDA,HIV-1 PR,MIX,Test,1.0,0.5157894736842106,0.5555555555555556,0.6805555555555556,0.7578947368421053,0.2836269201621325
QDA,HIV-1 PR,MIX,Train,0.996545768566494,1.0,0.9967767929089444,0.9982698961937716,0.9770114942528736,0.9750525997660656
QDA,HIV-1 PR,MIX,Validation,0.9815668202764976,0.5532467532467532,0.5748792270531401,0.707641196013289,0.7076578593819972,0.2122485598686392
QDA,HIV-1 PR,MIX,Test,1.0,0.4710526315789474,0.5144927536231884,0.6404293381037567,0.7355263157894737,0.2610599464351028
QDA,HIV-1 PR,MIX,Train,0.996545768566494,1.0,0.9967767929089444,0.9982698961937716,0.9770114942528736,0.9750525997660656
QDA,HIV-1 PR,MIX,Validation,1.0,0.5974025974025974,0.6256038647342995,0.7479674796747967,0.7987012987012987,0.3068482428756015
QDA,HIV-1 PR,MIX,Test,1.0,0.4868421052631579,0.5289855072463768,0.6548672566371682,0.743421052631579,0.2688535548755167
QDA,HIV-1 PR,MIX,Train,0.9956896551724138,1.0,0.99597423510467,0.9978401727861772,0.971264367816092,0.9687446060606996
QDA,HIV-1 PR,MIX,Validation,0.9888888888888888,0.4635416666666667,0.4963680387409201,0.6312056737588653,0.6972880747126438,0.2033205277854373
QDA,HIV-1 PR,MIX,Test,1.0,0.3342105263157894,0.3888888888888889,0.5009861932938856,0.6671052631578948,0.1989796086302589
QDA,HIV-1 PR,MIX,Train,0.9956859361518552,1.0,0.9959709911361804,0.9978383052313012,0.971264367816092,0.9687427968702298
QDA,HIV-1 PR,MIX,Validation,0.9956521739130436,0.5948051948051948,0.6207729468599034,0.7447154471544716,0.7801612180922526,0.2878024898695297
QDA,HIV-1 PR,MIX,Test,1.0,0.5157894736842106,0.5555555555555556,0.6805555555555556,0.7578947368421053,0.2836269201621325
QDA,HIV-1 PR,MIX,Train,0.996545768566494,1.0,0.9967767929089444,0.9982698961937716,0.9770114942528736,0.9750525997660656
QDA,HIV-1 PR,MIX,Validation,0.9815668202764976,0.5532467532467532,0.5748792270531401,0.707641196013289,0.7076578593819972,0.2122485598686392
QDA,HIV-1 PR,MIX,Test,1.0,0.4710526315789474,0.5144927536231884,0.6404293381037567,0.7355263157894737,0.2610599464351028
QDA,HIV-1 PR,MIX,Train,0.996545768566494,1.0,0.9967767929089444,0.9982698961937716,0.9770114942528736,0.9750525997660656
QDA,HIV-1 PR,MIX,Validation,1.0,0.5974025974025974,0.6256038647342995,0.7479674796747967,0.7987012987012987,0.3068482428756015
QDA,HIV-1 PR,MIX,Test,1.0,0.4868421052631579,0.5289855072463768,0.6548672566371682,0.743421052631579,0.2688535548755167
QDA,HIV-1 PR,MIX,Train,0.9956896551724138,1.0,0.99597423510467,0.9978401727861772,0.971264367816092,0.9687446060606996
QDA,HIV-1 PR,MIX,Validation,0.9888888888888888,0.4635416666666667,0.4963680387409201,0.6312056737588653,0.6972880747126438,0.2033205277854373
QDA,HIV-1 PR,MIX,Test,1.0,0.3342105263157894,0.3888888888888889,0.5009861932938856,0.6671052631578948,0.1989796086302589
QDA,HIV-1 PR,MIX,Train,0.9956255468066492,0.9861351819757366,0.983078162771958,0.9908576404005224,0.9643319588039604,0.8791944733532285
QDA,HIV-1 PR,MIX,Validation,0.9959349593495936,0.6363636363636364,0.6594202898550725,0.7765451664025357,0.8009404388714734,0.3128367136208552
QDA,HIV-1 PR,MIX,Test,1.0,0.5368421052631579,0.5748792270531401,0.6986301369863014,0.7684210526315789,0.2948173896382008
QDA,HIV-1 PR,MIX,Train,0.9965156794425089,0.9913344887348352,0.9887187751813054,0.9939183318853172,0.9726787386202912,0.9167399888243573
QDA,HIV-1 PR,MIX,Validation,0.986725663716814,0.5792207792207792,0.6014492753623188,0.7299509001636661,0.7378862516793552,0.2438908787320897
QDA,HIV-1 PR,MIX,Test,1.0,0.5,0.5410628019323671,0.6666666666666666,0.75,0.2754865825096698
QDA,HIV-1 PR,MIX,Train,0.9956483899042646,0.9913344887348352,0.9879129734085416,0.9934867564046896,0.9669316121835096,0.9101057869929304
QDA,HIV-1 PR,MIX,Validation,1.0,0.6,0.6280193236714976,0.75,0.8,0.308353639857088
QDA,HIV-1 PR,MIX,Test,1.0,0.5105263157894737,0.5507246376811594,0.6759581881533101,0.7552631578947369,0.2808905864052771
QDA,HIV-1 PR,MIX,Train,0.9956521739130436,0.9913419913419912,0.9879227053140096,0.9934924078091106,0.9669353634870876,0.9101113842552502
QDA,HIV-1 PR,MIX,Validation,0.9894736842105264,0.4895833333333333,0.5205811138014528,0.6550522648083623,0.7103089080459769,0.2156368818722141
QDA,HIV-1 PR,MIX,Test,1.0,0.3684210526315789,0.4202898550724637,0.5384615384615384,0.6842105263157895,0.2138141271840581
QDA,HIV-1 PR,MIX,Train,0.9956255468066492,0.9861351819757366,0.983078162771958,0.9908576404005224,0.9643319588039604,0.8791944733532285
QDA,HIV-1 PR,MIX,Validation,0.9959349593495936,0.6363636363636364,0.6594202898550725,0.7765451664025357,0.8009404388714734,0.3128367136208552
QDA,HIV-1 PR,MIX,Test,1.0,0.5368421052631579,0.5748792270531401,0.6986301369863014,0.7684210526315789,0.2948173896382008
QDA,HIV-1 PR,MIX,Train,0.9965156794425089,0.9913344887348352,0.9887187751813054,0.9939183318853172,0.9726787386202912,0.9167399888243573
QDA,HIV-1 PR,MIX,Validation,0.986725663716814,0.5792207792207792,0.6014492753623188,0.7299509001636661,0.7378862516793552,0.2438908787320897
QDA,HIV-1 PR,MIX,Test,1.0,0.5,0.5410628019323671,0.6666666666666666,0.75,0.2754865825096698
QDA,HIV-1 PR,MIX,Train,0.9956483899042646,0.9913344887348352,0.9879129734085416,0.9934867564046896,0.9669316121835096,0.9101057869929304
QDA,HIV-1 PR,MIX,Validation,1.0,0.6,0.6280193236714976,0.75,0.8,0.308353639857088
QDA,HIV-1 PR,MIX,Test,1.0,0.5105263157894737,0.5507246376811594,0.6759581881533101,0.7552631578947369,0.2808905864052771
QDA,HIV-1 PR,MIX,Train,0.9956521739130436,0.9913419913419912,0.9879227053140096,0.9934924078091106,0.9669353634870876,0.9101113842552502
QDA,HIV-1 PR,MIX,Validation,0.9894736842105264,0.4895833333333333,0.5205811138014528,0.6550522648083623,0.7103089080459769,0.2156368818722141
QDA,HIV-1 PR,MIX,Test,1.0,0.3684210526315789,0.4202898550724637,0.5384615384615384,0.6842105263157895,0.2138141271840581
QDA,HIV-1 PR,MIX,Train,0.9968798751950078,0.5537261698440208,0.5834004834810637,0.7119777158774373,0.7653688320484473,0.2711676013028984
QDA,HIV-1 PR,MIX,Validation,1.0,0.2857142857142857,0.3357487922705314,0.4444444444444444,0.6428571428571428,0.1650928196432066
QDA,HIV-1 PR,MIX,Test,1.0,0.1921052631578947,0.2584541062801932,0.3222958057395143,0.5960526315789474,0.1383986649555947
QDA,HIV-1 PR,MIX,Train,0.995575221238938,0.5849220103986135,0.6116035455278002,0.7368995633187773,0.775219625888962,0.2822948025213879
QDA,HIV-1 PR,MIX,Validation,1.0,0.3142857142857143,0.3623188405797101,0.4782608695652174,0.6571428571428571,0.176371134775117
QDA,HIV-1 PR,MIX,Test,1.0,0.2,0.2657004830917874,0.3333333333333333,0.6,0.1418391454968136
QDA,HIV-1 PR,MIX,Train,0.994074074074074,0.5814558058925476,0.6075745366639806,0.7337342810278841,0.7677393971991474,0.2745014896737875
QDA,HIV-1 PR,MIX,Validation,1.0,0.2779220779220779,0.3285024154589372,0.4349593495934959,0.638961038961039,0.1620284715775588
QDA,HIV-1 PR,MIX,Test,1.0,0.1631578947368421,0.2318840579710145,0.2805429864253393,0.5815789473684211,0.1255371235053218
QDA,HIV-1 PR,MIX,Train,0.9957446808510638,0.6077922077922078,0.6328502415458938,0.7548387096774194,0.786654724585759,0.2953643101254326
QDA,HIV-1 PR,MIX,Validation,0.9873417721518988,0.203125,0.2566585956416465,0.3369330453563715,0.5843211206896552,0.1095580257845506
QDA,HIV-1 PR,MIX,Test,1.0,0.1236842105263157,0.1956521739130435,0.2201405152224824,0.5618421052631579,0.1070443025997144
QDA,HIV-1 PR,MIX,Train,0.9968798751950078,0.5537261698440208,0.5834004834810637,0.7119777158774373,0.7653688320484473,0.2711676013028984
QDA,HIV-1 PR,MIX,Validation,1.0,0.2857142857142857,0.3357487922705314,0.4444444444444444,0.6428571428571428,0.1650928196432066
QDA,HIV-1 PR,MIX,Test,1.0,0.1921052631578947,0.2584541062801932,0.3222958057395143,0.5960526315789474,0.1383986649555947
QDA,HIV-1 PR,MIX,Train,0.995575221238938,0.5849220103986135,0.6116035455278002,0.7368995633187773,0.775219625888962,0.2822948025213879
QDA,HIV-1 PR,MIX,Validation,1.0,0.3142857142857143,0.3623188405797101,0.4782608695652174,0.6571428571428571,0.176371134775117
QDA,HIV-1 PR,MIX,Test,1.0,0.2,0.2657004830917874,0.3333333333333333,0.6,0.1418391454968136
QDA,HIV-1 PR,MIX,Train,0.994074074074074,0.5814558058925476,0.6075745366639806,0.7337342810278841,0.7677393971991474,0.2745014896737875
QDA,HIV-1 PR,MIX,Validation,1.0,0.2779220779220779,0.3285024154589372,0.4349593495934959,0.638961038961039,0.1620284715775588
QDA,HIV-1 PR,MIX,Test,1.0,0.1631578947368421,0.2318840579710145,0.2805429864253393,0.5815789473684211,0.1255371235053218
QDA,HIV-1 PR,MIX,Train,0.9957446808510638,0.6077922077922078,0.6328502415458938,0.7548387096774194,0.786654724585759,0.2953643101254326
QDA,HIV-1 PR,MIX,Validation,0.9873417721518988,0.203125,0.2566585956416465,0.3369330453563715,0.5843211206896552,0.1095580257845506
QDA,HIV-1 PR,MIX,Test,1.0,0.1236842105263157,0.1956521739130435,0.2201405152224824,0.5618421052631579,0.1070443025997144
QDA,HIV-1 PR,MIX,Train,0.975,0.0337954939341421,0.1007252215954875,0.0653266331658291,0.5111506205302894,0.032239631079281
QDA,HIV-1 PR,MIX,Validation,1.0,0.0259740259740259,0.0942028985507246,0.050632911392405,0.512987012987013,0.0431795340584155
QDA,HIV-1 PR,MIX,Test,1.0,0.0078947368421052,0.0893719806763285,0.0156657963446475,0.5039473684210526,0.0255556761890249
QDA,HIV-1 PR,MIX,Train,1.0,0.0277296360485268,0.0958904109589041,0.0539629005059021,0.5138648180242634,0.0446702682666623
QDA,HIV-1 PR,MIX,Validation,1.0,0.0519480519480519,0.1183574879227053,0.0987654320987654,0.525974025974026,0.0618351645904881
QDA,HIV-1 PR,MIX,Test,1.0,0.0052631578947368,0.0869565217391304,0.0104712041884816,0.5026315789473684,0.0208407838832092
QDA,HIV-1 PR,MIX,Train,1.0,0.0363951473136915,0.1039484286865431,0.0702341137123745,0.5181975736568457,0.0513891903774423
QDA,HIV-1 PR,MIX,Validation,1.0,0.0337662337662337,0.1014492753623188,0.0653266331658291,0.5168831168831168,0.049416060955433
QDA,HIV-1 PR,MIX,Test,1.0,0.0052631578947368,0.0869565217391304,0.0104712041884816,0.5026315789473684,0.0208407838832092
QDA,HIV-1 PR,MIX,Train,1.0,0.051082251082251,0.1175523349436392,0.0971993410214168,0.5255411255411255,0.0612917847477294
QDA,HIV-1 PR,MIX,Validation,1.0,0.0104166666666666,0.0799031476997578,0.0206185567010309,0.5052083333333334,0.0271770133945898
QDA,HIV-1 PR,MIX,Test,1.0,0.0078947368421052,0.0893719806763285,0.0156657963446475,0.5039473684210526,0.0255556761890249
QDA,HIV-1 PR,MIX,Train,0.975,0.0337954939341421,0.1007252215954875,0.0653266331658291,0.5111506205302894,0.032239631079281
QDA,HIV-1 PR,MIX,Validation,1.0,0.0259740259740259,0.0942028985507246,0.050632911392405,0.512987012987013,0.0431795340584155
QDA,HIV-1 PR,MIX,Test,1.0,0.0078947368421052,0.0893719806763285,0.0156657963446475,0.5039473684210526,0.0255556761890249
QDA,HIV-1 PR,MIX,Train,1.0,0.0277296360485268,0.0958904109589041,0.0539629005059021,0.5138648180242634,0.0446702682666623
QDA,HIV-1 PR,MIX,Validation,1.0,0.0519480519480519,0.1183574879227053,0.0987654320987654,0.525974025974026,0.0618351645904881
QDA,HIV-1 PR,MIX,Test,1.0,0.0052631578947368,0.0869565217391304,0.0104712041884816,0.5026315789473684,0.0208407838832092
QDA,HIV-1 PR,MIX,Train,1.0,0.0363951473136915,0.1039484286865431,0.0702341137123745,0.5181975736568457,0.0513891903774423
QDA,HIV-1 PR,MIX,Validation,1.0,0.0337662337662337,0.1014492753623188,0.0653266331658291,0.5168831168831168,0.049416060955433
QDA,HIV-1 PR,MIX,Test,1.0,0.0052631578947368,0.0869565217391304,0.0104712041884816,0.5026315789473684,0.0208407838832092
QDA,HIV-1 PR,MIX,Train,1.0,0.051082251082251,0.1175523349436392,0.0971993410214168,0.5255411255411255,0.0612917847477294
QDA,HIV-1 PR,MIX,Validation,1.0,0.0104166666666666,0.0799031476997578,0.0206185567010309,0.5052083333333334,0.0271770133945898
QDA,HIV-1 PR,MIX,Test,1.0,0.0078947368421052,0.0893719806763285,0.0156657963446475,0.5039473684210526,0.0255556761890249
QDA,HIV-1 PR,MIX,Train,0.0,0.0,0.0572119258662369,0.0,0.4080459770114942,-0.4162317692838943
QDA,HIV-1 PR,MIX,Validation,0.0,0.0,0.0700483091787439,0.0,0.5,0.0
QDA,HIV-1 PR,MIX,Test,0.0,0.0,0.0821256038647343,0.0,0.5,0.0
QDA,HIV-1 PR,MIX,Train,0.05,0.0008665511265164,0.0556003223207091,0.0017035775127768,0.3912378732644076,-0.4410597101968569
QDA,HIV-1 PR,MIX,Validation,0.0,0.0,0.0700483091787439,0.0,0.5,0.0
QDA,HIV-1 PR,MIX,Test,0.0,0.0,0.0821256038647343,0.0,0.5,0.0
QDA,HIV-1 PR,MIX,Train,0.0303030303030303,0.0008665511265164,0.0451248992747784,0.0016849199663016,0.3165252295862467,-0.5823424405640838
QDA,HIV-1 PR,MIX,Validation,0.0,0.0,0.0700483091787439,0.0,0.5,0.0
QDA,HIV-1 PR,MIX,Test,0.0,0.0,0.0821256038647343,0.0,0.5,0.0
QDA,HIV-1 PR,MIX,Train,0.0666666666666666,0.0008658008658008,0.0595813204508856,0.0017094017094017,0.4199731303179579,-0.3739801337790914
QDA,HIV-1 PR,MIX,Validation,0.0,0.0,0.0702179176755447,0.0,0.5,0.0
QDA,HIV-1 PR,MIX,Test,0.0,0.0,0.0821256038647343,0.0,0.5,0.0
QDA,HIV-1 PR,MIX,Train,0.0,0.0,0.0572119258662369,0.0,0.4080459770114942,-0.4162317692838943
QDA,HIV-1 PR,MIX,Validation,0.0,0.0,0.0700483091787439,0.0,0.5,0.0
QDA,HIV-1 PR,MIX,Test,0.0,0.0,0.0821256038647343,0.0,0.5,0.0
QDA,HIV-1 PR,MIX,Train,0.05,0.0008665511265164,0.0556003223207091,0.0017035775127768,0.3912378732644076,-0.4410597101968569
QDA,HIV-1 PR,MIX,Validation,0.0,0.0,0.0700483091787439,0.0,0.5,0.0
QDA,HIV-1 PR,MIX,Test,0.0,0.0,0.0821256038647343,0.0,0.5,0.0
QDA,HIV-1 PR,MIX,Train,0.0303030303030303,0.0008665511265164,0.0451248992747784,0.0016849199663016,0.3165252295862467,-0.5823424405640838
QDA,HIV-1 PR,MIX,Validation,0.0,0.0,0.0700483091787439,0.0,0.5,0.0
QDA,HIV-1 PR,MIX,Test,0.0,0.0,0.0821256038647343,0.0,0.5,0.0
QDA,HIV-1 PR,MIX,Train,0.0666666666666666,0.0008658008658008,0.0595813204508856,0.0017094017094017,0.4199731303179579,-0.3739801337790914
QDA,HIV-1 PR,MIX,Validation,0.0,0.0,0.0702179176755447,0.0,0.5,0.0
QDA,HIV-1 PR,MIX,Test,0.0,0.0,0.0821256038647343,0.0,0.5,0.0
QDA,HIV-1 RT,PC,Train,0.7022809123649459,0.8222066057624736,0.6258741258741258,0.7575267076723858,0.4827786051264872,-0.0417862035264341
QDA,HIV-1 RT,PC,Validation,0.6895306859205776,0.8042105263157895,0.6032934131736527,0.7424684159378037,0.456509408235615,-0.1047957002485721
QDA,HIV-1 RT,PC,Test,0.7379679144385026,0.8230616302186878,0.6467065868263473,0.7781954887218046,0.4660762696547985,-0.0797785692197239
QDA,HIV-1 RT,PC,Train,0.7066666666666667,0.8938861560084329,0.6608391608391608,0.78932671424139,0.4909845287814185,-0.027142398444264
QDA,HIV-1 RT,PC,Validation,0.6957264957264957,0.8568421052631578,0.6317365269461078,0.7679245283018868,0.4672811562585219,-0.0899158850407649
QDA,HIV-1 RT,PC,Test,0.7454844006568144,0.9025844930417496,0.6946107784431138,0.8165467625899281,0.481595276823905,-0.0559436241906338
QDA,HIV-1 RT,PC,Train,0.7035714285714286,0.8300561797752809,0.6305541687468796,0.7615979381443299,0.4849762764161378,-0.0370378658809791
QDA,HIV-1 RT,PC,Validation,0.7024647887323944,0.8417721518987342,0.6341829085457271,0.7658349328214972,0.4830622417524759,-0.0432077832584759
QDA,HIV-1 RT,PC,Test,0.7375886524822695,0.827037773359841,0.6482035928143712,0.7797563261480788,0.4650340381950719,-0.0831850376457657
QDA,HIV-1 RT,PC,Train,0.6854942233632862,0.75,0.5776335496754867,0.716297786720322,0.4518566493955095,-0.1050018261827934
QDA,HIV-1 RT,PC,Validation,0.6994106090373281,0.7510548523206751,0.5937031484257871,0.7243133265513734,0.4791543691655189,-0.0444657302192154
QDA,HIV-1 RT,PC,Test,0.7263969171483622,0.7495029821073559,0.5988023952095808,0.7377690802348337,0.4444484607506476,-0.1150999789640505
QDA,HIV-1 RT,PC,Train,0.7022809123649459,0.8222066057624736,0.6258741258741258,0.7575267076723858,0.4827786051264872,-0.0417862035264341
QDA,HIV-1 RT,PC,Validation,0.6895306859205776,0.8042105263157895,0.6032934131736527,0.7424684159378037,0.456509408235615,-0.1047957002485721
QDA,HIV-1 RT,PC,Test,0.7379679144385026,0.8230616302186878,0.6467065868263473,0.7781954887218046,0.4660762696547985,-0.0797785692197239
QDA,HIV-1 RT,PC,Train,0.7066666666666667,0.8938861560084329,0.6608391608391608,0.78932671424139,0.4909845287814185,-0.027142398444264
QDA,HIV-1 RT,PC,Validation,0.6957264957264957,0.8568421052631578,0.6317365269461078,0.7679245283018868,0.4672811562585219,-0.0899158850407649
QDA,HIV-1 RT,PC,Test,0.7454844006568144,0.9025844930417496,0.6946107784431138,0.8165467625899281,0.481595276823905,-0.0559436241906338
QDA,HIV-1 RT,PC,Train,0.7035714285714286,0.8300561797752809,0.6305541687468796,0.7615979381443299,0.4849762764161378,-0.0370378658809791
QDA,HIV-1 RT,PC,Validation,0.7024647887323944,0.8417721518987342,0.6341829085457271,0.7658349328214972,0.4830622417524759,-0.0432077832584759
QDA,HIV-1 RT,PC,Test,0.7375886524822695,0.827037773359841,0.6482035928143712,0.7797563261480788,0.4650340381950719,-0.0831850376457657
QDA,HIV-1 RT,PC,Train,0.6854942233632862,0.75,0.5776335496754867,0.716297786720322,0.4518566493955095,-0.1050018261827934
QDA,HIV-1 RT,PC,Validation,0.6994106090373281,0.7510548523206751,0.5937031484257871,0.7243133265513734,0.4791543691655189,-0.0444657302192154
QDA,HIV-1 RT,PC,Test,0.7263969171483622,0.7495029821073559,0.5988023952095808,0.7377690802348337,0.4444484607506476,-0.1150999789640505
QDA,HIV-1 RT,PC,Train,0.7063740856844305,0.9501054111033028,0.6838161838161838,0.8103086604734792,0.4897331891440522,-0.0454145469338155
QDA,HIV-1 RT,PC,Validation,0.7065217391304348,0.9578947368421052,0.687125748502994,0.8132260947274352,0.4893100627215707,-0.0520693381599306
QDA,HIV-1 RT,PC,Test,0.751937984496124,0.9642147117296224,0.7335329341317365,0.8449477351916377,0.4972588710163262,-0.0129670640701535
QDA,HIV-1 RT,PC,Train,0.7073422957600828,0.9613492621222768,0.6898101898101898,0.8150134048257373,0.4919008832200331,-0.0405440097257308
QDA,HIV-1 RT,PC,Validation,0.7041139240506329,0.936842105263158,0.6751497005988024,0.8039747064137308,0.4839650940823561,-0.0643742350724514
QDA,HIV-1 RT,PC,Test,0.7561349693251533,0.9801192842942346,0.7470059880239521,0.8536796536796537,0.5082414603289355,0.0464917981461122
QDA,HIV-1 RT,PC,Train,0.7077649527806925,0.9473314606741572,0.6844732900649027,0.8102102102102102,0.4926640032213619,-0.0309839004671059
QDA,HIV-1 RT,PC,Validation,0.7065217391304348,0.959915611814346,0.6881559220389805,0.813953488372093,0.4903205002076911,-0.0481109446364649
QDA,HIV-1 RT,PC,Test,0.7515527950310559,0.9622266401590456,0.7320359281437125,0.8439407149084568,0.496264835231038,-0.0173108012570185
QDA,HIV-1 RT,PC,Train,0.7007415254237288,0.9290730337078652,0.6674987518721918,0.7989130434782609,0.4766263268712037,-0.0910964228057441
QDA,HIV-1 RT,PC,Validation,0.7118110236220473,0.9535864978902954,0.6926536731634183,0.8151487826871056,0.502699984696443,0.0114576953820907
QDA,HIV-1 RT,PC,Test,0.7488226059654631,0.94831013916501,0.7215568862275449,0.8368421052631579,0.4893065847340201,-0.043845177205692
QDA,HIV-1 RT,PC,Train,0.7063740856844305,0.9501054111033028,0.6838161838161838,0.8103086604734792,0.4897331891440522,-0.0454145469338155
QDA,HIV-1 RT,PC,Validation,0.7065217391304348,0.9578947368421052,0.687125748502994,0.8132260947274352,0.4893100627215707,-0.0520693381599306
QDA,HIV-1 RT,PC,Test,0.751937984496124,0.9642147117296224,0.7335329341317365,0.8449477351916377,0.4972588710163262,-0.0129670640701535
QDA,HIV-1 RT,PC,Train,0.7073422957600828,0.9613492621222768,0.6898101898101898,0.8150134048257373,0.4919008832200331,-0.0405440097257308
QDA,HIV-1 RT,PC,Validation,0.7041139240506329,0.936842105263158,0.6751497005988024,0.8039747064137308,0.4839650940823561,-0.0643742350724514
QDA,HIV-1 RT,PC,Test,0.7561349693251533,0.9801192842942346,0.7470059880239521,0.8536796536796537,0.5082414603289355,0.0464917981461122
QDA,HIV-1 RT,PC,Train,0.7077649527806925,0.9473314606741572,0.6844732900649027,0.8102102102102102,0.4926640032213619,-0.0309839004671059
QDA,HIV-1 RT,PC,Validation,0.7065217391304348,0.959915611814346,0.6881559220389805,0.813953488372093,0.4903205002076911,-0.0481109446364649
QDA,HIV-1 RT,PC,Test,0.7515527950310559,0.9622266401590456,0.7320359281437125,0.8439407149084568,0.496264835231038,-0.0173108012570185
QDA,HIV-1 RT,PC,Train,0.7007415254237288,0.9290730337078652,0.6674987518721918,0.7989130434782609,0.4766263268712037,-0.0910964228057441
QDA,HIV-1 RT,PC,Validation,0.7118110236220473,0.9535864978902954,0.6926536731634183,0.8151487826871056,0.502699984696443,0.0114576953820907
QDA,HIV-1 RT,PC,Test,0.7488226059654631,0.94831013916501,0.7215568862275449,0.8368421052631579,0.4893065847340201,-0.043845177205692
QDA,HIV-1 RT,PC,Train,0.7061224489795919,0.9725931131412509,0.6928071928071928,0.8182086905113805,0.4888872301457549,-0.0703139291252555
QDA,HIV-1 RT,PC,Validation,0.706605222734255,0.968421052631579,0.6916167664670658,0.8170515097690941,0.4893918734660485,-0.0610631482203185
QDA,HIV-1 RT,PC,Test,0.7556904400606981,0.9900596421471172,0.7514970059880239,0.8571428571428571,0.5071510331947707,0.0535008635916821
QDA,HIV-1 RT,PC,Train,0.7077393075356415,0.9768095572733662,0.6968031968031968,0.8207853557720697,0.4927225679285656,-0.0483601175568302
QDA,HIV-1 RT,PC,Validation,0.7057010785824345,0.9642105263157896,0.688622754491018,0.8149466192170819,0.4872866103081538,-0.0693294357017479
QDA,HIV-1 RT,PC,Test,0.7541729893778453,0.9880715705765408,0.7485029940119761,0.8554216867469879,0.5031266943791795,0.0233925427161609
QDA,HIV-1 RT,PC,Train,0.7074550128534705,0.9662921348314608,0.6919620569146281,0.8168596022558623,0.4917816459994955,-0.0444360367078196
QDA,HIV-1 RT,PC,Validation,0.7066869300911854,0.981012658227848,0.697151424287856,0.8215547703180212,0.490506329113924,-0.0746273107152987
QDA,HIV-1 RT,PC,Test,0.7537993920972644,0.9860834990059644,0.7470059880239521,0.8544358311800172,0.5021326585938912,0.0151483158075314
QDA,HIV-1 RT,PC,Train,0.70665988815455,0.976123595505618,0.6949575636545182,0.8198171630787379,0.489788913469562,-0.0696855606259706
QDA,HIV-1 RT,PC,Validation,0.7112462006079028,0.9873417721518988,0.7061469265367316,0.8268551236749117,0.501442906801338,0.0113423201087155
QDA,HIV-1 RT,PC,Test,0.7526395173453997,0.9920477137176938,0.7485029940119761,0.855917667238422,0.49905415988915,-0.0094652463426937
QDA,HIV-1 RT,PC,Train,0.7061224489795919,0.9725931131412509,0.6928071928071928,0.8182086905113805,0.4888872301457549,-0.0703139291252555
QDA,HIV-1 RT,PC,Validation,0.706605222734255,0.968421052631579,0.6916167664670658,0.8170515097690941,0.4893918734660485,-0.0610631482203185
QDA,HIV-1 RT,PC,Test,0.7556904400606981,0.9900596421471172,0.7514970059880239,0.8571428571428571,0.5071510331947707,0.0535008635916821
QDA,HIV-1 RT,PC,Train,0.7077393075356415,0.9768095572733662,0.6968031968031968,0.8207853557720697,0.4927225679285656,-0.0483601175568302
QDA,HIV-1 RT,PC,Validation,0.7057010785824345,0.9642105263157896,0.688622754491018,0.8149466192170819,0.4872866103081538,-0.0693294357017479
QDA,HIV-1 RT,PC,Test,0.7541729893778453,0.9880715705765408,0.7485029940119761,0.8554216867469879,0.5031266943791795,0.0233925427161609
QDA,HIV-1 RT,PC,Train,0.7074550128534705,0.9662921348314608,0.6919620569146281,0.8168596022558623,0.4917816459994955,-0.0444360367078196
QDA,HIV-1 RT,PC,Validation,0.7066869300911854,0.981012658227848,0.697151424287856,0.8215547703180212,0.490506329113924,-0.0746273107152987
QDA,HIV-1 RT,PC,Test,0.7537993920972644,0.9860834990059644,0.7470059880239521,0.8544358311800172,0.5021326585938912,0.0151483158075314
QDA,HIV-1 RT,PC,Train,0.70665988815455,0.976123595505618,0.6949575636545182,0.8198171630787379,0.489788913469562,-0.0696855606259706
QDA,HIV-1 RT,PC,Validation,0.7112462006079028,0.9873417721518988,0.7061469265367316,0.8268551236749117,0.501442906801338,0.0113423201087155
QDA,HIV-1 RT,PC,Test,0.7526395173453997,0.9920477137176938,0.7485029940119761,0.855917667238422,0.49905415988915,-0.0094652463426937
QDA,HIV-1 RT,PC,Train,0.7107892107892108,1.0,0.7107892107892108,0.830948905109489,0.5,0.0
QDA,HIV-1 RT,PC,Validation,0.7110778443113772,1.0,0.7110778443113772,0.8311461067366579,0.5,0.0
QDA,HIV-1 RT,PC,Test,0.7529940119760479,1.0,0.7529940119760479,0.8590947907771136,0.5,0.0
QDA,HIV-1 RT,PC,Train,0.7107892107892108,1.0,0.7107892107892108,0.830948905109489,0.5,0.0
QDA,HIV-1 RT,PC,Validation,0.7110778443113772,1.0,0.7110778443113772,0.8311461067366579,0.5,0.0
QDA,HIV-1 RT,PC,Test,0.7541229385307346,1.0,0.7544910179640718,0.8598290598290599,0.503030303030303,0.0676050445728824
QDA,HIV-1 RT,PC,Train,0.7109335996005991,1.0,0.7109335996005991,0.8310475634665888,0.5,0.0
QDA,HIV-1 RT,PC,Validation,0.7106446776611695,1.0,0.7106446776611695,0.8308501314636284,0.5,0.0
QDA,HIV-1 RT,PC,Test,0.7529940119760479,1.0,0.7529940119760479,0.8590947907771136,0.5,0.0
QDA,HIV-1 RT,PC,Train,0.7109335996005991,1.0,0.7109335996005991,0.8310475634665888,0.5,0.0
QDA,HIV-1 RT,PC,Validation,0.7106446776611695,1.0,0.7106446776611695,0.8308501314636284,0.5,0.0
QDA,HIV-1 RT,PC,Test,0.7529940119760479,1.0,0.7529940119760479,0.8590947907771136,0.5,0.0
QDA,HIV-1 RT,PC,Train,0.7107892107892108,1.0,0.7107892107892108,0.830948905109489,0.5,0.0
QDA,HIV-1 RT,PC,Validation,0.7110778443113772,1.0,0.7110778443113772,0.8311461067366579,0.5,0.0
QDA,HIV-1 RT,PC,Test,0.7529940119760479,1.0,0.7529940119760479,0.8590947907771136,0.5,0.0
QDA,HIV-1 RT,PC,Train,0.7107892107892108,1.0,0.7107892107892108,0.830948905109489,0.5,0.0
QDA,HIV-1 RT,PC,Validation,0.7110778443113772,1.0,0.7110778443113772,0.8311461067366579,0.5,0.0
QDA,HIV-1 RT,PC,Test,0.7541229385307346,1.0,0.7544910179640718,0.8598290598290599,0.503030303030303,0.0676050445728824
QDA,HIV-1 RT,PC,Train,0.7109335996005991,1.0,0.7109335996005991,0.8310475634665888,0.5,0.0
QDA,HIV-1 RT,PC,Validation,0.7106446776611695,1.0,0.7106446776611695,0.8308501314636284,0.5,0.0
QDA,HIV-1 RT,PC,Test,0.7529940119760479,1.0,0.7529940119760479,0.8590947907771136,0.5,0.0
QDA,HIV-1 RT,PC,Train,0.7109335996005991,1.0,0.7109335996005991,0.8310475634665888,0.5,0.0
QDA,HIV-1 RT,PC,Validation,0.7106446776611695,1.0,0.7106446776611695,0.8308501314636284,0.5,0.0
QDA,HIV-1 RT,PC,Test,0.7529940119760479,1.0,0.7529940119760479,0.8590947907771136,0.5,0.0
QDA,HIV-1 RT,PC,Train,0.7107892107892108,1.0,0.7107892107892108,0.830948905109489,0.5,0.0
QDA,HIV-1 RT,PC,Validation,0.7110778443113772,1.0,0.7110778443113772,0.8311461067366579,0.5,0.0
QDA,HIV-1 RT,PC,Test,0.7529940119760479,1.0,0.7529940119760479,0.8590947907771136,0.5,0.0
QDA,HIV-1 RT,PC,Train,0.7107892107892108,1.0,0.7107892107892108,0.830948905109489,0.5,0.0
QDA,HIV-1 RT,PC,Validation,0.7110778443113772,1.0,0.7110778443113772,0.8311461067366579,0.5,0.0
QDA,HIV-1 RT,PC,Test,0.7529940119760479,1.0,0.7529940119760479,0.8590947907771136,0.5,0.0
QDA,HIV-1 RT,PC,Train,0.7109335996005991,1.0,0.7109335996005991,0.8310475634665888,0.5,0.0
QDA,HIV-1 RT,PC,Validation,0.7106446776611695,1.0,0.7106446776611695,0.8308501314636284,0.5,0.0
QDA,HIV-1 RT,PC,Test,0.7529940119760479,1.0,0.7529940119760479,0.8590947907771136,0.5,0.0
QDA,HIV-1 RT,PC,Train,0.7109335996005991,1.0,0.7109335996005991,0.8310475634665888,0.5,0.0
QDA,HIV-1 RT,PC,Validation,0.7106446776611695,1.0,0.7106446776611695,0.8308501314636284,0.5,0.0
QDA,HIV-1 RT,PC,Test,0.7529940119760479,1.0,0.7529940119760479,0.8590947907771136,0.5,0.0
QDA,HIV-1 RT,PC,Train,0.7107892107892108,1.0,0.7107892107892108,0.830948905109489,0.5,0.0
QDA,HIV-1 RT,PC,Validation,0.7110778443113772,1.0,0.7110778443113772,0.8311461067366579,0.5,0.0
QDA,HIV-1 RT,PC,Test,0.7529940119760479,1.0,0.7529940119760479,0.8590947907771136,0.5,0.0
QDA,HIV-1 RT,PC,Train,0.7107892107892108,1.0,0.7107892107892108,0.830948905109489,0.5,0.0
QDA,HIV-1 RT,PC,Validation,0.7110778443113772,1.0,0.7110778443113772,0.8311461067366579,0.5,0.0
QDA,HIV-1 RT,PC,Test,0.7529940119760479,1.0,0.7529940119760479,0.8590947907771136,0.5,0.0
QDA,HIV-1 RT,PC,Train,0.7109335996005991,1.0,0.7109335996005991,0.8310475634665888,0.5,0.0
QDA,HIV-1 RT,PC,Validation,0.7106446776611695,1.0,0.7106446776611695,0.8308501314636284,0.5,0.0
QDA,HIV-1 RT,PC,Test,0.7529940119760479,1.0,0.7529940119760479,0.8590947907771136,0.5,0.0
QDA,HIV-1 RT,PC,Train,0.7109335996005991,1.0,0.7109335996005991,0.8310475634665888,0.5,0.0
QDA,HIV-1 RT,PC,Validation,0.7106446776611695,1.0,0.7106446776611695,0.8308501314636284,0.5,0.0
QDA,HIV-1 RT,PC,Test,0.7529940119760479,1.0,0.7529940119760479,0.8590947907771136,0.5,0.0
QDA,HIV-1 RT,PC,Train,0.7107892107892108,1.0,0.7107892107892108,0.830948905109489,0.5,0.0
QDA,HIV-1 RT,PC,Validation,0.7110778443113772,1.0,0.7110778443113772,0.8311461067366579,0.5,0.0
QDA,HIV-1 RT,PC,Test,0.7529940119760479,1.0,0.7529940119760479,0.8590947907771136,0.5,0.0
QDA,HIV-1 RT,PC,Train,0.7107892107892108,1.0,0.7107892107892108,0.830948905109489,0.5,0.0
QDA,HIV-1 RT,PC,Validation,0.7110778443113772,1.0,0.7110778443113772,0.8311461067366579,0.5,0.0
QDA,HIV-1 RT,PC,Test,0.7529940119760479,1.0,0.7529940119760479,0.8590947907771136,0.5,0.0
QDA,HIV-1 RT,PC,Train,0.7109335996005991,1.0,0.7109335996005991,0.8310475634665888,0.5,0.0
QDA,HIV-1 RT,PC,Validation,0.7106446776611695,1.0,0.7106446776611695,0.8308501314636284,0.5,0.0
QDA,HIV-1 RT,PC,Test,0.7529940119760479,1.0,0.7529940119760479,0.8590947907771136,0.5,0.0
QDA,HIV-1 RT,PC,Train,0.7109335996005991,1.0,0.7109335996005991,0.8310475634665888,0.5,0.0
QDA,HIV-1 RT,PC,Validation,0.7106446776611695,1.0,0.7106446776611695,0.8308501314636284,0.5,0.0
QDA,HIV-1 RT,PC,Test,0.7529940119760479,1.0,0.7529940119760479,0.8590947907771136,0.5,0.0
QDA,HIV-1 RT,PC,Train,0.7107892107892108,1.0,0.7107892107892108,0.830948905109489,0.5,0.0
QDA,HIV-1 RT,PC,Validation,0.7110778443113772,1.0,0.7110778443113772,0.8311461067366579,0.5,0.0
QDA,HIV-1 RT,PC,Test,0.7529940119760479,1.0,0.7529940119760479,0.8590947907771136,0.5,0.0
QDA,HIV-1 RT,PC,Train,0.7107892107892108,1.0,0.7107892107892108,0.830948905109489,0.5,0.0
QDA,HIV-1 RT,PC,Validation,0.7110778443113772,1.0,0.7110778443113772,0.8311461067366579,0.5,0.0
QDA,HIV-1 RT,PC,Test,0.7529940119760479,1.0,0.7529940119760479,0.8590947907771136,0.5,0.0
QDA,HIV-1 RT,PC,Train,0.7109335996005991,1.0,0.7109335996005991,0.8310475634665888,0.5,0.0
QDA,HIV-1 RT,PC,Validation,0.7106446776611695,1.0,0.7106446776611695,0.8308501314636284,0.5,0.0
QDA,HIV-1 RT,PC,Test,0.7529940119760479,1.0,0.7529940119760479,0.8590947907771136,0.5,0.0
QDA,HIV-1 RT,PC,Train,0.7109335996005991,1.0,0.7109335996005991,0.8310475634665888,0.5,0.0
QDA,HIV-1 RT,PC,Validation,0.7106446776611695,1.0,0.7106446776611695,0.8308501314636284,0.5,0.0
QDA,HIV-1 RT,PC,Test,0.7529940119760479,1.0,0.7529940119760479,0.8590947907771136,0.5,0.0
QDA,HIV-1 RT,PC,Train,0.7033773861967695,0.6732255797610681,0.5659340659340659,0.6879712746858169,0.4877354150964235,-0.0238476748023283
QDA,HIV-1 RT,PC,Validation,0.6921397379912664,0.6673684210526316,0.5523952095808383,0.6795284030010718,0.4683992364330515,-0.0617036202003467
QDA,HIV-1 RT,PC,Test,0.7290748898678414,0.658051689860835,0.5583832335329342,0.6917450365726228,0.4562985722031447,-0.0807824040613323
QDA,HIV-1 RT,PC,Train,0.7016539440203562,0.77512297962052,0.6058941058941059,0.7365609348914858,0.4825528542316762,-0.0385243764906974
QDA,HIV-1 RT,PC,Validation,0.7055449330783938,0.7768421052631579,0.6107784431137725,0.7394789579158316,0.4894573220616308,-0.0231831021682903
QDA,HIV-1 RT,PC,Test,0.72552783109405,0.7514910536779325,0.5988023952095808,0.73828125,0.4424121935056329,-0.1198971798348387
QDA,HIV-1 RT,PC,Train,0.7035950110051358,0.6734550561797753,0.5661507738392412,0.6881951919626839,0.4878501533057771,-0.0236242024305097
QDA,HIV-1 RT,PC,Validation,0.7202505219206681,0.7278481012658228,0.6056971514242878,0.7240293809024134,0.5167737915655539,0.0338128970143273
QDA,HIV-1 RT,PC,Test,0.7326086956521739,0.6699801192842942,0.5673652694610778,0.6998961578400831,0.4622627869148744,-0.0702935053704568
QDA,HIV-1 RT,PC,Train,0.7211895910780669,0.6811797752808989,0.5861208187718422,0.7006139400505598,0.5167556907492576,0.032345399493963
QDA,HIV-1 RT,PC,Validation,0.7123595505617978,0.6687763713080169,0.5727136431784108,0.6898803046789989,0.5027819680374281,0.0053541861249542
QDA,HIV-1 RT,PC,Test,0.7396963123644251,0.6779324055666004,0.5778443113772455,0.7074688796680498,0.4753298391469366,-0.0460142455832337
QDA,HIV-1 RT,PC,Train,0.7033773861967695,0.6732255797610681,0.5659340659340659,0.6879712746858169,0.4877354150964235,-0.0238476748023283
QDA,HIV-1 RT,PC,Validation,0.6921397379912664,0.6673684210526316,0.5523952095808383,0.6795284030010718,0.4683992364330515,-0.0617036202003467
QDA,HIV-1 RT,PC,Test,0.7290748898678414,0.658051689860835,0.5583832335329342,0.6917450365726228,0.4562985722031447,-0.0807824040613323
QDA,HIV-1 RT,PC,Train,0.7016539440203562,0.77512297962052,0.6058941058941059,0.7365609348914858,0.4825528542316762,-0.0385243764906974
QDA,HIV-1 RT,PC,Validation,0.7055449330783938,0.7768421052631579,0.6107784431137725,0.7394789579158316,0.4894573220616308,-0.0231831021682903
QDA,HIV-1 RT,PC,Test,0.72552783109405,0.7514910536779325,0.5988023952095808,0.73828125,0.4424121935056329,-0.1198971798348387
QDA,HIV-1 RT,PC,Train,0.7035950110051358,0.6734550561797753,0.5661507738392412,0.6881951919626839,0.4878501533057771,-0.0236242024305097
QDA,HIV-1 RT,PC,Validation,0.7202505219206681,0.7278481012658228,0.6056971514242878,0.7240293809024134,0.5167737915655539,0.0338128970143273
QDA,HIV-1 RT,PC,Test,0.7326086956521739,0.6699801192842942,0.5673652694610778,0.6998961578400831,0.4622627869148744,-0.0702935053704568
QDA,HIV-1 RT,PC,Train,0.7211895910780669,0.6811797752808989,0.5861208187718422,0.7006139400505598,0.5167556907492576,0.032345399493963
QDA,HIV-1 RT,PC,Validation,0.7123595505617978,0.6687763713080169,0.5727136431784108,0.6898803046789989,0.5027819680374281,0.0053541861249542
QDA,HIV-1 RT,PC,Test,0.7396963123644251,0.6779324055666004,0.5778443113772455,0.7074688796680498,0.4753298391469366,-0.0460142455832337
QDA,HIV-1 RT,PC,Train,0.6990965948575399,0.7069571328179901,0.5754245754245755,0.7030048916841369,0.4795580137319657,-0.0412297048071673
QDA,HIV-1 RT,PC,Validation,0.692144373673036,0.6863157894736842,0.5598802395209581,0.6892177589852009,0.4675102263430597,-0.0645890020095011
QDA,HIV-1 RT,PC,Test,0.7274590163934426,0.705765407554672,0.5793413173652695,0.7164480322906155,0.449852400747033,-0.097489971482487
QDA,HIV-1 RT,PC,Train,0.7003003003003003,0.8193956430077302,0.6223776223776224,0.7551813471502591,0.4787824501739859,-0.051421517497258
QDA,HIV-1 RT,PC,Validation,0.7,0.8105263157894737,0.6182634730538922,0.751219512195122,0.4778020179983637,-0.052765080069886
QDA,HIV-1 RT,PC,Test,0.7313167259786477,0.8170974155069582,0.6362275449101796,0.7718309859154929,0.4509729501777215,-0.1157365761599453
QDA,HIV-1 RT,PC,Train,0.6940451745379876,0.7120786516853933,0.5721417873190214,0.702946273830156,0.4700289631483961,-0.0611647617802166
QDA,HIV-1 RT,PC,Validation,0.7128514056224899,0.7489451476793249,0.6071964017991005,0.7304526748971193,0.5040062525961391,0.0083536855907624
QDA,HIV-1 RT,PC,Test,0.7242798353909465,0.6998011928429424,0.5733532934131736,0.7118301314459049,0.4438399903608651,-0.1088001027077028
QDA,HIV-1 RT,PC,Train,0.6914089347079038,0.7064606741573034,0.5671492760858712,0.698853768669677,0.4654928586675981,-0.0701796953955569
QDA,HIV-1 RT,PC,Validation,0.6970954356846473,0.7088607594936709,0.5742128935532234,0.702928870292887,0.4761920377779235,-0.048229267106813
QDA,HIV-1 RT,PC,Test,0.7235772357723578,0.7077534791252486,0.5763473053892215,0.7155778894472362,0.4417555274414122,-0.1140438294129574
QDA,HIV-1 RT,PC,Train,0.6990965948575399,0.7069571328179901,0.5754245754245755,0.7030048916841369,0.4795580137319657,-0.0412297048071673
QDA,HIV-1 RT,PC,Validation,0.692144373673036,0.6863157894736842,0.5598802395209581,0.6892177589852009,0.4675102263430597,-0.0645890020095011
QDA,HIV-1 RT,PC,Test,0.7274590163934426,0.705765407554672,0.5793413173652695,0.7164480322906155,0.449852400747033,-0.097489971482487
QDA,HIV-1 RT,PC,Train,0.7003003003003003,0.8193956430077302,0.6223776223776224,0.7551813471502591,0.4787824501739859,-0.051421517497258
QDA,HIV-1 RT,PC,Validation,0.7,0.8105263157894737,0.6182634730538922,0.751219512195122,0.4778020179983637,-0.052765080069886
QDA,HIV-1 RT,PC,Test,0.7313167259786477,0.8170974155069582,0.6362275449101796,0.7718309859154929,0.4509729501777215,-0.1157365761599453
QDA,HIV-1 RT,PC,Train,0.6940451745379876,0.7120786516853933,0.5721417873190214,0.702946273830156,0.4700289631483961,-0.0611647617802166
QDA,HIV-1 RT,PC,Validation,0.7128514056224899,0.7489451476793249,0.6071964017991005,0.7304526748971193,0.5040062525961391,0.0083536855907624
QDA,HIV-1 RT,PC,Test,0.7242798353909465,0.6998011928429424,0.5733532934131736,0.7118301314459049,0.4438399903608651,-0.1088001027077028
QDA,HIV-1 RT,PC,Train,0.6914089347079038,0.7064606741573034,0.5671492760858712,0.698853768669677,0.4654928586675981,-0.0701796953955569
QDA,HIV-1 RT,PC,Validation,0.6970954356846473,0.7088607594936709,0.5742128935532234,0.702928870292887,0.4761920377779235,-0.048229267106813
QDA,HIV-1 RT,PC,Test,0.7235772357723578,0.7077534791252486,0.5763473053892215,0.7155778894472362,0.4417555274414122,-0.1140438294129574
QDA,HIV-1 RT,PC,Train,0.699524133242692,0.7231201686577653,0.5824175824175825,0.7111264685556323,0.4798675109264647,-0.041353817110307
QDA,HIV-1 RT,PC,Validation,0.6894409937888198,0.7010526315789474,0.562874251497006,0.6951983298538622,0.4619252795200437,-0.0771316725954067
QDA,HIV-1 RT,PC,Test,0.7222222222222222,0.7236580516898609,0.5823353293413174,0.7229394240317776,0.4375866016025062,-0.1250825131648815
QDA,HIV-1 RT,PC,Train,0.7027348394768134,0.8306394940267041,0.6298701298701299,0.7613526570048309,0.4835408178250965,-0.0407278978557391
QDA,HIV-1 RT,PC,Validation,0.7014388489208633,0.8210526315789474,0.624251497005988,0.7565470417070805,0.4804745023179711,-0.0473817569020976
QDA,HIV-1 RT,PC,Test,0.7359154929577465,0.831013916500994,0.6482035928143712,0.780578898225957,0.4609615037050425,-0.0943788917659141
QDA,HIV-1 RT,PC,Train,0.6928763440860215,0.7240168539325843,0.5756365451822266,0.7081043956043956,0.4673624856882265,-0.0677074203210729
QDA,HIV-1 RT,PC,Validation,0.7003968253968254,0.7447257383966245,0.5922038980509745,0.721881390593047,0.4811711593537526,-0.0397385787468549
QDA,HIV-1 RT,PC,Test,0.7237903225806451,0.7137176938369781,0.5793413173652695,0.7187187187187187,0.4417073317669738,-0.1149912601687613
QDA,HIV-1 RT,PC,Train,0.6777929155313351,0.6987359550561798,0.5496754867698452,0.6881051175656985,0.440905110516,-0.1210972492519203
QDA,HIV-1 RT,PC,Validation,0.6863157894736842,0.6877637130801688,0.5547226386806596,0.6870389884088515,0.4578714938457838,-0.0843871775405536
QDA,HIV-1 RT,PC,Test,0.714859437751004,0.7077534791252486,0.5673652694610778,0.7112887112887113,0.423573709259594,-0.151342049289441
QDA,HIV-1 RT,PC,Train,0.699524133242692,0.7231201686577653,0.5824175824175825,0.7111264685556323,0.4798675109264647,-0.041353817110307
QDA,HIV-1 RT,PC,Validation,0.6894409937888198,0.7010526315789474,0.562874251497006,0.6951983298538622,0.4619252795200437,-0.0771316725954067
QDA,HIV-1 RT,PC,Test,0.7222222222222222,0.7236580516898609,0.5823353293413174,0.7229394240317776,0.4375866016025062,-0.1250825131648815
QDA,HIV-1 RT,PC,Train,0.7027348394768134,0.8306394940267041,0.6298701298701299,0.7613526570048309,0.4835408178250965,-0.0407278978557391
QDA,HIV-1 RT,PC,Validation,0.7014388489208633,0.8210526315789474,0.624251497005988,0.7565470417070805,0.4804745023179711,-0.0473817569020976
QDA,HIV-1 RT,PC,Test,0.7359154929577465,0.831013916500994,0.6482035928143712,0.780578898225957,0.4609615037050425,-0.0943788917659141
QDA,HIV-1 RT,PC,Train,0.6928763440860215,0.7240168539325843,0.5756365451822266,0.7081043956043956,0.4673624856882265,-0.0677074203210729
QDA,HIV-1 RT,PC,Validation,0.7003968253968254,0.7447257383966245,0.5922038980509745,0.721881390593047,0.4811711593537526,-0.0397385787468549
QDA,HIV-1 RT,PC,Test,0.7237903225806451,0.7137176938369781,0.5793413173652695,0.7187187187187187,0.4417073317669738,-0.1149912601687613
QDA,HIV-1 RT,PC,Train,0.6777929155313351,0.6987359550561798,0.5496754867698452,0.6881051175656985,0.440905110516,-0.1210972492519203
QDA,HIV-1 RT,PC,Validation,0.6863157894736842,0.6877637130801688,0.5547226386806596,0.6870389884088515,0.4578714938457838,-0.0843871775405536
QDA,HIV-1 RT,PC,Test,0.714859437751004,0.7077534791252486,0.5673652694610778,0.7112887112887113,0.423573709259594,-0.151342049289441
QDA,HIV-1 RT,PC,Train,0.6964769647696477,0.7224174279690794,0.5789210789210789,0.709210072438772,0.4743347934318626,-0.0528786599590218
QDA,HIV-1 RT,PC,Validation,0.6849593495934959,0.7094736842105264,0.561377245508982,0.6970010341261634,0.4531824379601855,-0.0963441532930121
QDA,HIV-1 RT,PC,Test,0.7245508982035929,0.7216699801192843,0.5838323353293413,0.7231075697211156,0.442653171877824,-0.1142321270665474
QDA,HIV-1 RT,PC,Train,0.7036585365853658,0.8109627547434997,0.6228771228771228,0.7535096310806398,0.4857922582007654,-0.0334749991183549
QDA,HIV-1 RT,PC,Validation,0.7047970479704797,0.8042105263157895,0.6212574850299402,0.7512291052114061,0.4875974911371694,-0.0287395580390003
QDA,HIV-1 RT,PC,Test,0.7307001795332136,0.8091451292246521,0.6317365269461078,0.7679245283018868,0.4500271100668715,-0.1157980747075824
QDA,HIV-1 RT,PC,Train,0.6948008102633356,0.7226123595505618,0.5771342985521717,0.708433734939759,0.4709780277890978,-0.0599429915553004
QDA,HIV-1 RT,PC,Validation,0.694,0.7320675105485233,0.5802098950524738,0.7125256673511293,0.4696606982794429,-0.0635126398567745
QDA,HIV-1 RT,PC,Test,0.7227926078028748,0.6998011928429424,0.5718562874251497,0.7111111111111111,0.4408096873305621,-0.1148689963148851
QDA,HIV-1 RT,PC,Train,0.6744186046511628,0.6720505617977528,0.5361957064403395,0.6732325008793528,0.4370615503289282,-0.1255575092712481
QDA,HIV-1 RT,PC,Validation,0.6856540084388185,0.6856540084388185,0.553223388305847,0.6856540084388185,0.4568166415251087,-0.0863667169497824
QDA,HIV-1 RT,PC,Test,0.7055084745762712,0.6620278330019881,0.5374251497005988,0.683076923076923,0.4098017952888728,-0.1708656719413082
QDA,HIV-1 RT,PC,Train,0.6964769647696477,0.7224174279690794,0.5789210789210789,0.709210072438772,0.4743347934318626,-0.0528786599590218
QDA,HIV-1 RT,PC,Validation,0.6849593495934959,0.7094736842105264,0.561377245508982,0.6970010341261634,0.4531824379601855,-0.0963441532930121
QDA,HIV-1 RT,PC,Test,0.7245508982035929,0.7216699801192843,0.5838323353293413,0.7231075697211156,0.442653171877824,-0.1142321270665474
QDA,HIV-1 RT,PC,Train,0.7036585365853658,0.8109627547434997,0.6228771228771228,0.7535096310806398,0.4857922582007654,-0.0334749991183549
QDA,HIV-1 RT,PC,Validation,0.7047970479704797,0.8042105263157895,0.6212574850299402,0.7512291052114061,0.4875974911371694,-0.0287395580390003
QDA,HIV-1 RT,PC,Test,0.7307001795332136,0.8091451292246521,0.6317365269461078,0.7679245283018868,0.4500271100668715,-0.1157980747075824
QDA,HIV-1 RT,PC,Train,0.6948008102633356,0.7226123595505618,0.5771342985521717,0.708433734939759,0.4709780277890978,-0.0599429915553004
QDA,HIV-1 RT,PC,Validation,0.694,0.7320675105485233,0.5802098950524738,0.7125256673511293,0.4696606982794429,-0.0635126398567745
QDA,HIV-1 RT,PC,Test,0.7227926078028748,0.6998011928429424,0.5718562874251497,0.7111111111111111,0.4408096873305621,-0.1148689963148851
QDA,HIV-1 RT,PC,Train,0.6744186046511628,0.6720505617977528,0.5361957064403395,0.6732325008793528,0.4370615503289282,-0.1255575092712481
QDA,HIV-1 RT,PC,Validation,0.6856540084388185,0.6856540084388185,0.553223388305847,0.6856540084388185,0.4568166415251087,-0.0863667169497824
QDA,HIV-1 RT,PC,Test,0.7055084745762712,0.6620278330019881,0.5374251497005988,0.683076923076923,0.4098017952888728,-0.1708656719413082
QDA,HIV-1 RT,PC,Train,0.6918646508279338,0.6753338018271258,0.5554445554445554,0.6834992887624467,0.4680641375284161,-0.0628302831361957
QDA,HIV-1 RT,PC,Validation,0.6886993603411514,0.68,0.5538922155688623,0.684322033898305,0.4617616580310881,-0.0757951729433143
QDA,HIV-1 RT,PC,Test,0.7259414225941423,0.6898608349900597,0.5703592814371258,0.7074413863404689,0.4479607205253328,-0.0994939072057555
QDA,HIV-1 RT,PC,Train,0.6966731898238747,0.7505270555165144,0.5904095904095904,0.7225981055480379,0.4737091236131795,-0.0562884502906705
QDA,HIV-1 RT,PC,Validation,0.7075098814229249,0.7536842105263157,0.6032934131736527,0.7298674821610601,0.4934224161439869,-0.0139119844253521
QDA,HIV-1 RT,PC,Test,0.728515625,0.7415506958250497,0.5973053892215568,0.734975369458128,0.4495632267004036,-0.1028267182496023
QDA,HIV-1 RT,PC,Train,0.6893342877594846,0.6762640449438202,0.5531702446330504,0.6827366182204891,0.4633479119365041,-0.0723416613750449
QDA,HIV-1 RT,PC,Validation,0.6882845188284519,0.6940928270042194,0.5592203898050975,0.6911764705882353,0.4610360508078092,-0.0784180320089253
QDA,HIV-1 RT,PC,Test,0.7164179104477612,0.6679920477137177,0.5508982035928144,0.691358024691358,0.4309657208265558,-0.130199043951234
QDA,HIV-1 RT,PC,Train,0.6742313323572474,0.6467696629213483,0.526709935097354,0.6602150537634408,0.4391015844831266,-0.1185591834238032
QDA,HIV-1 RT,PC,Validation,0.6858974358974359,0.6772151898734177,0.5502248875562219,0.6815286624203821,0.4577785793926674,-0.0836914703694099
QDA,HIV-1 RT,PC,Test,0.7080610021786492,0.6461232604373758,0.5329341317365269,0.6756756756756757,0.4170010241580818,-0.1544006797356417
QDA,HIV-1 RT,PC,Train,0.6918646508279338,0.6753338018271258,0.5554445554445554,0.6834992887624467,0.4680641375284161,-0.0628302831361957
QDA,HIV-1 RT,PC,Validation,0.6886993603411514,0.68,0.5538922155688623,0.684322033898305,0.4617616580310881,-0.0757951729433143
QDA,HIV-1 RT,PC,Test,0.7259414225941423,0.6898608349900597,0.5703592814371258,0.7074413863404689,0.4479607205253328,-0.0994939072057555
QDA,HIV-1 RT,PC,Train,0.6966731898238747,0.7505270555165144,0.5904095904095904,0.7225981055480379,0.4737091236131795,-0.0562884502906705
QDA,HIV-1 RT,PC,Validation,0.7075098814229249,0.7536842105263157,0.6032934131736527,0.7298674821610601,0.4934224161439869,-0.0139119844253521
QDA,HIV-1 RT,PC,Test,0.728515625,0.7415506958250497,0.5973053892215568,0.734975369458128,0.4495632267004036,-0.1028267182496023
QDA,HIV-1 RT,PC,Train,0.6893342877594846,0.6762640449438202,0.5531702446330504,0.6827366182204891,0.4633479119365041,-0.0723416613750449
QDA,HIV-1 RT,PC,Validation,0.6882845188284519,0.6940928270042194,0.5592203898050975,0.6911764705882353,0.4610360508078092,-0.0784180320089253
QDA,HIV-1 RT,PC,Test,0.7164179104477612,0.6679920477137177,0.5508982035928144,0.691358024691358,0.4309657208265558,-0.130199043951234
QDA,HIV-1 RT,PC,Train,0.6742313323572474,0.6467696629213483,0.526709935097354,0.6602150537634408,0.4391015844831266,-0.1185591834238032
QDA,HIV-1 RT,PC,Validation,0.6858974358974359,0.6772151898734177,0.5502248875562219,0.6815286624203821,0.4577785793926674,-0.0836914703694099
QDA,HIV-1 RT,PC,Test,0.7080610021786492,0.6461232604373758,0.5329341317365269,0.6756756756756757,0.4170010241580818,-0.1544006797356417
QDA,HIV-1 RT,PC,Train,0.6886792452830188,0.5130007027406887,0.489010989010989,0.5879983890455095,0.4715262581060956,-0.0517294531682397
QDA,HIV-1 RT,PC,Validation,0.7047353760445683,0.5326315789473685,0.5089820359281437,0.6067146282973621,0.4917043905099537,-0.0150826374134506
QDA,HIV-1 RT,PC,Test,0.6949602122015915,0.5208747514910537,0.467065868263473,0.5954545454545455,0.4119525272606783,-0.1531636422813021
QDA,HIV-1 RT,PC,Train,0.7059386973180076,0.5179198875614898,0.503996003996004,0.5974868261045805,0.4938476812591559,-0.0111680551807359
QDA,HIV-1 RT,PC,Validation,0.6825842696629213,0.511578947368421,0.4835329341317365,0.5848375451263538,0.4630433596945732,-0.0671499420189721
QDA,HIV-1 RT,PC,Test,0.7047353760445683,0.5029821073558648,0.467065868263473,0.5870069605568445,0.4302789324658111,-0.1206128346748884
QDA,HIV-1 RT,PC,Train,0.6996124031007752,0.5070224719101124,0.4947578632051922,0.5879478827361564,0.4858082998583377,-0.0257459685792074
QDA,HIV-1 RT,PC,Validation,0.7222222222222222,0.5210970464135021,0.5172413793103449,0.6053921568627451,0.5144345335694454,0.0261906237946546
QDA,HIV-1 RT,PC,Test,0.7102272727272727,0.4970178926441352,0.468562874251497,0.5847953216374269,0.4394180372311584,-0.1046608908399348
QDA,HIV-1 RT,PC,Train,0.6923774954627949,0.535814606741573,0.5007488766849726,0.604117181314331,0.4751611893811492,-0.0452691016010505
QDA,HIV-1 RT,PC,Validation,0.6863270777479893,0.540084388185654,0.4977511244377811,0.6044864226682408,0.4669333858026716,-0.0604031334082856
QDA,HIV-1 RT,PC,Test,0.7037037037037037,0.5288270377733598,0.4775449101796407,0.6038592508513053,0.4250195794927405,-0.1304845022246149
QDA,HIV-1 RT,PC,Train,0.6886792452830188,0.5130007027406887,0.489010989010989,0.5879983890455095,0.4715262581060956,-0.0517294531682397
QDA,HIV-1 RT,PC,Validation,0.7047353760445683,0.5326315789473685,0.5089820359281437,0.6067146282973621,0.4917043905099537,-0.0150826374134506
QDA,HIV-1 RT,PC,Test,0.6949602122015915,0.5208747514910537,0.467065868263473,0.5954545454545455,0.4119525272606783,-0.1531636422813021
QDA,HIV-1 RT,PC,Train,0.7059386973180076,0.5179198875614898,0.503996003996004,0.5974868261045805,0.4938476812591559,-0.0111680551807359
QDA,HIV-1 RT,PC,Validation,0.6825842696629213,0.511578947368421,0.4835329341317365,0.5848375451263538,0.4630433596945732,-0.0671499420189721
QDA,HIV-1 RT,PC,Test,0.7047353760445683,0.5029821073558648,0.467065868263473,0.5870069605568445,0.4302789324658111,-0.1206128346748884
QDA,HIV-1 RT,PC,Train,0.6996124031007752,0.5070224719101124,0.4947578632051922,0.5879478827361564,0.4858082998583377,-0.0257459685792074
QDA,HIV-1 RT,PC,Validation,0.7222222222222222,0.5210970464135021,0.5172413793103449,0.6053921568627451,0.5144345335694454,0.0261906237946546
QDA,HIV-1 RT,PC,Test,0.7102272727272727,0.4970178926441352,0.468562874251497,0.5847953216374269,0.4394180372311584,-0.1046608908399348
QDA,HIV-1 RT,PC,Train,0.6923774954627949,0.535814606741573,0.5007488766849726,0.604117181314331,0.4751611893811492,-0.0452691016010505
QDA,HIV-1 RT,PC,Validation,0.6863270777479893,0.540084388185654,0.4977511244377811,0.6044864226682408,0.4669333858026716,-0.0604031334082856
QDA,HIV-1 RT,PC,Test,0.7037037037037037,0.5288270377733598,0.4775449101796407,0.6038592508513053,0.4250195794927405,-0.1304845022246149
QDA,HIV-1 RT,ECFP4,Train,0.7086197778952935,0.9416725228390724,0.6833166833166833,0.8086904043452021,0.4950158814540785,-0.0197493513921786
QDA,HIV-1 RT,ECFP4,Validation,0.6983870967741935,0.911578947368421,0.657185628742515,0.7908675799086758,0.4713335151349877,-0.1006267471131652
QDA,HIV-1 RT,ECFP4,Test,0.7519747235387045,0.9463220675944334,0.7245508982035929,0.8380281690140845,0.4974034580396409,-0.0100511424561073
QDA,HIV-1 RT,ECFP4,Train,0.6987041036717062,0.9093464511595222,0.6568431568431569,0.7902290076335878,0.4728079406056678,-0.093658609780639
QDA,HIV-1 RT,ECFP4,Validation,0.7131147540983607,0.9157894736842104,0.6781437125748503,0.8018433179723502,0.5045268611944369,0.0145738306539901
QDA,HIV-1 RT,ECFP4,Test,0.743801652892562,0.8946322067594433,0.688622754491018,0.8122743682310469,0.4776191336827519,-0.0660518356180391
QDA,HIV-1 RT,ECFP4,Train,0.7051899411449973,0.925561797752809,0.671992011982027,0.8004858791375645,0.4869605189109468,-0.0473181254288997
QDA,HIV-1 RT,ECFP4,Validation,0.710236220472441,0.9514767932489452,0.6896551724137931,0.8133453561767358,0.4990544588006384,-0.0040125127552666
QDA,HIV-1 RT,ECFP4,Test,0.748792270531401,0.9244532803180916,0.7095808383233533,0.8274021352313167,0.489499367431773,-0.0354141394781792
QDA,HIV-1 RT,ECFP4,Train,0.709246392303581,0.93188202247191,0.6799800299550673,0.8054628224582701,0.4961655362791329,-0.0140121586518077
QDA,HIV-1 RT,ECFP4,Validation,0.7090620031796503,0.940928270042194,0.6836581709145427,0.8087035358114234,0.4963708707723924,-0.0141998296058213
QDA,HIV-1 RT,ECFP4,Test,0.7531847133757962,0.9403578528827038,0.7230538922155688,0.8364279398762158,0.5004819567443821,0.0017520810999432
QDA,HIV-1 RT,ECFP4,Train,0.7086197778952935,0.9416725228390724,0.6833166833166833,0.8086904043452021,0.4950158814540785,-0.0197493513921786
QDA,HIV-1 RT,ECFP4,Validation,0.6983870967741935,0.911578947368421,0.657185628742515,0.7908675799086758,0.4713335151349877,-0.1006267471131652
QDA,HIV-1 RT,ECFP4,Test,0.7519747235387045,0.9463220675944334,0.7245508982035929,0.8380281690140845,0.4974034580396409,-0.0100511424561073
QDA,HIV-1 RT,ECFP4,Train,0.6987041036717062,0.9093464511595222,0.6568431568431569,0.7902290076335878,0.4728079406056678,-0.093658609780639
QDA,HIV-1 RT,ECFP4,Validation,0.7131147540983607,0.9157894736842104,0.6781437125748503,0.8018433179723502,0.5045268611944369,0.0145738306539901
QDA,HIV-1 RT,ECFP4,Test,0.743801652892562,0.8946322067594433,0.688622754491018,0.8122743682310469,0.4776191336827519,-0.0660518356180391
QDA,HIV-1 RT,ECFP4,Train,0.7051899411449973,0.925561797752809,0.671992011982027,0.8004858791375645,0.4869605189109468,-0.0473181254288997
QDA,HIV-1 RT,ECFP4,Validation,0.710236220472441,0.9514767932489452,0.6896551724137931,0.8133453561767358,0.4990544588006384,-0.0040125127552666
QDA,HIV-1 RT,ECFP4,Test,0.748792270531401,0.9244532803180916,0.7095808383233533,0.8274021352313167,0.489499367431773,-0.0354141394781792
QDA,HIV-1 RT,ECFP4,Train,0.709246392303581,0.93188202247191,0.6799800299550673,0.8054628224582701,0.4961655362791329,-0.0140121586518077
QDA,HIV-1 RT,ECFP4,Validation,0.7090620031796503,0.940928270042194,0.6836581709145427,0.8087035358114234,0.4963708707723924,-0.0141998296058213
QDA,HIV-1 RT,ECFP4,Test,0.7531847133757962,0.9403578528827038,0.7230538922155688,0.8364279398762158,0.5004819567443821,0.0017520810999432
QDA,HIV-1 RT,ECFP4,Train,0.7107892107892108,1.0,0.7107892107892108,0.830948905109489,0.5,0.0
QDA,HIV-1 RT,ECFP4,Validation,0.7110778443113772,1.0,0.7110778443113772,0.8311461067366579,0.5,0.0
QDA,HIV-1 RT,ECFP4,Test,0.7529940119760479,1.0,0.7529940119760479,0.8590947907771136,0.5,0.0
QDA,HIV-1 RT,ECFP4,Train,0.7107892107892108,1.0,0.7107892107892108,0.830948905109489,0.5,0.0
QDA,HIV-1 RT,ECFP4,Validation,0.7110778443113772,1.0,0.7110778443113772,0.8311461067366579,0.5,0.0
QDA,HIV-1 RT,ECFP4,Test,0.7529940119760479,1.0,0.7529940119760479,0.8590947907771136,0.5,0.0
QDA,HIV-1 RT,ECFP4,Train,0.7109335996005991,1.0,0.7109335996005991,0.8310475634665888,0.5,0.0
QDA,HIV-1 RT,ECFP4,Validation,0.7106446776611695,1.0,0.7106446776611695,0.8308501314636284,0.5,0.0
QDA,HIV-1 RT,ECFP4,Test,0.7529940119760479,1.0,0.7529940119760479,0.8590947907771136,0.5,0.0
QDA,HIV-1 RT,ECFP4,Train,0.7109335996005991,1.0,0.7109335996005991,0.8310475634665888,0.5,0.0
QDA,HIV-1 RT,ECFP4,Validation,0.7106446776611695,1.0,0.7106446776611695,0.8308501314636284,0.5,0.0
QDA,HIV-1 RT,ECFP4,Test,0.7529940119760479,1.0,0.7529940119760479,0.8590947907771136,0.5,0.0
QDA,HIV-1 RT,ECFP4,Train,0.7107892107892108,1.0,0.7107892107892108,0.830948905109489,0.5,0.0
QDA,HIV-1 RT,ECFP4,Validation,0.7110778443113772,1.0,0.7110778443113772,0.8311461067366579,0.5,0.0
QDA,HIV-1 RT,ECFP4,Test,0.7529940119760479,1.0,0.7529940119760479,0.8590947907771136,0.5,0.0
QDA,HIV-1 RT,ECFP4,Train,0.7107892107892108,1.0,0.7107892107892108,0.830948905109489,0.5,0.0
QDA,HIV-1 RT,ECFP4,Validation,0.7110778443113772,1.0,0.7110778443113772,0.8311461067366579,0.5,0.0
QDA,HIV-1 RT,ECFP4,Test,0.7529940119760479,1.0,0.7529940119760479,0.8590947907771136,0.5,0.0
QDA,HIV-1 RT,ECFP4,Train,0.7109335996005991,1.0,0.7109335996005991,0.8310475634665888,0.5,0.0
QDA,HIV-1 RT,ECFP4,Validation,0.7106446776611695,1.0,0.7106446776611695,0.8308501314636284,0.5,0.0
QDA,HIV-1 RT,ECFP4,Test,0.7529940119760479,1.0,0.7529940119760479,0.8590947907771136,0.5,0.0
QDA,HIV-1 RT,ECFP4,Train,0.7109335996005991,1.0,0.7109335996005991,0.8310475634665888,0.5,0.0
QDA,HIV-1 RT,ECFP4,Validation,0.7106446776611695,1.0,0.7106446776611695,0.8308501314636284,0.5,0.0
QDA,HIV-1 RT,ECFP4,Test,0.7529940119760479,1.0,0.7529940119760479,0.8590947907771136,0.5,0.0
QDA,HIV-1 RT,ECFP4,Train,0.7107892107892108,1.0,0.7107892107892108,0.830948905109489,0.5,0.0
QDA,HIV-1 RT,ECFP4,Validation,0.7110778443113772,1.0,0.7110778443113772,0.8311461067366579,0.5,0.0
QDA,HIV-1 RT,ECFP4,Test,0.7529940119760479,1.0,0.7529940119760479,0.8590947907771136,0.5,0.0
QDA,HIV-1 RT,ECFP4,Train,0.7107892107892108,1.0,0.7107892107892108,0.830948905109489,0.5,0.0
QDA,HIV-1 RT,ECFP4,Validation,0.7110778443113772,1.0,0.7110778443113772,0.8311461067366579,0.5,0.0
QDA,HIV-1 RT,ECFP4,Test,0.7529940119760479,1.0,0.7529940119760479,0.8590947907771136,0.5,0.0
QDA,HIV-1 RT,ECFP4,Train,0.7109335996005991,1.0,0.7109335996005991,0.8310475634665888,0.5,0.0
QDA,HIV-1 RT,ECFP4,Validation,0.7106446776611695,1.0,0.7106446776611695,0.8308501314636284,0.5,0.0
QDA,HIV-1 RT,ECFP4,Test,0.7529940119760479,1.0,0.7529940119760479,0.8590947907771136,0.5,0.0
QDA,HIV-1 RT,ECFP4,Train,0.7109335996005991,1.0,0.7109335996005991,0.8310475634665888,0.5,0.0
QDA,HIV-1 RT,ECFP4,Validation,0.7106446776611695,1.0,0.7106446776611695,0.8308501314636284,0.5,0.0
QDA,HIV-1 RT,ECFP4,Test,0.7529940119760479,1.0,0.7529940119760479,0.8590947907771136,0.5,0.0
QDA,HIV-1 RT,ECFP4,Train,0.7107892107892108,1.0,0.7107892107892108,0.830948905109489,0.5,0.0
QDA,HIV-1 RT,ECFP4,Validation,0.7110778443113772,1.0,0.7110778443113772,0.8311461067366579,0.5,0.0
QDA,HIV-1 RT,ECFP4,Test,0.7529940119760479,1.0,0.7529940119760479,0.8590947907771136,0.5,0.0
QDA,HIV-1 RT,ECFP4,Train,0.7107892107892108,1.0,0.7107892107892108,0.830948905109489,0.5,0.0
QDA,HIV-1 RT,ECFP4,Validation,0.7110778443113772,1.0,0.7110778443113772,0.8311461067366579,0.5,0.0
QDA,HIV-1 RT,ECFP4,Test,0.7529940119760479,1.0,0.7529940119760479,0.8590947907771136,0.5,0.0
QDA,HIV-1 RT,ECFP4,Train,0.7109335996005991,1.0,0.7109335996005991,0.8310475634665888,0.5,0.0
QDA,HIV-1 RT,ECFP4,Validation,0.7106446776611695,1.0,0.7106446776611695,0.8308501314636284,0.5,0.0
QDA,HIV-1 RT,ECFP4,Test,0.7529940119760479,1.0,0.7529940119760479,0.8590947907771136,0.5,0.0
QDA,HIV-1 RT,ECFP4,Train,0.7109335996005991,1.0,0.7109335996005991,0.8310475634665888,0.5,0.0
QDA,HIV-1 RT,ECFP4,Validation,0.7106446776611695,1.0,0.7106446776611695,0.8308501314636284,0.5,0.0
QDA,HIV-1 RT,ECFP4,Test,0.7529940119760479,1.0,0.7529940119760479,0.8590947907771136,0.5,0.0
QDA,HIV-1 RT,ECFP4,Train,0.7107892107892108,1.0,0.7107892107892108,0.830948905109489,0.5,0.0
QDA,HIV-1 RT,ECFP4,Validation,0.7110778443113772,1.0,0.7110778443113772,0.8311461067366579,0.5,0.0
QDA,HIV-1 RT,ECFP4,Test,0.7529940119760479,1.0,0.7529940119760479,0.8590947907771136,0.5,0.0
QDA,HIV-1 RT,ECFP4,Train,0.7107892107892108,1.0,0.7107892107892108,0.830948905109489,0.5,0.0
QDA,HIV-1 RT,ECFP4,Validation,0.7110778443113772,1.0,0.7110778443113772,0.8311461067366579,0.5,0.0
QDA,HIV-1 RT,ECFP4,Test,0.7529940119760479,1.0,0.7529940119760479,0.8590947907771136,0.5,0.0
QDA,HIV-1 RT,ECFP4,Train,0.7109335996005991,1.0,0.7109335996005991,0.8310475634665888,0.5,0.0
QDA,HIV-1 RT,ECFP4,Validation,0.7106446776611695,1.0,0.7106446776611695,0.8308501314636284,0.5,0.0
QDA,HIV-1 RT,ECFP4,Test,0.7529940119760479,1.0,0.7529940119760479,0.8590947907771136,0.5,0.0
QDA,HIV-1 RT,ECFP4,Train,0.7109335996005991,1.0,0.7109335996005991,0.8310475634665888,0.5,0.0
QDA,HIV-1 RT,ECFP4,Validation,0.7106446776611695,1.0,0.7106446776611695,0.8308501314636284,0.5,0.0
QDA,HIV-1 RT,ECFP4,Test,0.7529940119760479,1.0,0.7529940119760479,0.8590947907771136,0.5,0.0
QDA,HIV-1 RT,ECFP4,Train,0.7107892107892108,1.0,0.7107892107892108,0.830948905109489,0.5,0.0
QDA,HIV-1 RT,ECFP4,Validation,0.7110778443113772,1.0,0.7110778443113772,0.8311461067366579,0.5,0.0
QDA,HIV-1 RT,ECFP4,Test,0.7529940119760479,1.0,0.7529940119760479,0.8590947907771136,0.5,0.0
QDA,HIV-1 RT,ECFP4,Train,0.7107892107892108,1.0,0.7107892107892108,0.830948905109489,0.5,0.0
QDA,HIV-1 RT,ECFP4,Validation,0.7110778443113772,1.0,0.7110778443113772,0.8311461067366579,0.5,0.0
QDA,HIV-1 RT,ECFP4,Test,0.7529940119760479,1.0,0.7529940119760479,0.8590947907771136,0.5,0.0
QDA,HIV-1 RT,ECFP4,Train,0.7109335996005991,1.0,0.7109335996005991,0.8310475634665888,0.5,0.0
QDA,HIV-1 RT,ECFP4,Validation,0.7106446776611695,1.0,0.7106446776611695,0.8308501314636284,0.5,0.0
QDA,HIV-1 RT,ECFP4,Test,0.7529940119760479,1.0,0.7529940119760479,0.8590947907771136,0.5,0.0
QDA,HIV-1 RT,ECFP4,Train,0.7109335996005991,1.0,0.7109335996005991,0.8310475634665888,0.5,0.0
QDA,HIV-1 RT,ECFP4,Validation,0.7106446776611695,1.0,0.7106446776611695,0.8308501314636284,0.5,0.0
QDA,HIV-1 RT,ECFP4,Test,0.7529940119760479,1.0,0.7529940119760479,0.8590947907771136,0.5,0.0
QDA,HIV-1 RT,ECFP4,Train,0.7107892107892108,1.0,0.7107892107892108,0.830948905109489,0.5,0.0
QDA,HIV-1 RT,ECFP4,Validation,0.7110778443113772,1.0,0.7110778443113772,0.8311461067366579,0.5,0.0
QDA,HIV-1 RT,ECFP4,Test,0.7529940119760479,1.0,0.7529940119760479,0.8590947907771136,0.5,0.0
QDA,HIV-1 RT,ECFP4,Train,0.7107892107892108,1.0,0.7107892107892108,0.830948905109489,0.5,0.0
QDA,HIV-1 RT,ECFP4,Validation,0.7110778443113772,1.0,0.7110778443113772,0.8311461067366579,0.5,0.0
QDA,HIV-1 RT,ECFP4,Test,0.7529940119760479,1.0,0.7529940119760479,0.8590947907771136,0.5,0.0
QDA,HIV-1 RT,ECFP4,Train,0.7109335996005991,1.0,0.7109335996005991,0.8310475634665888,0.5,0.0
QDA,HIV-1 RT,ECFP4,Validation,0.7106446776611695,1.0,0.7106446776611695,0.8308501314636284,0.5,0.0
QDA,HIV-1 RT,ECFP4,Test,0.7529940119760479,1.0,0.7529940119760479,0.8590947907771136,0.5,0.0
QDA,HIV-1 RT,ECFP4,Train,0.7109335996005991,1.0,0.7109335996005991,0.8310475634665888,0.5,0.0
QDA,HIV-1 RT,ECFP4,Validation,0.7106446776611695,1.0,0.7106446776611695,0.8308501314636284,0.5,0.0
QDA,HIV-1 RT,ECFP4,Test,0.7529940119760479,1.0,0.7529940119760479,0.8590947907771136,0.5,0.0
QDA,HIV-1 RT,ECFP4,Train,0.7107892107892108,1.0,0.7107892107892108,0.830948905109489,0.5,0.0
QDA,HIV-1 RT,ECFP4,Validation,0.7110778443113772,1.0,0.7110778443113772,0.8311461067366579,0.5,0.0
QDA,HIV-1 RT,ECFP4,Test,0.7529940119760479,1.0,0.7529940119760479,0.8590947907771136,0.5,0.0
QDA,HIV-1 RT,ECFP4,Train,0.7107892107892108,1.0,0.7107892107892108,0.830948905109489,0.5,0.0
QDA,HIV-1 RT,ECFP4,Validation,0.7110778443113772,1.0,0.7110778443113772,0.8311461067366579,0.5,0.0
QDA,HIV-1 RT,ECFP4,Test,0.7529940119760479,1.0,0.7529940119760479,0.8590947907771136,0.5,0.0
QDA,HIV-1 RT,ECFP4,Train,0.7109335996005991,1.0,0.7109335996005991,0.8310475634665888,0.5,0.0
QDA,HIV-1 RT,ECFP4,Validation,0.7106446776611695,1.0,0.7106446776611695,0.8308501314636284,0.5,0.0
QDA,HIV-1 RT,ECFP4,Test,0.7529940119760479,1.0,0.7529940119760479,0.8590947907771136,0.5,0.0
QDA,HIV-1 RT,ECFP4,Train,0.7109335996005991,1.0,0.7109335996005991,0.8310475634665888,0.5,0.0
QDA,HIV-1 RT,ECFP4,Validation,0.7106446776611695,1.0,0.7106446776611695,0.8308501314636284,0.5,0.0
QDA,HIV-1 RT,ECFP4,Test,0.7529940119760479,1.0,0.7529940119760479,0.8590947907771136,0.5,0.0
QDA,HIV-1 RT,ECFP4,Train,0.8853503184713376,0.0976809557273366,0.3496503496503496,0.1759493670886076,0.5332964364128912,0.1123107871989337
QDA,HIV-1 RT,ECFP4,Validation,0.8909090909090909,0.1031578947368421,0.3532934131736527,0.1849056603773584,0.5360349059176438,0.1188412648640508
QDA,HIV-1 RT,ECFP4,Test,0.9166666666666666,0.1312127236580517,0.3368263473053892,0.2295652173913043,0.5474245436472077,0.1319075769427364
QDA,HIV-1 RT,ECFP4,Train,0.9072847682119204,0.0962754743499648,0.3506493506493506,0.1740787801778907,0.5360479271577113,0.1237828111216617
QDA,HIV-1 RT,ECFP4,Validation,0.8611111111111112,0.0652631578947368,0.3278443113772455,0.12133072407045,0.5196782110717209,0.0790007619528587
QDA,HIV-1 RT,ECFP4,Test,0.8793103448275862,0.1013916500994035,0.312874251497006,0.1818181818181818,0.5294837038375806,0.090314833598666
QDA,HIV-1 RT,ECFP4,Train,0.8901734104046243,0.1081460674157303,0.3564653020469296,0.1928616155291171,0.5376654343987115,0.1215678276885678
QDA,HIV-1 RT,ECFP4,Validation,0.8,0.1012658227848101,0.3433283358320839,0.1797752808988764,0.5195448284908507,0.0619526252029542
QDA,HIV-1 RT,ECFP4,Test,0.875,0.0974155069582504,0.309880239520958,0.1753130590339892,0.5274956322670039,0.0855755987638623
QDA,HIV-1 RT,ECFP4,Train,1.0,0.1193820224719101,0.3739390913629555,0.2132998745294855,0.5596910112359551,0.1941902922877111
QDA,HIV-1 RT,ECFP4,Validation,1.0,0.1329113924050632,0.383808095952024,0.2346368715083799,0.5664556962025317,0.2060825830021782
QDA,HIV-1 RT,ECFP4,Test,1.0,0.1332007952286282,0.3473053892215569,0.2350877192982456,0.5666003976143141,0.1912309334409531
QDA,HIV-1 RT,ECFP4,Train,0.8853503184713376,0.0976809557273366,0.3496503496503496,0.1759493670886076,0.5332964364128912,0.1123107871989337
QDA,HIV-1 RT,ECFP4,Validation,0.8909090909090909,0.1031578947368421,0.3532934131736527,0.1849056603773584,0.5360349059176438,0.1188412648640508
QDA,HIV-1 RT,ECFP4,Test,0.9166666666666666,0.1312127236580517,0.3368263473053892,0.2295652173913043,0.5474245436472077,0.1319075769427364
QDA,HIV-1 RT,ECFP4,Train,0.9072847682119204,0.0962754743499648,0.3506493506493506,0.1740787801778907,0.5360479271577113,0.1237828111216617
QDA,HIV-1 RT,ECFP4,Validation,0.8611111111111112,0.0652631578947368,0.3278443113772455,0.12133072407045,0.5196782110717209,0.0790007619528587
QDA,HIV-1 RT,ECFP4,Test,0.8793103448275862,0.1013916500994035,0.312874251497006,0.1818181818181818,0.5294837038375806,0.090314833598666
QDA,HIV-1 RT,ECFP4,Train,0.8901734104046243,0.1081460674157303,0.3564653020469296,0.1928616155291171,0.5376654343987115,0.1215678276885678
QDA,HIV-1 RT,ECFP4,Validation,0.8,0.1012658227848101,0.3433283358320839,0.1797752808988764,0.5195448284908507,0.0619526252029542
QDA,HIV-1 RT,ECFP4,Test,0.875,0.0974155069582504,0.309880239520958,0.1753130590339892,0.5274956322670039,0.0855755987638623
QDA,HIV-1 RT,ECFP4,Train,1.0,0.1193820224719101,0.3739390913629555,0.2132998745294855,0.5596910112359551,0.1941902922877111
QDA,HIV-1 RT,ECFP4,Validation,1.0,0.1329113924050632,0.383808095952024,0.2346368715083799,0.5664556962025317,0.2060825830021782
QDA,HIV-1 RT,ECFP4,Test,1.0,0.1332007952286282,0.3473053892215569,0.2350877192982456,0.5666003976143141,0.1912309334409531
QDA,HIV-1 RT,ECFP4,Train,0.7727699530516432,0.5783555867884751,0.5794205794205795,0.6615755627009646,0.5801967916671218,0.1457417978422313
QDA,HIV-1 RT,ECFP4,Validation,0.7799442896935933,0.5894736842105263,0.5898203592814372,0.6714628297362111,0.59007362967003,0.1637670985424964
QDA,HIV-1 RT,ECFP4,Test,0.8042328042328042,0.6043737574552683,0.5913173652694611,0.6901248581157775,0.5779444544852099,0.1356426554541272
QDA,HIV-1 RT,ECFP4,Train,0.817193675889328,0.5811665495432186,0.6098901098901099,0.6792607802874744,0.6308250709719547,0.2372765685448542
QDA,HIV-1 RT,ECFP4,Validation,0.8011695906432749,0.5768421052631579,0.5973053892215568,0.6707466340269278,0.6122552495227707,0.2035824148130109
QDA,HIV-1 RT,ECFP4,Test,0.7964071856287425,0.5288270377733598,0.5434131736526946,0.6356033452807647,0.5583529128260738,0.100663501581435
QDA,HIV-1 RT,ECFP4,Train,0.7962962962962963,0.5737359550561798,0.5926110833749376,0.6669387755102041,0.6063843851273991,0.1929661792036013
QDA,HIV-1 RT,ECFP4,Validation,0.8029411764705883,0.5759493670886076,0.5982008995502249,0.6707616707616708,0.614399554010625,0.2075433476178603
QDA,HIV-1 RT,ECFP4,Test,0.786144578313253,0.5188866799204771,0.531437125748503,0.6251497005988024,0.5442918248087234,0.0764083555918327
QDA,HIV-1 RT,ECFP4,Train,0.9157894736842104,0.6109550561797753,0.6834747878182726,0.7329401853411963,0.7363928994197667,0.42922272888652
QDA,HIV-1 RT,ECFP4,Validation,0.9375,0.6645569620253164,0.7301349325337332,0.7777777777777778,0.7778743359349382,0.5040372382070871
QDA,HIV-1 RT,ECFP4,Test,0.9476744186046512,0.6481113320079522,0.7080838323353293,0.7697756788665879,0.7695102114585216,0.4651354697680001
QDA,HIV-1 RT,ECFP4,Train,0.7727699530516432,0.5783555867884751,0.5794205794205795,0.6615755627009646,0.5801967916671218,0.1457417978422313
QDA,HIV-1 RT,ECFP4,Validation,0.7799442896935933,0.5894736842105263,0.5898203592814372,0.6714628297362111,0.59007362967003,0.1637670985424964
QDA,HIV-1 RT,ECFP4,Test,0.8042328042328042,0.6043737574552683,0.5913173652694611,0.6901248581157775,0.5779444544852099,0.1356426554541272
QDA,HIV-1 RT,ECFP4,Train,0.817193675889328,0.5811665495432186,0.6098901098901099,0.6792607802874744,0.6308250709719547,0.2372765685448542
QDA,HIV-1 RT,ECFP4,Validation,0.8011695906432749,0.5768421052631579,0.5973053892215568,0.6707466340269278,0.6122552495227707,0.2035824148130109
QDA,HIV-1 RT,ECFP4,Test,0.7964071856287425,0.5288270377733598,0.5434131736526946,0.6356033452807647,0.5583529128260738,0.100663501581435
QDA,HIV-1 RT,ECFP4,Train,0.7962962962962963,0.5737359550561798,0.5926110833749376,0.6669387755102041,0.6063843851273991,0.1929661792036013
QDA,HIV-1 RT,ECFP4,Validation,0.8029411764705883,0.5759493670886076,0.5982008995502249,0.6707616707616708,0.614399554010625,0.2075433476178603
QDA,HIV-1 RT,ECFP4,Test,0.786144578313253,0.5188866799204771,0.531437125748503,0.6251497005988024,0.5442918248087234,0.0764083555918327
QDA,HIV-1 RT,ECFP4,Train,0.9157894736842104,0.6109550561797753,0.6834747878182726,0.7329401853411963,0.7363928994197667,0.42922272888652
QDA,HIV-1 RT,ECFP4,Validation,0.9375,0.6645569620253164,0.7301349325337332,0.7777777777777778,0.7778743359349382,0.5040372382070871
QDA,HIV-1 RT,ECFP4,Test,0.9476744186046512,0.6481113320079522,0.7080838323353293,0.7697756788665879,0.7695102114585216,0.4651354697680001
QDA,HIV-1 RT,ECFP4,Train,0.7625,0.6001405481377372,0.5829170829170829,0.6716476602438065,0.5703638837407166,0.1285222221911689
QDA,HIV-1 RT,ECFP4,Validation,0.7680412371134021,0.6273684210526316,0.6002994011976048,0.6906141367323291,0.5805235887646578,0.1479393474538222
QDA,HIV-1 RT,ECFP4,Test,0.7913486005089059,0.6182902584493042,0.5898203592814372,0.6941964285714286,0.5606602807398036,0.1063157859547236
QDA,HIV-1 RT,ECFP4,Train,0.7903372835004557,0.6092761770906535,0.6073926073926074,0.6880952380952381,0.6060197811187292,0.193166151553958
QDA,HIV-1 RT,ECFP4,Validation,0.7913279132791328,0.6147368421052631,0.6107784431137725,0.6919431279620853,0.6078865557676575,0.1966862528061991
QDA,HIV-1 RT,ECFP4,Test,0.7899159663865546,0.5606361829025845,0.5568862275449101,0.6558139534883721,0.553045364178565,0.0917252899148861
QDA,HIV-1 RT,ECFP4,Train,0.7772887323943662,0.6200842696629213,0.6035946080878682,0.68984375,0.5915619966622032,0.1675486034949897
QDA,HIV-1 RT,ECFP4,Validation,0.7804878048780488,0.6075949367088608,0.5997001499250375,0.6832740213523132,0.5939529087689382,0.1713904962401715
QDA,HIV-1 RT,ECFP4,Test,0.7830985915492957,0.5526838966202783,0.5479041916167665,0.6480186480186481,0.5430086149768059,0.0743404305493518
QDA,HIV-1 RT,ECFP4,Train,0.8833333333333333,0.6327247191011236,0.6794807788317524,0.737315875613748,0.713598974403757,0.3873883807856128
QDA,HIV-1 RT,ECFP4,Validation,0.9176136363636364,0.6814345991561181,0.7301349325337332,0.7820823244552058,0.7655877658993027,0.4824799584684112
QDA,HIV-1 RT,ECFP4,Test,0.9323943661971832,0.658051689860835,0.7065868263473054,0.7715617715617715,0.7562985722031448,0.4430123178121691
QDA,HIV-1 RT,ECFP4,Train,0.7625,0.6001405481377372,0.5829170829170829,0.6716476602438065,0.5703638837407166,0.1285222221911689
QDA,HIV-1 RT,ECFP4,Validation,0.7680412371134021,0.6273684210526316,0.6002994011976048,0.6906141367323291,0.5805235887646578,0.1479393474538222
QDA,HIV-1 RT,ECFP4,Test,0.7913486005089059,0.6182902584493042,0.5898203592814372,0.6941964285714286,0.5606602807398036,0.1063157859547236
QDA,HIV-1 RT,ECFP4,Train,0.7903372835004557,0.6092761770906535,0.6073926073926074,0.6880952380952381,0.6060197811187292,0.193166151553958
QDA,HIV-1 RT,ECFP4,Validation,0.7913279132791328,0.6147368421052631,0.6107784431137725,0.6919431279620853,0.6078865557676575,0.1966862528061991
QDA,HIV-1 RT,ECFP4,Test,0.7899159663865546,0.5606361829025845,0.5568862275449101,0.6558139534883721,0.553045364178565,0.0917252899148861
QDA,HIV-1 RT,ECFP4,Train,0.7772887323943662,0.6200842696629213,0.6035946080878682,0.68984375,0.5915619966622032,0.1675486034949897
QDA,HIV-1 RT,ECFP4,Validation,0.7804878048780488,0.6075949367088608,0.5997001499250375,0.6832740213523132,0.5939529087689382,0.1713904962401715
QDA,HIV-1 RT,ECFP4,Test,0.7830985915492957,0.5526838966202783,0.5479041916167665,0.6480186480186481,0.5430086149768059,0.0743404305493518
QDA,HIV-1 RT,ECFP4,Train,0.8833333333333333,0.6327247191011236,0.6794807788317524,0.737315875613748,0.713598974403757,0.3873883807856128
QDA,HIV-1 RT,ECFP4,Validation,0.9176136363636364,0.6814345991561181,0.7301349325337332,0.7820823244552058,0.7655877658993027,0.4824799584684112
QDA,HIV-1 RT,ECFP4,Test,0.9323943661971832,0.658051689860835,0.7065868263473054,0.7715617715617715,0.7562985722031448,0.4430123178121691
QDA,HIV-1 RT,ECFP4,Train,0.7517123287671232,0.6170063246661982,0.5829170829170829,0.6777306059436511,0.5580713834039108,0.1068143133479107
QDA,HIV-1 RT,ECFP4,Validation,0.7682619647355163,0.6421052631578947,0.6077844311377245,0.6995412844036697,0.5827106626670303,0.1526993036326342
QDA,HIV-1 RT,ECFP4,Test,0.7783132530120482,0.6421471172962226,0.592814371257485,0.7037037037037037,0.5422856798602325,0.0751908455797163
QDA,HIV-1 RT,ECFP4,Train,0.7838312829525483,0.6268446943078004,0.6118881118881119,0.6966028894962905,0.6009871139932784,0.1848884094870433
QDA,HIV-1 RT,ECFP4,Validation,0.7862796833773087,0.6273684210526316,0.6137724550898204,0.6978922716627635,0.6038396509408236,0.1899984894513102
QDA,HIV-1 RT,ECFP4,Test,0.7808219178082192,0.5666003976143141,0.5538922155688623,0.6566820276497696,0.5408759563829146,0.0708200356239745
QDA,HIV-1 RT,ECFP4,Train,0.7713080168776372,0.6418539325842697,0.6100848726909636,0.7006515906477577,0.5869027866721003,0.1602958017917523
QDA,HIV-1 RT,ECFP4,Validation,0.7615384615384615,0.6265822784810127,0.5952023988005997,0.6875,0.5723584967534597,0.1331726889225755
QDA,HIV-1 RT,ECFP4,Test,0.7780748663101604,0.5785288270377733,0.5583832335329342,0.6636259977194983,0.5377492620037351,0.0655926171464629
QDA,HIV-1 RT,ECFP4,Train,0.8693181818181818,0.6446629213483146,0.6784822765851223,0.7403225806451613,0.7031604762181988,0.3689406815796663
QDA,HIV-1 RT,ECFP4,Validation,0.9035812672176308,0.6919831223628692,0.7286356821589205,0.7837514934289128,0.755317986051901,0.4649316662298229
QDA,HIV-1 RT,ECFP4,Test,0.9281767955801103,0.6679920477137177,0.7110778443113772,0.776878612716763,0.75520814506898,0.4418099503585247
QDA,HIV-1 RT,ECFP4,Train,0.7517123287671232,0.6170063246661982,0.5829170829170829,0.6777306059436511,0.5580713834039108,0.1068143133479107
QDA,HIV-1 RT,ECFP4,Validation,0.7682619647355163,0.6421052631578947,0.6077844311377245,0.6995412844036697,0.5827106626670303,0.1526993036326342
QDA,HIV-1 RT,ECFP4,Test,0.7783132530120482,0.6421471172962226,0.592814371257485,0.7037037037037037,0.5422856798602325,0.0751908455797163
QDA,HIV-1 RT,ECFP4,Train,0.7838312829525483,0.6268446943078004,0.6118881118881119,0.6966028894962905,0.6009871139932784,0.1848884094870433
QDA,HIV-1 RT,ECFP4,Validation,0.7862796833773087,0.6273684210526316,0.6137724550898204,0.6978922716627635,0.6038396509408236,0.1899984894513102
QDA,HIV-1 RT,ECFP4,Test,0.7808219178082192,0.5666003976143141,0.5538922155688623,0.6566820276497696,0.5408759563829146,0.0708200356239745
QDA,HIV-1 RT,ECFP4,Train,0.7713080168776372,0.6418539325842697,0.6100848726909636,0.7006515906477577,0.5869027866721003,0.1602958017917523
QDA,HIV-1 RT,ECFP4,Validation,0.7615384615384615,0.6265822784810127,0.5952023988005997,0.6875,0.5723584967534597,0.1331726889225755
QDA,HIV-1 RT,ECFP4,Test,0.7780748663101604,0.5785288270377733,0.5583832335329342,0.6636259977194983,0.5377492620037351,0.0655926171464629
QDA,HIV-1 RT,ECFP4,Train,0.8693181818181818,0.6446629213483146,0.6784822765851223,0.7403225806451613,0.7031604762181988,0.3689406815796663
QDA,HIV-1 RT,ECFP4,Validation,0.9035812672176308,0.6919831223628692,0.7286356821589205,0.7837514934289128,0.755317986051901,0.4649316662298229
QDA,HIV-1 RT,ECFP4,Test,0.9281767955801103,0.6679920477137177,0.7110778443113772,0.776878612716763,0.75520814506898,0.4418099503585247
QDA,HIV-1 RT,ECFP4,Train,0.7829383886255924,0.5804638088545326,0.5874125874125874,0.6666666666666666,0.5924771548590453,0.1679596527507182
QDA,HIV-1 RT,ECFP4,Validation,0.782608695652174,0.6063157894736843,0.6002994011976048,0.6832740213523132,0.5959040087264794,0.1747864167361941
QDA,HIV-1 RT,ECFP4,Test,0.7953964194373402,0.6182902584493042,0.592814371257485,0.6957494407158836,0.5667208868004097,0.1168125506491143
QDA,HIV-1 RT,ECFP4,Train,0.7994402985074627,0.6022487702037947,0.6098901098901099,0.6869739478957916,0.6154594455509474,0.2099241136914292
QDA,HIV-1 RT,ECFP4,Validation,0.7928176795580111,0.6042105263157894,0.6062874251497006,0.6857825567502986,0.6078047450231796,0.1961454928982257
QDA,HIV-1 RT,ECFP4,Test,0.7908309455587392,0.5487077534791253,0.5508982035928144,0.647887323943662,0.5531417555274414,0.0917664227756609
QDA,HIV-1 RT,ECFP4,Train,0.7945205479452054,0.6109550561797753,0.6110833749375936,0.6907502977371973,0.6111770099551725,0.2024833316543741
QDA,HIV-1 RT,ECFP4,Validation,0.8011363636363636,0.5949367088607594,0.6071964017991005,0.6828087167070218,0.6161212041713124,0.2109515608754319
QDA,HIV-1 RT,ECFP4,Test,0.7853107344632768,0.5526838966202783,0.5494011976047904,0.6487747957992999,0.5460389180071088,0.0795636345017249
QDA,HIV-1 RT,ECFP4,Train,0.9023883696780892,0.610252808988764,0.6759860209685472,0.728110599078341,0.72395196580699,0.4063959187889515
QDA,HIV-1 RT,ECFP4,Validation,0.9109195402298852,0.6687763713080169,0.7181409295352323,0.7712895377128953,0.754077304824993,0.4612949831290303
QDA,HIV-1 RT,ECFP4,Test,0.9505813953488372,0.6500994035785288,0.7110778443113772,0.7721369539551358,0.7735345502741129,0.4720808938963312
QDA,HIV-1 RT,ECFP4,Train,0.7829383886255924,0.5804638088545326,0.5874125874125874,0.6666666666666666,0.5924771548590453,0.1679596527507182
QDA,HIV-1 RT,ECFP4,Validation,0.782608695652174,0.6063157894736843,0.6002994011976048,0.6832740213523132,0.5959040087264794,0.1747864167361941
QDA,HIV-1 RT,ECFP4,Test,0.7953964194373402,0.6182902584493042,0.592814371257485,0.6957494407158836,0.5667208868004097,0.1168125506491143
QDA,HIV-1 RT,ECFP4,Train,0.7994402985074627,0.6022487702037947,0.6098901098901099,0.6869739478957916,0.6154594455509474,0.2099241136914292
QDA,HIV-1 RT,ECFP4,Validation,0.7928176795580111,0.6042105263157894,0.6062874251497006,0.6857825567502986,0.6078047450231796,0.1961454928982257
QDA,HIV-1 RT,ECFP4,Test,0.7908309455587392,0.5487077534791253,0.5508982035928144,0.647887323943662,0.5531417555274414,0.0917664227756609
QDA,HIV-1 RT,ECFP4,Train,0.7945205479452054,0.6109550561797753,0.6110833749375936,0.6907502977371973,0.6111770099551725,0.2024833316543741
QDA,HIV-1 RT,ECFP4,Validation,0.8011363636363636,0.5949367088607594,0.6071964017991005,0.6828087167070218,0.6161212041713124,0.2109515608754319
QDA,HIV-1 RT,ECFP4,Test,0.7853107344632768,0.5526838966202783,0.5494011976047904,0.6487747957992999,0.5460389180071088,0.0795636345017249
QDA,HIV-1 RT,ECFP4,Train,0.9023883696780892,0.610252808988764,0.6759860209685472,0.728110599078341,0.72395196580699,0.4063959187889515
QDA,HIV-1 RT,ECFP4,Validation,0.9109195402298852,0.6687763713080169,0.7181409295352323,0.7712895377128953,0.754077304824993,0.4612949831290303
QDA,HIV-1 RT,ECFP4,Test,0.9505813953488372,0.6500994035785288,0.7110778443113772,0.7721369539551358,0.7735345502741129,0.4720808938963312
QDA,HIV-1 RT,ECFP4,Train,0.7945425361155698,0.3478566408995081,0.4725274725274725,0.4838709677419355,0.5633929145775605,0.1241613113118644
QDA,HIV-1 RT,ECFP4,Validation,0.8018018018018018,0.3747368421052631,0.4895209580838323,0.5107604017216643,0.5733787837469321,0.1412153957471536
QDA,HIV-1 RT,ECFP4,Test,0.7866108786610879,0.3737574552683896,0.4520958083832335,0.5067385444743935,0.5323332730887402,0.0581805783505889
QDA,HIV-1 RT,ECFP4,Train,0.833570412517781,0.4118060435699227,0.5234765234765235,0.5512699905926622,0.6048667523549095,0.1992174184254648
QDA,HIV-1 RT,ECFP4,Validation,0.7936507936507936,0.4210526315789473,0.5104790419161677,0.5502063273727648,0.5758112898827378,0.1417889561452026
QDA,HIV-1 RT,ECFP4,Test,0.8068669527896996,0.3737574552683896,0.4610778443113772,0.5108695652173914,0.5505150912705584,0.0914227989583429
QDA,HIV-1 RT,ECFP4,Train,0.8079877112135176,0.3693820224719101,0.4892661008487269,0.5069879518072289,0.5767462789388911,0.1485602973124287
QDA,HIV-1 RT,ECFP4,Validation,0.822429906542056,0.3713080168776371,0.4962518740629685,0.5116279069767442,0.5872084125838962,0.1694338637740619
QDA,HIV-1 RT,ECFP4,Test,0.7829787234042553,0.3658051689860835,0.4461077844311377,0.4986449864498645,0.5283571299475872,0.0512200920187803
QDA,HIV-1 RT,ECFP4,Train,0.9382113821138212,0.4051966292134831,0.5581627558662007,0.5659637076998528,0.6697831159884341,0.3337232628291269
QDA,HIV-1 RT,ECFP4,Validation,0.9495412844036696,0.4367088607594936,0.5832083958020989,0.5982658959537572,0.689857021053322,0.3670904328357156
QDA,HIV-1 RT,ECFP4,Test,0.9502262443438914,0.4174950298210735,0.5449101796407185,0.580110497237569,0.6754141815772035,0.3215664738660882
QDA,HIV-1 RT,ECFP4,Train,0.7945425361155698,0.3478566408995081,0.4725274725274725,0.4838709677419355,0.5633929145775605,0.1241613113118644
QDA,HIV-1 RT,ECFP4,Validation,0.8018018018018018,0.3747368421052631,0.4895209580838323,0.5107604017216643,0.5733787837469321,0.1412153957471536
QDA,HIV-1 RT,ECFP4,Test,0.7866108786610879,0.3737574552683896,0.4520958083832335,0.5067385444743935,0.5323332730887402,0.0581805783505889
QDA,HIV-1 RT,ECFP4,Train,0.833570412517781,0.4118060435699227,0.5234765234765235,0.5512699905926622,0.6048667523549095,0.1992174184254648
QDA,HIV-1 RT,ECFP4,Validation,0.7936507936507936,0.4210526315789473,0.5104790419161677,0.5502063273727648,0.5758112898827378,0.1417889561452026
QDA,HIV-1 RT,ECFP4,Test,0.8068669527896996,0.3737574552683896,0.4610778443113772,0.5108695652173914,0.5505150912705584,0.0914227989583429
QDA,HIV-1 RT,ECFP4,Train,0.8079877112135176,0.3693820224719101,0.4892661008487269,0.5069879518072289,0.5767462789388911,0.1485602973124287
QDA,HIV-1 RT,ECFP4,Validation,0.822429906542056,0.3713080168776371,0.4962518740629685,0.5116279069767442,0.5872084125838962,0.1694338637740619
QDA,HIV-1 RT,ECFP4,Test,0.7829787234042553,0.3658051689860835,0.4461077844311377,0.4986449864498645,0.5283571299475872,0.0512200920187803
QDA,HIV-1 RT,ECFP4,Train,0.9382113821138212,0.4051966292134831,0.5581627558662007,0.5659637076998528,0.6697831159884341,0.3337232628291269
QDA,HIV-1 RT,ECFP4,Validation,0.9495412844036696,0.4367088607594936,0.5832083958020989,0.5982658959537572,0.689857021053322,0.3670904328357156
QDA,HIV-1 RT,ECFP4,Test,0.9502262443438914,0.4174950298210735,0.5449101796407185,0.580110497237569,0.6754141815772035,0.3215664738660882
QDA,HIV-1 RT,ECFP4,Train,0.9361702127659576,0.0309205903021784,0.3096903096903097,0.0598639455782312,0.5128696215759597,0.0770752948242159
QDA,HIV-1 RT,ECFP4,Validation,0.9047619047619048,0.04,0.3143712574850299,0.0766129032258064,0.5148186528497409,0.0769843400985463
QDA,HIV-1 RT,ECFP4,Test,0.9565217391304348,0.0437375745526839,0.278443113772455,0.0836501901140684,0.5188384842460388,0.0891165040601539
QDA,HIV-1 RT,ECFP4,Train,0.9,0.0316233309908643,0.3091908091908092,0.0610997963340122,0.5114938762035497,0.06679029073434
QDA,HIV-1 RT,ECFP4,Validation,0.9,0.0189473684210526,0.3008982035928144,0.0371134020618556,0.5068830106353968,0.0513831765008386
QDA,HIV-1 RT,ECFP4,Test,0.9473684210526316,0.0357852882703777,0.2724550898203592,0.0689655172413793,0.5148623411048858,0.0771159185531194
QDA,HIV-1 RT,ECFP4,Train,0.8918918918918919,0.0231741573033707,0.3035446829755367,0.0451745379876796,0.5081328472181793,0.0547613652837401
QDA,HIV-1 RT,ECFP4,Validation,0.9090909090909092,0.0210970464135021,0.3028485757121439,0.0412371134020618,0.5079578496316215,0.0566689658604821
QDA,HIV-1 RT,ECFP4,Test,0.9285714285714286,0.025844930417495,0.2649700598802395,0.0502901353965183,0.5098921621784445,0.0595654320388297
QDA,HIV-1 RT,ECFP4,Train,1.0,0.0379213483146067,0.3160259610584124,0.0730717185385656,0.5189606741573034,0.1061390625662432
QDA,HIV-1 RT,ECFP4,Validation,1.0,0.0316455696202531,0.3118440779610195,0.0613496932515337,0.5158227848101266,0.0967857267203833
QDA,HIV-1 RT,ECFP4,Test,1.0,0.0357852882703777,0.2739520958083832,0.0690978886756238,0.5178926441351889,0.0953097990330022
QDA,HIV-1 RT,ECFP4,Train,0.9361702127659576,0.0309205903021784,0.3096903096903097,0.0598639455782312,0.5128696215759597,0.0770752948242159
QDA,HIV-1 RT,ECFP4,Validation,0.9047619047619048,0.04,0.3143712574850299,0.0766129032258064,0.5148186528497409,0.0769843400985463
QDA,HIV-1 RT,ECFP4,Test,0.9565217391304348,0.0437375745526839,0.278443113772455,0.0836501901140684,0.5188384842460388,0.0891165040601539
QDA,HIV-1 RT,ECFP4,Train,0.9,0.0316233309908643,0.3091908091908092,0.0610997963340122,0.5114938762035497,0.06679029073434
QDA,HIV-1 RT,ECFP4,Validation,0.9,0.0189473684210526,0.3008982035928144,0.0371134020618556,0.5068830106353968,0.0513831765008386
QDA,HIV-1 RT,ECFP4,Test,0.9473684210526316,0.0357852882703777,0.2724550898203592,0.0689655172413793,0.5148623411048858,0.0771159185531194
QDA,HIV-1 RT,ECFP4,Train,0.8918918918918919,0.0231741573033707,0.3035446829755367,0.0451745379876796,0.5081328472181793,0.0547613652837401
QDA,HIV-1 RT,ECFP4,Validation,0.9090909090909092,0.0210970464135021,0.3028485757121439,0.0412371134020618,0.5079578496316215,0.0566689658604821
QDA,HIV-1 RT,ECFP4,Test,0.9285714285714286,0.025844930417495,0.2649700598802395,0.0502901353965183,0.5098921621784445,0.0595654320388297
QDA,HIV-1 RT,ECFP4,Train,1.0,0.0379213483146067,0.3160259610584124,0.0730717185385656,0.5189606741573034,0.1061390625662432
QDA,HIV-1 RT,ECFP4,Validation,1.0,0.0316455696202531,0.3118440779610195,0.0613496932515337,0.5158227848101266,0.0967857267203833
QDA,HIV-1 RT,ECFP4,Test,1.0,0.0357852882703777,0.2739520958083832,0.0690978886756238,0.5178926441351889,0.0953097990330022
QDA,HIV-1 RT,MIX,Train,0.7357807652533609,1.0,0.7447552447552448,0.8477807566279416,0.5587219343696028,0.2939607790424565
QDA,HIV-1 RT,MIX,Validation,0.7196969696969697,1.0,0.7230538922155688,0.8370044052863436,0.5207253886010363,0.1727194220228745
QDA,HIV-1 RT,MIX,Test,0.7586726998491704,1.0,0.7604790419161677,0.8627787307032591,0.5151515151515151,0.1516248060628973
QDA,HIV-1 RT,MIX,Train,0.7392207792207792,1.0,0.7492507492507493,0.8500597371565114,0.5664939550949913,0.3135401514919294
QDA,HIV-1 RT,MIX,Validation,0.7243589743589743,0.9515789473684212,0.7080838323353293,0.8225659690627843,0.5301936187619307,0.1103448297781728
QDA,HIV-1 RT,MIX,Test,0.7586726998491704,1.0,0.7604790419161677,0.8627787307032591,0.5151515151515151,0.1516248060628973
QDA,HIV-1 RT,MIX,Train,0.7401247401247402,1.0,0.7503744383424863,0.8506571087216248,0.5682210708117443,0.3177801199117837
QDA,HIV-1 RT,MIX,Validation,0.7182235834609495,0.989451476793249,0.7166416791604198,0.8322981366459627,0.5180418005727904,0.1141450520601684
QDA,HIV-1 RT,MIX,Test,0.7586726998491704,1.0,0.7604790419161677,0.8627787307032591,0.5151515151515151,0.1516248060628973
QDA,HIV-1 RT,MIX,Train,0.7328872876994339,1.0,0.7408886669995007,0.8458568458568458,0.5518134715025906,0.2755845953453334
QDA,HIV-1 RT,MIX,Validation,0.7291021671826625,0.9936708860759492,0.7331334332833583,0.8410714285714286,0.5434675673903062,0.2257549339531753
QDA,HIV-1 RT,MIX,Test,0.7583081570996979,0.9980119284294234,0.7589820359281437,0.8618025751072962,0.5141574793662268,0.1294306933691492
QDA,HIV-1 RT,MIX,Train,0.7357807652533609,1.0,0.7447552447552448,0.8477807566279416,0.5587219343696028,0.2939607790424565
QDA,HIV-1 RT,MIX,Validation,0.7196969696969697,1.0,0.7230538922155688,0.8370044052863436,0.5207253886010363,0.1727194220228745
QDA,HIV-1 RT,MIX,Test,0.7586726998491704,1.0,0.7604790419161677,0.8627787307032591,0.5151515151515151,0.1516248060628973
QDA,HIV-1 RT,MIX,Train,0.7392207792207792,1.0,0.7492507492507493,0.8500597371565114,0.5664939550949913,0.3135401514919294
QDA,HIV-1 RT,MIX,Validation,0.7243589743589743,0.9515789473684212,0.7080838323353293,0.8225659690627843,0.5301936187619307,0.1103448297781728
QDA,HIV-1 RT,MIX,Test,0.7586726998491704,1.0,0.7604790419161677,0.8627787307032591,0.5151515151515151,0.1516248060628973
QDA,HIV-1 RT,MIX,Train,0.7401247401247402,1.0,0.7503744383424863,0.8506571087216248,0.5682210708117443,0.3177801199117837
QDA,HIV-1 RT,MIX,Validation,0.7182235834609495,0.989451476793249,0.7166416791604198,0.8322981366459627,0.5180418005727904,0.1141450520601684
QDA,HIV-1 RT,MIX,Test,0.7586726998491704,1.0,0.7604790419161677,0.8627787307032591,0.5151515151515151,0.1516248060628973
QDA,HIV-1 RT,MIX,Train,0.7328872876994339,1.0,0.7408886669995007,0.8458568458568458,0.5518134715025906,0.2755845953453334
QDA,HIV-1 RT,MIX,Validation,0.7291021671826625,0.9936708860759492,0.7331334332833583,0.8410714285714286,0.5434675673903062,0.2257549339531753
QDA,HIV-1 RT,MIX,Test,0.7583081570996979,0.9980119284294234,0.7589820359281437,0.8618025751072962,0.5141574793662268,0.1294306933691492
QDA,HIV-1 RT,MIX,Train,0.7107892107892108,1.0,0.7107892107892108,0.830948905109489,0.5,0.0
QDA,HIV-1 RT,MIX,Validation,0.7110778443113772,1.0,0.7110778443113772,0.8311461067366579,0.5,0.0
QDA,HIV-1 RT,MIX,Test,0.7529940119760479,1.0,0.7529940119760479,0.8590947907771136,0.5,0.0
QDA,HIV-1 RT,MIX,Train,0.7107892107892108,1.0,0.7107892107892108,0.830948905109489,0.5,0.0
QDA,HIV-1 RT,MIX,Validation,0.7110778443113772,1.0,0.7110778443113772,0.8311461067366579,0.5,0.0
QDA,HIV-1 RT,MIX,Test,0.7529940119760479,1.0,0.7529940119760479,0.8590947907771136,0.5,0.0
QDA,HIV-1 RT,MIX,Train,0.7109335996005991,1.0,0.7109335996005991,0.8310475634665888,0.5,0.0
QDA,HIV-1 RT,MIX,Validation,0.7106446776611695,1.0,0.7106446776611695,0.8308501314636284,0.5,0.0
QDA,HIV-1 RT,MIX,Test,0.7529940119760479,1.0,0.7529940119760479,0.8590947907771136,0.5,0.0
QDA,HIV-1 RT,MIX,Train,0.7109335996005991,1.0,0.7109335996005991,0.8310475634665888,0.5,0.0
QDA,HIV-1 RT,MIX,Validation,0.7106446776611695,1.0,0.7106446776611695,0.8308501314636284,0.5,0.0
QDA,HIV-1 RT,MIX,Test,0.7529940119760479,1.0,0.7529940119760479,0.8590947907771136,0.5,0.0
QDA,HIV-1 RT,MIX,Train,0.7107892107892108,1.0,0.7107892107892108,0.830948905109489,0.5,0.0
QDA,HIV-1 RT,MIX,Validation,0.7110778443113772,1.0,0.7110778443113772,0.8311461067366579,0.5,0.0
QDA,HIV-1 RT,MIX,Test,0.7529940119760479,1.0,0.7529940119760479,0.8590947907771136,0.5,0.0
QDA,HIV-1 RT,MIX,Train,0.7107892107892108,1.0,0.7107892107892108,0.830948905109489,0.5,0.0
QDA,HIV-1 RT,MIX,Validation,0.7110778443113772,1.0,0.7110778443113772,0.8311461067366579,0.5,0.0
QDA,HIV-1 RT,MIX,Test,0.7529940119760479,1.0,0.7529940119760479,0.8590947907771136,0.5,0.0
QDA,HIV-1 RT,MIX,Train,0.7109335996005991,1.0,0.7109335996005991,0.8310475634665888,0.5,0.0
QDA,HIV-1 RT,MIX,Validation,0.7106446776611695,1.0,0.7106446776611695,0.8308501314636284,0.5,0.0
QDA,HIV-1 RT,MIX,Test,0.7529940119760479,1.0,0.7529940119760479,0.8590947907771136,0.5,0.0
QDA,HIV-1 RT,MIX,Train,0.7109335996005991,1.0,0.7109335996005991,0.8310475634665888,0.5,0.0
QDA,HIV-1 RT,MIX,Validation,0.7106446776611695,1.0,0.7106446776611695,0.8308501314636284,0.5,0.0
QDA,HIV-1 RT,MIX,Test,0.7529940119760479,1.0,0.7529940119760479,0.8590947907771136,0.5,0.0
QDA,HIV-1 RT,MIX,Train,0.7107892107892108,1.0,0.7107892107892108,0.830948905109489,0.5,0.0
QDA,HIV-1 RT,MIX,Validation,0.7110778443113772,1.0,0.7110778443113772,0.8311461067366579,0.5,0.0
QDA,HIV-1 RT,MIX,Test,0.7529940119760479,1.0,0.7529940119760479,0.8590947907771136,0.5,0.0
QDA,HIV-1 RT,MIX,Train,0.7107892107892108,1.0,0.7107892107892108,0.830948905109489,0.5,0.0
QDA,HIV-1 RT,MIX,Validation,0.7110778443113772,1.0,0.7110778443113772,0.8311461067366579,0.5,0.0
QDA,HIV-1 RT,MIX,Test,0.7529940119760479,1.0,0.7529940119760479,0.8590947907771136,0.5,0.0
QDA,HIV-1 RT,MIX,Train,0.7109335996005991,1.0,0.7109335996005991,0.8310475634665888,0.5,0.0
QDA,HIV-1 RT,MIX,Validation,0.7106446776611695,1.0,0.7106446776611695,0.8308501314636284,0.5,0.0
QDA,HIV-1 RT,MIX,Test,0.7529940119760479,1.0,0.7529940119760479,0.8590947907771136,0.5,0.0
QDA,HIV-1 RT,MIX,Train,0.7109335996005991,1.0,0.7109335996005991,0.8310475634665888,0.5,0.0
QDA,HIV-1 RT,MIX,Validation,0.7106446776611695,1.0,0.7106446776611695,0.8308501314636284,0.5,0.0
QDA,HIV-1 RT,MIX,Test,0.7529940119760479,1.0,0.7529940119760479,0.8590947907771136,0.5,0.0
QDA,HIV-1 RT,MIX,Train,0.7107892107892108,1.0,0.7107892107892108,0.830948905109489,0.5,0.0
QDA,HIV-1 RT,MIX,Validation,0.7110778443113772,1.0,0.7110778443113772,0.8311461067366579,0.5,0.0
QDA,HIV-1 RT,MIX,Test,0.7529940119760479,1.0,0.7529940119760479,0.8590947907771136,0.5,0.0
QDA,HIV-1 RT,MIX,Train,0.7107892107892108,1.0,0.7107892107892108,0.830948905109489,0.5,0.0
QDA,HIV-1 RT,MIX,Validation,0.7110778443113772,1.0,0.7110778443113772,0.8311461067366579,0.5,0.0
QDA,HIV-1 RT,MIX,Test,0.7529940119760479,1.0,0.7529940119760479,0.8590947907771136,0.5,0.0
QDA,HIV-1 RT,MIX,Train,0.7109335996005991,1.0,0.7109335996005991,0.8310475634665888,0.5,0.0
QDA,HIV-1 RT,MIX,Validation,0.7106446776611695,1.0,0.7106446776611695,0.8308501314636284,0.5,0.0
QDA,HIV-1 RT,MIX,Test,0.7529940119760479,1.0,0.7529940119760479,0.8590947907771136,0.5,0.0
QDA,HIV-1 RT,MIX,Train,0.7109335996005991,1.0,0.7109335996005991,0.8310475634665888,0.5,0.0
QDA,HIV-1 RT,MIX,Validation,0.7106446776611695,1.0,0.7106446776611695,0.8308501314636284,0.5,0.0
QDA,HIV-1 RT,MIX,Test,0.7529940119760479,1.0,0.7529940119760479,0.8590947907771136,0.5,0.0
QDA,HIV-1 RT,MIX,Train,0.7107892107892108,1.0,0.7107892107892108,0.830948905109489,0.5,0.0
QDA,HIV-1 RT,MIX,Validation,0.7110778443113772,1.0,0.7110778443113772,0.8311461067366579,0.5,0.0
QDA,HIV-1 RT,MIX,Test,0.7529940119760479,1.0,0.7529940119760479,0.8590947907771136,0.5,0.0
QDA,HIV-1 RT,MIX,Train,0.7107892107892108,1.0,0.7107892107892108,0.830948905109489,0.5,0.0
QDA,HIV-1 RT,MIX,Validation,0.7110778443113772,1.0,0.7110778443113772,0.8311461067366579,0.5,0.0
QDA,HIV-1 RT,MIX,Test,0.7529940119760479,1.0,0.7529940119760479,0.8590947907771136,0.5,0.0
QDA,HIV-1 RT,MIX,Train,0.7109335996005991,1.0,0.7109335996005991,0.8310475634665888,0.5,0.0
QDA,HIV-1 RT,MIX,Validation,0.7106446776611695,1.0,0.7106446776611695,0.8308501314636284,0.5,0.0
QDA,HIV-1 RT,MIX,Test,0.7529940119760479,1.0,0.7529940119760479,0.8590947907771136,0.5,0.0
QDA,HIV-1 RT,MIX,Train,0.7109335996005991,1.0,0.7109335996005991,0.8310475634665888,0.5,0.0
QDA,HIV-1 RT,MIX,Validation,0.7106446776611695,1.0,0.7106446776611695,0.8308501314636284,0.5,0.0
QDA,HIV-1 RT,MIX,Test,0.7529940119760479,1.0,0.7529940119760479,0.8590947907771136,0.5,0.0
QDA,HIV-1 RT,MIX,Train,0.7107892107892108,1.0,0.7107892107892108,0.830948905109489,0.5,0.0
QDA,HIV-1 RT,MIX,Validation,0.7110778443113772,1.0,0.7110778443113772,0.8311461067366579,0.5,0.0
QDA,HIV-1 RT,MIX,Test,0.7529940119760479,1.0,0.7529940119760479,0.8590947907771136,0.5,0.0
QDA,HIV-1 RT,MIX,Train,0.7107892107892108,1.0,0.7107892107892108,0.830948905109489,0.5,0.0
QDA,HIV-1 RT,MIX,Validation,0.7110778443113772,1.0,0.7110778443113772,0.8311461067366579,0.5,0.0
QDA,HIV-1 RT,MIX,Test,0.7529940119760479,1.0,0.7529940119760479,0.8590947907771136,0.5,0.0
QDA,HIV-1 RT,MIX,Train,0.7109335996005991,1.0,0.7109335996005991,0.8310475634665888,0.5,0.0
QDA,HIV-1 RT,MIX,Validation,0.7106446776611695,1.0,0.7106446776611695,0.8308501314636284,0.5,0.0
QDA,HIV-1 RT,MIX,Test,0.7529940119760479,1.0,0.7529940119760479,0.8590947907771136,0.5,0.0
QDA,HIV-1 RT,MIX,Train,0.7109335996005991,1.0,0.7109335996005991,0.8310475634665888,0.5,0.0
QDA,HIV-1 RT,MIX,Validation,0.7106446776611695,1.0,0.7106446776611695,0.8308501314636284,0.5,0.0
QDA,HIV-1 RT,MIX,Test,0.7529940119760479,1.0,0.7529940119760479,0.8590947907771136,0.5,0.0
QDA,HIV-1 RT,MIX,Train,0.7107892107892108,1.0,0.7107892107892108,0.830948905109489,0.5,0.0
QDA,HIV-1 RT,MIX,Validation,0.7110778443113772,1.0,0.7110778443113772,0.8311461067366579,0.5,0.0
QDA,HIV-1 RT,MIX,Test,0.7529940119760479,1.0,0.7529940119760479,0.8590947907771136,0.5,0.0
QDA,HIV-1 RT,MIX,Train,0.7107892107892108,1.0,0.7107892107892108,0.830948905109489,0.5,0.0
QDA,HIV-1 RT,MIX,Validation,0.7110778443113772,1.0,0.7110778443113772,0.8311461067366579,0.5,0.0
QDA,HIV-1 RT,MIX,Test,0.7529940119760479,1.0,0.7529940119760479,0.8590947907771136,0.5,0.0
QDA,HIV-1 RT,MIX,Train,0.7109335996005991,1.0,0.7109335996005991,0.8310475634665888,0.5,0.0
QDA,HIV-1 RT,MIX,Validation,0.7106446776611695,1.0,0.7106446776611695,0.8308501314636284,0.5,0.0
QDA,HIV-1 RT,MIX,Test,0.7529940119760479,1.0,0.7529940119760479,0.8590947907771136,0.5,0.0
QDA,HIV-1 RT,MIX,Train,0.7109335996005991,1.0,0.7109335996005991,0.8310475634665888,0.5,0.0
QDA,HIV-1 RT,MIX,Validation,0.7106446776611695,1.0,0.7106446776611695,0.8308501314636284,0.5,0.0
QDA,HIV-1 RT,MIX,Test,0.7529940119760479,1.0,0.7529940119760479,0.8590947907771136,0.5,0.0
QDA,HIV-1 RT,MIX,Train,0.7107892107892108,1.0,0.7107892107892108,0.830948905109489,0.5,0.0
QDA,HIV-1 RT,MIX,Validation,0.7110778443113772,1.0,0.7110778443113772,0.8311461067366579,0.5,0.0
QDA,HIV-1 RT,MIX,Test,0.7529940119760479,1.0,0.7529940119760479,0.8590947907771136,0.5,0.0
QDA,HIV-1 RT,MIX,Train,0.7107892107892108,1.0,0.7107892107892108,0.830948905109489,0.5,0.0
QDA,HIV-1 RT,MIX,Validation,0.7110778443113772,1.0,0.7110778443113772,0.8311461067366579,0.5,0.0
QDA,HIV-1 RT,MIX,Test,0.7529940119760479,1.0,0.7529940119760479,0.8590947907771136,0.5,0.0
QDA,HIV-1 RT,MIX,Train,0.7109335996005991,1.0,0.7109335996005991,0.8310475634665888,0.5,0.0
QDA,HIV-1 RT,MIX,Validation,0.7106446776611695,1.0,0.7106446776611695,0.8308501314636284,0.5,0.0
QDA,HIV-1 RT,MIX,Test,0.7529940119760479,1.0,0.7529940119760479,0.8590947907771136,0.5,0.0
QDA,HIV-1 RT,MIX,Train,0.7109335996005991,1.0,0.7109335996005991,0.8310475634665888,0.5,0.0
QDA,HIV-1 RT,MIX,Validation,0.7106446776611695,1.0,0.7106446776611695,0.8308501314636284,0.5,0.0
QDA,HIV-1 RT,MIX,Test,0.7529940119760479,1.0,0.7529940119760479,0.8590947907771136,0.5,0.0
QDA,HIV-1 RT,MIX,Train,0.0988593155893536,0.0182712579058327,0.1838161838161838,0.0308422301304863,0.3044724165176832,-0.5248704165884566
QDA,HIV-1 RT,MIX,Validation,0.0,0.0,0.2889221556886227,0.0,0.5,0.0
QDA,HIV-1 RT,MIX,Test,0.75,0.0059642147117296,0.25,0.0118343195266272,0.4999518043255617,-0.0005388277908404
QDA,HIV-1 RT,MIX,Train,0.1477272727272727,0.0182712579058327,0.2272727272727272,0.032520325203252,0.3796019501964397,-0.3855533308250047
QDA,HIV-1 RT,MIX,Validation,0.0,0.0,0.2889221556886227,0.0,0.5,0.0
QDA,HIV-1 RT,MIX,Test,1.0,0.0059642147117296,0.2514970059880239,0.0118577075098814,0.5029821073558648,0.0384687242838015
QDA,HIV-1 RT,MIX,Train,0.0114942528735632,0.0021067415730337,0.1617573639540689,0.0035608308605341,0.2782554433253769,-0.5972180303740208
QDA,HIV-1 RT,MIX,Validation,0.6666666666666666,0.0084388185654008,0.2923538230884557,0.0166666666666666,0.4990380621324413,-0.0092399258818853
QDA,HIV-1 RT,MIX,Test,0.75,0.0059642147117296,0.25,0.0118343195266272,0.4999518043255617,-0.0005388277908404
QDA,HIV-1 RT,MIX,Train,0.0462633451957295,0.009129213483146,0.1617573639540689,0.01524926686217,0.273131100696668,-0.5922833207252635
QDA,HIV-1 RT,MIX,Validation,0.0,0.0,0.2878560719640179,0.0,0.4974093264248704,-0.0607258219317242
QDA,HIV-1 RT,MIX,Test,0.0,0.0,0.2470059880239521,0.0,0.5,0.0
QDA,HIV-1 RT,MIX,Train,0.0988593155893536,0.0182712579058327,0.1838161838161838,0.0308422301304863,0.3044724165176832,-0.5248704165884566
QDA,HIV-1 RT,MIX,Validation,0.0,0.0,0.2889221556886227,0.0,0.5,0.0
QDA,HIV-1 RT,MIX,Test,0.75,0.0059642147117296,0.25,0.0118343195266272,0.4999518043255617,-0.0005388277908404
QDA,HIV-1 RT,MIX,Train,0.1477272727272727,0.0182712579058327,0.2272727272727272,0.032520325203252,0.3796019501964397,-0.3855533308250047
QDA,HIV-1 RT,MIX,Validation,0.0,0.0,0.2889221556886227,0.0,0.5,0.0
QDA,HIV-1 RT,MIX,Test,1.0,0.0059642147117296,0.2514970059880239,0.0118577075098814,0.5029821073558648,0.0384687242838015
QDA,HIV-1 RT,MIX,Train,0.0114942528735632,0.0021067415730337,0.1617573639540689,0.0035608308605341,0.2782554433253769,-0.5972180303740208
QDA,HIV-1 RT,MIX,Validation,0.6666666666666666,0.0084388185654008,0.2923538230884557,0.0166666666666666,0.4990380621324413,-0.0092399258818853
QDA,HIV-1 RT,MIX,Test,0.75,0.0059642147117296,0.25,0.0118343195266272,0.4999518043255617,-0.0005388277908404
QDA,HIV-1 RT,MIX,Train,0.0462633451957295,0.009129213483146,0.1617573639540689,0.01524926686217,0.273131100696668,-0.5922833207252635
QDA,HIV-1 RT,MIX,Validation,0.0,0.0,0.2878560719640179,0.0,0.4974093264248704,-0.0607258219317242
QDA,HIV-1 RT,MIX,Test,0.0,0.0,0.2470059880239521,0.0,0.5,0.0
QDA,HIV-1 RT,MIX,Train,0.9868238557558946,1.0,0.9905094905094906,0.993368237347295,0.9835924006908464,0.976954981013957
QDA,HIV-1 RT,MIX,Validation,0.9612403100775194,0.2610526315789473,0.467065868263473,0.4105960264900662,0.617572947913826,0.2700061303256597
QDA,HIV-1 RT,MIX,Test,0.967479674796748,0.2365805168986083,0.4191616766467065,0.3801916932907348,0.606169046328092,0.2362670015526368
QDA,HIV-1 RT,MIX,Train,0.9923291492329148,1.0,0.9945054945054944,0.9961498074903744,0.9905008635578584,0.9866491824679932
QDA,HIV-1 RT,MIX,Validation,0.9545454545454546,0.2652631578947368,0.468562874251497,0.415156507413509,0.6170875374965913,0.2665610968971977
QDA,HIV-1 RT,MIX,Test,0.9555555555555556,0.1709741550695825,0.3697604790419161,0.2900505902192243,0.5733658654135791,0.1853381531870346
QDA,HIV-1 RT,MIX,Train,0.9916434540389972,1.0,0.9940089865202196,0.9958041958041958,0.989637305699482,0.9854396268165622
QDA,HIV-1 RT,MIX,Validation,0.9357798165137616,0.2151898734177215,0.431784107946027,0.3499142367066895,0.589460221682954,0.2194307273064514
QDA,HIV-1 RT,MIX,Test,0.9519230769230768,0.1968190854870775,0.3877245508982035,0.3261943986820428,0.5832580275920236,0.1980732633122816
QDA,HIV-1 RT,MIX,Train,0.9861495844875346,1.0,0.9900149775336996,0.99302649930265,0.9827288428324698,0.9757487871162212
QDA,HIV-1 RT,MIX,Validation,0.9113924050632912,0.1518987341772152,0.3868065967016492,0.2603978300180832,0.5578146520627008,0.1622682410958452
QDA,HIV-1 RT,MIX,Test,0.9550561797752808,0.1689860834990059,0.3682634730538922,0.2871621621621621,0.5723718296282909,0.1836924164381545
QDA,HIV-1 RT,MIX,Train,0.9868238557558946,1.0,0.9905094905094906,0.993368237347295,0.9835924006908464,0.976954981013957
QDA,HIV-1 RT,MIX,Validation,0.9612403100775194,0.2610526315789473,0.467065868263473,0.4105960264900662,0.617572947913826,0.2700061303256597
QDA,HIV-1 RT,MIX,Test,0.967479674796748,0.2365805168986083,0.4191616766467065,0.3801916932907348,0.606169046328092,0.2362670015526368
QDA,HIV-1 RT,MIX,Train,0.9923291492329148,1.0,0.9945054945054944,0.9961498074903744,0.9905008635578584,0.9866491824679932
QDA,HIV-1 RT,MIX,Validation,0.9545454545454546,0.2652631578947368,0.468562874251497,0.415156507413509,0.6170875374965913,0.2665610968971977
QDA,HIV-1 RT,MIX,Test,0.9555555555555556,0.1709741550695825,0.3697604790419161,0.2900505902192243,0.5733658654135791,0.1853381531870346
QDA,HIV-1 RT,MIX,Train,0.9916434540389972,1.0,0.9940089865202196,0.9958041958041958,0.989637305699482,0.9854396268165622
QDA,HIV-1 RT,MIX,Validation,0.9357798165137616,0.2151898734177215,0.431784107946027,0.3499142367066895,0.589460221682954,0.2194307273064514
QDA,HIV-1 RT,MIX,Test,0.9519230769230768,0.1968190854870775,0.3877245508982035,0.3261943986820428,0.5832580275920236,0.1980732633122816
QDA,HIV-1 RT,MIX,Train,0.9861495844875346,1.0,0.9900149775336996,0.99302649930265,0.9827288428324698,0.9757487871162212
QDA,HIV-1 RT,MIX,Validation,0.9113924050632912,0.1518987341772152,0.3868065967016492,0.2603978300180832,0.5578146520627008,0.1622682410958452
QDA,HIV-1 RT,MIX,Test,0.9550561797752808,0.1689860834990059,0.3682634730538922,0.2871621621621621,0.5723718296282909,0.1836924164381545
QDA,HIV-1 RT,MIX,Train,0.9614864864864864,1.0,0.9715284715284715,0.9803651395108508,0.9507772020725388,0.9310383324105772
QDA,HIV-1 RT,MIX,Validation,0.9626556016597512,0.4884210526315789,0.6227544910179641,0.6480446927374302,0.7208944641396238,0.4169824995034717
QDA,HIV-1 RT,MIX,Test,0.9520295202952028,0.5129224652087475,0.6137724550898204,0.6666666666666666,0.7170672932104345,0.38130320191953
QDA,HIV-1 RT,MIX,Train,0.9640921409214092,1.0,0.9735264735264736,0.9817178337357708,0.9542314335060448,0.9358642585360802
QDA,HIV-1 RT,MIX,Validation,0.9212962962962964,0.4189473684210526,0.561377245508982,0.5759768451519537,0.6654322334333242,0.3206117945778459
QDA,HIV-1 RT,MIX,Test,0.9402985074626866,0.3757455268389662,0.5119760479041916,0.5369318181818182,0.6515091270558467,0.2849300716195755
QDA,HIV-1 RT,MIX,Train,0.9746575342465752,0.9992977528089888,0.981028457314029,0.9868238557558946,0.9676972356445634,0.9539217091473629
QDA,HIV-1 RT,MIX,Validation,0.890625,0.4810126582278481,0.5892053973013494,0.6246575342465753,0.6679674690102971,0.3132435271959318
QDA,HIV-1 RT,MIX,Test,0.9306122448979592,0.4532803180914513,0.562874251497006,0.6096256684491979,0.6751250075305741,0.3134374615307696
QDA,HIV-1 RT,MIX,Train,0.9576043068640646,0.9992977528089888,0.9680479281078382,0.9780068728522336,0.9452447313267742,0.9225042698537976
QDA,HIV-1 RT,MIX,Validation,0.87248322147651,0.2742616033755274,0.4557721139430284,0.4173354735152488,0.5879080037603025,0.1914115874345682
QDA,HIV-1 RT,MIX,Test,0.9034090909090908,0.3161033797216699,0.4595808383233533,0.4683357879234168,0.6065365383456834,0.2086006494971803
QDA,HIV-1 RT,MIX,Train,0.9614864864864864,1.0,0.9715284715284715,0.9803651395108508,0.9507772020725388,0.9310383324105772
QDA,HIV-1 RT,MIX,Validation,0.9626556016597512,0.4884210526315789,0.6227544910179641,0.6480446927374302,0.7208944641396238,0.4169824995034717
QDA,HIV-1 RT,MIX,Test,0.9520295202952028,0.5129224652087475,0.6137724550898204,0.6666666666666666,0.7170672932104345,0.38130320191953
QDA,HIV-1 RT,MIX,Train,0.9640921409214092,1.0,0.9735264735264736,0.9817178337357708,0.9542314335060448,0.9358642585360802
QDA,HIV-1 RT,MIX,Validation,0.9212962962962964,0.4189473684210526,0.561377245508982,0.5759768451519537,0.6654322334333242,0.3206117945778459
QDA,HIV-1 RT,MIX,Test,0.9402985074626866,0.3757455268389662,0.5119760479041916,0.5369318181818182,0.6515091270558467,0.2849300716195755
QDA,HIV-1 RT,MIX,Train,0.9746575342465752,0.9992977528089888,0.981028457314029,0.9868238557558946,0.9676972356445634,0.9539217091473629
QDA,HIV-1 RT,MIX,Validation,0.890625,0.4810126582278481,0.5892053973013494,0.6246575342465753,0.6679674690102971,0.3132435271959318
QDA,HIV-1 RT,MIX,Test,0.9306122448979592,0.4532803180914513,0.562874251497006,0.6096256684491979,0.6751250075305741,0.3134374615307696
QDA,HIV-1 RT,MIX,Train,0.9576043068640646,0.9992977528089888,0.9680479281078382,0.9780068728522336,0.9452447313267742,0.9225042698537976
QDA,HIV-1 RT,MIX,Validation,0.87248322147651,0.2742616033755274,0.4557721139430284,0.4173354735152488,0.5879080037603025,0.1914115874345682
QDA,HIV-1 RT,MIX,Test,0.9034090909090908,0.3161033797216699,0.4595808383233533,0.4683357879234168,0.6065365383456834,0.2086006494971803
QDA,HIV-1 RT,MIX,Train,0.9486324216144096,0.999297259311314,0.961038961038961,0.973305954825462,0.9331546745606656,0.9055864678405144
QDA,HIV-1 RT,MIX,Validation,0.9324324324324323,0.5810526315789474,0.6721556886227545,0.7159533073929961,0.7387128442868831,0.4356261249780292
QDA,HIV-1 RT,MIX,Test,0.948220064724919,0.5825049701789264,0.6616766467065869,0.7216748768472906,0.7427676366046148,0.4199719518615724
QDA,HIV-1 RT,MIX,Train,0.9474034620505992,1.0,0.9605394605394604,0.972991452991453,0.9317789291882556,0.9045096487638524
QDA,HIV-1 RT,MIX,Validation,0.8901960784313725,0.4778947368421052,0.5868263473053892,0.6219178082191781,0.6664085083174256,0.3105173466886491
QDA,HIV-1 RT,MIX,Test,0.9387755102040816,0.4572564612326044,0.5688622754491018,0.6149732620320856,0.6831736851617567,0.3278429260670491
QDA,HIV-1 RT,MIX,Train,0.9582491582491582,0.9992977528089888,0.9685471792311532,0.9783430732210382,0.9461082891851508,0.9237117295846772
QDA,HIV-1 RT,MIX,Validation,0.8766666666666667,0.5548523206751055,0.6281859070464768,0.6795865633074936,0.68157123805776,0.3310176997091575
QDA,HIV-1 RT,MIX,Test,0.9340277777777778,0.5347912524850894,0.6212574850299402,0.6801517067003793,0.7098198686667871,0.3654386929969331
QDA,HIV-1 RT,MIX,Train,0.9404761904761904,0.9985955056179776,0.9540688966550176,0.9686648501362398,0.9215775455551029,0.8885566092142226
QDA,HIV-1 RT,MIX,Validation,0.8764705882352941,0.3143459915611814,0.4812593703148425,0.4627329192546583,0.6027688507028706,0.2138733468492737
QDA,HIV-1 RT,MIX,Test,0.9120370370370372,0.3916500994035785,0.5134730538922155,0.5479833101529903,0.6382492921260318,0.2549310786814088
QDA,HIV-1 RT,MIX,Train,0.9486324216144096,0.999297259311314,0.961038961038961,0.973305954825462,0.9331546745606656,0.9055864678405144
QDA,HIV-1 RT,MIX,Validation,0.9324324324324323,0.5810526315789474,0.6721556886227545,0.7159533073929961,0.7387128442868831,0.4356261249780292
QDA,HIV-1 RT,MIX,Test,0.948220064724919,0.5825049701789264,0.6616766467065869,0.7216748768472906,0.7427676366046148,0.4199719518615724
QDA,HIV-1 RT,MIX,Train,0.9474034620505992,1.0,0.9605394605394604,0.972991452991453,0.9317789291882556,0.9045096487638524
QDA,HIV-1 RT,MIX,Validation,0.8901960784313725,0.4778947368421052,0.5868263473053892,0.6219178082191781,0.6664085083174256,0.3105173466886491
QDA,HIV-1 RT,MIX,Test,0.9387755102040816,0.4572564612326044,0.5688622754491018,0.6149732620320856,0.6831736851617567,0.3278429260670491
QDA,HIV-1 RT,MIX,Train,0.9582491582491582,0.9992977528089888,0.9685471792311532,0.9783430732210382,0.9461082891851508,0.9237117295846772
QDA,HIV-1 RT,MIX,Validation,0.8766666666666667,0.5548523206751055,0.6281859070464768,0.6795865633074936,0.68157123805776,0.3310176997091575
QDA,HIV-1 RT,MIX,Test,0.9340277777777778,0.5347912524850894,0.6212574850299402,0.6801517067003793,0.7098198686667871,0.3654386929969331
QDA,HIV-1 RT,MIX,Train,0.9404761904761904,0.9985955056179776,0.9540688966550176,0.9686648501362398,0.9215775455551029,0.8885566092142226
QDA,HIV-1 RT,MIX,Validation,0.8764705882352941,0.3143459915611814,0.4812593703148425,0.4627329192546583,0.6027688507028706,0.2138733468492737
QDA,HIV-1 RT,MIX,Test,0.9120370370370372,0.3916500994035785,0.5134730538922155,0.5479833101529903,0.6382492921260318,0.2549310786814088
QDA,HIV-1 RT,MIX,Train,0.9499323410013532,0.9866479269149684,0.9535464535464536,0.96794208893485,0.9294206819376224,0.8858329373212235
QDA,HIV-1 RT,MIX,Validation,0.9506172839506172,0.4863157894736842,0.6167664670658682,0.6434540389972145,0.7120698118352877,0.3996103280739797
QDA,HIV-1 RT,MIX,Test,0.9482758620689656,0.4373757455268389,0.5583832335329342,0.5986394557823129,0.6823242363997831,0.3303034626820081
QDA,HIV-1 RT,MIX,Train,0.948252688172043,0.9915671117357696,0.9555444555444556,0.9694263139814496,0.9292896007728934,0.8911259087551279
QDA,HIV-1 RT,MIX,Validation,0.9351851851851852,0.4252631578947368,0.5703592814371258,0.5846599131693199,0.6763621488955549,0.3417942433558363
QDA,HIV-1 RT,MIX,Test,0.9432989690721648,0.3638170974155069,0.5044910179640718,0.5251076040172167,0.6485752153744202,0.2823009196710437
QDA,HIV-1 RT,MIX,Train,0.9571136827773996,0.9873595505617978,0.9595606590114828,0.9720013826477704,0.9392756302031788,0.9006993643424132
QDA,HIV-1 RT,MIX,Validation,0.8976377952755905,0.4810126582278481,0.5922038980509745,0.6263736263736264,0.6731488161605561,0.3233891638488442
QDA,HIV-1 RT,MIX,Test,0.9357798165137616,0.4055666003976143,0.531437125748503,0.565880721220527,0.6603590577745647,0.2949952020150383
QDA,HIV-1 RT,MIX,Train,0.9386257505003336,0.988061797752809,0.945581627558662,0.962709544988026,0.9145835759057654,0.8662041910051496
QDA,HIV-1 RT,MIX,Validation,0.873015873015873,0.2320675105485232,0.4302848575712144,0.3666666666666666,0.5745829780721892,0.1728039384659505
QDA,HIV-1 RT,MIX,Test,0.925,0.294234592445328,0.4505988023952096,0.4464555052790347,0.6107536598590276,0.2238320123555321
QDA,HIV-1 RT,MIX,Train,0.9499323410013532,0.9866479269149684,0.9535464535464536,0.96794208893485,0.9294206819376224,0.8858329373212235
QDA,HIV-1 RT,MIX,Validation,0.9506172839506172,0.4863157894736842,0.6167664670658682,0.6434540389972145,0.7120698118352877,0.3996103280739797
QDA,HIV-1 RT,MIX,Test,0.9482758620689656,0.4373757455268389,0.5583832335329342,0.5986394557823129,0.6823242363997831,0.3303034626820081
QDA,HIV-1 RT,MIX,Train,0.948252688172043,0.9915671117357696,0.9555444555444556,0.9694263139814496,0.9292896007728934,0.8911259087551279
QDA,HIV-1 RT,MIX,Validation,0.9351851851851852,0.4252631578947368,0.5703592814371258,0.5846599131693199,0.6763621488955549,0.3417942433558363
QDA,HIV-1 RT,MIX,Test,0.9432989690721648,0.3638170974155069,0.5044910179640718,0.5251076040172167,0.6485752153744202,0.2823009196710437
QDA,HIV-1 RT,MIX,Train,0.9571136827773996,0.9873595505617978,0.9595606590114828,0.9720013826477704,0.9392756302031788,0.9006993643424132
QDA,HIV-1 RT,MIX,Validation,0.8976377952755905,0.4810126582278481,0.5922038980509745,0.6263736263736264,0.6731488161605561,0.3233891638488442
QDA,HIV-1 RT,MIX,Test,0.9357798165137616,0.4055666003976143,0.531437125748503,0.565880721220527,0.6603590577745647,0.2949952020150383
QDA,HIV-1 RT,MIX,Train,0.9386257505003336,0.988061797752809,0.945581627558662,0.962709544988026,0.9145835759057654,0.8662041910051496
QDA,HIV-1 RT,MIX,Validation,0.873015873015873,0.2320675105485232,0.4302848575712144,0.3666666666666666,0.5745829780721892,0.1728039384659505
QDA,HIV-1 RT,MIX,Test,0.925,0.294234592445328,0.4505988023952096,0.4464555052790347,0.6107536598590276,0.2238320123555321
QDA,HIV-1 RT,MIX,Train,0.948,0.6661981728742095,0.7367632367632367,0.7825010317787866,0.7881940778015262,0.5226643984398346
QDA,HIV-1 RT,MIX,Validation,0.9782608695652174,0.1894736842105263,0.4206586826347305,0.3174603174603174,0.589555494955004,0.2355822352208979
QDA,HIV-1 RT,MIX,Test,0.9629629629629628,0.1550695825049702,0.3592814371257485,0.2671232876712329,0.568443882161576,0.1808543816694283
QDA,HIV-1 RT,MIX,Train,0.9527207850133808,0.7505270555165144,0.7962037962037962,0.839622641509434,0.8294949612643021,0.6019074859329849
QDA,HIV-1 RT,MIX,Validation,0.9626168224299064,0.2168421052631579,0.437125748502994,0.3539518900343643,0.5980583583310609,0.2423632422094495
QDA,HIV-1 RT,MIX,Test,0.9864864864864864,0.1451292246520874,0.3547904191616766,0.2530329289428076,0.5695343092957407,0.1910935475645486
QDA,HIV-1 RT,MIX,Train,0.956232159847764,0.7057584269662921,0.7678482276585122,0.8121212121212121,0.8131555519978264,0.5685446219730682
QDA,HIV-1 RT,MIX,Validation,0.9090909090909092,0.189873417721519,0.4107946026986507,0.3141361256544502,0.5716206466845938,0.1827024174956661
QDA,HIV-1 RT,MIX,Test,0.9487179487179488,0.147117296222664,0.3517964071856287,0.2547332185886403,0.5614374359901199,0.1650120789209008
QDA,HIV-1 RT,MIX,Train,0.94200187090739,0.7071629213483146,0.7608587119321019,0.8078620136381869,0.8000408734548136,0.5453086697928224
QDA,HIV-1 RT,MIX,Validation,0.8604651162790697,0.0780590717299578,0.335832083958021,0.1431334622823984,0.5234854944142018,0.0867303313724845
QDA,HIV-1 RT,MIX,Test,0.967741935483871,0.1192842942345924,0.3338323353293413,0.2123893805309734,0.5535815410566902,0.1592718423236522
QDA,HIV-1 RT,MIX,Train,0.948,0.6661981728742095,0.7367632367632367,0.7825010317787866,0.7881940778015262,0.5226643984398346
QDA,HIV-1 RT,MIX,Validation,0.9782608695652174,0.1894736842105263,0.4206586826347305,0.3174603174603174,0.589555494955004,0.2355822352208979
QDA,HIV-1 RT,MIX,Test,0.9629629629629628,0.1550695825049702,0.3592814371257485,0.2671232876712329,0.568443882161576,0.1808543816694283
QDA,HIV-1 RT,MIX,Train,0.9527207850133808,0.7505270555165144,0.7962037962037962,0.839622641509434,0.8294949612643021,0.6019074859329849
QDA,HIV-1 RT,MIX,Validation,0.9626168224299064,0.2168421052631579,0.437125748502994,0.3539518900343643,0.5980583583310609,0.2423632422094495
QDA,HIV-1 RT,MIX,Test,0.9864864864864864,0.1451292246520874,0.3547904191616766,0.2530329289428076,0.5695343092957407,0.1910935475645486
QDA,HIV-1 RT,MIX,Train,0.956232159847764,0.7057584269662921,0.7678482276585122,0.8121212121212121,0.8131555519978264,0.5685446219730682
QDA,HIV-1 RT,MIX,Validation,0.9090909090909092,0.189873417721519,0.4107946026986507,0.3141361256544502,0.5716206466845938,0.1827024174956661
QDA,HIV-1 RT,MIX,Test,0.9487179487179488,0.147117296222664,0.3517964071856287,0.2547332185886403,0.5614374359901199,0.1650120789209008
QDA,HIV-1 RT,MIX,Train,0.94200187090739,0.7071629213483146,0.7608587119321019,0.8078620136381869,0.8000408734548136,0.5453086697928224
QDA,HIV-1 RT,MIX,Validation,0.8604651162790697,0.0780590717299578,0.335832083958021,0.1431334622823984,0.5234854944142018,0.0867303313724845
QDA,HIV-1 RT,MIX,Test,0.967741935483871,0.1192842942345924,0.3338323353293413,0.2123893805309734,0.5535815410566902,0.1592718423236522
QDA,HIV-1 RT,MIX,Train,0.0337078651685393,0.0021082220660576,0.2477522477522477,0.0039682539682539,0.4267881352126488,-0.3221074043780062
QDA,HIV-1 RT,MIX,Validation,0.0,0.0,0.2889221556886227,0.0,0.5,0.0
QDA,HIV-1 RT,MIX,Test,0.0,0.0,0.2470059880239521,0.0,0.5,0.0
QDA,HIV-1 RT,MIX,Train,0.073170731707317,0.0042164441321152,0.2542457542457542,0.0079734219269102,0.4364778248294428,-0.2906294018768596
QDA,HIV-1 RT,MIX,Validation,0.0,0.0,0.2889221556886227,0.0,0.5,0.0
QDA,HIV-1 RT,MIX,Test,0.0,0.0,0.2470059880239521,0.0,0.5,0.0
QDA,HIV-1 RT,MIX,Train,0.0,0.0,0.2521218172740889,0.0,0.4360967184801382,-0.3071605657488425
QDA,HIV-1 RT,MIX,Validation,1.0,0.0063291139240506,0.2938530734632684,0.0125786163522012,0.5031645569620253,0.0428909900693511
QDA,HIV-1 RT,MIX,Test,0.0,0.0,0.2470059880239521,0.0,0.5,0.0
QDA,HIV-1 RT,MIX,Train,0.0119047619047619,0.0007022471910112,0.2481278082875686,0.0013262599469496,0.4286758213502551,-0.3226145281819232
QDA,HIV-1 RT,MIX,Validation,0.0,0.0,0.2893553223388306,0.0,0.5,0.0
QDA,HIV-1 RT,MIX,Test,0.0,0.0,0.2470059880239521,0.0,0.5,0.0
QDA,HIV-1 RT,MIX,Train,0.0337078651685393,0.0021082220660576,0.2477522477522477,0.0039682539682539,0.4267881352126488,-0.3221074043780062
QDA,HIV-1 RT,MIX,Validation,0.0,0.0,0.2889221556886227,0.0,0.5,0.0
QDA,HIV-1 RT,MIX,Test,0.0,0.0,0.2470059880239521,0.0,0.5,0.0
QDA,HIV-1 RT,MIX,Train,0.073170731707317,0.0042164441321152,0.2542457542457542,0.0079734219269102,0.4364778248294428,-0.2906294018768596
QDA,HIV-1 RT,MIX,Validation,0.0,0.0,0.2889221556886227,0.0,0.5,0.0
QDA,HIV-1 RT,MIX,Test,0.0,0.0,0.2470059880239521,0.0,0.5,0.0
QDA,HIV-1 RT,MIX,Train,0.0,0.0,0.2521218172740889,0.0,0.4360967184801382,-0.3071605657488425
QDA,HIV-1 RT,MIX,Validation,1.0,0.0063291139240506,0.2938530734632684,0.0125786163522012,0.5031645569620253,0.0428909900693511
QDA,HIV-1 RT,MIX,Test,0.0,0.0,0.2470059880239521,0.0,0.5,0.0
QDA,HIV-1 RT,MIX,Train,0.0119047619047619,0.0007022471910112,0.2481278082875686,0.0013262599469496,0.4286758213502551,-0.3226145281819232
QDA,HIV-1 RT,MIX,Validation,0.0,0.0,0.2893553223388306,0.0,0.5,0.0
QDA,HIV-1 RT,MIX,Test,0.0,0.0,0.2470059880239521,0.0,0.5,0.0
