Model,Enzyme,Descriptor,Phase,PRC,REC,ACC,F1-Score,AUC,MCC
RFC,HIV-1 IN,PC,Train,0.4386554621848739,0.4116719242902208,0.4978693181818182,0.4247355573637103,0.4900736882433016,-0.0199953615026633
RFC,HIV-1 IN,PC,Validation,0.4117647058823529,0.3962264150943396,0.4723404255319149,0.4038461538461538,0.4655550680122862,-0.0691635391981885
RFC,HIV-1 IN,PC,Test,0.3905325443786982,0.304147465437788,0.4595744680851064,0.3419689119170984,0.4485164204659296,-0.1069700645424467
RFC,HIV-1 IN,PC,Train,0.4580896686159844,0.3706624605678233,0.5191761363636364,0.4097646033129904,0.5057446669764181,0.0118779026640638
RFC,HIV-1 IN,PC,Validation,0.4682080924855491,0.3820754716981132,0.5255319148936171,0.4207792207792207,0.5127431622056458,0.0262956381036228
RFC,HIV-1 IN,PC,Test,0.4675324675324675,0.3317972350230415,0.5170212765957447,0.3881401617250674,0.5038432815431412,0.0081642899817457
RFC,HIV-1 IN,PC,Train,0.6176470588235294,0.0992125984251968,0.5663591199432222,0.1709633649932157,0.5244125007629861,0.0937479390182568
RFC,HIV-1 IN,PC,Validation,0.8620689655172413,0.1184834123222748,0.5948827292110874,0.2083333333333333,0.5514897681766413,0.2127044988338923
RFC,HIV-1 IN,PC,Test,0.6451612903225806,0.0921658986175115,0.5574468085106383,0.1612903225806451,0.5243438188739732,0.0977902877849249
RFC,HIV-1 IN,PC,Train,0.4769736842105263,0.4566929133858268,0.5294535131298793,0.4666130329847144,0.5229201001037661,0.0460506538662269
RFC,HIV-1 IN,PC,Validation,0.5202020202020202,0.4881516587677725,0.5671641791044776,0.5036674816625917,0.5599673022521033,0.1208031746273111
RFC,HIV-1 IN,PC,Test,0.4972677595628415,0.4193548387096774,0.5361702127659574,0.455,0.527859237536657,0.0569669353360624
RFC,HIV-1 IN,PC,Train,0.4558058925476603,0.4148264984227129,0.5134943181818182,0.4343517753922378,0.5045708719503745,0.0092481686613555
RFC,HIV-1 IN,PC,Validation,0.416243654822335,0.3867924528301887,0.4787234042553192,0.4009779951100244,0.4705280093608308,-0.0594432865546616
RFC,HIV-1 IN,PC,Test,0.3869047619047619,0.2995391705069124,0.4574468085106383,0.3376623376623376,0.4462122730004917,-0.111903894908987
RFC,HIV-1 IN,PC,Train,0.4710578842315369,0.3722397476340694,0.5291193181818182,0.4158590308370044,0.5149312433260786,0.031032629147622
RFC,HIV-1 IN,PC,Validation,0.47953216374269,0.3867924528301887,0.5340425531914894,0.4281984334203655,0.5209156062600556,0.0432657849501549
RFC,HIV-1 IN,PC,Test,0.4473684210526316,0.3133640552995391,0.5042553191489362,0.3685636856368564,0.4906741225114296,-0.019878081879411
RFC,HIV-1 IN,PC,Train,0.6086956521739131,0.1102362204724409,0.567068843151171,0.1866666666666666,0.5260483427943601,0.0946785022007338
RFC,HIV-1 IN,PC,Validation,0.7352941176470589,0.1184834123222748,0.5842217484008528,0.2040816326530612,0.5417998456960212,0.1603879246627765
RFC,HIV-1 IN,PC,Test,0.5945945945945946,0.1013824884792626,0.5531914893617021,0.1732283464566929,0.5210469754649277,0.0779228821944879
RFC,HIV-1 IN,PC,Train,0.4817880794701987,0.4582677165354331,0.5337118523775728,0.4697336561743341,0.5269374758387759,0.0541661324207572
RFC,HIV-1 IN,PC,Validation,0.515,0.4881516587677725,0.5628997867803838,0.5012165450121655,0.5560913332598553,0.1128458784172452
RFC,HIV-1 IN,PC,Test,0.5054347826086957,0.4285714285714285,0.5425531914893617,0.4638403990024937,0.5344438170525128,0.0703622095485609
RFC,HIV-1 IN,PC,Train,0.4465195246179966,0.4148264984227129,0.5049715909090909,0.4300899427636958,0.4968189339658785,-0.0064167953877414
RFC,HIV-1 IN,PC,Validation,0.4207920792079208,0.4009433962264151,0.4808510638297872,0.4106280193236715,0.4737275120666959,-0.0528160476272416
RFC,HIV-1 IN,PC,Test,0.3941176470588235,0.3087557603686636,0.4617021276595744,0.3462532299741602,0.4508205679313674,-0.1020513006652788
RFC,HIV-1 IN,PC,Train,0.4679611650485437,0.3801261829652997,0.5262784090909091,0.4194952132288947,0.5130605075033217,0.0269821041303789
RFC,HIV-1 IN,PC,Validation,0.4659090909090909,0.3867924528301887,0.5234042553191489,0.422680412371134,0.5112256837794354,0.023082911380889
RFC,HIV-1 IN,PC,Test,0.4683544303797468,0.3410138248847926,0.5170212765957447,0.3946666666666666,0.5044990073040564,0.009495787361401
RFC,HIV-1 IN,PC,Train,0.6595744680851063,0.0976377952755905,0.5706174591909156,0.1700960219478738,0.5281470630124722,0.1122518793499196
RFC,HIV-1 IN,PC,Validation,0.896551724137931,0.1232227488151658,0.5991471215351812,0.2166666666666666,0.5557974209192108,0.230499434608615
RFC,HIV-1 IN,PC,Test,0.6785714285714286,0.0875576036866359,0.5595744680851064,0.1551020408163265,0.5259922405784958,0.1094898071743903
RFC,HIV-1 IN,PC,Train,0.478476821192053,0.4551181102362204,0.5308729595457772,0.4665052461662631,0.524070683025087,0.0484015581860167
RFC,HIV-1 IN,PC,Validation,0.515,0.4881516587677725,0.5628997867803838,0.5012165450121655,0.5560913332598553,0.1128458784172452
RFC,HIV-1 IN,PC,Test,0.5,0.4193548387096774,0.5382978723404256,0.4561403508771929,0.5298355221216372,0.0610691433148086
RFC,HIV-1 IN,PC,Train,0.4509466437177281,0.4132492113564668,0.5092329545454546,0.4312757201646091,0.5005522542570449,0.0011162034391272
RFC,HIV-1 IN,PC,Validation,0.4129353233830846,0.3915094339622642,0.474468085106383,0.4019370460048426,0.4670725464384965,-0.0662356429432545
RFC,HIV-1 IN,PC,Test,0.3928571428571428,0.304147465437788,0.4617021276595744,0.3428571428571428,0.4504927050509098,-0.1029985730994333
RFC,HIV-1 IN,PC,Train,0.4770114942528735,0.3927444794952681,0.5326704545454546,0.430795847750865,0.5200156506003473,0.0412346871346908
RFC,HIV-1 IN,PC,Validation,0.4858757062146893,0.4056603773584906,0.5382978723404256,0.442159383033419,0.5264735995319585,0.0543751328103728
RFC,HIV-1 IN,PC,Test,0.4683544303797468,0.3410138248847926,0.5170212765957447,0.3946666666666666,0.5044990073040564,0.009495787361401
RFC,HIV-1 IN,PC,Train,0.7297297297297297,0.0850393700787401,0.5734563520227112,0.152327221438646,0.5295997883985432,0.1320442372848659
RFC,HIV-1 IN,PC,Validation,0.9583333333333334,0.1090047393364928,0.5970149253731343,0.1957446808510638,0.5525643851721224,0.2373487992346663
RFC,HIV-1 IN,PC,Test,0.8636363636363636,0.0875576036866359,0.5723404255319149,0.1589958158995816,0.5378499480883772,0.1786631817676424
RFC,HIV-1 IN,PC,Train,0.4793388429752066,0.4566929133858268,0.531582682753726,0.4677419354838709,0.5248580845998901,0.0499745956266154
RFC,HIV-1 IN,PC,Validation,0.5124378109452736,0.4881516587677725,0.5607675906183369,0.5,0.5541533487637312,0.1088782090502544
RFC,HIV-1 IN,PC,Test,0.5027624309392266,0.4193548387096774,0.5404255319148936,0.457286432160804,0.5318118067066174,0.0651808844696893
RFC,HIV-1 IN,PC,Train,0.4517241379310345,0.4132492113564668,0.5099431818181818,0.4316309719934102,0.5011982490890862,0.0024224958809821
RFC,HIV-1 IN,PC,Validation,0.4137931034482758,0.3962264150943396,0.474468085106383,0.4048192771084337,0.4674930525084102,-0.0653100955605864
RFC,HIV-1 IN,PC,Test,0.3869047619047619,0.2995391705069124,0.4574468085106383,0.3376623376623376,0.4462122730004917,-0.111903894908987
RFC,HIV-1 IN,PC,Train,0.475,0.389589905362776,0.53125,0.4280762564991334,0.5184383635341012,0.0380153789110917
RFC,HIV-1 IN,PC,Validation,0.4555555555555555,0.3867924528301887,0.5148936170212766,0.4183673469387755,0.5034737457949393,0.0071116530620509
RFC,HIV-1 IN,PC,Test,0.4654088050314465,0.3410138248847926,0.5148936170212766,0.3936170212765957,0.5025227227190762,0.0053163171938376
RFC,HIV-1 IN,PC,Train,0.6274509803921569,0.1007874015748031,0.5677785663591199,0.1736770691994572,0.5258458971698305,0.0992524123306177
RFC,HIV-1 IN,PC,Validation,0.8666666666666667,0.1232227488151658,0.5970149253731343,0.2157676348547718,0.5538594364230868,0.2190029644401149
RFC,HIV-1 IN,PC,Test,0.6551724137931034,0.0875576036866359,0.5574468085106383,0.1544715447154471,0.5240159559935156,0.099518015839173
RFC,HIV-1 IN,PC,Train,0.4739413680781759,0.4582677165354331,0.5266146202980837,0.465972778222578,0.5204775275183625,0.0410957685675518
RFC,HIV-1 IN,PC,Validation,0.5099009900990099,0.4881516587677725,0.55863539445629,0.4987893462469733,0.5522153642676072,0.1049175336817382
RFC,HIV-1 IN,PC,Test,0.5055555555555555,0.4193548387096774,0.5425531914893617,0.4584382871536523,0.5337880912915977,0.0693024408110483
RFC,HIV-1 IN,PC,Train,0.4461805555555556,0.4053627760252365,0.5056818181818182,0.424793388429752,0.4966090365914296,-0.006862704569477
RFC,HIV-1 IN,PC,Validation,0.4129353233830846,0.3915094339622642,0.474468085106383,0.4019370460048426,0.4670725464384965,-0.0662356429432545
RFC,HIV-1 IN,PC,Test,0.3818181818181818,0.2903225806451613,0.4553191489361702,0.3298429319371728,0.4435802626545964,-0.1178580608945571
RFC,HIV-1 IN,PC,Train,0.486328125,0.3927444794952681,0.5397727272727273,0.4345549738219895,0.5264755989207607,0.0547648513212847
RFC,HIV-1 IN,PC,Validation,0.4858757062146893,0.4056603773584906,0.5382978723404256,0.442159383033419,0.5264735995319585,0.0543751328103728
RFC,HIV-1 IN,PC,Test,0.4779874213836478,0.3502304147465437,0.5234042553191489,0.4042553191489361,0.5110835868199123,0.0233572491873663
RFC,HIV-1 IN,PC,Train,0.7341772151898734,0.0913385826771653,0.5755855216465579,0.1624649859943977,0.5321033998657144,0.1388669831647322
RFC,HIV-1 IN,PC,Validation,0.92,0.1090047393364928,0.5948827292110874,0.1949152542372881,0.5506264006759983,0.2242315086337393
RFC,HIV-1 IN,PC,Test,0.7307692307692307,0.0875576036866359,0.5638297872340425,0.1563786008230452,0.5299448097484564,0.1306061183556394
RFC,HIV-1 IN,PC,Train,0.4817275747508305,0.4566929133858268,0.5337118523775728,0.4688763136620857,0.5267960690960141,0.0539043004932467
RFC,HIV-1 IN,PC,Validation,0.515,0.4881516587677725,0.5628997867803838,0.5012165450121655,0.5560913332598553,0.1128458784172452
RFC,HIV-1 IN,PC,Test,0.4972677595628415,0.4193548387096774,0.5361702127659574,0.455,0.527859237536657,0.0569669353360624
RFC,HIV-1 IN,PC,Train,0.4509466437177281,0.4132492113564668,0.5092329545454546,0.4312757201646091,0.5005522542570449,0.0011162034391272
RFC,HIV-1 IN,PC,Validation,0.4158415841584158,0.3962264150943396,0.4765957446808511,0.4057971014492754,0.4694310370045342,-0.0614533275106109
RFC,HIV-1 IN,PC,Test,0.3795180722891566,0.2903225806451613,0.4531914893617021,0.3289817232375979,0.4416039780696162,-0.1218183044342883
RFC,HIV-1 IN,PC,Train,0.4767441860465116,0.3880126182965299,0.5326704545454546,0.4278260869565217,0.5195877044971022,0.0404502649422871
RFC,HIV-1 IN,PC,Validation,0.4530386740331492,0.3867924528301887,0.5127659574468085,0.4173027989821883,0.5015357612988153,0.0031408217481032
RFC,HIV-1 IN,PC,Test,0.4683544303797468,0.3410138248847926,0.5170212765957447,0.3946666666666666,0.5044990073040564,0.009495787361401
RFC,HIV-1 IN,PC,Train,0.6703296703296703,0.0960629921259842,0.5713271823988645,0.1680440771349862,0.5286516511017519,0.116000160832248
RFC,HIV-1 IN,PC,Validation,0.8666666666666667,0.1232227488151658,0.5970149253731343,0.2157676348547718,0.5538594364230868,0.2190029644401149
RFC,HIV-1 IN,PC,Test,0.7307692307692307,0.0875576036866359,0.5638297872340425,0.1563786008230452,0.5299448097484564,0.1306061183556394
RFC,HIV-1 IN,PC,Train,0.4746317512274959,0.4566929133858268,0.5273243435060326,0.4654895666131621,0.5209821156076421,0.0421322413605443
RFC,HIV-1 IN,PC,Validation,0.5099009900990099,0.4881516587677725,0.55863539445629,0.4987893462469733,0.5522153642676072,0.1049175336817382
RFC,HIV-1 IN,PC,Test,0.5027624309392266,0.4193548387096774,0.5404255319148936,0.457286432160804,0.5318118067066174,0.0651808844696893
RFC,HIV-1 IN,PC,Train,0.4454072790294627,0.4053627760252365,0.5049715909090909,0.4244426094137077,0.4959630417593884,-0.0081679099947147
RFC,HIV-1 IN,PC,Validation,0.4129353233830846,0.3915094339622642,0.474468085106383,0.4019370460048426,0.4670725464384965,-0.0662356429432545
RFC,HIV-1 IN,PC,Test,0.3855421686746988,0.2949308755760368,0.4574468085106383,0.3342036553524804,0.4458844101200342,-0.1128890151198598
RFC,HIV-1 IN,PC,Train,0.4836852207293666,0.3974763406940063,0.5376420454545454,0.4363636363636363,0.5249655605278817,0.0514524139111292
RFC,HIV-1 IN,PC,Validation,0.4860335195530726,0.410377358490566,0.5382978723404256,0.4450127877237851,0.5268941056018722,0.0551178000467945
RFC,HIV-1 IN,PC,Test,0.484472049689441,0.3594470046082949,0.5276595744680851,0.4126984126984127,0.5156918817507878,0.0329687872654079
RFC,HIV-1 IN,PC,Train,0.7857142857142857,0.0866141732283464,0.5777146912704045,0.1560283687943262,0.5336171641335531,0.1539604262172447
RFC,HIV-1 IN,PC,Validation,0.9583333333333334,0.1090047393364928,0.5970149253731343,0.1957446808510638,0.5525643851721224,0.2373487992346663
RFC,HIV-1 IN,PC,Test,0.72,0.0829493087557603,0.5617021276595745,0.1487603305785124,0.5276406622830186,0.1228057093640093
RFC,HIV-1 IN,PC,Train,0.4825291181364393,0.4566929133858268,0.5344215755855216,0.4692556634304207,0.5274420639280555,0.0552155234870631
RFC,HIV-1 IN,PC,Validation,0.5175879396984925,0.4881516587677725,0.5650319829424307,0.5024390243902439,0.5580293177559793,0.1168207851115095
RFC,HIV-1 IN,PC,Test,0.5,0.4193548387096774,0.5382978723404256,0.4561403508771929,0.5298355221216372,0.0610691433148086
RFC,HIV-1 IN,PC,Train,0.4503424657534247,0.4148264984227129,0.5085227272727273,0.4318555008210181,0.5000489081260852,9.877706068454792e-05
RFC,HIV-1 IN,PC,Validation,0.4158415841584158,0.3962264150943396,0.4765957446808511,0.4057971014492754,0.4694310370045342,-0.0614533275106109
RFC,HIV-1 IN,PC,Test,0.3869047619047619,0.2995391705069124,0.4574468085106383,0.3376623376623376,0.4462122730004917,-0.111903894908987
RFC,HIV-1 IN,PC,Train,0.4718446601941747,0.3832807570977918,0.5291193181818182,0.422976501305483,0.5159297842336504,0.0329098311729087
RFC,HIV-1 IN,PC,Validation,0.4530386740331492,0.3867924528301887,0.5127659574468085,0.4173027989821883,0.5015357612988153,0.0031408217481032
RFC,HIV-1 IN,PC,Test,0.4746835443037974,0.3456221198156682,0.5212765957446809,0.4,0.5087794393544744,0.0185302409238677
RFC,HIV-1 IN,PC,Train,0.6777777777777778,0.0960629921259842,0.5720369056068133,0.1682758620689655,0.5292976459337932,0.1192274930603782
RFC,HIV-1 IN,PC,Validation,0.8387096774193549,0.1232227488151658,0.5948827292110874,0.2148760330578512,0.5519214519269626,0.2079265763421718
RFC,HIV-1 IN,PC,Test,0.7037037037037037,0.0875576036866359,0.5617021276595745,0.1557377049180328,0.527968525163476,0.119841143338414
RFC,HIV-1 IN,PC,Train,0.4777594728171334,0.4566929133858268,0.5301632363378282,0.4669887278582931,0.5235660949358075,0.0473580085800556
RFC,HIV-1 IN,PC,Validation,0.5099009900990099,0.4881516587677725,0.55863539445629,0.4987893462469733,0.5522153642676072,0.1049175336817382
RFC,HIV-1 IN,PC,Test,0.5112359550561798,0.4193548387096774,0.5468085106382978,0.4607594936708861,0.5377406604615581,0.0775761446409776
RFC,HIV-1 IN,PC,Train,0.4454072790294627,0.4053627760252365,0.5049715909090909,0.4244426094137077,0.4959630417593884,-0.0081679099947147
RFC,HIV-1 IN,PC,Validation,0.4158415841584158,0.3962264150943396,0.4765957446808511,0.4057971014492754,0.4694310370045342,-0.0614533275106109
RFC,HIV-1 IN,PC,Test,0.3855421686746988,0.2949308755760368,0.4574468085106383,0.3342036553524804,0.4458844101200342,-0.1128890151198598
RFC,HIV-1 IN,PC,Train,0.4845559845559845,0.3958990536277602,0.5383522727272727,0.4357638888888889,0.5254689066588414,0.0525527592733454
RFC,HIV-1 IN,PC,Validation,0.4888888888888889,0.4150943396226415,0.5404255319148936,0.4489795918367347,0.5292525961679099,0.0598876047330604
RFC,HIV-1 IN,PC,Test,0.4782608695652174,0.3548387096774194,0.5234042553191489,0.4074074074074074,0.5114114497003698,0.0239755603270784
RFC,HIV-1 IN,PC,Train,0.76,0.089763779527559,0.5770049680624556,0.1605633802816901,0.5332539827870353,0.147408477223237
RFC,HIV-1 IN,PC,Validation,0.9583333333333334,0.1090047393364928,0.5970149253731343,0.1957446808510638,0.5525643851721224,0.2373487992346663
RFC,HIV-1 IN,PC,Test,0.75,0.0829493087557603,0.5638297872340425,0.1493775933609958,0.5296169468679988,0.1341489751596518
RFC,HIV-1 IN,PC,Train,0.4817275747508305,0.4566929133858268,0.5337118523775728,0.4688763136620857,0.5267960690960141,0.0539043004932467
RFC,HIV-1 IN,PC,Validation,0.5202020202020202,0.4881516587677725,0.5671641791044776,0.5036674816625917,0.5599673022521033,0.1208031746273111
RFC,HIV-1 IN,PC,Test,0.5027624309392266,0.4193548387096774,0.5404255319148936,0.457286432160804,0.5318118067066174,0.0651808844696893
RFC,HIV-1 IN,PC,Train,0.4394463667820069,0.4006309148264984,0.5,0.4191419141914191,0.4910131318318538,-0.0181781846447254
RFC,HIV-1 IN,PC,Validation,0.4051282051282051,0.3726415094339622,0.4702127659574468,0.3882063882063882,0.4615145531665935,-0.0777357261528363
RFC,HIV-1 IN,PC,Test,0.3915662650602409,0.2995391705069124,0.4617021276595744,0.3394255874673629,0.4501648421704522,-0.1039597258054313
RFC,HIV-1 IN,PC,Train,0.4643449419568822,0.4416403785488959,0.5191761363636364,0.4527081649151172,0.5121638585250939,0.0244601924120533
RFC,HIV-1 IN,PC,Validation,0.4527363184079602,0.4292452830188679,0.5085106382978724,0.4406779661016949,0.5014443469357905,0.0029053946654731
RFC,HIV-1 IN,PC,Test,0.4835164835164835,0.4055299539170507,0.5255319148936171,0.4411027568922305,0.516994225970383,0.0347848050749185
RFC,HIV-1 IN,PC,Train,0.4781783681214421,0.3968503937007874,0.5330021291696239,0.4337349397590361,0.5207766180390242,0.0427289867353587
RFC,HIV-1 IN,PC,Validation,0.4878048780487805,0.3791469194312796,0.5415778251599147,0.4266666666666667,0.5267827620412212,0.0558810548180061
RFC,HIV-1 IN,PC,Test,0.5165562913907285,0.3594470046082949,0.548936170212766,0.4239130434782608,0.5354547276005902,0.0757025416864679
RFC,HIV-1 IN,PC,Train,0.4990583804143126,0.4173228346456692,0.5486160397444997,0.4545454545454545,0.5368267919998372,0.0756234887829721
RFC,HIV-1 IN,PC,Validation,0.5028248587570622,0.4218009478672986,0.5522388059701493,0.4587628865979381,0.5403578382747346,0.0828382495081815
RFC,HIV-1 IN,PC,Test,0.5194805194805194,0.3686635944700461,0.551063829787234,0.431266846361186,0.5380867379464855,0.080907726785926
RFC,HIV-1 IN,PC,Train,0.4567474048442906,0.416403785488959,0.5142045454545454,0.4356435643564356,0.5053595154834976,0.0108409581894848
RFC,HIV-1 IN,PC,Validation,0.4123711340206185,0.3773584905660377,0.4765957446808511,0.3940886699507389,0.4677490127248793,-0.0651921624523979
RFC,HIV-1 IN,PC,Test,0.4226190476190476,0.3271889400921659,0.4829787234042553,0.3688311688311688,0.4718948653029999,-0.058471964051665
RFC,HIV-1 IN,PC,Train,0.4560810810810811,0.4258675078864353,0.5127840909090909,0.4404567699836867,0.504923418025905,0.0099244371005916
RFC,HIV-1 IN,PC,Validation,0.44,0.4150943396226415,0.4978723404255319,0.4271844660194174,0.4904929062454293,-0.0191363310705768
RFC,HIV-1 IN,PC,Test,0.4702702702702703,0.4009216589861751,0.5148936170212766,0.4328358208955223,0.5067849401650243,0.0138470688319691
RFC,HIV-1 IN,PC,Train,0.4736842105263157,0.3968503937007874,0.5294535131298793,0.4318766066838046,0.5175466438788174,0.0360185136958
RFC,HIV-1 IN,PC,Validation,0.4819277108433735,0.3791469194312796,0.5373134328358209,0.4244031830238727,0.5229067930489731,0.0476617528440564
RFC,HIV-1 IN,PC,Test,0.5302013422818792,0.3640552995391705,0.5574468085106383,0.4316939890710382,0.5436877288209686,0.0936125208977748
RFC,HIV-1 IN,PC,Train,0.4916201117318435,0.415748031496063,0.5429382540809085,0.4505119453924914,0.5315174266007446,0.0645792063516397
RFC,HIV-1 IN,PC,Validation,0.5053763440860215,0.4454976303317535,0.5543710021321961,0.473551637279597,0.5444542415224659,0.0904158545142871
RFC,HIV-1 IN,PC,Test,0.5324675324675324,0.3778801843317972,0.5595744680851064,0.4420485175202156,0.5466476020473214,0.099093585986971
RFC,HIV-1 IN,PC,Train,0.444636678200692,0.4053627760252365,0.5042613636363636,0.4240924092409241,0.4953170469273469,-0.0094724417944623
RFC,HIV-1 IN,PC,Validation,0.4153846153846154,0.3820754716981132,0.4787234042553192,0.398034398034398,0.4701075032909171,-0.0603790557054097
RFC,HIV-1 IN,PC,Test,0.391812865497076,0.3087557603686636,0.4595744680851064,0.345360824742268,0.4488442833463871,-0.1060182538516473
RFC,HIV-1 IN,PC,Train,0.4624183006535948,0.446372239747634,0.5170454545454546,0.4542536115569823,0.5106538201322149,0.0213854414853823
RFC,HIV-1 IN,PC,Validation,0.4362745098039216,0.419811320754717,0.4936170212765957,0.4278846153846153,0.4870374433230949,-0.0260281047194881
RFC,HIV-1 IN,PC,Test,0.4712041884816754,0.4147465437788018,0.5148936170212766,0.4411764705882353,0.5077685288063969,0.0157703059319924
RFC,HIV-1 IN,PC,Train,0.4743833017077798,0.3937007874015748,0.5301632363378282,0.4302925989672977,0.5179098252253352,0.0368331690484253
RFC,HIV-1 IN,PC,Validation,0.4705882352941176,0.3791469194312796,0.5287846481876333,0.4199475065616798,0.515154855064477,0.031366987346496
RFC,HIV-1 IN,PC,Test,0.5194805194805194,0.3686635944700461,0.551063829787234,0.431266846361186,0.5380867379464855,0.080907726785926
RFC,HIV-1 IN,PC,Train,0.4868913857677903,0.4094488188976378,0.5393896380411639,0.4448246364414029,0.5277218254694906,0.056863620616097
RFC,HIV-1 IN,PC,Validation,0.510989010989011,0.4407582938388625,0.55863539445629,0.4732824427480916,0.5478985267643925,0.0977972380456492
RFC,HIV-1 IN,PC,Test,0.5256410256410257,0.3778801843317972,0.5553191489361702,0.4396782841823056,0.542695032877361,0.0904004000324535
RFC,HIV-1 IN,PC,Train,0.4513888888888889,0.4100946372239747,0.5099431818181818,0.4297520661157025,0.5009129516869228,0.0018476512302438
RFC,HIV-1 IN,PC,Validation,0.4111675126903553,0.3820754716981132,0.474468085106383,0.3960880195599022,0.466231534298669,-0.0681090262198883
RFC,HIV-1 IN,PC,Test,0.4,0.3133640552995391,0.4659574468085106,0.3514211886304909,0.4551009999817853,-0.0931690578295971
RFC,HIV-1 IN,PC,Train,0.4721311475409836,0.4542586750788643,0.5255681818181818,0.4630225080385852,0.5191190016221195,0.0383922841998467
RFC,HIV-1 IN,PC,Validation,0.446078431372549,0.4292452830188679,0.502127659574468,0.4375,0.4956303934474185,-0.0087739309280079
RFC,HIV-1 IN,PC,Test,0.4761904761904761,0.4147465437788018,0.5191489361702127,0.4433497536945813,0.5117210979763575,0.0238344073403398
RFC,HIV-1 IN,PC,Train,0.4734848484848485,0.3937007874015748,0.5294535131298793,0.4299226139294927,0.5172638303932938,0.0354911101264469
RFC,HIV-1 IN,PC,Validation,0.4730538922155688,0.3744075829383886,0.5309168443496801,0.4179894179894179,0.5166611558102796,0.0346197952515035
RFC,HIV-1 IN,PC,Test,0.5328947368421053,0.3732718894009216,0.5595744680851064,0.4390243902439024,0.546319739166864,0.0987303949596528
RFC,HIV-1 IN,PC,Train,0.4854014598540146,0.4188976377952756,0.5379701916252662,0.4497041420118343,0.5272782762619789,0.0556816898684528
RFC,HIV-1 IN,PC,Validation,0.5135135135135135,0.4502369668246445,0.5607675906183369,0.4797979797979798,0.5506998787611596,0.103215034691818
RFC,HIV-1 IN,PC,Test,0.51875,0.3824884792626728,0.551063829787234,0.4403183023872679,0.5390703265878581,0.0822103176805782
RFC,HIV-1 IN,PC,Train,0.4539130434782609,0.4116719242902208,0.5120738636363636,0.4317617866004963,0.5029935848841285,0.0060601065365797
RFC,HIV-1 IN,PC,Validation,0.4090909090909091,0.3820754716981132,0.4723404255319149,0.3951219512195122,0.464293549802545,-0.0719676643672032
RFC,HIV-1 IN,PC,Test,0.391812865497076,0.3087557603686636,0.4595744680851064,0.345360824742268,0.4488442833463871,-0.1060182538516473
RFC,HIV-1 IN,PC,Train,0.4601626016260162,0.446372239747634,0.5149147727272727,0.4531625300240192,0.5087158356360909,0.0174855776880562
RFC,HIV-1 IN,PC,Validation,0.4390243902439024,0.4245283018867924,0.4957446808510638,0.4316546762589928,0.4893959338891326,-0.0212804270140837
RFC,HIV-1 IN,PC,Test,0.4712041884816754,0.4147465437788018,0.5148936170212766,0.4411764705882353,0.5077685288063969,0.0157703059319924
RFC,HIV-1 IN,PC,Train,0.4735849056603773,0.3952755905511811,0.5294535131298793,0.4309012875536481,0.5174052371360557,0.0357548459302329
RFC,HIV-1 IN,PC,Validation,0.4792899408284023,0.3838862559241706,0.535181236673774,0.4263157894736842,0.5214004923031706,0.04435073900124
RFC,HIV-1 IN,PC,Test,0.5161290322580645,0.3686635944700461,0.548936170212766,0.4301075268817204,0.5361104533615052,0.0765829229608773
RFC,HIV-1 IN,PC,Train,0.4906716417910448,0.4141732283464567,0.5422285308729595,0.4491887275832621,0.5307300250259416,0.0629884230799302
RFC,HIV-1 IN,PC,Validation,0.510989010989011,0.4407582938388625,0.55863539445629,0.4732824427480916,0.5478985267643925,0.0977972380456492
RFC,HIV-1 IN,PC,Test,0.5222929936305732,0.3778801843317972,0.5531914893617021,0.4385026737967914,0.5407187482923808,0.0860780752489973
RFC,HIV-1 IN,PC,Train,0.4513888888888889,0.4100946372239747,0.5099431818181818,0.4297520661157025,0.5009129516869228,0.0018476512302438
RFC,HIV-1 IN,PC,Validation,0.413265306122449,0.3820754716981132,0.4765957446808511,0.3970588235294117,0.468169518794793,-0.0642462326786309
RFC,HIV-1 IN,PC,Test,0.3976608187134502,0.3133640552995391,0.4638297872340425,0.3505154639175257,0.4531247153968051,-0.0971472231750807
RFC,HIV-1 IN,PC,Train,0.4739413680781759,0.4589905362776025,0.5269886363636364,0.4663461538461538,0.5208389373894473,0.0418144354861702
RFC,HIV-1 IN,PC,Validation,0.4466019417475728,0.4339622641509434,0.502127659574468,0.4401913875598086,0.4960508995173321,-0.007920824480342
RFC,HIV-1 IN,PC,Test,0.4789473684210526,0.4193548387096774,0.5212765957446809,0.4471744471744471,0.5140252454417953,0.0284954012780776
RFC,HIV-1 IN,PC,Train,0.4712643678160919,0.3874015748031496,0.5280340667139816,0.42523768366465,0.515406213758164,0.0317457942035372
RFC,HIV-1 IN,PC,Validation,0.4790419161676646,0.3791469194312796,0.535181236673774,0.4232804232804232,0.5209688085528491,0.0435705581913905
RFC,HIV-1 IN,PC,Test,0.54,0.3732718894009216,0.5638297872340425,0.44141689373297,0.5502723083368245,0.1075296745901782
RFC,HIV-1 IN,PC,Train,0.4908088235294117,0.4204724409448819,0.5422285308729595,0.4529262086513995,0.5312956519969887,0.0639681570833218
RFC,HIV-1 IN,PC,Validation,0.510989010989011,0.4407582938388625,0.55863539445629,0.4732824427480916,0.5478985267643925,0.0977972380456492
RFC,HIV-1 IN,PC,Test,0.5093167701863354,0.3778801843317972,0.5446808510638298,0.4338624338624338,0.5328136099524599,0.068941695018726
RFC,HIV-1 IN,PC,Train,0.4504347826086956,0.4085173501577287,0.5092329545454546,0.4284532671629446,0.5001243081537998,0.0002516449957327
RFC,HIV-1 IN,PC,Validation,0.4111675126903553,0.3820754716981132,0.474468085106383,0.3960880195599022,0.466231534298669,-0.0681090262198883
RFC,HIV-1 IN,PC,Test,0.3928571428571428,0.304147465437788,0.4617021276595744,0.3428571428571428,0.4504927050509098,-0.1029985730994333
RFC,HIV-1 IN,PC,Train,0.4617886178861788,0.4479495268138801,0.5163352272727273,0.454763811048839,0.5101504740012552,0.0203637274875399
RFC,HIV-1 IN,PC,Validation,0.4341463414634146,0.419811320754717,0.4914893617021276,0.4268585131894484,0.4850994588269709,-0.0299026689939279
RFC,HIV-1 IN,PC,Test,0.4766839378238341,0.423963133640553,0.5191489361702127,0.448780487804878,0.5123768237372724,0.0250848085148088
RFC,HIV-1 IN,PC,Train,0.469811320754717,0.3921259842519685,0.5266146202980837,0.4274678111587983,0.5145384443223666,0.029865714138112
RFC,HIV-1 IN,PC,Validation,0.4761904761904761,0.3791469194312796,0.5330490405117271,0.4221635883905013,0.5190308240567251,0.0394912410238698
RFC,HIV-1 IN,PC,Test,0.5194805194805194,0.3686635944700461,0.551063829787234,0.431266846361186,0.5380867379464855,0.080907726785926
RFC,HIV-1 IN,PC,Train,0.4869402985074627,0.4110236220472441,0.5393896380411639,0.4457728437233134,0.5278632322122525,0.0571122560908467
RFC,HIV-1 IN,PC,Validation,0.5082872928176796,0.4360189573459715,0.5565031982942431,0.4693877551020408,0.5455288585179471,0.0930534130449131
RFC,HIV-1 IN,PC,Test,0.5189873417721519,0.3778801843317972,0.551063829787234,0.4373333333333333,0.5387424637074005,0.081771415861134
RFC,HIV-1 IN,PC,Train,0.4523396880415944,0.4116719242902208,0.5106534090909091,0.4310487200660611,0.5017015952200459,0.003442809109332
RFC,HIV-1 IN,PC,Validation,0.413265306122449,0.3820754716981132,0.4765957446808511,0.3970588235294117,0.468169518794793,-0.0642462326786309
RFC,HIV-1 IN,PC,Test,0.4023668639053254,0.3133640552995391,0.4680851063829787,0.3523316062176165,0.4570772845667656,-0.0891827196512562
RFC,HIV-1 IN,PC,Train,0.4723127035830619,0.4574132492113564,0.5255681818181818,0.4647435897435897,0.5194042990242829,0.0389357573537369
RFC,HIV-1 IN,PC,Validation,0.4558823529411764,0.4386792452830189,0.5106382978723404,0.4471153846153846,0.504223343571742,0.0084802428634721
RFC,HIV-1 IN,PC,Test,0.481283422459893,0.4147465437788018,0.5234042553191489,0.4455445544554455,0.5156736671463179,0.0319283681020882
RFC,HIV-1 IN,PC,Train,0.4724857685009487,0.3921259842519685,0.5287437899219305,0.4285714285714285,0.5164764288184907,0.0338852602049586
RFC,HIV-1 IN,PC,Validation,0.4790419161676646,0.3791469194312796,0.535181236673774,0.4232804232804232,0.5209688085528491,0.0435705581913905
RFC,HIV-1 IN,PC,Test,0.5333333333333333,0.3686635944700461,0.5595744680851064,0.4359673024523161,0.5459918762864064,0.0983740682392029
RFC,HIV-1 IN,PC,Train,0.4898710865561694,0.4188976377952756,0.5415188076650106,0.4516129032258064,0.5305082504221856,0.0623800588899948
RFC,HIV-1 IN,PC,Validation,0.510989010989011,0.4407582938388625,0.55863539445629,0.4732824427480916,0.5478985267643925,0.0977972380456492
RFC,HIV-1 IN,PC,Test,0.50625,0.3732718894009216,0.5425531914893617,0.4297082228116711,0.5305094624870221,0.0641968681188664
RFC,HIV-1 IN,PC,Train,0.4477351916376306,0.4053627760252365,0.5071022727272727,0.4254966887417218,0.4979010262555123,-0.0042502369206298
RFC,HIV-1 IN,PC,Validation,0.4060913705583756,0.3773584905660377,0.4702127659574468,0.39119804400978,0.4619350592365073,-0.076774765885115
RFC,HIV-1 IN,PC,Test,0.3892215568862275,0.2995391705069124,0.4595744680851064,0.3385416666666667,0.448188557585472,-0.1079359843229979
RFC,HIV-1 IN,PC,Train,0.4601626016260162,0.446372239747634,0.5149147727272727,0.4531625300240192,0.5087158356360909,0.0174855776880562
RFC,HIV-1 IN,PC,Validation,0.4362745098039216,0.419811320754717,0.4936170212765957,0.4278846153846153,0.4870374433230949,-0.0260281047194881
RFC,HIV-1 IN,PC,Test,0.4739583333333333,0.4193548387096774,0.5170212765957447,0.4449877750611247,0.5100726762718347,0.020431111181995
RFC,HIV-1 IN,PC,Train,0.4718045112781955,0.3952755905511811,0.5280340667139816,0.4301628106255356,0.516113247471973,0.0330761385915918
RFC,HIV-1 IN,PC,Validation,0.4790419161676646,0.3791469194312796,0.535181236673774,0.4232804232804232,0.5209688085528491,0.0435705581913905
RFC,HIV-1 IN,PC,Test,0.5194805194805194,0.3686635944700461,0.551063829787234,0.431266846361186,0.5380867379464855,0.080907726785926
RFC,HIV-1 IN,PC,Train,0.4906716417910448,0.4141732283464567,0.5422285308729595,0.4491887275832621,0.5307300250259416,0.0629884230799302
RFC,HIV-1 IN,PC,Validation,0.5111111111111111,0.4360189573459715,0.55863539445629,0.4705882352941176,0.5474668430140711,0.0971149856716846
RFC,HIV-1 IN,PC,Test,0.5192307692307693,0.3732718894009216,0.551063829787234,0.4343163538873995,0.538414600826943,0.0813372199950702
RFC,HIV-1 IN,PC,Train,0.4515570934256055,0.4116719242902208,0.5099431818181818,0.4306930693069307,0.5010556003880045,0.0021352153392217
RFC,HIV-1 IN,PC,Validation,0.413265306122449,0.3820754716981132,0.4765957446808511,0.3970588235294117,0.468169518794793,-0.0642462326786309
RFC,HIV-1 IN,PC,Test,0.4023668639053254,0.3133640552995391,0.4680851063829787,0.3523316062176165,0.4570772845667656,-0.0891827196512562
RFC,HIV-1 IN,PC,Train,0.4737704918032787,0.4558359621451104,0.5269886363636364,0.4646302250803859,0.5205536399872839,0.0412731377573709
RFC,HIV-1 IN,PC,Validation,0.4536585365853658,0.4386792452830189,0.5085106382978724,0.4460431654676259,0.502285359075618,0.004586298925449
RFC,HIV-1 IN,PC,Test,0.4789473684210526,0.4193548387096774,0.5212765957446809,0.4471744471744471,0.5140252454417953,0.0284954012780776
RFC,HIV-1 IN,PC,Train,0.4753787878787879,0.3952755905511811,0.5308729595457772,0.4316423043852107,0.5186972268001384,0.0384378970544472
RFC,HIV-1 IN,PC,Validation,0.4819277108433735,0.3791469194312796,0.5373134328358209,0.4244031830238727,0.5229067930489731,0.0476617528440564
RFC,HIV-1 IN,PC,Test,0.5298013245033113,0.3686635944700461,0.5574468085106383,0.4347826086956521,0.5440155917014262,0.0939816038969174
RFC,HIV-1 IN,PC,Train,0.4917431192660551,0.4220472440944882,0.5429382540809085,0.4542372881355932,0.532083053571792,0.0655553156308866
RFC,HIV-1 IN,PC,Validation,0.510989010989011,0.4407582938388625,0.55863539445629,0.4732824427480916,0.5478985267643925,0.0977972380456492
RFC,HIV-1 IN,PC,Test,0.5125,0.3778801843317972,0.5468085106382978,0.4350132625994695,0.5347898945374401,0.0732035928997223
RFC,HIV-1 IN,ECFP4,Train,0.4498269896193771,0.4100946372239747,0.5085227272727273,0.429042904290429,0.49962096202284,-0.0007666989441993
RFC,HIV-1 IN,ECFP4,Validation,0.4341463414634146,0.419811320754717,0.4914893617021276,0.4268585131894484,0.4850994588269709,-0.0299026689939279
RFC,HIV-1 IN,ECFP4,Test,0.3988439306358382,0.3179723502304147,0.4638297872340425,0.3538461538461538,0.4534525782772626,-0.0962308844152979
RFC,HIV-1 IN,ECFP4,Train,0.4527363184079602,0.4305993690851735,0.5092329545454546,0.4413904607922393,0.5021213899689434,0.0042658837830369
RFC,HIV-1 IN,ECFP4,Validation,0.4558823529411764,0.4386792452830189,0.5106382978723404,0.4471153846153846,0.504223343571742,0.0084802428634721
RFC,HIV-1 IN,ECFP4,Test,0.4574468085106383,0.3963133640552995,0.5042553191489362,0.4246913580246914,0.4965756543596655,-0.0069693815067266
RFC,HIV-1 IN,ECFP4,Train,0.4482758620689655,0.4299212598425196,0.5046132008516678,0.4389067524115755,0.4979063663553684,-0.0042056622051654
RFC,HIV-1 IN,ECFP4,Validation,0.416267942583732,0.4123222748815165,0.4754797441364605,0.4142857142857143,0.4697270289136265,-0.0606005136627584
RFC,HIV-1 IN,ECFP4,Test,0.5052631578947369,0.4423963133640553,0.5425531914893617,0.4717444717444717,0.5354274056938854,0.0719786434881313
RFC,HIV-1 IN,ECFP4,Train,0.494017094017094,0.4551181102362204,0.5443577004968062,0.4737704918032787,0.5363445848338725,0.0733982173234513
RFC,HIV-1 IN,ECFP4,Validation,0.5238095238095238,0.4691943127962085,0.5692963752665245,0.495,0.5601785517469415,0.1220711090744702
RFC,HIV-1 IN,ECFP4,Test,0.5274725274725275,0.4423963133640553,0.5595744680851064,0.4812030075187969,0.5512376823737273,0.1048763737146256
RFC,HIV-1 IN,ECFP4,Train,0.4476843910806174,0.4116719242902208,0.5063920454545454,0.428923582580115,0.4978256262277978,-0.0043925635573373
RFC,HIV-1 IN,ECFP4,Validation,0.4328358208955223,0.410377358490566,0.4914893617021276,0.4213075060532688,0.4842584466871434,-0.0316651241388907
RFC,HIV-1 IN,ECFP4,Test,0.3905325443786982,0.304147465437788,0.4595744680851064,0.3419689119170984,0.4485164204659296,-0.1069700645424467
RFC,HIV-1 IN,ECFP4,Train,0.4575707154742096,0.4337539432176656,0.5134943181818182,0.4453441295546558,0.5062826563633548,0.0126390492965842
RFC,HIV-1 IN,ECFP4,Validation,0.4567307692307692,0.4481132075471698,0.5106382978723404,0.4523809523809524,0.5050643557115694,0.010147280557312
RFC,HIV-1 IN,ECFP4,Test,0.4578947368421052,0.4009216589861751,0.5042553191489362,0.4275184275184275,0.4969035172401231,-0.0062911924899652
RFC,HIV-1 IN,ECFP4,Train,0.4543946932006633,0.431496062992126,0.5102909865152591,0.4426494345718901,0.503215731754461,0.0064675675874199
RFC,HIV-1 IN,ECFP4,Validation,0.4126213592233009,0.4028436018957346,0.4733475479744136,0.407673860911271,0.4669256769168596,-0.0663071797343924
RFC,HIV-1 IN,ECFP4,Test,0.4974093264248704,0.4423963133640553,0.5361702127659574,0.4682926829268293,0.5294985519389447,0.0597863832078483
RFC,HIV-1 IN,ECFP4,Train,0.507908611599297,0.4551181102362204,0.5557132718239887,0.4800664451827242,0.5466805021465341,0.0946732054146396
RFC,HIV-1 IN,ECFP4,Validation,0.5210526315789473,0.4691943127962085,0.5671641791044776,0.4937655860349127,0.5582405672508175,0.118039611226181
RFC,HIV-1 IN,ECFP4,Test,0.5245901639344263,0.4423963133640553,0.5574468085106383,0.48,0.549261397788747,0.1007303541133578
RFC,HIV-1 IN,ECFP4,Train,0.4533106960950764,0.4211356466876971,0.5106534090909091,0.4366312346688471,0.5025574874265359,0.0051589226211502
RFC,HIV-1 IN,ECFP4,Validation,0.4341463414634146,0.419811320754717,0.4914893617021276,0.4268585131894484,0.4850994588269709,-0.0299026689939279
RFC,HIV-1 IN,ECFP4,Test,0.4046242774566474,0.3225806451612903,0.4680851063829787,0.358974358974359,0.4577330103276807,-0.0873816346255914
RFC,HIV-1 IN,ECFP4,Train,0.4552980132450331,0.4337539432176656,0.5113636363636364,0.444264943457189,0.5043446718672308,0.0087348528485594
RFC,HIV-1 IN,ECFP4,Validation,0.4585365853658537,0.4433962264150943,0.5127659574468085,0.4508393285371702,0.5065818341377797,0.0132085409052933
RFC,HIV-1 IN,ECFP4,Test,0.4603174603174603,0.4009216589861751,0.5063829787234042,0.4285714285714285,0.4988798018251033,-0.002277880421804
RFC,HIV-1 IN,ECFP4,Train,0.4497528830313015,0.4299212598425196,0.5060326472675657,0.4396135265700483,0.499198356019451,-0.0016109695990107
RFC,HIV-1 IN,ECFP4,Validation,0.4174757281553398,0.4075829383886256,0.4776119402985074,0.4124700239808153,0.4712333296594291,-0.0576712265837592
RFC,HIV-1 IN,ECFP4,Test,0.4923076923076923,0.4423963133640553,0.5319148936170213,0.4660194174757281,0.5255459827689842,0.0516962553068911
RFC,HIV-1 IN,ECFP4,Train,0.4957118353344768,0.4551181102362204,0.5457771469127041,0.4745484400656814,0.5376365744979552,0.0760454311881602
RFC,HIV-1 IN,ECFP4,Validation,0.515625,0.4691943127962085,0.5628997867803838,0.4913151364764268,0.5543645982585694,0.1100035651109163
RFC,HIV-1 IN,ECFP4,Test,0.5274725274725275,0.4423963133640553,0.5595744680851064,0.4812030075187969,0.5512376823737273,0.1048763737146256
RFC,HIV-1 IN,ECFP4,Train,0.454855195911414,0.4211356466876971,0.5120738636363636,0.4373464373464373,0.5038494770906187,0.0077688406782568
RFC,HIV-1 IN,ECFP4,Validation,0.4449760765550239,0.4386792452830189,0.5,0.4418052256532066,0.4945334210911218,-0.0109478793790356
RFC,HIV-1 IN,ECFP4,Test,0.4,0.3225806451612903,0.4638297872340425,0.3571428571428571,0.4537804411577202,-0.0953269914442082
RFC,HIV-1 IN,ECFP4,Train,0.452892561983471,0.4321766561514195,0.5092329545454546,0.4422921711057304,0.502264038670025,0.0045508601050697
RFC,HIV-1 IN,ECFP4,Validation,0.4523809523809524,0.4481132075471698,0.5063829787234042,0.4502369668246445,0.5011883867193213,0.0023788619921552
RFC,HIV-1 IN,ECFP4,Test,0.4559585492227979,0.4055299539170507,0.502127659574468,0.4292682926829268,0.4952550955356004,-0.0096167661782306
RFC,HIV-1 IN,ECFP4,Train,0.4504950495049505,0.4299212598425196,0.5067423704755145,0.4399677679290894,0.4998443508514924,-0.0003128527689422
RFC,HIV-1 IN,ECFP4,Validation,0.4210526315789473,0.4170616113744075,0.4797441364605543,0.419047619047619,0.474034681656196,-0.0519774429989739
RFC,HIV-1 IN,ECFP4,Test,0.4974093264248704,0.4423963133640553,0.5361702127659574,0.4682926829268293,0.5294985519389447,0.0597863832078483
RFC,HIV-1 IN,ECFP4,Train,0.4965635738831615,0.4551181102362204,0.5464868701206529,0.4749383730484798,0.5382825693299965,0.077370280124625
RFC,HIV-1 IN,ECFP4,Validation,0.518324607329843,0.4691943127962085,0.5650319829424307,0.4925373134328358,0.5563025827546935,0.1140171844524172
RFC,HIV-1 IN,ECFP4,Test,0.5303867403314917,0.4423963133640553,0.5617021276595745,0.4824120603015075,0.5532139669587075,0.1090328966379601
RFC,HIV-1 IN,ECFP4,Train,0.4559322033898305,0.4242902208201893,0.5127840909090909,0.4395424836601307,0.5047807693248233,0.0096414030051973
RFC,HIV-1 IN,ECFP4,Validation,0.4396135265700483,0.4292452830188679,0.4957446808510638,0.4343675417661098,0.4898164399590464,-0.0204147638443092
RFC,HIV-1 IN,ECFP4,Test,0.4022988505747126,0.3225806451612903,0.4659574468085106,0.3580562659846547,0.4557567257427004,-0.0913580672752752
RFC,HIV-1 IN,ECFP4,Train,0.456198347107438,0.4353312302839117,0.5120738636363636,0.4455205811138014,0.5051333154003538,0.0103182867728809
RFC,HIV-1 IN,ECFP4,Validation,0.4567307692307692,0.4481132075471698,0.5106382978723404,0.4523809523809524,0.5050643557115694,0.010147280557312
RFC,HIV-1 IN,ECFP4,Test,0.4554973821989528,0.4009216589861751,0.502127659574468,0.4264705882352941,0.4949272326551428,-0.0102978433811486
RFC,HIV-1 IN,ECFP4,Train,0.4504950495049505,0.4299212598425196,0.5067423704755145,0.4399677679290894,0.4998443508514924,-0.0003128527689422
RFC,HIV-1 IN,ECFP4,Validation,0.4174757281553398,0.4075829383886256,0.4776119402985074,0.4124700239808153,0.4712333296594291,-0.0576712265837592
RFC,HIV-1 IN,ECFP4,Test,0.4923076923076923,0.4423963133640553,0.5319148936170213,0.4660194174757281,0.5255459827689842,0.0516962553068911
RFC,HIV-1 IN,ECFP4,Train,0.4914965986394558,0.4551181102362204,0.5422285308729595,0.472608340147179,0.5344066003377484,0.0694334683663559
RFC,HIV-1 IN,ECFP4,Validation,0.515625,0.4691943127962085,0.5628997867803838,0.4913151364764268,0.5543645982585694,0.1100035651109163
RFC,HIV-1 IN,ECFP4,Test,0.5303867403314917,0.4423963133640553,0.5617021276595745,0.4824120603015075,0.5532139669587075,0.1090328966379601
RFC,HIV-1 IN,ECFP4,Train,0.4584040747028862,0.4258675078864353,0.5149147727272727,0.4415372035977105,0.506861402522029,0.0138407111278189
RFC,HIV-1 IN,ECFP4,Validation,0.4471153846153846,0.4386792452830189,0.502127659574468,0.4428571428571428,0.4964714055872459,-0.0070701268865025
RFC,HIV-1 IN,ECFP4,Test,0.396551724137931,0.3179723502304147,0.4617021276595744,0.3529411764705882,0.4514762936922825,-0.1001967440186634
RFC,HIV-1 IN,ECFP4,Train,0.4560530679933665,0.4337539432176656,0.5120738636363636,0.444624090541633,0.5049906666992721,0.0100356862484702
RFC,HIV-1 IN,ECFP4,Validation,0.4545454545454545,0.4481132075471698,0.5085106382978724,0.4513064133016627,0.5031263712154453,0.0062611617853347
RFC,HIV-1 IN,ECFP4,Test,0.4559585492227979,0.4055299539170507,0.502127659574468,0.4292682926829268,0.4952550955356004,-0.0096167661782306
RFC,HIV-1 IN,ECFP4,Train,0.4519867549668874,0.4299212598425196,0.5081618168914124,0.4406779661016949,0.5011363405155751,0.0022849643080926
RFC,HIV-1 IN,ECFP4,Validation,0.4174757281553398,0.4075829383886256,0.4776119402985074,0.4124700239808153,0.4712333296594291,-0.0576712265837592
RFC,HIV-1 IN,ECFP4,Test,0.4974093264248704,0.4423963133640553,0.5361702127659574,0.4682926829268293,0.5294985519389447,0.0597863832078483
RFC,HIV-1 IN,ECFP4,Train,0.4982758620689655,0.4551181102362204,0.5479063165365508,0.4757201646090535,0.5395745589940792,0.0800225083615136
RFC,HIV-1 IN,ECFP4,Validation,0.515625,0.4691943127962085,0.5628997867803838,0.4913151364764268,0.5543645982585694,0.1100035651109163
RFC,HIV-1 IN,ECFP4,Test,0.5303867403314917,0.4423963133640553,0.5617021276595745,0.4824120603015075,0.5532139669587075,0.1090328966379601
RFC,HIV-1 IN,ECFP4,Train,0.4576271186440678,0.4258675078864353,0.5142045454545454,0.4411764705882353,0.5062154076899877,0.0125346458507467
RFC,HIV-1 IN,ECFP4,Validation,0.4423076923076923,0.4339622641509434,0.4978723404255319,0.4380952380952381,0.4921749305250841,-0.0156788306084099
RFC,HIV-1 IN,ECFP4,Test,0.4046242774566474,0.3225806451612903,0.4680851063829787,0.358974358974359,0.4577330103276807,-0.0873816346255914
RFC,HIV-1 IN,ECFP4,Train,0.4554455445544554,0.4353312302839117,0.5113636363636364,0.4451612903225806,0.5044873205683125,0.0090179683094007
RFC,HIV-1 IN,ECFP4,Validation,0.4545454545454545,0.4481132075471698,0.5085106382978724,0.4513064133016627,0.5031263712154453,0.0062611617853347
RFC,HIV-1 IN,ECFP4,Test,0.4607329842931937,0.4055299539170507,0.5063829787234042,0.4313725490196078,0.4992076647055609,-0.0016084602767682
RFC,HIV-1 IN,ECFP4,Train,0.4519867549668874,0.4299212598425196,0.5081618168914124,0.4406779661016949,0.5011363405155751,0.0022849643080926
RFC,HIV-1 IN,ECFP4,Validation,0.4174757281553398,0.4075829383886256,0.4776119402985074,0.4124700239808153,0.4712333296594291,-0.0576712265837592
RFC,HIV-1 IN,ECFP4,Test,0.4948453608247423,0.4423963133640553,0.5340425531914894,0.4671532846715328,0.5275222673539645,0.0557376849561152
RFC,HIV-1 IN,ECFP4,Train,0.4914965986394558,0.4551181102362204,0.5422285308729595,0.472608340147179,0.5344066003377484,0.0694334683663559
RFC,HIV-1 IN,ECFP4,Validation,0.518324607329843,0.4691943127962085,0.5650319829424307,0.4925373134328358,0.5563025827546935,0.1140171844524172
RFC,HIV-1 IN,ECFP4,Test,0.5303867403314917,0.4423963133640553,0.5617021276595745,0.4824120603015075,0.5532139669587075,0.1090328966379601
RFC,HIV-1 IN,ECFP4,Train,0.460370994940978,0.4305993690851735,0.5163352272727273,0.4449877750611247,0.5085813382893568,0.0172939411491888
RFC,HIV-1 IN,ECFP4,Validation,0.4471153846153846,0.4386792452830189,0.502127659574468,0.4428571428571428,0.4964714055872459,-0.0070701268865025
RFC,HIV-1 IN,ECFP4,Test,0.4,0.3225806451612903,0.4638297872340425,0.3571428571428571,0.4537804411577202,-0.0953269914442082
RFC,HIV-1 IN,ECFP4,Train,0.4551495016611295,0.4321766561514195,0.5113636363636364,0.4433656957928802,0.504202023166149,0.0084515775495423
RFC,HIV-1 IN,ECFP4,Validation,0.4567307692307692,0.4481132075471698,0.5106382978723404,0.4523809523809524,0.5050643557115694,0.010147280557312
RFC,HIV-1 IN,ECFP4,Test,0.4583333333333333,0.4055299539170507,0.5042553191489362,0.4303178484107579,0.4972313801205806,-0.0056157846286857
RFC,HIV-1 IN,ECFP4,Train,0.4519867549668874,0.4299212598425196,0.5081618168914124,0.4406779661016949,0.5011363405155751,0.0022849643080926
RFC,HIV-1 IN,ECFP4,Validation,0.4126213592233009,0.4028436018957346,0.4733475479744136,0.407673860911271,0.4669256769168596,-0.0663071797343924
RFC,HIV-1 IN,ECFP4,Test,0.4974093264248704,0.4423963133640553,0.5361702127659574,0.4682926829268293,0.5294985519389447,0.0597863832078483
RFC,HIV-1 IN,ECFP4,Train,0.4965635738831615,0.4551181102362204,0.5464868701206529,0.4749383730484798,0.5382825693299965,0.077370280124625
RFC,HIV-1 IN,ECFP4,Validation,0.518324607329843,0.4691943127962085,0.5650319829424307,0.4925373134328358,0.5563025827546935,0.1140171844524172
RFC,HIV-1 IN,ECFP4,Test,0.5333333333333333,0.4423963133640553,0.5638297872340425,0.4836272040302267,0.5551902515436877,0.1132002132924401
RFC,HIV-1 IN,ECFP4,Train,0.4568527918781725,0.4258675078864353,0.5134943181818182,0.4408163265306122,0.5055694128579463,0.0112292241076226
RFC,HIV-1 IN,ECFP4,Validation,0.4449760765550239,0.4386792452830189,0.5,0.4418052256532066,0.4945334210911218,-0.0109478793790356
RFC,HIV-1 IN,ECFP4,Test,0.4046242774566474,0.3225806451612903,0.4680851063829787,0.358974358974359,0.4577330103276807,-0.0873816346255914
RFC,HIV-1 IN,ECFP4,Train,0.4554455445544554,0.4353312302839117,0.5113636363636364,0.4451612903225806,0.5044873205683125,0.0090179683094007
RFC,HIV-1 IN,ECFP4,Validation,0.4545454545454545,0.4481132075471698,0.5085106382978724,0.4513064133016627,0.5031263712154453,0.0062611617853347
RFC,HIV-1 IN,ECFP4,Test,0.4554973821989528,0.4009216589861751,0.502127659574468,0.4264705882352941,0.4949272326551428,-0.0102978433811486
RFC,HIV-1 IN,ECFP4,Train,0.4519867549668874,0.4299212598425196,0.5081618168914124,0.4406779661016949,0.5011363405155751,0.0022849643080926
RFC,HIV-1 IN,ECFP4,Validation,0.4174757281553398,0.4075829383886256,0.4776119402985074,0.4124700239808153,0.4712333296594291,-0.0576712265837592
RFC,HIV-1 IN,ECFP4,Test,0.4974093264248704,0.4423963133640553,0.5361702127659574,0.4682926829268293,0.5294985519389447,0.0597863832078483
RFC,HIV-1 IN,ECFP4,Train,0.4906621392190153,0.4551181102362204,0.5415188076650106,0.4722222222222222,0.5337606055057071,0.0681134678922791
RFC,HIV-1 IN,ECFP4,Validation,0.518324607329843,0.4691943127962085,0.5650319829424307,0.4925373134328358,0.5563025827546935,0.1140171844524172
RFC,HIV-1 IN,ECFP4,Test,0.5303867403314917,0.4423963133640553,0.5617021276595745,0.4824120603015075,0.5532139669587075,0.1090328966379601
RFC,HIV-1 IN,ECFP4,Train,0.4611486486486486,0.4305993690851735,0.5170454545454546,0.4453507340946166,0.5092273331213981,0.018600103969983
RFC,HIV-1 IN,ECFP4,Validation,0.4471153846153846,0.4386792452830189,0.502127659574468,0.4428571428571428,0.4964714055872459,-0.0070701268865025
RFC,HIV-1 IN,ECFP4,Test,0.4,0.3225806451612903,0.4638297872340425,0.3571428571428571,0.4537804411577202,-0.0953269914442082
RFC,HIV-1 IN,ECFP4,Train,0.4551495016611295,0.4321766561514195,0.5113636363636364,0.4433656957928802,0.504202023166149,0.0084515775495423
RFC,HIV-1 IN,ECFP4,Validation,0.4567307692307692,0.4481132075471698,0.5106382978723404,0.4523809523809524,0.5050643557115694,0.010147280557312
RFC,HIV-1 IN,ECFP4,Test,0.4559585492227979,0.4055299539170507,0.502127659574468,0.4292682926829268,0.4952550955356004,-0.0096167661782306
RFC,HIV-1 IN,ECFP4,Train,0.4512396694214876,0.4299212598425196,0.5074520936834634,0.4403225806451613,0.5004903456835338,0.0009857890358923
RFC,HIV-1 IN,ECFP4,Validation,0.4154589371980676,0.4075829383886256,0.4754797441364605,0.4114832535885167,0.469295345163305,-0.0615246961541876
RFC,HIV-1 IN,ECFP4,Test,0.5,0.4423963133640553,0.5382978723404256,0.4694376528117359,0.5314748365239249,0.0638426041997963
RFC,HIV-1 IN,ECFP4,Train,0.4974182444061962,0.4551181102362204,0.5471965933286018,0.4753289473684211,0.5389285641620379,0.0786959694153433
RFC,HIV-1 IN,ECFP4,Validation,0.518324607329843,0.4691943127962085,0.5650319829424307,0.4925373134328358,0.5563025827546935,0.1140171844524172
RFC,HIV-1 IN,ECFP4,Test,0.5333333333333333,0.4423963133640553,0.5638297872340425,0.4836272040302267,0.5551902515436877,0.1132002132924401
RFC,HIV-1 IN,ECFP4,Train,0.4498269896193771,0.4100946372239747,0.5085227272727273,0.429042904290429,0.49962096202284,-0.0007666989441993
RFC,HIV-1 IN,ECFP4,Validation,0.4341463414634146,0.419811320754717,0.4914893617021276,0.4268585131894484,0.4850994588269709,-0.0299026689939279
RFC,HIV-1 IN,ECFP4,Test,0.3988439306358382,0.3179723502304147,0.4638297872340425,0.3538461538461538,0.4534525782772626,-0.0962308844152979
RFC,HIV-1 IN,ECFP4,Train,0.4527363184079602,0.4305993690851735,0.5092329545454546,0.4413904607922393,0.5021213899689434,0.0042658837830369
RFC,HIV-1 IN,ECFP4,Validation,0.4558823529411764,0.4386792452830189,0.5106382978723404,0.4471153846153846,0.504223343571742,0.0084802428634721
RFC,HIV-1 IN,ECFP4,Test,0.4574468085106383,0.3963133640552995,0.5042553191489362,0.4246913580246914,0.4965756543596655,-0.0069693815067266
RFC,HIV-1 IN,ECFP4,Train,0.4482758620689655,0.4299212598425196,0.5046132008516678,0.4389067524115755,0.4979063663553684,-0.0042056622051654
RFC,HIV-1 IN,ECFP4,Validation,0.416267942583732,0.4123222748815165,0.4754797441364605,0.4142857142857143,0.4697270289136265,-0.0606005136627584
RFC,HIV-1 IN,ECFP4,Test,0.5052631578947369,0.4423963133640553,0.5425531914893617,0.4717444717444717,0.5354274056938854,0.0719786434881313
RFC,HIV-1 IN,ECFP4,Train,0.494017094017094,0.4551181102362204,0.5443577004968062,0.4737704918032787,0.5363445848338725,0.0733982173234513
RFC,HIV-1 IN,ECFP4,Validation,0.5238095238095238,0.4691943127962085,0.5692963752665245,0.495,0.5601785517469415,0.1220711090744702
RFC,HIV-1 IN,ECFP4,Test,0.5274725274725275,0.4423963133640553,0.5595744680851064,0.4812030075187969,0.5512376823737273,0.1048763737146256
RFC,HIV-1 IN,ECFP4,Train,0.4476843910806174,0.4116719242902208,0.5063920454545454,0.428923582580115,0.4978256262277978,-0.0043925635573373
RFC,HIV-1 IN,ECFP4,Validation,0.4328358208955223,0.410377358490566,0.4914893617021276,0.4213075060532688,0.4842584466871434,-0.0316651241388907
RFC,HIV-1 IN,ECFP4,Test,0.3905325443786982,0.304147465437788,0.4595744680851064,0.3419689119170984,0.4485164204659296,-0.1069700645424467
RFC,HIV-1 IN,ECFP4,Train,0.4575707154742096,0.4337539432176656,0.5134943181818182,0.4453441295546558,0.5062826563633548,0.0126390492965842
RFC,HIV-1 IN,ECFP4,Validation,0.4567307692307692,0.4481132075471698,0.5106382978723404,0.4523809523809524,0.5050643557115694,0.010147280557312
RFC,HIV-1 IN,ECFP4,Test,0.4578947368421052,0.4009216589861751,0.5042553191489362,0.4275184275184275,0.4969035172401231,-0.0062911924899652
RFC,HIV-1 IN,ECFP4,Train,0.4543946932006633,0.431496062992126,0.5102909865152591,0.4426494345718901,0.503215731754461,0.0064675675874199
RFC,HIV-1 IN,ECFP4,Validation,0.4126213592233009,0.4028436018957346,0.4733475479744136,0.407673860911271,0.4669256769168596,-0.0663071797343924
RFC,HIV-1 IN,ECFP4,Test,0.4974093264248704,0.4423963133640553,0.5361702127659574,0.4682926829268293,0.5294985519389447,0.0597863832078483
RFC,HIV-1 IN,ECFP4,Train,0.507908611599297,0.4551181102362204,0.5557132718239887,0.4800664451827242,0.5466805021465341,0.0946732054146396
RFC,HIV-1 IN,ECFP4,Validation,0.5210526315789473,0.4691943127962085,0.5671641791044776,0.4937655860349127,0.5582405672508175,0.118039611226181
RFC,HIV-1 IN,ECFP4,Test,0.5245901639344263,0.4423963133640553,0.5574468085106383,0.48,0.549261397788747,0.1007303541133578
RFC,HIV-1 IN,ECFP4,Train,0.4533106960950764,0.4211356466876971,0.5106534090909091,0.4366312346688471,0.5025574874265359,0.0051589226211502
RFC,HIV-1 IN,ECFP4,Validation,0.4341463414634146,0.419811320754717,0.4914893617021276,0.4268585131894484,0.4850994588269709,-0.0299026689939279
RFC,HIV-1 IN,ECFP4,Test,0.4046242774566474,0.3225806451612903,0.4680851063829787,0.358974358974359,0.4577330103276807,-0.0873816346255914
RFC,HIV-1 IN,ECFP4,Train,0.4552980132450331,0.4337539432176656,0.5113636363636364,0.444264943457189,0.5043446718672308,0.0087348528485594
RFC,HIV-1 IN,ECFP4,Validation,0.4585365853658537,0.4433962264150943,0.5127659574468085,0.4508393285371702,0.5065818341377797,0.0132085409052933
RFC,HIV-1 IN,ECFP4,Test,0.4603174603174603,0.4009216589861751,0.5063829787234042,0.4285714285714285,0.4988798018251033,-0.002277880421804
RFC,HIV-1 IN,ECFP4,Train,0.4497528830313015,0.4299212598425196,0.5060326472675657,0.4396135265700483,0.499198356019451,-0.0016109695990107
RFC,HIV-1 IN,ECFP4,Validation,0.4174757281553398,0.4075829383886256,0.4776119402985074,0.4124700239808153,0.4712333296594291,-0.0576712265837592
RFC,HIV-1 IN,ECFP4,Test,0.4923076923076923,0.4423963133640553,0.5319148936170213,0.4660194174757281,0.5255459827689842,0.0516962553068911
RFC,HIV-1 IN,ECFP4,Train,0.4957118353344768,0.4551181102362204,0.5457771469127041,0.4745484400656814,0.5376365744979552,0.0760454311881602
RFC,HIV-1 IN,ECFP4,Validation,0.515625,0.4691943127962085,0.5628997867803838,0.4913151364764268,0.5543645982585694,0.1100035651109163
RFC,HIV-1 IN,ECFP4,Test,0.5274725274725275,0.4423963133640553,0.5595744680851064,0.4812030075187969,0.5512376823737273,0.1048763737146256
RFC,HIV-1 IN,ECFP4,Train,0.454855195911414,0.4211356466876971,0.5120738636363636,0.4373464373464373,0.5038494770906187,0.0077688406782568
RFC,HIV-1 IN,ECFP4,Validation,0.4449760765550239,0.4386792452830189,0.5,0.4418052256532066,0.4945334210911218,-0.0109478793790356
RFC,HIV-1 IN,ECFP4,Test,0.4,0.3225806451612903,0.4638297872340425,0.3571428571428571,0.4537804411577202,-0.0953269914442082
RFC,HIV-1 IN,ECFP4,Train,0.452892561983471,0.4321766561514195,0.5092329545454546,0.4422921711057304,0.502264038670025,0.0045508601050697
RFC,HIV-1 IN,ECFP4,Validation,0.4523809523809524,0.4481132075471698,0.5063829787234042,0.4502369668246445,0.5011883867193213,0.0023788619921552
RFC,HIV-1 IN,ECFP4,Test,0.4559585492227979,0.4055299539170507,0.502127659574468,0.4292682926829268,0.4952550955356004,-0.0096167661782306
RFC,HIV-1 IN,ECFP4,Train,0.4504950495049505,0.4299212598425196,0.5067423704755145,0.4399677679290894,0.4998443508514924,-0.0003128527689422
RFC,HIV-1 IN,ECFP4,Validation,0.4210526315789473,0.4170616113744075,0.4797441364605543,0.419047619047619,0.474034681656196,-0.0519774429989739
RFC,HIV-1 IN,ECFP4,Test,0.4974093264248704,0.4423963133640553,0.5361702127659574,0.4682926829268293,0.5294985519389447,0.0597863832078483
RFC,HIV-1 IN,ECFP4,Train,0.4965635738831615,0.4551181102362204,0.5464868701206529,0.4749383730484798,0.5382825693299965,0.077370280124625
RFC,HIV-1 IN,ECFP4,Validation,0.518324607329843,0.4691943127962085,0.5650319829424307,0.4925373134328358,0.5563025827546935,0.1140171844524172
RFC,HIV-1 IN,ECFP4,Test,0.5303867403314917,0.4423963133640553,0.5617021276595745,0.4824120603015075,0.5532139669587075,0.1090328966379601
RFC,HIV-1 IN,ECFP4,Train,0.4559322033898305,0.4242902208201893,0.5127840909090909,0.4395424836601307,0.5047807693248233,0.0096414030051973
RFC,HIV-1 IN,ECFP4,Validation,0.4396135265700483,0.4292452830188679,0.4957446808510638,0.4343675417661098,0.4898164399590464,-0.0204147638443092
RFC,HIV-1 IN,ECFP4,Test,0.4022988505747126,0.3225806451612903,0.4659574468085106,0.3580562659846547,0.4557567257427004,-0.0913580672752752
RFC,HIV-1 IN,ECFP4,Train,0.456198347107438,0.4353312302839117,0.5120738636363636,0.4455205811138014,0.5051333154003538,0.0103182867728809
RFC,HIV-1 IN,ECFP4,Validation,0.4567307692307692,0.4481132075471698,0.5106382978723404,0.4523809523809524,0.5050643557115694,0.010147280557312
RFC,HIV-1 IN,ECFP4,Test,0.4554973821989528,0.4009216589861751,0.502127659574468,0.4264705882352941,0.4949272326551428,-0.0102978433811486
RFC,HIV-1 IN,ECFP4,Train,0.4504950495049505,0.4299212598425196,0.5067423704755145,0.4399677679290894,0.4998443508514924,-0.0003128527689422
RFC,HIV-1 IN,ECFP4,Validation,0.4174757281553398,0.4075829383886256,0.4776119402985074,0.4124700239808153,0.4712333296594291,-0.0576712265837592
RFC,HIV-1 IN,ECFP4,Test,0.4923076923076923,0.4423963133640553,0.5319148936170213,0.4660194174757281,0.5255459827689842,0.0516962553068911
RFC,HIV-1 IN,ECFP4,Train,0.4914965986394558,0.4551181102362204,0.5422285308729595,0.472608340147179,0.5344066003377484,0.0694334683663559
RFC,HIV-1 IN,ECFP4,Validation,0.515625,0.4691943127962085,0.5628997867803838,0.4913151364764268,0.5543645982585694,0.1100035651109163
RFC,HIV-1 IN,ECFP4,Test,0.5303867403314917,0.4423963133640553,0.5617021276595745,0.4824120603015075,0.5532139669587075,0.1090328966379601
RFC,HIV-1 IN,ECFP4,Train,0.4584040747028862,0.4258675078864353,0.5149147727272727,0.4415372035977105,0.506861402522029,0.0138407111278189
RFC,HIV-1 IN,ECFP4,Validation,0.4471153846153846,0.4386792452830189,0.502127659574468,0.4428571428571428,0.4964714055872459,-0.0070701268865025
RFC,HIV-1 IN,ECFP4,Test,0.396551724137931,0.3179723502304147,0.4617021276595744,0.3529411764705882,0.4514762936922825,-0.1001967440186634
RFC,HIV-1 IN,ECFP4,Train,0.4560530679933665,0.4337539432176656,0.5120738636363636,0.444624090541633,0.5049906666992721,0.0100356862484702
RFC,HIV-1 IN,ECFP4,Validation,0.4545454545454545,0.4481132075471698,0.5085106382978724,0.4513064133016627,0.5031263712154453,0.0062611617853347
RFC,HIV-1 IN,ECFP4,Test,0.4559585492227979,0.4055299539170507,0.502127659574468,0.4292682926829268,0.4952550955356004,-0.0096167661782306
RFC,HIV-1 IN,ECFP4,Train,0.4519867549668874,0.4299212598425196,0.5081618168914124,0.4406779661016949,0.5011363405155751,0.0022849643080926
RFC,HIV-1 IN,ECFP4,Validation,0.4174757281553398,0.4075829383886256,0.4776119402985074,0.4124700239808153,0.4712333296594291,-0.0576712265837592
RFC,HIV-1 IN,ECFP4,Test,0.4974093264248704,0.4423963133640553,0.5361702127659574,0.4682926829268293,0.5294985519389447,0.0597863832078483
RFC,HIV-1 IN,ECFP4,Train,0.4982758620689655,0.4551181102362204,0.5479063165365508,0.4757201646090535,0.5395745589940792,0.0800225083615136
RFC,HIV-1 IN,ECFP4,Validation,0.515625,0.4691943127962085,0.5628997867803838,0.4913151364764268,0.5543645982585694,0.1100035651109163
RFC,HIV-1 IN,ECFP4,Test,0.5303867403314917,0.4423963133640553,0.5617021276595745,0.4824120603015075,0.5532139669587075,0.1090328966379601
RFC,HIV-1 IN,ECFP4,Train,0.4576271186440678,0.4258675078864353,0.5142045454545454,0.4411764705882353,0.5062154076899877,0.0125346458507467
RFC,HIV-1 IN,ECFP4,Validation,0.4423076923076923,0.4339622641509434,0.4978723404255319,0.4380952380952381,0.4921749305250841,-0.0156788306084099
RFC,HIV-1 IN,ECFP4,Test,0.4046242774566474,0.3225806451612903,0.4680851063829787,0.358974358974359,0.4577330103276807,-0.0873816346255914
RFC,HIV-1 IN,ECFP4,Train,0.4554455445544554,0.4353312302839117,0.5113636363636364,0.4451612903225806,0.5044873205683125,0.0090179683094007
RFC,HIV-1 IN,ECFP4,Validation,0.4545454545454545,0.4481132075471698,0.5085106382978724,0.4513064133016627,0.5031263712154453,0.0062611617853347
RFC,HIV-1 IN,ECFP4,Test,0.4607329842931937,0.4055299539170507,0.5063829787234042,0.4313725490196078,0.4992076647055609,-0.0016084602767682
RFC,HIV-1 IN,ECFP4,Train,0.4519867549668874,0.4299212598425196,0.5081618168914124,0.4406779661016949,0.5011363405155751,0.0022849643080926
RFC,HIV-1 IN,ECFP4,Validation,0.4174757281553398,0.4075829383886256,0.4776119402985074,0.4124700239808153,0.4712333296594291,-0.0576712265837592
RFC,HIV-1 IN,ECFP4,Test,0.4948453608247423,0.4423963133640553,0.5340425531914894,0.4671532846715328,0.5275222673539645,0.0557376849561152
RFC,HIV-1 IN,ECFP4,Train,0.4914965986394558,0.4551181102362204,0.5422285308729595,0.472608340147179,0.5344066003377484,0.0694334683663559
RFC,HIV-1 IN,ECFP4,Validation,0.518324607329843,0.4691943127962085,0.5650319829424307,0.4925373134328358,0.5563025827546935,0.1140171844524172
RFC,HIV-1 IN,ECFP4,Test,0.5303867403314917,0.4423963133640553,0.5617021276595745,0.4824120603015075,0.5532139669587075,0.1090328966379601
RFC,HIV-1 IN,ECFP4,Train,0.460370994940978,0.4305993690851735,0.5163352272727273,0.4449877750611247,0.5085813382893568,0.0172939411491888
RFC,HIV-1 IN,ECFP4,Validation,0.4471153846153846,0.4386792452830189,0.502127659574468,0.4428571428571428,0.4964714055872459,-0.0070701268865025
RFC,HIV-1 IN,ECFP4,Test,0.4,0.3225806451612903,0.4638297872340425,0.3571428571428571,0.4537804411577202,-0.0953269914442082
RFC,HIV-1 IN,ECFP4,Train,0.4551495016611295,0.4321766561514195,0.5113636363636364,0.4433656957928802,0.504202023166149,0.0084515775495423
RFC,HIV-1 IN,ECFP4,Validation,0.4567307692307692,0.4481132075471698,0.5106382978723404,0.4523809523809524,0.5050643557115694,0.010147280557312
RFC,HIV-1 IN,ECFP4,Test,0.4583333333333333,0.4055299539170507,0.5042553191489362,0.4303178484107579,0.4972313801205806,-0.0056157846286857
RFC,HIV-1 IN,ECFP4,Train,0.4519867549668874,0.4299212598425196,0.5081618168914124,0.4406779661016949,0.5011363405155751,0.0022849643080926
RFC,HIV-1 IN,ECFP4,Validation,0.4126213592233009,0.4028436018957346,0.4733475479744136,0.407673860911271,0.4669256769168596,-0.0663071797343924
RFC,HIV-1 IN,ECFP4,Test,0.4974093264248704,0.4423963133640553,0.5361702127659574,0.4682926829268293,0.5294985519389447,0.0597863832078483
RFC,HIV-1 IN,ECFP4,Train,0.4965635738831615,0.4551181102362204,0.5464868701206529,0.4749383730484798,0.5382825693299965,0.077370280124625
RFC,HIV-1 IN,ECFP4,Validation,0.518324607329843,0.4691943127962085,0.5650319829424307,0.4925373134328358,0.5563025827546935,0.1140171844524172
RFC,HIV-1 IN,ECFP4,Test,0.5333333333333333,0.4423963133640553,0.5638297872340425,0.4836272040302267,0.5551902515436877,0.1132002132924401
RFC,HIV-1 IN,ECFP4,Train,0.4568527918781725,0.4258675078864353,0.5134943181818182,0.4408163265306122,0.5055694128579463,0.0112292241076226
RFC,HIV-1 IN,ECFP4,Validation,0.4449760765550239,0.4386792452830189,0.5,0.4418052256532066,0.4945334210911218,-0.0109478793790356
RFC,HIV-1 IN,ECFP4,Test,0.4046242774566474,0.3225806451612903,0.4680851063829787,0.358974358974359,0.4577330103276807,-0.0873816346255914
RFC,HIV-1 IN,ECFP4,Train,0.4554455445544554,0.4353312302839117,0.5113636363636364,0.4451612903225806,0.5044873205683125,0.0090179683094007
RFC,HIV-1 IN,ECFP4,Validation,0.4545454545454545,0.4481132075471698,0.5085106382978724,0.4513064133016627,0.5031263712154453,0.0062611617853347
RFC,HIV-1 IN,ECFP4,Test,0.4554973821989528,0.4009216589861751,0.502127659574468,0.4264705882352941,0.4949272326551428,-0.0102978433811486
RFC,HIV-1 IN,ECFP4,Train,0.4519867549668874,0.4299212598425196,0.5081618168914124,0.4406779661016949,0.5011363405155751,0.0022849643080926
RFC,HIV-1 IN,ECFP4,Validation,0.4174757281553398,0.4075829383886256,0.4776119402985074,0.4124700239808153,0.4712333296594291,-0.0576712265837592
RFC,HIV-1 IN,ECFP4,Test,0.4974093264248704,0.4423963133640553,0.5361702127659574,0.4682926829268293,0.5294985519389447,0.0597863832078483
RFC,HIV-1 IN,ECFP4,Train,0.4906621392190153,0.4551181102362204,0.5415188076650106,0.4722222222222222,0.5337606055057071,0.0681134678922791
RFC,HIV-1 IN,ECFP4,Validation,0.518324607329843,0.4691943127962085,0.5650319829424307,0.4925373134328358,0.5563025827546935,0.1140171844524172
RFC,HIV-1 IN,ECFP4,Test,0.5303867403314917,0.4423963133640553,0.5617021276595745,0.4824120603015075,0.5532139669587075,0.1090328966379601
RFC,HIV-1 IN,ECFP4,Train,0.4611486486486486,0.4305993690851735,0.5170454545454546,0.4453507340946166,0.5092273331213981,0.018600103969983
RFC,HIV-1 IN,ECFP4,Validation,0.4471153846153846,0.4386792452830189,0.502127659574468,0.4428571428571428,0.4964714055872459,-0.0070701268865025
RFC,HIV-1 IN,ECFP4,Test,0.4,0.3225806451612903,0.4638297872340425,0.3571428571428571,0.4537804411577202,-0.0953269914442082
RFC,HIV-1 IN,ECFP4,Train,0.4551495016611295,0.4321766561514195,0.5113636363636364,0.4433656957928802,0.504202023166149,0.0084515775495423
RFC,HIV-1 IN,ECFP4,Validation,0.4567307692307692,0.4481132075471698,0.5106382978723404,0.4523809523809524,0.5050643557115694,0.010147280557312
RFC,HIV-1 IN,ECFP4,Test,0.4559585492227979,0.4055299539170507,0.502127659574468,0.4292682926829268,0.4952550955356004,-0.0096167661782306
RFC,HIV-1 IN,ECFP4,Train,0.4512396694214876,0.4299212598425196,0.5074520936834634,0.4403225806451613,0.5004903456835338,0.0009857890358923
RFC,HIV-1 IN,ECFP4,Validation,0.4154589371980676,0.4075829383886256,0.4754797441364605,0.4114832535885167,0.469295345163305,-0.0615246961541876
RFC,HIV-1 IN,ECFP4,Test,0.5,0.4423963133640553,0.5382978723404256,0.4694376528117359,0.5314748365239249,0.0638426041997963
RFC,HIV-1 IN,ECFP4,Train,0.4974182444061962,0.4551181102362204,0.5471965933286018,0.4753289473684211,0.5389285641620379,0.0786959694153433
RFC,HIV-1 IN,ECFP4,Validation,0.518324607329843,0.4691943127962085,0.5650319829424307,0.4925373134328358,0.5563025827546935,0.1140171844524172
RFC,HIV-1 IN,ECFP4,Test,0.5333333333333333,0.4423963133640553,0.5638297872340425,0.4836272040302267,0.5551902515436877,0.1132002132924401
RFC,HIV-1 IN,MIX,Train,1.0,1.0,1.0,1.0,1.0,1.0
RFC,HIV-1 IN,MIX,Validation,0.959731543624161,0.6745283018867925,0.8404255319148937,0.7922437673130194,0.825636243966652,0.6964578943140397
RFC,HIV-1 IN,MIX,Test,0.953216374269006,0.7511520737327189,0.8680851063829788,0.8402061855670103,0.8597657601865175,0.7456006910987403
RFC,HIV-1 IN,MIX,Train,0.9931506849315068,0.9148264984227128,0.9588068181818182,0.9523809523809524,0.9548292698831912,0.9185937386794008
RFC,HIV-1 IN,MIX,Validation,0.8601036269430051,0.7830188679245284,0.8446808510638298,0.8197530864197531,0.8391838525669154,0.6861584386120057
RFC,HIV-1 IN,MIX,Test,0.935672514619883,0.7373271889400922,0.8553191489361702,0.8247422680412371,0.8469244640352634,0.7189875990690406
RFC,HIV-1 IN,MIX,Train,0.9813084112149532,0.6614173228346457,0.8417317246273953,0.7902163687676388,0.8255407027609922,0.7044274110767821
RFC,HIV-1 IN,MIX,Validation,0.7317073170731707,0.4265402843601896,0.6716417910447762,0.5389221556886228,0.6493166538080017,0.3377526148578348
RFC,HIV-1 IN,MIX,Test,0.9919354838709676,0.5668202764976958,0.7978723404255319,0.7214076246334311,0.7814338536638676,0.6367186467992282
RFC,HIV-1 IN,MIX,Train,1.0,0.9968503937007874,0.9985805535841022,0.998422712933754,0.9984251968503935,0.9971364960000044
RFC,HIV-1 IN,MIX,Validation,0.929936305732484,0.6919431279620853,0.837953091684435,0.7934782608695652,0.8246537345236783,0.6845014241515807
RFC,HIV-1 IN,MIX,Test,0.9314285714285714,0.7511520737327189,0.8595744680851064,0.8316326530612245,0.8518606218465966,0.7257060718122139
RFC,HIV-1 IN,MIX,Train,1.0,1.0,1.0,1.0,1.0,1.0
RFC,HIV-1 IN,MIX,Validation,0.9594594594594594,0.6698113207547169,0.8382978723404255,0.7888888888888889,0.8232777534006142,0.692667490293326
RFC,HIV-1 IN,MIX,Test,0.9479768786127168,0.7557603686635944,0.8680851063829788,0.841025641025641,0.860093623066975,0.7444478456068216
RFC,HIV-1 IN,MIX,Train,0.9830508474576272,0.9148264984227128,0.9545454545454546,0.9477124183006536,0.9509533008909432,0.9094399279710638
RFC,HIV-1 IN,MIX,Validation,0.8374384236453202,0.8018867924528302,0.8404255319148937,0.8192771084337349,0.836989907854322,0.677050439467227
RFC,HIV-1 IN,MIX,Test,0.9515151515151516,0.7235023041474654,0.8553191489361702,0.8219895287958116,0.8459408753938907,0.7226535017077889
RFC,HIV-1 IN,MIX,Train,0.9877300613496932,0.7606299212598425,0.8878637331440739,0.8594306049822064,0.8764389916376731,0.7869254604104254
RFC,HIV-1 IN,MIX,Validation,0.7299270072992701,0.4739336492890995,0.6844349680170576,0.5747126436781609,0.6652613982879606,0.3615956305407674
RFC,HIV-1 IN,MIX,Test,0.9851851851851852,0.6129032258064516,0.8170212765957446,0.7556818181818182,0.8024990437332653,0.6665839330952363
RFC,HIV-1 IN,MIX,Train,1.0,0.9968503937007874,0.9985805535841022,0.998422712933754,0.9984251968503935,0.9971364960000044
RFC,HIV-1 IN,MIX,Validation,0.9254658385093169,0.7061611374407583,0.8422174840085288,0.8010752688172043,0.8298247547668907,0.6911559135835164
RFC,HIV-1 IN,MIX,Test,0.9322033898305084,0.7603686635944701,0.8638297872340426,0.8375634517766497,0.8564689167774723,0.7335358539187341
RFC,HIV-1 IN,MIX,Train,1.0,1.0,1.0,1.0,1.0,1.0
RFC,HIV-1 IN,MIX,Validation,0.9602649006622516,0.6839622641509434,0.8446808510638298,0.7988980716253443,0.8303532250987274,0.7040483984949869
RFC,HIV-1 IN,MIX,Test,0.9526627218934912,0.7419354838709677,0.8638297872340426,0.8341968911917098,0.855157465255642,0.7379288177891024
RFC,HIV-1 IN,MIX,Train,0.9931623931623932,0.916403785488959,0.9595170454545454,0.9532403609515996,0.955617913416314,0.9199580946539332
RFC,HIV-1 IN,MIX,Validation,0.8405797101449275,0.8207547169811321,0.8489361702127659,0.8305489260143198,0.8464238701184731,0.6944684835223921
RFC,HIV-1 IN,MIX,Test,0.963855421686747,0.7373271889400922,0.8659574468085106,0.835509138381201,0.8568058869601647,0.744322759065276
RFC,HIV-1 IN,MIX,Train,0.9953917050691244,0.6803149606299213,0.8545067423704755,0.8082319925163705,0.838865490650878,0.7304113438368863
RFC,HIV-1 IN,MIX,Validation,0.752,0.4454976303317535,0.6844349680170576,0.5595238095238095,0.6626712957860318,0.3660646352678533
RFC,HIV-1 IN,MIX,Test,0.9924242424242424,0.6036866359447005,0.8148936170212766,0.7507163323782235,0.7998670333873701,0.665278564561335
RFC,HIV-1 IN,MIX,Train,1.0,1.0,1.0,1.0,1.0,1.0
RFC,HIV-1 IN,MIX,Validation,0.9125,0.6919431279620853,0.8315565031982942,0.7870619946091644,0.8188397810353062,0.6691359254181917
RFC,HIV-1 IN,MIX,Test,0.9285714285714286,0.7788018433179723,0.8702127659574468,0.8471177944862155,0.863709222054243,0.7444619375519534
RFC,HIV-1 IN,MIX,Train,1.0,1.0,1.0,1.0,1.0,1.0
RFC,HIV-1 IN,MIX,Validation,0.9545454545454546,0.6933962264150944,0.8468085106382979,0.8032786885245902,0.8331322217346788,0.7063509256279242
RFC,HIV-1 IN,MIX,Test,0.9529411764705882,0.7465437788018433,0.8659574468085106,0.8372093023255814,0.8574616127210798,0.7417617687244805
RFC,HIV-1 IN,MIX,Train,0.9868852459016394,0.9495268138801262,0.9715909090909092,0.9678456591639872,0.9695954482837325,0.9429803012624488
RFC,HIV-1 IN,MIX,Validation,0.8443396226415094,0.8443396226415094,0.8595744680851064,0.8443396226415094,0.8582163229486617,0.7164326458973234
RFC,HIV-1 IN,MIX,Test,0.9520958083832336,0.7327188940092166,0.8595744680851064,0.828125,0.8505491703247664,0.7302801850196016
RFC,HIV-1 IN,MIX,Train,0.9940828402366864,0.7937007874015748,0.9048970901348474,0.882661996497373,0.8949124092046634,0.8188057256013259
RFC,HIV-1 IN,MIX,Validation,0.7461538461538462,0.4597156398104265,0.6865671641791045,0.5689149560117303,0.6659043315331202,0.36877992872251
RFC,HIV-1 IN,MIX,Test,0.9926470588235294,0.6221198156682027,0.823404255319149,0.7648725212464589,0.8090836232491212,0.6796000939389163
RFC,HIV-1 IN,MIX,Train,1.0,1.0,1.0,1.0,1.0,1.0
RFC,HIV-1 IN,MIX,Validation,0.9245283018867924,0.6966824644549763,0.837953091684435,0.7945945945945946,0.8250854182739998,0.6832807048220104
RFC,HIV-1 IN,MIX,Test,0.9333333333333332,0.7741935483870968,0.8702127659574468,0.8463476070528967,0.8633813591737856,0.7453281370244819
RFC,HIV-1 IN,MIX,Train,1.0,1.0,1.0,1.0,1.0,1.0
RFC,HIV-1 IN,MIX,Validation,0.9622641509433962,0.7216981132075472,0.8617021276595744,0.8247978436657682,0.8492211496270294,0.7345638643318154
RFC,HIV-1 IN,MIX,Test,0.953216374269006,0.7511520737327189,0.8680851063829788,0.8402061855670103,0.8597657601865175,0.7456006910987403
RFC,HIV-1 IN,MIX,Train,0.991554054054054,0.9258675078864352,0.9630681818181818,0.9575856443719412,0.959703779783011,0.9266532362996156
RFC,HIV-1 IN,MIX,Validation,0.8413461538461539,0.8254716981132075,0.851063829787234,0.8333333333333334,0.8487823606845107,0.6988435783098964
RFC,HIV-1 IN,MIX,Test,0.9585798816568049,0.7465437788018433,0.8680851063829788,0.8393782383419689,0.85943789730606,0.7468224902346976
RFC,HIV-1 IN,MIX,Train,0.991130820399113,0.7039370078740157,0.8637331440738112,0.8232044198895028,0.8493845246088424,0.7452808770133555
RFC,HIV-1 IN,MIX,Validation,0.7384615384615385,0.4549763033175355,0.6823027718550106,0.5630498533724341,0.6615966787905507,0.3592046761857854
RFC,HIV-1 IN,MIX,Test,0.9924812030075189,0.6082949308755761,0.8170212765957446,0.7542857142857143,0.8021711808528078,0.6688556407515448
RFC,HIV-1 IN,MIX,Train,1.0,1.0,1.0,1.0,1.0,1.0
RFC,HIV-1 IN,MIX,Validation,0.9166666666666666,0.6777251184834123,0.8272921108742004,0.779291553133515,0.8136687607920937,0.6623962673629861
RFC,HIV-1 IN,MIX,Test,0.9285714285714286,0.7788018433179723,0.8702127659574468,0.8471177944862155,0.863709222054243,0.7444619375519534
RFC,HIV-1 IN,MIX,Train,1.0,1.0,1.0,1.0,1.0,1.0
RFC,HIV-1 IN,MIX,Validation,0.9565217391304348,0.7264150943396226,0.8617021276595744,0.8257372654155496,0.849641655696943,0.7332275414042939
RFC,HIV-1 IN,MIX,Test,0.9529411764705882,0.7465437788018433,0.8659574468085106,0.8372093023255814,0.8574616127210798,0.7417617687244805
RFC,HIV-1 IN,MIX,Train,0.9901153212520593,0.94794952681388,0.9723011363636364,0.968573730862208,0.970098794414692,0.9445471431221208
RFC,HIV-1 IN,MIX,Validation,0.8443396226415094,0.8443396226415094,0.8595744680851064,0.8443396226415094,0.8582163229486617,0.7164326458973234
RFC,HIV-1 IN,MIX,Test,0.9526627218934912,0.7419354838709677,0.8638297872340426,0.8341968911917098,0.855157465255642,0.7379288177891024
RFC,HIV-1 IN,MIX,Train,0.994186046511628,0.8078740157480315,0.9112845990063876,0.891398783666377,0.9019990233778916,0.8303510829242461
RFC,HIV-1 IN,MIX,Validation,0.7461538461538462,0.4597156398104265,0.6865671641791045,0.5689149560117303,0.6659043315331202,0.36877992872251
RFC,HIV-1 IN,MIX,Test,0.9927536231884058,0.631336405529954,0.8276595744680851,0.7718309859154929,0.8136919181799968,0.686775617387275
RFC,HIV-1 IN,MIX,Train,1.0,1.0,1.0,1.0,1.0,1.0
RFC,HIV-1 IN,MIX,Validation,0.929936305732484,0.6919431279620853,0.837953091684435,0.7934782608695652,0.8246537345236783,0.6845014241515807
RFC,HIV-1 IN,MIX,Test,0.9325842696629212,0.7649769585253456,0.8659574468085106,0.8405063291139241,0.85877306424291,0.737460097004506
RFC,HIV-1 IN,MIX,Train,1.0,1.0,1.0,1.0,1.0,1.0
RFC,HIV-1 IN,MIX,Validation,0.9567901234567902,0.7311320754716981,0.8638297872340426,0.8288770053475936,0.8520001462629808,0.7370853128217376
RFC,HIV-1 IN,MIX,Test,0.9523809523809524,0.7373271889400922,0.8617021276595744,0.8311688311688312,0.8528533177902041,0.7341016769986106
RFC,HIV-1 IN,MIX,Train,0.9932432432432432,0.9274447949526814,0.9644886363636364,0.9592169657422512,0.9611384181481754,0.9295451252560794
RFC,HIV-1 IN,MIX,Validation,0.8461538461538461,0.8301886792452831,0.8553191489361702,0.8380952380952381,0.8530788357466725,0.7074522820318038
RFC,HIV-1 IN,MIX,Test,0.9585798816568049,0.7465437788018433,0.8680851063829788,0.8393782383419689,0.85943789730606,0.7468224902346976
RFC,HIV-1 IN,MIX,Train,0.9912087912087912,0.710236220472441,0.8665720369056068,0.8275229357798165,0.852534130908055,0.7502545241090678
RFC,HIV-1 IN,MIX,Validation,0.7421875,0.4502369668246445,0.6823027718550106,0.56047197640118,0.6611649950402293,0.3599727460950593
RFC,HIV-1 IN,MIX,Test,0.9924242424242424,0.6036866359447005,0.8148936170212766,0.7507163323782235,0.7998670333873701,0.665278564561335
RFC,HIV-1 IN,MIX,Train,1.0,1.0,1.0,1.0,1.0,1.0
RFC,HIV-1 IN,MIX,Validation,0.9130434782608696,0.6966824644549763,0.8336886993603412,0.7903225806451613,0.8212094492817517,0.6731023283164226
RFC,HIV-1 IN,MIX,Test,0.9293478260869564,0.7880184331797235,0.874468085106383,0.8528678304239401,0.8683175169851187,0.7524030879330784
RFC,HIV-1 IN,MIX,Train,1.0,1.0,1.0,1.0,1.0,1.0
RFC,HIV-1 IN,MIX,Validation,0.9570552147239264,0.7358490566037735,0.8659574468085106,0.832,0.8543586368290186,0.7409481388890143
RFC,HIV-1 IN,MIX,Test,0.9585798816568049,0.7465437788018433,0.8680851063829788,0.8393782383419689,0.85943789730606,0.7468224902346976
RFC,HIV-1 IN,MIX,Train,0.9900662251655628,0.943217665615142,0.9701704545454546,0.9660743134087236,0.9677328638153228,0.940365086872774
RFC,HIV-1 IN,MIX,Validation,0.8450704225352113,0.8490566037735849,0.8617021276595744,0.8470588235294118,0.8605748135146994,0.7208531545022285
RFC,HIV-1 IN,MIX,Test,0.9470588235294116,0.7419354838709677,0.8617021276595744,0.8320413436692506,0.8531811806706617,0.7328795258887989
RFC,HIV-1 IN,MIX,Train,0.994140625,0.8015748031496063,0.908445706174592,0.8875326939843069,0.8988494170786792,0.8252111707303134
RFC,HIV-1 IN,MIX,Validation,0.7421875,0.4502369668246445,0.6823027718550106,0.56047197640118,0.6611649950402293,0.3599727460950593
RFC,HIV-1 IN,MIX,Test,0.9927536231884058,0.631336405529954,0.8276595744680851,0.7718309859154929,0.8136919181799968,0.686775617387275
RFC,HIV-1 IN,MIX,Train,1.0,1.0,1.0,1.0,1.0,1.0
RFC,HIV-1 IN,MIX,Validation,0.9240506329113924,0.6919431279620853,0.835820895522388,0.7913279132791328,0.8227157500275544,0.6793483107161679
RFC,HIV-1 IN,MIX,Test,0.9325842696629212,0.7649769585253456,0.8659574468085106,0.8405063291139241,0.85877306424291,0.737460097004506
RFC,HIV-1 IN,MIX,Train,1.0,1.0,1.0,1.0,1.0,1.0
RFC,HIV-1 IN,MIX,Validation,0.9567901234567902,0.7311320754716981,0.8638297872340426,0.8288770053475936,0.8520001462629808,0.7370853128217376
RFC,HIV-1 IN,MIX,Test,0.9523809523809524,0.7373271889400922,0.8617021276595744,0.8311688311688312,0.8528533177902041,0.7341016769986106
RFC,HIV-1 IN,MIX,Train,0.9915682967959528,0.9274447949526814,0.9637784090909092,0.9584352078239609,0.960492423316134,0.9280287759257552
RFC,HIV-1 IN,MIX,Validation,0.8428571428571429,0.8349056603773585,0.8553191489361702,0.8388625592417062,0.8534993418165863,0.7076199479741697
RFC,HIV-1 IN,MIX,Test,0.9529411764705882,0.7465437788018433,0.8659574468085106,0.8372093023255814,0.8574616127210798,0.7417617687244805
RFC,HIV-1 IN,MIX,Train,0.9890829694323144,0.7133858267716535,0.8672817601135557,0.8289112534309241,0.8534629392256201,0.7509451654962384
RFC,HIV-1 IN,MIX,Validation,0.7384615384615385,0.4549763033175355,0.6823027718550106,0.5630498533724341,0.6615966787905507,0.3592046761857854
RFC,HIV-1 IN,MIX,Test,0.9924242424242424,0.6036866359447005,0.8148936170212766,0.7507163323782235,0.7998670333873701,0.665278564561335
RFC,HIV-1 IN,MIX,Train,1.0,1.0,1.0,1.0,1.0,1.0
RFC,HIV-1 IN,MIX,Validation,0.9119496855345912,0.6872037914691943,0.8294243070362474,0.7837837837837838,0.8164701127888607,0.6651726271500025
RFC,HIV-1 IN,MIX,Test,0.9293478260869564,0.7880184331797235,0.874468085106383,0.8528678304239401,0.8683175169851187,0.7524030879330784
RFC,HIV-1 IN,MIX,Train,1.0,1.0,1.0,1.0,1.0,1.0
RFC,HIV-1 IN,MIX,Validation,0.9556962025316456,0.7122641509433962,0.8553191489361702,0.8162162162162162,0.8425661839988299,0.721682922504771
RFC,HIV-1 IN,MIX,Test,0.9583333333333334,0.7419354838709677,0.8659574468085106,0.8363636363636363,0.8571337498406223,0.7430069988081642
RFC,HIV-1 IN,MIX,Train,0.9900826446280993,0.944794952681388,0.9708806818181818,0.966908797417272,0.968521507348446,0.9417576936243868
RFC,HIV-1 IN,MIX,Validation,0.8443396226415094,0.8443396226415094,0.8595744680851064,0.8443396226415094,0.8582163229486617,0.7164326458973234
RFC,HIV-1 IN,MIX,Test,0.9526627218934912,0.7419354838709677,0.8638297872340426,0.8341968911917098,0.855157465255642,0.7379288177891024
RFC,HIV-1 IN,MIX,Train,0.9921875,0.8,0.907026259758694,0.8857890148212729,0.8974160206718346,0.8222455032970338
RFC,HIV-1 IN,MIX,Validation,0.7441860465116279,0.4549763033175355,0.6844349680170576,0.5647058823529412,0.6635346632866748,0.3643817218350062
RFC,HIV-1 IN,MIX,Test,0.9927536231884058,0.631336405529954,0.8276595744680851,0.7718309859154929,0.8136919181799968,0.686775617387275
RFC,HIV-1 IN,MIX,Train,1.0,1.0,1.0,1.0,1.0,1.0
RFC,HIV-1 IN,MIX,Validation,0.9182389937106918,0.6919431279620853,0.8336886993603412,0.7891891891891892,0.8207777655314303,0.6742266659860064
RFC,HIV-1 IN,MIX,Test,0.9329608938547486,0.7695852534562212,0.8680851063829788,0.8434343434343434,0.8610772117083477,0.7413908013463764
RFC,HIV-1 IN,MIX,Train,0.9984202211690364,0.996845425867508,0.9978693181818182,0.9976322020520916,0.9977767181017124,0.9956964958268526
RFC,HIV-1 IN,MIX,Validation,0.967948717948718,0.7122641509433962,0.8595744680851064,0.8206521739130435,0.8464421529910778,0.7321690806887688
RFC,HIV-1 IN,MIX,Test,0.9575757575757576,0.728110599078341,0.8595744680851064,0.8272251308900523,0.8502213074443088,0.731595114075899
RFC,HIV-1 IN,MIX,Train,0.9984177215189872,0.995268138801262,0.9971590909090908,0.9968404423380728,0.9969880745685896,0.994263903985028
RFC,HIV-1 IN,MIX,Validation,0.8090909090909091,0.839622641509434,0.8382978723404255,0.8240740740740741,0.8384159719175076,0.6749588345800636
RFC,HIV-1 IN,MIX,Test,0.9497206703910616,0.783410138248848,0.8808510638297873,0.8585858585858586,0.8739185078596018,0.7677575133270658
RFC,HIV-1 IN,MIX,Train,0.9887640449438202,0.9700787401574804,0.9815471965933286,0.9793322734499204,0.9805174062544508,0.9628112728495426
RFC,HIV-1 IN,MIX,Validation,0.7878787878787878,0.6161137440758294,0.7526652452025586,0.6914893617021277,0.7402274146735736,0.5005239691081806
RFC,HIV-1 IN,MIX,Test,0.9585798816568049,0.7465437788018433,0.8680851063829788,0.8393782383419689,0.85943789730606,0.7468224902346976
RFC,HIV-1 IN,MIX,Train,0.99836867862969,0.9637795275590552,0.9829666430092264,0.9807692307692308,0.9812437689474862,0.9659745554844886
RFC,HIV-1 IN,MIX,Validation,0.9387755102040816,0.6540284360189573,0.8251599147121536,0.770949720670391,0.8095723575443623,0.6639825220454313
RFC,HIV-1 IN,MIX,Test,0.9461077844311376,0.728110599078341,0.8553191489361702,0.8229166666666666,0.8462687382743483,0.7213629917287229
RFC,HIV-1 IN,MIX,Train,1.0,1.0,1.0,1.0,1.0,1.0
RFC,HIV-1 IN,MIX,Validation,0.9675324675324676,0.7028301886792453,0.8553191489361702,0.8142076502732241,0.8417251718590024,0.7245708331546858
RFC,HIV-1 IN,MIX,Test,0.9575757575757576,0.728110599078341,0.8595744680851064,0.8272251308900523,0.8502213074443088,0.731595114075899
RFC,HIV-1 IN,MIX,Train,1.0,0.9921135646687698,0.9964488636363636,0.9960411718131432,0.9960567823343848,0.9928472684154576
RFC,HIV-1 IN,MIX,Validation,0.8262910798122066,0.8301886792452831,0.8446808510638298,0.8282352941176471,0.8433889132660524,0.6864954846293914
RFC,HIV-1 IN,MIX,Test,0.9405405405405406,0.8018433179723502,0.8851063829787233,0.8656716417910447,0.8791825285513925,0.7738559876765593
RFC,HIV-1 IN,MIX,Train,0.9920508744038156,0.9826771653543308,0.9886444286728177,0.9873417721518988,0.9881086085169586,0.977082380296211
RFC,HIV-1 IN,MIX,Validation,0.7344632768361582,0.6161137440758294,0.7270788912579957,0.6701030927835051,0.7169716007200851,0.4453545671669943
RFC,HIV-1 IN,MIX,Test,0.95906432748538,0.7557603686635944,0.8723404255319149,0.845360824742268,0.8640461922369356,0.7544717217753069
RFC,HIV-1 IN,MIX,Train,0.998389694041868,0.9763779527559056,0.9886444286728177,0.9872611464968152,0.9875429815459114,0.9772177317939148
RFC,HIV-1 IN,MIX,Validation,0.9294871794871796,0.6872037914691943,0.835820895522388,0.7901907356948229,0.8222840662772329,0.6805898107083195
RFC,HIV-1 IN,MIX,Test,0.951219512195122,0.7188940092165899,0.8531914893617021,0.8188976377952756,0.843636727928453,0.718847987122898
RFC,HIV-1 IN,MIX,Train,0.9984251968503935,1.0,0.9992897727272728,0.9992119779353822,0.9993540051679586,0.9985665935808704
RFC,HIV-1 IN,MIX,Validation,0.9631901840490796,0.7405660377358491,0.8702127659574468,0.8373333333333334,0.8586551118911803,0.7499318770295014
RFC,HIV-1 IN,MIX,Test,0.95906432748538,0.7557603686635944,0.8723404255319149,0.845360824742268,0.8640461922369356,0.7544717217753069
RFC,HIV-1 IN,MIX,Train,0.9952755905511812,0.996845425867508,0.9964488636363636,0.996059889676911,0.99648472843763,0.9928288526976636
RFC,HIV-1 IN,MIX,Validation,0.8141592920353983,0.8679245283018868,0.851063829787234,0.8401826484018264,0.8525669153137341,0.7022636708364014
RFC,HIV-1 IN,MIX,Test,0.9470899470899472,0.8248847926267281,0.8978723404255319,0.8817733990147784,0.8926795504635617,0.7984989442839433
RFC,HIV-1 IN,MIX,Train,0.987220447284345,0.9732283464566928,0.9822569198012776,0.9801744647105473,0.9814462145720158,0.9641998673094452
RFC,HIV-1 IN,MIX,Validation,0.7797619047619048,0.6208530805687204,0.7505330490405118,0.6912928759894459,0.7387211139277711,0.4953749254109074
RFC,HIV-1 IN,MIX,Test,0.9696969696969696,0.7373271889400922,0.8680851063829788,0.837696335078534,0.8587821715451448,0.7494783388121191
RFC,HIV-1 IN,MIX,Train,0.9983633387888708,0.9606299212598424,0.9815471965933286,0.9791332263242376,0.97966896579788,0.963178786070472
RFC,HIV-1 IN,MIX,Validation,0.9271523178807948,0.6635071090047393,0.8251599147121536,0.7734806629834254,0.8104357250450054,0.6610750048638465
RFC,HIV-1 IN,MIX,Test,0.9333333333333332,0.7096774193548387,0.8425531914893617,0.806282722513089,0.8330995792426368,0.6958286646034587
RFC,HIV-1 IN,MIX,Train,1.0,1.0,1.0,1.0,1.0,1.0
RFC,HIV-1 IN,MIX,Validation,0.9622641509433962,0.7216981132075472,0.8617021276595744,0.8247978436657682,0.8492211496270294,0.7345638643318154
RFC,HIV-1 IN,MIX,Test,0.9585798816568049,0.7465437788018433,0.8680851063829788,0.8393782383419689,0.85943789730606,0.7468224902346976
RFC,HIV-1 IN,MIX,Train,0.996845425867508,0.996845425867508,0.9971590909090908,0.996845425867508,0.9971307232696712,0.9942614465393426
RFC,HIV-1 IN,MIX,Validation,0.8141592920353983,0.8679245283018868,0.851063829787234,0.8401826484018264,0.8525669153137341,0.7022636708364014
RFC,HIV-1 IN,MIX,Test,0.9351351351351352,0.7972350230414746,0.8808510638297873,0.8606965174129353,0.8749020965009745,0.7651202529771962
RFC,HIV-1 IN,MIX,Train,0.9874015748031496,0.9874015748031496,0.9886444286728177,0.9874015748031496,0.988532828745244,0.977065657490488
RFC,HIV-1 IN,MIX,Validation,0.7810650887573964,0.6255924170616114,0.7526652452025586,0.6947368421052632,0.7410907821742165,0.4996405785594631
RFC,HIV-1 IN,MIX,Test,0.9698795180722892,0.7419354838709677,0.8702127659574468,0.8407310704960835,0.8610863190105826,0.7532520483797045
RFC,HIV-1 IN,MIX,Train,0.998397435897436,0.9811023622047244,0.9907735982966644,0.9896743447180302,0.9899051862703208,0.9814592047834962
RFC,HIV-1 IN,MIX,Validation,0.9276315789473684,0.6682464454976303,0.8272921108742004,0.7768595041322314,0.8128053932914507,0.6649728035484079
RFC,HIV-1 IN,MIX,Test,0.9523809523809524,0.7373271889400922,0.8617021276595744,0.8311688311688312,0.8528533177902041,0.7341016769986106
RFC,HIV-1 IN,MIX,Train,0.9968553459119496,1.0,0.9985795454545454,0.9984251968503935,0.9987080103359174,0.9971356438844928
RFC,HIV-1 IN,MIX,Validation,0.9593023255813954,0.7783018867924528,0.8851063829787233,0.859375,0.8755850519233581,0.7759678410498048
RFC,HIV-1 IN,MIX,Test,0.9588235294117649,0.7511520737327189,0.8702127659574468,0.8423772609819121,0.8617420447714979,0.7506440115601622
RFC,HIV-1 IN,MIX,Train,0.9968503937007874,0.998422712933754,0.9978693181818182,0.9976359338061466,0.9979193668027944,0.9956977231392672
RFC,HIV-1 IN,MIX,Validation,0.8230088495575221,0.8773584905660378,0.8595744680851064,0.8493150684931506,0.8611598654380576,0.7193796180098668
RFC,HIV-1 IN,MIX,Test,0.9405405405405406,0.8018433179723502,0.8851063829787233,0.8656716417910447,0.8791825285513925,0.7738559876765593
RFC,HIV-1 IN,MIX,Train,0.9872611464968152,0.9763779527559056,0.9836763662171752,0.9817893903404592,0.983021017721622,0.967047994224234
RFC,HIV-1 IN,MIX,Validation,0.7738095238095238,0.6161137440758294,0.746268656716418,0.6860158311345647,0.7344134611852015,0.4864360296386125
RFC,HIV-1 IN,MIX,Test,0.9698795180722892,0.7419354838709677,0.8702127659574468,0.8407310704960835,0.8610863190105826,0.7532520483797045
RFC,HIV-1 IN,MIX,Train,0.9983660130718954,0.9622047244094488,0.9822569198012776,0.9799518845228548,0.9804563673726828,0.9645759297544942
RFC,HIV-1 IN,MIX,Validation,0.9266666666666666,0.6587677725118484,0.8230277185501066,0.7700831024930748,0.8080660567985598,0.6571794202740882
RFC,HIV-1 IN,MIX,Test,0.945121951219512,0.7142857142857143,0.8489361702127659,0.8136482939632546,0.8393562958780351,0.7098938221184519
RFC,HIV-1 IN,MIX,Train,1.0,1.0,1.0,1.0,1.0,1.0
RFC,HIV-1 IN,MIX,Validation,0.9583333333333334,0.7594339622641509,0.8765957446808511,0.8473684210526315,0.8661510896592073,0.760343780267516
RFC,HIV-1 IN,MIX,Test,0.9585798816568049,0.7465437788018433,0.8680851063829788,0.8393782383419689,0.85943789730606,0.7468224902346976
RFC,HIV-1 IN,MIX,Train,0.996845425867508,0.996845425867508,0.9971590909090908,0.996845425867508,0.9971307232696712,0.9942614465393426
RFC,HIV-1 IN,MIX,Validation,0.8157894736842105,0.8773584905660378,0.8553191489361702,0.8454545454545455,0.8572838964458094,0.7114528356335466
RFC,HIV-1 IN,MIX,Test,0.9297297297297298,0.7926267281105991,0.8765957446808511,0.8557213930348259,0.8706216644505564,0.7563845182778332
RFC,HIV-1 IN,MIX,Train,0.9874015748031496,0.9874015748031496,0.9886444286728177,0.9874015748031496,0.988532828745244,0.977065657490488
RFC,HIV-1 IN,MIX,Validation,0.7692307692307693,0.6161137440758294,0.744136460554371,0.6842105263157895,0.7324754766890774,0.481786075047376
RFC,HIV-1 IN,MIX,Test,0.9640718562874252,0.7419354838709677,0.8680851063829788,0.8385416666666666,0.8591100344256025,0.748114571601359
RFC,HIV-1 IN,MIX,Train,0.9983948635634028,0.979527559055118,0.9900638750887154,0.9888712241653418,0.9891177846955176,0.9800438251068622
RFC,HIV-1 IN,MIX,Validation,0.9271523178807948,0.6635071090047393,0.8251599147121536,0.7734806629834254,0.8104357250450054,0.6610750048638465
RFC,HIV-1 IN,MIX,Test,0.945121951219512,0.7142857142857143,0.8489361702127659,0.8136482939632546,0.8393562958780351,0.7098938221184519
RFC,HIV-1 IN,MIX,Train,0.9984251968503935,1.0,0.9992897727272728,0.9992119779353822,0.9993540051679586,0.9985665935808704
RFC,HIV-1 IN,MIX,Validation,0.9588235294117649,0.7688679245283019,0.8808510638297873,0.8534031413612565,0.8708680707912827,0.7681431043145373
RFC,HIV-1 IN,MIX,Test,0.95906432748538,0.7557603686635944,0.8723404255319149,0.845360824742268,0.8640461922369356,0.7544717217753069
RFC,HIV-1 IN,MIX,Train,0.9968503937007874,0.998422712933754,0.9978693181818182,0.9976359338061466,0.9979193668027944,0.9956977231392672
RFC,HIV-1 IN,MIX,Validation,0.8258928571428571,0.8726415094339622,0.8595744680851064,0.8486238532110092,0.8607393593681439,0.7188027766662375
RFC,HIV-1 IN,MIX,Test,0.9408602150537636,0.8064516129032258,0.8872340425531915,0.8684863523573201,0.8814866760168303,0.7778285060359366
RFC,HIV-1 IN,MIX,Train,0.9872408293460924,0.9748031496062992,0.9829666430092264,0.9809825673534072,0.9822336161468188,0.965623159094912
RFC,HIV-1 IN,MIX,Validation,0.7678571428571429,0.6113744075829384,0.7420042643923241,0.6807387862796834,0.730105808442632,0.4774971338663177
RFC,HIV-1 IN,MIX,Test,0.9636363636363636,0.7327188940092166,0.8638297872340426,0.8324607329842932,0.854501739494727,0.740536726444009
RFC,HIV-1 IN,MIX,Train,0.9983660130718954,0.9622047244094488,0.9822569198012776,0.9799518845228548,0.9804563673726828,0.9645759297544942
RFC,HIV-1 IN,MIX,Validation,0.9205298013245032,0.6587677725118484,0.8208955223880597,0.7679558011049724,0.8061280723024359,0.6519018288148172
RFC,HIV-1 IN,MIX,Test,0.945121951219512,0.7142857142857143,0.8489361702127659,0.8136482939632546,0.8393562958780351,0.7098938221184519
RFC,HIV-1 IN,MIX,Train,1.0,1.0,1.0,1.0,1.0,1.0
RFC,HIV-1 IN,MIX,Validation,0.9578313253012049,0.75,0.8723404255319149,0.8412698412698413,0.8614341085271318,0.752568572005328
RFC,HIV-1 IN,MIX,Test,0.9585798816568049,0.7465437788018433,0.8680851063829788,0.8393782383419689,0.85943789730606,0.7468224902346976
RFC,HIV-1 IN,MIX,Train,0.9984202211690364,0.996845425867508,0.9978693181818182,0.9976322020520916,0.9977767181017124,0.9956964958268526
RFC,HIV-1 IN,MIX,Validation,0.8149779735682819,0.8726415094339622,0.8531914893617021,0.8428246013667426,0.8549254058797717,0.706852504901741
RFC,HIV-1 IN,MIX,Test,0.9247311827956988,0.7926267281105991,0.874468085106383,0.8535980148883374,0.8686453798655763,0.7516458715460905
RFC,HIV-1 IN,MIX,Train,0.9873817034700316,0.9858267716535432,0.9879347054648688,0.9866036249014972,0.9877454271704408,0.975629817394598
RFC,HIV-1 IN,MIX,Validation,0.7831325301204819,0.6161137440758294,0.7505330490405118,0.6896551724137931,0.7382894301774495,0.4958045372037689
RFC,HIV-1 IN,MIX,Test,0.9640718562874252,0.7419354838709677,0.8680851063829788,0.8385416666666666,0.8591100344256025,0.748114571601359
RFC,HIV-1 IN,MIX,Train,0.9984025559105432,0.984251968503937,0.992193044712562,0.9912767644726408,0.9914799894199272,0.9842946651999412
RFC,HIV-1 IN,MIX,Validation,0.9266666666666666,0.6587677725118484,0.8230277185501066,0.7700831024930748,0.8080660567985598,0.6571794202740882
RFC,HIV-1 IN,MIX,Test,0.9447852760736196,0.7096774193548387,0.8468085106382979,0.8105263157894737,0.8370521484125972,0.7060805249146787
RFC,HIV-1 IN,MIX,Train,0.9984251968503935,1.0,0.9992897727272728,0.9992119779353822,0.9993540051679586,0.9985665935808704
RFC,HIV-1 IN,MIX,Validation,0.9588235294117649,0.7688679245283019,0.8808510638297873,0.8534031413612565,0.8708680707912827,0.7681431043145373
RFC,HIV-1 IN,MIX,Test,0.9588235294117649,0.7511520737327189,0.8702127659574468,0.8423772609819121,0.8617420447714979,0.7506440115601622
RFC,HIV-1 IN,MIX,Train,0.9968503937007874,0.998422712933754,0.9978693181818182,0.9976359338061466,0.9979193668027944,0.9956977231392672
RFC,HIV-1 IN,MIX,Validation,0.8214285714285714,0.8679245283018868,0.8553191489361702,0.8440366972477065,0.8564428843059821,0.7102416975259727
RFC,HIV-1 IN,MIX,Test,0.945945945945946,0.8064516129032258,0.8893617021276595,0.8706467661691543,0.8834629606018105,0.7825917223759224
RFC,HIV-1 IN,MIX,Train,0.9872813990461048,0.9779527559055118,0.9843860894251242,0.9825949367088608,0.9838084192964252,0.9684743798512097
RFC,HIV-1 IN,MIX,Validation,0.7678571428571429,0.6113744075829384,0.7420042643923241,0.6807387862796834,0.730105808442632,0.4774971338663177
RFC,HIV-1 IN,MIX,Test,0.9636363636363636,0.7327188940092166,0.8638297872340426,0.8324607329842932,0.854501739494727,0.740536726444009
RFC,HIV-1 IN,MIX,Train,0.9983660130718954,0.9622047244094488,0.9822569198012776,0.9799518845228548,0.9804563673726828,0.9645759297544942
RFC,HIV-1 IN,MIX,Validation,0.9266666666666666,0.6587677725118484,0.8230277185501066,0.7700831024930748,0.8080660567985598,0.6571794202740882
RFC,HIV-1 IN,MIX,Test,0.945121951219512,0.7142857142857143,0.8489361702127659,0.8136482939632546,0.8393562958780351,0.7098938221184519
RFC,HIV-1 IN,MIX,Train,0.9984251968503935,1.0,0.9992897727272728,0.9992119779353822,0.9993540051679586,0.9985665935808704
RFC,HIV-1 IN,MIX,Validation,0.9578313253012049,0.75,0.8723404255319149,0.8412698412698413,0.8614341085271318,0.752568572005328
RFC,HIV-1 IN,MIX,Test,0.9583333333333334,0.7419354838709677,0.8659574468085106,0.8363636363636363,0.8571337498406223,0.7430069988081642
RFC,HIV-1 IN,MIX,Train,0.9984202211690364,0.996845425867508,0.9978693181818182,0.9976322020520916,0.9977767181017124,0.9956964958268526
RFC,HIV-1 IN,MIX,Validation,0.8185840707964602,0.8726415094339622,0.8553191489361702,0.8447488584474886,0.8568633903758958,0.7108216444231341
RFC,HIV-1 IN,MIX,Test,0.9351351351351352,0.7972350230414746,0.8808510638297873,0.8606965174129353,0.8749020965009745,0.7651202529771962
RFC,HIV-1 IN,MIX,Train,0.9873817034700316,0.9858267716535432,0.9879347054648688,0.9866036249014972,0.9877454271704408,0.975629817394598
RFC,HIV-1 IN,MIX,Validation,0.7818181818181819,0.6113744075829384,0.7484008528784648,0.6861702127659575,0.7359197619310041,0.4915487926022836
RFC,HIV-1 IN,MIX,Test,0.9640718562874252,0.7419354838709677,0.8680851063829788,0.8385416666666666,0.8591100344256025,0.748114571601359
RFC,HIV-1 IN,MIX,Train,0.998397435897436,0.9811023622047244,0.9907735982966644,0.9896743447180302,0.9899051862703208,0.9814592047834962
RFC,HIV-1 IN,MIX,Validation,0.9271523178807948,0.6635071090047393,0.8251599147121536,0.7734806629834254,0.8104357250450054,0.6610750048638465
RFC,HIV-1 IN,MIX,Test,0.945121951219512,0.7142857142857143,0.8489361702127659,0.8136482939632546,0.8393562958780351,0.7098938221184519
RFC,HIV-1 PR,PC,Train,0.9332176929748482,0.9324090121317158,0.8751007252215954,0.9328131772865192,0.523675770433674,0.0471021419515804
RFC,HIV-1 PR,PC,Validation,0.9336734693877552,0.9506493506493506,0.8913043478260869,0.942084942084942,0.5270488132557098,0.0615535635757961
RFC,HIV-1 PR,PC,Test,0.9198966408268734,0.936842105263158,0.8671497584541062,0.9282920469361148,0.5125386996904024,0.0278853685514422
RFC,HIV-1 PR,PC,Train,0.93015332197615,0.9462738301559792,0.8839645447219984,0.9381443298969072,0.5018725472618977,0.0042311055981219
RFC,HIV-1 PR,PC,Validation,0.9335038363171356,0.948051948051948,0.8888888888888888,0.940721649484536,0.5257501119570085,0.0573833877653917
RFC,HIV-1 PR,PC,Test,0.916243654822335,0.95,0.8743961352657005,0.9328165374677002,0.4897058823529411,-0.0263625411746898
RFC,HIV-1 PR,PC,Train,0.927536231884058,0.9428076256499134,0.878323932312651,0.9351095831542758,0.4828980656985199,-0.0383737549339633
RFC,HIV-1 PR,PC,Validation,0.9273182957393484,0.961038961038961,0.893719806763285,0.9438775510204082,0.4805194805194805,-0.0532142341056785
RFC,HIV-1 PR,PC,Test,0.9183673469387756,0.9473684210526316,0.8743961352657005,0.932642487046632,0.5030959752321982,0.0075788682294944
RFC,HIV-1 PR,PC,Train,0.9328358208955224,0.974025974025974,0.9106280193236715,0.9529860228716646,0.5214957456336766,0.0654045894804774
RFC,HIV-1 PR,PC,Validation,0.934010152284264,0.9583333333333334,0.8983050847457628,0.9460154241645244,0.5308908045977012,0.0753527168929702
RFC,HIV-1 PR,PC,Test,0.9193954659949622,0.9605263157894736,0.8864734299516909,0.9395109395109396,0.5096749226006192,0.0267725068139097
RFC,HIV-1 PR,PC,Train,0.9329852045256743,0.92894280762565,0.8718775181305399,0.930959617889709,0.5219426681806411,0.0427688954274926
RFC,HIV-1 PR,PC,Validation,0.9333333333333332,0.9454545454545454,0.8864734299516909,0.9393548387096774,0.5244514106583072,0.0534103414780556
RFC,HIV-1 PR,PC,Test,0.9192708333333334,0.9289473684210526,0.8599033816425121,0.9240837696335078,0.5085913312693499,0.0181968191178071
RFC,HIV-1 PR,PC,Train,0.9326513213981245,0.948006932409012,0.8879935535858179,0.9402664374731414,0.5199804776987589,0.0448327037842344
RFC,HIV-1 PR,PC,Validation,0.9305912596401028,0.9402597402597402,0.8792270531400966,0.9354005167958656,0.5046126287505598,0.0098846900528627
RFC,HIV-1 PR,PC,Test,0.917948717948718,0.9421052631578948,0.8695652173913043,0.9298701298701298,0.5004643962848297,0.0010912193659808
RFC,HIV-1 PR,PC,Train,0.9278969957081544,0.936741767764298,0.8734891216760677,0.9322984044846916,0.4856122631924938,-0.030641869053238
RFC,HIV-1 PR,PC,Validation,0.9292929292929292,0.9558441558441558,0.8913043478260869,0.942381562099872,0.4951634572324227,-0.0121062753168675
RFC,HIV-1 PR,PC,Test,0.9158163265306124,0.9447368421052632,0.8695652173913043,0.9300518134715026,0.4870743034055728,-0.0316417748581391
RFC,HIV-1 PR,PC,Train,0.9310344827586208,0.9584415584415584,0.895330112721417,0.9445392491467576,0.5079564114046873,0.0200941196169094
RFC,HIV-1 PR,PC,Validation,0.9321148825065274,0.9296875,0.8716707021791767,0.9308996088657104,0.5165678879310345,0.0326213357876861
RFC,HIV-1 PR,PC,Test,0.9187817258883249,0.9526315789473684,0.8792270531400966,0.9354005167958656,0.5057275541795666,0.0146678800520831
RFC,HIV-1 PR,PC,Train,0.9332755632582322,0.9332755632582322,0.8759065269943593,0.9332755632582322,0.5241090459969322,0.0482180919938644
RFC,HIV-1 PR,PC,Validation,0.9336734693877552,0.9506493506493506,0.8913043478260869,0.942084942084942,0.5270488132557098,0.0615535635757961
RFC,HIV-1 PR,PC,Test,0.9175257731958762,0.936842105263158,0.8647342995169082,0.9270833333333334,0.4978328173374613,-0.0049051719193843
RFC,HIV-1 PR,PC,Train,0.9326513213981245,0.948006932409012,0.8879935535858179,0.9402664374731414,0.5199804776987589,0.0448327037842344
RFC,HIV-1 PR,PC,Validation,0.9333333333333332,0.9454545454545454,0.8864734299516909,0.9393548387096774,0.5244514106583072,0.0534103414780556
RFC,HIV-1 PR,PC,Test,0.9185750636132316,0.95,0.8768115942028986,0.9340232858990944,0.5044117647058823,0.0110399643746734
RFC,HIV-1 PR,PC,Train,0.9276595744680852,0.9445407279029464,0.8799355358581789,0.936024044654358,0.4837646168250363,-0.0369457228706742
RFC,HIV-1 PR,PC,Validation,0.9269521410579346,0.9558441558441558,0.8888888888888888,0.9411764705882352,0.4779220779220779,-0.056793396406307
RFC,HIV-1 PR,PC,Test,0.916030534351145,0.9473684210526316,0.8719806763285024,0.9314359637774904,0.4883900928792569,-0.0290525378280881
RFC,HIV-1 PR,PC,Train,0.9326683291770572,0.9714285714285714,0.9082125603864736,0.9516539440203562,0.5201970443349754,0.0591157652278522
RFC,HIV-1 PR,PC,Validation,0.934010152284264,0.9583333333333334,0.8983050847457628,0.9460154241645244,0.5308908045977012,0.0753527168929702
RFC,HIV-1 PR,PC,Test,0.92,0.968421052631579,0.893719806763285,0.9435897435897436,0.5136222910216718,0.0413825637869574
RFC,HIV-1 PR,PC,Train,0.9329268292682928,0.9280762564991336,0.871071716357776,0.9304952215464812,0.5215093926173828,0.0417165375477536
RFC,HIV-1 PR,PC,Validation,0.9333333333333332,0.9454545454545454,0.8864734299516909,0.9393548387096774,0.5244514106583072,0.0534103414780556
RFC,HIV-1 PR,PC,Test,0.9175257731958762,0.936842105263158,0.8647342995169082,0.9270833333333334,0.4978328173374613,-0.0049051719193843
RFC,HIV-1 PR,PC,Train,0.9294217687074828,0.9471403812824956,0.8839645447219984,0.938197424892704,0.4965586963883743,-0.0078877870537808
RFC,HIV-1 PR,PC,Validation,0.931297709923664,0.9506493506493506,0.8888888888888888,0.9408740359897172,0.509807433945365,0.0228143882806894
RFC,HIV-1 PR,PC,Test,0.9156010230179028,0.9421052631578948,0.8671497584541062,0.9286640726329444,0.4857585139318885,-0.0341400588287064
RFC,HIV-1 PR,PC,Train,0.9272260273972602,0.938474870017331,0.8742949234488316,0.9328165374677002,0.4807316878822287,-0.041817045711743
RFC,HIV-1 PR,PC,Validation,0.9292929292929292,0.9558441558441558,0.8913043478260869,0.942381562099872,0.4951634572324227,-0.0121062753168675
RFC,HIV-1 PR,PC,Test,0.9158163265306124,0.9447368421052632,0.8695652173913043,0.9300518134715026,0.4870743034055728,-0.0316417748581391
RFC,HIV-1 PR,PC,Train,0.9321608040201004,0.9636363636363636,0.9009661835748792,0.9476372924648788,0.5163009404388715,0.0431688513113254
RFC,HIV-1 PR,PC,Validation,0.9324675324675324,0.9348958333333334,0.8765133171912833,0.9336801040312094,0.5191720545977012,0.0389721067494844
RFC,HIV-1 PR,PC,Test,0.918987341772152,0.9552631578947368,0.8816425120772947,0.9367741935483872,0.5070433436532508,0.018482673124683
RFC,HIV-1 PR,PC,Train,0.9333333333333332,0.9341421143847488,0.8767123287671232,0.9337375487223908,0.5245423215601904,0.0493478175864549
RFC,HIV-1 PR,PC,Validation,0.9336734693877552,0.9506493506493506,0.8913043478260869,0.942084942084942,0.5270488132557098,0.0615535635757961
RFC,HIV-1 PR,PC,Test,0.9175257731958762,0.936842105263158,0.8647342995169082,0.9270833333333334,0.4978328173374613,-0.0049051719193843
RFC,HIV-1 PR,PC,Train,0.9316823228010248,0.9454072790294628,0.8847703464947623,0.938494623655914,0.5129335245722026,0.0286274029716811
RFC,HIV-1 PR,PC,Validation,0.9333333333333332,0.9454545454545454,0.8864734299516909,0.9393548387096774,0.5244514106583072,0.0534103414780556
RFC,HIV-1 PR,PC,Test,0.916243654822335,0.95,0.8743961352657005,0.9328165374677002,0.4897058823529411,-0.0263625411746898
RFC,HIV-1 PR,PC,Train,0.9276595744680852,0.9445407279029464,0.8799355358581789,0.936024044654358,0.4837646168250363,-0.0369457228706742
RFC,HIV-1 PR,PC,Validation,0.9273182957393484,0.961038961038961,0.893719806763285,0.9438775510204082,0.4805194805194805,-0.0532142341056785
RFC,HIV-1 PR,PC,Test,0.916030534351145,0.9473684210526316,0.8719806763285024,0.9314359637774904,0.4883900928792569,-0.0290525378280881
RFC,HIV-1 PR,PC,Train,0.9327242524916944,0.9722943722943724,0.9090177133655396,0.9520983467571004,0.5206299447678758,0.0611467864221336
RFC,HIV-1 PR,PC,Validation,0.9338422391857506,0.9557291666666666,0.8958837772397095,0.9446589446589446,0.5295887212643678,0.0704384077822267
RFC,HIV-1 PR,PC,Test,0.9197994987468672,0.9657894736842104,0.8913043478260869,0.9422336328626444,0.5123065015479876,0.0361629445771207
RFC,HIV-1 PR,PC,Train,0.9329268292682928,0.9280762564991336,0.871071716357776,0.9304952215464812,0.5215093926173828,0.0417165375477536
RFC,HIV-1 PR,PC,Validation,0.9333333333333332,0.9454545454545454,0.8864734299516909,0.9393548387096774,0.5244514106583072,0.0534103414780556
RFC,HIV-1 PR,PC,Test,0.917312661498708,0.9342105263157896,0.8623188405797102,0.9256844850065188,0.4965170278637771,-0.0077459357087339
RFC,HIV-1 PR,PC,Train,0.9310051107325384,0.9471403812824956,0.8855761482675262,0.9390034364261168,0.5080529492619376,0.0181960046600083
RFC,HIV-1 PR,PC,Validation,0.931297709923664,0.9506493506493506,0.8888888888888888,0.9408740359897172,0.509807433945365,0.0228143882806894
RFC,HIV-1 PR,PC,Test,0.9153846153846154,0.9394736842105263,0.8647342995169082,0.9272727272727272,0.4844427244582043,-0.0365558487603576
RFC,HIV-1 PR,PC,Train,0.9272882805816938,0.9393414211438474,0.8751007252215954,0.9332759362892812,0.4811649634454869,-0.0411420085396352
RFC,HIV-1 PR,PC,Validation,0.9269521410579346,0.9558441558441558,0.8888888888888888,0.9411764705882352,0.4779220779220779,-0.056793396406307
RFC,HIV-1 PR,PC,Test,0.9158163265306124,0.9447368421052632,0.8695652173913043,0.9300518134715026,0.4870743034055728,-0.0316417748581391
RFC,HIV-1 PR,PC,Train,0.9319327731092436,0.96017316017316,0.8977455716586151,0.9458422174840084,0.5145693387072697,0.0371317400537734
RFC,HIV-1 PR,PC,Validation,0.9321148825065274,0.9296875,0.8716707021791767,0.9308996088657104,0.5165678879310345,0.0326213357876861
RFC,HIV-1 PR,PC,Test,0.9187817258883249,0.9526315789473684,0.8792270531400966,0.9354005167958656,0.5057275541795666,0.0146678800520831
RFC,HIV-1 PR,PC,Train,0.9333333333333332,0.9341421143847488,0.8767123287671232,0.9337375487223908,0.5245423215601904,0.0493478175864549
RFC,HIV-1 PR,PC,Validation,0.9335038363171356,0.948051948051948,0.8888888888888888,0.940721649484536,0.5257501119570085,0.0573833877653917
RFC,HIV-1 PR,PC,Test,0.9175257731958762,0.936842105263158,0.8647342995169082,0.9270833333333334,0.4978328173374613,-0.0049051719193843
RFC,HIV-1 PR,PC,Train,0.9317988064791134,0.9471403812824956,0.8863819500402901,0.9394069617533304,0.5138000756987191,0.0309649606645347
RFC,HIV-1 PR,PC,Validation,0.9335038363171356,0.948051948051948,0.8888888888888888,0.940721649484536,0.5257501119570085,0.0573833877653917
RFC,HIV-1 PR,PC,Test,0.9164556962025316,0.9526315789473684,0.8768115942028986,0.9341935483870968,0.4910216718266253,-0.023560330576519
RFC,HIV-1 PR,PC,Train,0.9276595744680852,0.9445407279029464,0.8799355358581789,0.936024044654358,0.4837646168250363,-0.0369457228706742
RFC,HIV-1 PR,PC,Validation,0.9273182957393484,0.961038961038961,0.893719806763285,0.9438775510204082,0.4805194805194805,-0.0532142341056785
RFC,HIV-1 PR,PC,Test,0.916030534351145,0.9473684210526316,0.8719806763285024,0.9314359637774904,0.4883900928792569,-0.0290525378280881
RFC,HIV-1 PR,PC,Train,0.9327242524916944,0.9722943722943724,0.9090177133655396,0.9520983467571004,0.5206299447678758,0.0611467864221336
RFC,HIV-1 PR,PC,Validation,0.9338422391857506,0.9557291666666666,0.8958837772397095,0.9446589446589446,0.5295887212643678,0.0704384077822267
RFC,HIV-1 PR,PC,Test,0.9197994987468672,0.9657894736842104,0.8913043478260869,0.9422336328626444,0.5123065015479876,0.0361629445771207
RFC,HIV-1 PR,PC,Train,0.9329268292682928,0.9280762564991336,0.871071716357776,0.9304952215464812,0.5215093926173828,0.0417165375477536
RFC,HIV-1 PR,PC,Validation,0.9333333333333332,0.9454545454545454,0.8864734299516909,0.9393548387096774,0.5244514106583072,0.0534103414780556
RFC,HIV-1 PR,PC,Test,0.917312661498708,0.9342105263157896,0.8623188405797102,0.9256844850065188,0.4965170278637771,-0.0077459357087339
RFC,HIV-1 PR,PC,Train,0.9311224489795918,0.9488734835355286,0.887187751813054,0.9399141630901288,0.508919500388454,0.0204443221611019
RFC,HIV-1 PR,PC,Validation,0.931472081218274,0.9532467532467532,0.8913043478260869,0.9422336328626444,0.5111061352440662,0.0264398634800707
RFC,HIV-1 PR,PC,Test,0.9158163265306124,0.9447368421052632,0.8695652173913043,0.9300518134715026,0.4870743034055728,-0.0316417748581391
RFC,HIV-1 PR,PC,Train,0.9272882805816938,0.9393414211438474,0.8751007252215954,0.9332759362892812,0.4811649634454869,-0.0411420085396352
RFC,HIV-1 PR,PC,Validation,0.9269521410579346,0.9558441558441558,0.8888888888888888,0.9411764705882352,0.4779220779220779,-0.056793396406307
RFC,HIV-1 PR,PC,Test,0.9158163265306124,0.9447368421052632,0.8695652173913043,0.9300518134715026,0.4870743034055728,-0.0316417748581391
RFC,HIV-1 PR,PC,Train,0.9319899244332494,0.961038961038961,0.8985507246376812,0.9462915601023018,0.5150022391401702,0.0385918616554013
RFC,HIV-1 PR,PC,Validation,0.9328165374677002,0.9401041666666666,0.8813559322033898,0.9364461738002594,0.5217762212643677,0.0458178779453967
RFC,HIV-1 PR,PC,Test,0.918987341772152,0.9552631578947368,0.8816425120772947,0.9367741935483872,0.5070433436532508,0.018482673124683
RFC,HIV-1 PR,PC,Train,0.9333333333333332,0.9341421143847488,0.8767123287671232,0.9337375487223908,0.5245423215601904,0.0493478175864549
RFC,HIV-1 PR,PC,Validation,0.9335038363171356,0.948051948051948,0.8888888888888888,0.940721649484536,0.5257501119570085,0.0573833877653917
RFC,HIV-1 PR,PC,Test,0.9175257731958762,0.936842105263158,0.8647342995169082,0.9270833333333334,0.4978328173374613,-0.0049051719193843
RFC,HIV-1 PR,PC,Train,0.931740614334471,0.9462738301559792,0.8855761482675262,0.938950988822012,0.5133668001354609,0.0297873336200131
RFC,HIV-1 PR,PC,Validation,0.9333333333333332,0.9454545454545454,0.8864734299516909,0.9393548387096774,0.5244514106583072,0.0534103414780556
RFC,HIV-1 PR,PC,Test,0.9183673469387756,0.9473684210526316,0.8743961352657005,0.932642487046632,0.5030959752321982,0.0075788682294944
RFC,HIV-1 PR,PC,Train,0.9276595744680852,0.9445407279029464,0.8799355358581789,0.936024044654358,0.4837646168250363,-0.0369457228706742
RFC,HIV-1 PR,PC,Validation,0.9273182957393484,0.961038961038961,0.893719806763285,0.9438775510204082,0.4805194805194805,-0.0532142341056785
RFC,HIV-1 PR,PC,Test,0.916030534351145,0.9473684210526316,0.8719806763285024,0.9314359637774904,0.4883900928792569,-0.0290525378280881
RFC,HIV-1 PR,PC,Train,0.9328358208955224,0.974025974025974,0.9106280193236715,0.9529860228716646,0.5214957456336766,0.0654045894804774
RFC,HIV-1 PR,PC,Validation,0.9338422391857506,0.9557291666666666,0.8958837772397095,0.9446589446589446,0.5295887212643678,0.0704384077822267
RFC,HIV-1 PR,PC,Test,0.92,0.968421052631579,0.893719806763285,0.9435897435897436,0.5136222910216718,0.0413825637869574
RFC,HIV-1 PR,PC,Train,0.9329268292682928,0.9280762564991336,0.871071716357776,0.9304952215464812,0.5215093926173828,0.0417165375477536
RFC,HIV-1 PR,PC,Validation,0.9333333333333332,0.9454545454545454,0.8864734299516909,0.9393548387096774,0.5244514106583072,0.0534103414780556
RFC,HIV-1 PR,PC,Test,0.917312661498708,0.9342105263157896,0.8623188405797102,0.9256844850065188,0.4965170278637771,-0.0077459357087339
RFC,HIV-1 PR,PC,Train,0.931239388794567,0.9506065857885616,0.8887993553585818,0.9408233276157804,0.5097860515149705,0.0227644469614546
RFC,HIV-1 PR,PC,Validation,0.9316455696202532,0.9558441558441558,0.893719806763285,0.9435897435897436,0.5124048365427676,0.0302604273540543
RFC,HIV-1 PR,PC,Test,0.9158163265306124,0.9447368421052632,0.8695652173913043,0.9300518134715026,0.4870743034055728,-0.0316417748581391
RFC,HIV-1 PR,PC,Train,0.9273504273504274,0.940207972270364,0.8759065269943593,0.933734939759036,0.4815982390087451,-0.0404603659763934
RFC,HIV-1 PR,PC,Validation,0.9269521410579346,0.9558441558441558,0.8888888888888888,0.9411764705882352,0.4779220779220779,-0.056793396406307
RFC,HIV-1 PR,PC,Test,0.9158163265306124,0.9447368421052632,0.8695652173913043,0.9300518134715026,0.4870743034055728,-0.0316417748581391
RFC,HIV-1 PR,PC,Train,0.9319327731092436,0.96017316017316,0.8977455716586151,0.9458422174840084,0.5145693387072697,0.0371317400537734
RFC,HIV-1 PR,PC,Validation,0.9329896907216496,0.9427083333333334,0.8837772397094431,0.9378238341968912,0.5230783045977012,0.0494552772312966
RFC,HIV-1 PR,PC,Test,0.918987341772152,0.9552631578947368,0.8816425120772947,0.9367741935483872,0.5070433436532508,0.018482673124683
RFC,HIV-1 PR,PC,Train,0.932937181663837,0.9523396880415944,0.8920225624496374,0.9425385934819898,0.52214685551505,0.0515183183906303
RFC,HIV-1 PR,PC,Validation,0.9321608040201004,0.9636363636363636,0.9009661835748792,0.9476372924648788,0.5163009404388715,0.0431688513113254
RFC,HIV-1 PR,PC,Test,0.918987341772152,0.9552631578947368,0.8816425120772947,0.9367741935483872,0.5070433436532508,0.018482673124683
RFC,HIV-1 PR,PC,Train,0.9326599326599326,0.9601386481802426,0.8984689766317486,0.946199829205807,0.5202992091475926,0.0512655344713765
RFC,HIV-1 PR,PC,Validation,0.9292929292929292,0.9558441558441558,0.8913043478260869,0.942381562099872,0.4951634572324227,-0.0121062753168675
RFC,HIV-1 PR,PC,Test,0.9187817258883249,0.9526315789473684,0.8792270531400966,0.9354005167958656,0.5057275541795666,0.0146678800520831
RFC,HIV-1 PR,PC,Train,0.9268085106382978,0.9436741767764298,0.878323932312651,0.935165306998712,0.4775842148249965,-0.0510100302579462
RFC,HIV-1 PR,PC,Validation,0.929471032745592,0.9584415584415584,0.893719806763285,0.9437340153452686,0.496462158531124,-0.0091007673754528
RFC,HIV-1 PR,PC,Test,0.9164556962025316,0.9526315789473684,0.8768115942028986,0.9341935483870968,0.4910216718266253,-0.023560330576519
RFC,HIV-1 PR,PC,Train,0.930390492359932,0.9489177489177488,0.8864734299516909,0.939562794684955,0.5031945066427825,0.0073760147654904
RFC,HIV-1 PR,PC,Validation,0.9289473684210526,0.9192708333333334,0.8595641646489104,0.9240837696335078,0.4941181752873563,-0.0110855671312487
RFC,HIV-1 PR,PC,Test,0.9183673469387756,0.9473684210526316,0.8743961352657005,0.932642487046632,0.5030959752321982,0.0075788682294944
RFC,HIV-1 PR,PC,Train,0.9338487972508592,0.9419410745233968,0.8839645447219984,0.9378774805867128,0.5284418016295145,0.0602043368075865
RFC,HIV-1 PR,PC,Validation,0.9318181818181818,0.9584415584415584,0.8961352657004831,0.9449423815621,0.5137035378414689,0.0343011133977912
RFC,HIV-1 PR,PC,Test,0.9183673469387756,0.9473684210526316,0.8743961352657005,0.932642487046632,0.5030959752321982,0.0075788682294944
RFC,HIV-1 PR,PC,Train,0.9323753169907016,0.9558058925476604,0.8944399677679291,0.9439452289259734,0.5181328313313015,0.0438683984169464
RFC,HIV-1 PR,PC,Validation,0.9316455696202532,0.9558441558441558,0.893719806763285,0.9435897435897436,0.5124048365427676,0.0302604273540543
RFC,HIV-1 PR,PC,Test,0.9187817258883249,0.9526315789473684,0.8792270531400966,0.9354005167958656,0.5057275541795666,0.0146678800520831
RFC,HIV-1 PR,PC,Train,0.9273504273504274,0.940207972270364,0.8759065269943593,0.933734939759036,0.4815982390087451,-0.0404603659763934
RFC,HIV-1 PR,PC,Validation,0.9292929292929292,0.9558441558441558,0.8913043478260869,0.942381562099872,0.4951634572324227,-0.0121062753168675
RFC,HIV-1 PR,PC,Test,0.916243654822335,0.95,0.8743961352657005,0.9328165374677002,0.4897058823529411,-0.0263625411746898
RFC,HIV-1 PR,PC,Train,0.9319148936170212,0.948051948051948,0.8872785829307569,0.9399141630901288,0.5142558590834453,0.0322119987246569
RFC,HIV-1 PR,PC,Validation,0.9283819628647216,0.9114583333333334,0.8523002421307506,0.9198423127463864,0.4902119252873563,-0.0177324995289886
RFC,HIV-1 PR,PC,Test,0.917948717948718,0.9421052631578948,0.8695652173913043,0.9298701298701298,0.5004643962848297,0.0010912193659808
RFC,HIV-1 PR,PC,Train,0.9328802039082412,0.951473136915078,0.8912167606768735,0.942084942084942,0.5217135799517919,0.050135544979338
RFC,HIV-1 PR,PC,Validation,0.9323308270676692,0.9662337662337662,0.9033816425120772,0.9489795918367347,0.5175996417375728,0.0480763080540957
RFC,HIV-1 PR,PC,Test,0.918987341772152,0.9552631578947368,0.8816425120772947,0.9367741935483872,0.5070433436532508,0.018482673124683
RFC,HIV-1 PR,PC,Train,0.9333333333333332,0.9584055459272096,0.8976631748589847,0.9457032920051304,0.5251797844578577,0.0619428731690374
RFC,HIV-1 PR,PC,Validation,0.9292929292929292,0.9558441558441558,0.8913043478260869,0.942381562099872,0.4951634572324227,-0.0121062753168675
RFC,HIV-1 PR,PC,Test,0.9187817258883249,0.9526315789473684,0.8792270531400966,0.9354005167958656,0.5057275541795666,0.0146678800520831
RFC,HIV-1 PR,PC,Train,0.9270568278201866,0.9471403812824956,0.8815471394037067,0.936990998714102,0.4793173170780294,-0.0484782186447893
RFC,HIV-1 PR,PC,Validation,0.9269521410579346,0.9558441558441558,0.8888888888888888,0.9411764705882352,0.4779220779220779,-0.056793396406307
RFC,HIV-1 PR,PC,Test,0.9168765743073048,0.9578947368421052,0.8816425120772947,0.9369369369369368,0.4936532507739938,-0.0175627644699248
RFC,HIV-1 PR,PC,Train,0.931239388794567,0.9497835497835496,0.8880837359098228,0.9404200600085728,0.5093745335124645,0.0216455012744299
RFC,HIV-1 PR,PC,Validation,0.926509186351706,0.9192708333333334,0.8571428571428571,0.922875816993464,0.4768767959770115,-0.0441982568001621
RFC,HIV-1 PR,PC,Test,0.9185750636132316,0.95,0.8768115942028986,0.9340232858990944,0.5044117647058823,0.0110399643746734
RFC,HIV-1 PR,PC,Train,0.9323630136986302,0.9436741767764298,0.8839645447219984,0.937984496124031,0.5178140998824678,0.0386610422618001
RFC,HIV-1 PR,PC,Validation,0.9319899244332494,0.961038961038961,0.8985507246376812,0.9462915601023018,0.5150022391401702,0.0385918616554013
RFC,HIV-1 PR,PC,Test,0.9187817258883249,0.9526315789473684,0.8792270531400966,0.9354005167958656,0.5057275541795666,0.0146678800520831
RFC,HIV-1 PR,PC,Train,0.931239388794567,0.9506065857885616,0.8887993553585818,0.9408233276157804,0.5097860515149705,0.0227644469614546
RFC,HIV-1 PR,PC,Validation,0.9292929292929292,0.9558441558441558,0.8913043478260869,0.942381562099872,0.4951634572324227,-0.0121062753168675
RFC,HIV-1 PR,PC,Test,0.9185750636132316,0.95,0.8768115942028986,0.9340232858990944,0.5044117647058823,0.0110399643746734
RFC,HIV-1 PR,PC,Train,0.9274124679760888,0.9410745233968804,0.8767123287671232,0.9341935483870968,0.4820315145720034,-0.0397719175671257
RFC,HIV-1 PR,PC,Validation,0.9269521410579346,0.9558441558441558,0.8888888888888888,0.9411764705882352,0.4779220779220779,-0.056793396406307
RFC,HIV-1 PR,PC,Test,0.9164556962025316,0.9526315789473684,0.8768115942028986,0.9341935483870968,0.4910216718266253,-0.023560330576519
RFC,HIV-1 PR,PC,Train,0.9303313508920984,0.948051948051948,0.8856682769726248,0.9391080617495712,0.5027616062098821,0.0063299088308647
RFC,HIV-1 PR,PC,Validation,0.925925925925926,0.9114583333333334,0.8498789346246973,0.9186351706036744,0.4729705459770115,-0.0495966060237613
RFC,HIV-1 PR,PC,Test,0.9151670951156812,0.936842105263158,0.8623188405797102,0.9258777633289988,0.4831269349845201,-0.0388964913313768
RFC,HIV-1 PR,PC,Train,0.9328231292517006,0.9506065857885616,0.8904109589041096,0.9416309012875536,0.5212803043885337,0.0487764313759847
RFC,HIV-1 PR,PC,Validation,0.9346733668341708,0.9662337662337662,0.9057971014492754,0.950191570881226,0.5348410210479175,0.0922674898906901
RFC,HIV-1 PR,PC,Test,0.9187817258883249,0.9526315789473684,0.8792270531400966,0.9354005167958656,0.5057275541795666,0.0146678800520831
RFC,HIV-1 PR,PC,Train,0.9325463743676222,0.9584055459272096,0.8968573730862208,0.9452991452991452,0.5194326580210761,0.0482170954186356
RFC,HIV-1 PR,PC,Validation,0.9292929292929292,0.9558441558441558,0.8913043478260869,0.942381562099872,0.4951634572324227,-0.0121062753168675
RFC,HIV-1 PR,PC,Test,0.9185750636132316,0.95,0.8768115942028986,0.9340232858990944,0.5044117647058823,0.0110399643746734
RFC,HIV-1 PR,PC,Train,0.9269949066213922,0.9462738301559792,0.8807413376309428,0.9365351629502572,0.4788840415147712,-0.0491202316114847
RFC,HIV-1 PR,PC,Validation,0.9271356783919598,0.9584415584415584,0.8913043478260869,0.942528735632184,0.4792207792207792,-0.0550284258474038
RFC,HIV-1 PR,PC,Test,0.9168765743073048,0.9578947368421052,0.8816425120772947,0.9369369369369368,0.4936532507739938,-0.0175627644699248
RFC,HIV-1 PR,PC,Train,0.9320305862361936,0.9497835497835496,0.8888888888888888,0.9408233276157804,0.5151216599492462,0.0346605278144108
RFC,HIV-1 PR,PC,Validation,0.926509186351706,0.9192708333333334,0.8571428571428571,0.922875816993464,0.4768767959770115,-0.0441982568001621
RFC,HIV-1 PR,PC,Test,0.9185750636132316,0.95,0.8768115942028986,0.9340232858990944,0.5044117647058823,0.0110399643746734
RFC,HIV-1 PR,PC,Train,0.932420872540633,0.9445407279029464,0.8847703464947623,0.938441670253982,0.518247375445726,0.039858360467801
RFC,HIV-1 PR,PC,Validation,0.9319899244332494,0.961038961038961,0.8985507246376812,0.9462915601023018,0.5150022391401702,0.0385918616554013
RFC,HIV-1 PR,PC,Test,0.9187817258883249,0.9526315789473684,0.8792270531400966,0.9354005167958656,0.5057275541795666,0.0146678800520831
RFC,HIV-1 PR,PC,Train,0.931239388794567,0.9506065857885616,0.8887993553585818,0.9408233276157804,0.5097860515149705,0.0227644469614546
RFC,HIV-1 PR,PC,Validation,0.9292929292929292,0.9558441558441558,0.8913043478260869,0.942381562099872,0.4951634572324227,-0.0121062753168675
RFC,HIV-1 PR,PC,Test,0.9185750636132316,0.95,0.8768115942028986,0.9340232858990944,0.5044117647058823,0.0110399643746734
RFC,HIV-1 PR,PC,Train,0.9274744027303754,0.9419410745233968,0.8775181305398871,0.9346517626827172,0.4824647901352616,-0.0390764536796073
RFC,HIV-1 PR,PC,Validation,0.9267676767676768,0.9532467532467532,0.8864734299516909,0.939820742637644,0.4766233766233766,-0.0585136640315262
RFC,HIV-1 PR,PC,Test,0.9164556962025316,0.9526315789473684,0.8768115942028986,0.9341935483870968,0.4910216718266253,-0.023560330576519
RFC,HIV-1 PR,PC,Train,0.931740614334471,0.9454545454545454,0.8848631239935588,0.9385474860335196,0.5129571577847439,0.0286798935882421
RFC,HIV-1 PR,PC,Validation,0.925925925925926,0.9114583333333334,0.8498789346246973,0.9186351706036744,0.4729705459770115,-0.0495966060237613
RFC,HIV-1 PR,PC,Test,0.9175257731958762,0.936842105263158,0.8647342995169082,0.9270833333333334,0.4978328173374613,-0.0049051719193843
RFC,HIV-1 PR,PC,Train,0.9328231292517006,0.9506065857885616,0.8904109589041096,0.9416309012875536,0.5212803043885337,0.0487764313759847
RFC,HIV-1 PR,PC,Validation,0.9345088161209067,0.9636363636363636,0.9033816425120772,0.948849104859335,0.5335423197492163,0.0862844906862555
RFC,HIV-1 PR,PC,Test,0.9187817258883249,0.9526315789473684,0.8792270531400966,0.9354005167958656,0.5057275541795666,0.0146678800520831
RFC,HIV-1 PR,PC,Train,0.933277027027027,0.9575389948006932,0.8968573730862208,0.9452523524379812,0.5247465088945995,0.0603661094766125
RFC,HIV-1 PR,PC,Validation,0.9292929292929292,0.9558441558441558,0.8913043478260869,0.942381562099872,0.4951634572324227,-0.0121062753168675
RFC,HIV-1 PR,PC,Test,0.9185750636132316,0.95,0.8768115942028986,0.9340232858990944,0.5044117647058823,0.0110399643746734
RFC,HIV-1 PR,PC,Train,0.9270568278201866,0.9471403812824956,0.8815471394037067,0.936990998714102,0.4793173170780294,-0.0484782186447893
RFC,HIV-1 PR,PC,Validation,0.9271356783919598,0.9584415584415584,0.8913043478260869,0.942528735632184,0.4792207792207792,-0.0550284258474038
RFC,HIV-1 PR,PC,Test,0.9168765743073048,0.9578947368421052,0.8816425120772947,0.9369369369369368,0.4936532507739938,-0.0175627644699248
RFC,HIV-1 PR,PC,Train,0.931239388794567,0.9497835497835496,0.8880837359098228,0.9404200600085728,0.5093745335124645,0.0216455012744299
RFC,HIV-1 PR,PC,Validation,0.926509186351706,0.9192708333333334,0.8571428571428571,0.922875816993464,0.4768767959770115,-0.0441982568001621
RFC,HIV-1 PR,PC,Test,0.9185750636132316,0.95,0.8768115942028986,0.9340232858990944,0.5044117647058823,0.0110399643746734
RFC,HIV-1 PR,PC,Train,0.9332191780821918,0.9445407279029464,0.8855761482675262,0.9388458225667528,0.5239945018825076,0.0520740569240574
RFC,HIV-1 PR,PC,Validation,0.9319899244332494,0.961038961038961,0.8985507246376812,0.9462915601023018,0.5150022391401702,0.0385918616554013
RFC,HIV-1 PR,PC,Test,0.9187817258883249,0.9526315789473684,0.8792270531400966,0.9354005167958656,0.5057275541795666,0.0146678800520831
RFC,HIV-1 PR,PC,Train,0.931180968564146,0.949740034662045,0.8879935535858179,0.9403689403689404,0.5093527759517121,0.0215950810713754
RFC,HIV-1 PR,PC,Validation,0.9291139240506328,0.9532467532467532,0.8888888888888888,0.941025641025641,0.4938647559337214,-0.014966348546951
RFC,HIV-1 PR,PC,Test,0.9185750636132316,0.95,0.8768115942028986,0.9340232858990944,0.5044117647058823,0.0110399643746734
RFC,HIV-1 PR,PC,Train,0.9274744027303754,0.9419410745233968,0.8775181305398871,0.9346517626827172,0.4824647901352616,-0.0390764536796073
RFC,HIV-1 PR,PC,Validation,0.9267676767676768,0.9532467532467532,0.8864734299516909,0.939820742637644,0.4766233766233766,-0.0585136640315262
RFC,HIV-1 PR,PC,Test,0.9164556962025316,0.9526315789473684,0.8768115942028986,0.9341935483870968,0.4910216718266253,-0.023560330576519
RFC,HIV-1 PR,PC,Train,0.9318568994889268,0.9471861471861472,0.8864734299516909,0.9394589952769428,0.5138229586505448,0.0310165235030264
RFC,HIV-1 PR,PC,Validation,0.9257294429708224,0.9088541666666666,0.847457627118644,0.9172141918528252,0.4716684626436781,-0.0513266385449166
RFC,HIV-1 PR,PC,Test,0.9175257731958762,0.936842105263158,0.8647342995169082,0.9270833333333334,0.4978328173374613,-0.0049051719193843
RFC,HIV-1 PR,PC,Train,0.9327086882453152,0.9488734835355286,0.8887993553585818,0.940721649484536,0.5204137532620171,0.0461258027837812
RFC,HIV-1 PR,PC,Validation,0.9345088161209067,0.9636363636363636,0.9033816425120772,0.948849104859335,0.5335423197492163,0.0862844906862555
RFC,HIV-1 PR,PC,Test,0.9187817258883249,0.9526315789473684,0.8792270531400966,0.9354005167958656,0.5057275541795666,0.0146678800520831
RFC,HIV-1 PR,PC,Train,0.933277027027027,0.9575389948006932,0.8968573730862208,0.9452523524379812,0.5247465088945995,0.0603661094766125
RFC,HIV-1 PR,PC,Validation,0.9292929292929292,0.9558441558441558,0.8913043478260869,0.942381562099872,0.4951634572324227,-0.0121062753168675
RFC,HIV-1 PR,PC,Test,0.9185750636132316,0.95,0.8768115942028986,0.9340232858990944,0.5044117647058823,0.0110399643746734
RFC,HIV-1 PR,PC,Train,0.9269949066213922,0.9462738301559792,0.8807413376309428,0.9365351629502572,0.4788840415147712,-0.0491202316114847
RFC,HIV-1 PR,PC,Validation,0.9271356783919598,0.9584415584415584,0.8913043478260869,0.942528735632184,0.4792207792207792,-0.0550284258474038
RFC,HIV-1 PR,PC,Test,0.9166666666666666,0.9552631578947368,0.8792270531400966,0.9355670103092784,0.4923374613003095,-0.0206324161073599
RFC,HIV-1 PR,PC,Train,0.9304495335029688,0.9497835497835496,0.8872785829307569,0.9400171379605828,0.503627407075683,0.0084381984051865
RFC,HIV-1 PR,PC,Validation,0.926509186351706,0.9192708333333334,0.8571428571428571,0.922875816993464,0.4768767959770115,-0.0441982568001621
RFC,HIV-1 PR,PC,Test,0.9185750636132316,0.95,0.8768115942028986,0.9340232858990944,0.5044117647058823,0.0110399643746734
RFC,HIV-1 PR,PC,Train,0.9323630136986302,0.9436741767764298,0.8839645447219984,0.937984496124031,0.5178140998824678,0.0386610422618001
RFC,HIV-1 PR,PC,Validation,0.9321608040201004,0.9636363636363636,0.9009661835748792,0.9476372924648788,0.5163009404388715,0.0431688513113254
RFC,HIV-1 PR,PC,Test,0.9187817258883249,0.9526315789473684,0.8792270531400966,0.9354005167958656,0.5057275541795666,0.0146678800520831
RFC,HIV-1 PR,PC,Train,0.931239388794567,0.9506065857885616,0.8887993553585818,0.9408233276157804,0.5097860515149705,0.0227644469614546
RFC,HIV-1 PR,PC,Validation,0.9291139240506328,0.9532467532467532,0.8888888888888888,0.941025641025641,0.4938647559337214,-0.014966348546951
RFC,HIV-1 PR,PC,Test,0.9185750636132316,0.95,0.8768115942028986,0.9340232858990944,0.5044117647058823,0.0110399643746734
RFC,HIV-1 PR,PC,Train,0.927536231884058,0.9428076256499134,0.878323932312651,0.9351095831542758,0.4828980656985199,-0.0383737549339633
RFC,HIV-1 PR,PC,Validation,0.9267676767676768,0.9532467532467532,0.8864734299516909,0.939820742637644,0.4766233766233766,-0.0585136640315262
RFC,HIV-1 PR,PC,Test,0.9164556962025316,0.9526315789473684,0.8768115942028986,0.9341935483870968,0.4910216718266253,-0.023560330576519
RFC,HIV-1 PR,PC,Train,0.9309462915601024,0.9454545454545454,0.8840579710144928,0.9381443298969072,0.5072100313479624,0.0160673485743096
RFC,HIV-1 PR,PC,Validation,0.9257294429708224,0.9088541666666666,0.847457627118644,0.9172141918528252,0.4716684626436781,-0.0513266385449166
RFC,HIV-1 PR,PC,Test,0.9151670951156812,0.936842105263158,0.8623188405797102,0.9258777633289988,0.4831269349845201,-0.0388964913313768
RFC,HIV-1 PR,ECFP4,Train,0.9302925989672978,0.936741767764298,0.8759065269943593,0.9335060449050088,0.5028536425028387,0.0059686413258643
RFC,HIV-1 PR,ECFP4,Validation,0.9273182957393484,0.961038961038961,0.893719806763285,0.9438775510204082,0.4805194805194805,-0.0532142341056785
RFC,HIV-1 PR,ECFP4,Test,0.917098445595855,0.9315789473684212,0.8599033816425121,0.9242819843342036,0.4952012383900929,-0.0104934370207573
RFC,HIV-1 PR,ECFP4,Train,0.9285106382978724,0.9454072790294628,0.8815471394037067,0.9368827823100044,0.4899450188250762,-0.0228814154834022
RFC,HIV-1 PR,ECFP4,Validation,0.9291139240506328,0.9532467532467532,0.8888888888888888,0.941025641025641,0.4938647559337214,-0.014966348546951
RFC,HIV-1 PR,ECFP4,Test,0.9185750636132316,0.95,0.8768115942028986,0.9340232858990944,0.5044117647058823,0.0110399643746734
RFC,HIV-1 PR,ECFP4,Train,0.9265822784810128,0.951473136915078,0.8847703464947623,0.9388627618640444,0.475736568457539,-0.0596886230378858
RFC,HIV-1 PR,ECFP4,Validation,0.9269521410579346,0.9558441558441558,0.8888888888888888,0.9411764705882352,0.4779220779220779,-0.056793396406307
RFC,HIV-1 PR,ECFP4,Test,0.9128205128205128,0.936842105263158,0.8599033816425121,0.9246753246753248,0.4684210526315789,-0.074202916886696
RFC,HIV-1 PR,ECFP4,Train,0.9292333614153327,0.9549783549783548,0.8904991948470209,0.941929974380871,0.4947305567995222,-0.0130749078726487
RFC,HIV-1 PR,ECFP4,Validation,0.929503916449086,0.9270833333333334,0.8668280871670703,0.9282920469361148,0.4980244252873563,-0.0038898069773934
RFC,HIV-1 PR,ECFP4,Test,0.9151670951156812,0.936842105263158,0.8623188405797102,0.9258777633289988,0.4831269349845201,-0.0388964913313768
RFC,HIV-1 PR,ECFP4,Train,0.928266438941076,0.9419410745233968,0.878323932312651,0.9350537634408602,0.4882119165720432,-0.0260920534593643
RFC,HIV-1 PR,ECFP4,Validation,0.9273182957393484,0.961038961038961,0.893719806763285,0.9438775510204082,0.4805194805194805,-0.0532142341056785
RFC,HIV-1 PR,ECFP4,Test,0.9125964010282775,0.9342105263157896,0.857487922705314,0.9232769830949284,0.4671052631578947,-0.0758303156689685
RFC,HIV-1 PR,ECFP4,Train,0.9271186440677966,0.948006932409012,0.8823529411764706,0.9374464438731792,0.4797505926412876,-0.0478298393775827
RFC,HIV-1 PR,ECFP4,Validation,0.9292929292929292,0.9558441558441558,0.8913043478260869,0.942381562099872,0.4951634572324227,-0.0121062753168675
RFC,HIV-1 PR,ECFP4,Test,0.916243654822335,0.95,0.8743961352657005,0.9328165374677002,0.4897058823529411,-0.0263625411746898
RFC,HIV-1 PR,ECFP4,Train,0.9267676767676768,0.9540727902946274,0.887187751813054,0.9402220324508966,0.4770363951473137,-0.0579944503060641
RFC,HIV-1 PR,ECFP4,Validation,0.9269521410579346,0.9558441558441558,0.8888888888888888,0.9411764705882352,0.4779220779220779,-0.056793396406307
RFC,HIV-1 PR,ECFP4,Test,0.9132653061224488,0.9421052631578948,0.8647342995169082,0.927461139896373,0.4710526315789474,-0.0708624179457727
RFC,HIV-1 PR,ECFP4,Train,0.9276703111858704,0.9549783549783548,0.8888888888888888,0.9411262798634812,0.483236303925959,-0.0423371413316872
RFC,HIV-1 PR,ECFP4,Validation,0.9298701298701298,0.9322916666666666,0.8716707021791767,0.9310793237971392,0.500628591954023,0.0012777739917863
RFC,HIV-1 PR,ECFP4,Test,0.9128205128205128,0.936842105263158,0.8599033816425121,0.9246753246753248,0.4684210526315789,-0.074202916886696
RFC,HIV-1 PR,ECFP4,Train,0.93213058419244,0.940207972270364,0.8807413376309428,0.9361518550474548,0.5160809976294348,0.0340395383561017
RFC,HIV-1 PR,ECFP4,Validation,0.9271356783919598,0.9584415584415584,0.8913043478260869,0.942528735632184,0.4792207792207792,-0.0550284258474038
RFC,HIV-1 PR,ECFP4,Test,0.917098445595855,0.9315789473684212,0.8599033816425121,0.9242819843342036,0.4952012383900929,-0.0104934370207573
RFC,HIV-1 PR,ECFP4,Train,0.928388746803069,0.9436741767764298,0.8799355358581789,0.9359690588740868,0.4890784676985597,-0.0245060118142637
RFC,HIV-1 PR,ECFP4,Validation,0.931472081218274,0.9532467532467532,0.8913043478260869,0.9422336328626444,0.5111061352440662,0.0264398634800707
RFC,HIV-1 PR,ECFP4,Test,0.916243654822335,0.95,0.8743961352657005,0.9328165374677002,0.4897058823529411,-0.0263625411746898
RFC,HIV-1 PR,ECFP4,Train,0.9266441821247892,0.9523396880415944,0.8855761482675262,0.9393162393162392,0.4761698440207972,-0.0591283448432012
RFC,HIV-1 PR,ECFP4,Validation,0.9269521410579346,0.9558441558441558,0.8888888888888888,0.9411764705882352,0.4779220779220779,-0.056793396406307
RFC,HIV-1 PR,ECFP4,Test,0.9128205128205128,0.936842105263158,0.8599033816425121,0.9246753246753248,0.4684210526315789,-0.074202916886696
RFC,HIV-1 PR,ECFP4,Train,0.9291139240506328,0.9532467532467532,0.8888888888888888,0.941025641025641,0.4938647559337214,-0.014966348546951
RFC,HIV-1 PR,ECFP4,Validation,0.9319371727748692,0.9270833333333334,0.8692493946731235,0.929503916449086,0.5152658045977012,0.0296075026986014
RFC,HIV-1 PR,ECFP4,Test,0.9175257731958762,0.936842105263158,0.8647342995169082,0.9270833333333334,0.4978328173374613,-0.0049051719193843
RFC,HIV-1 PR,ECFP4,Train,0.9291204099060631,0.9428076256499134,0.8799355358581789,0.9359139784946237,0.4943923185720831,-0.0124121893516029
RFC,HIV-1 PR,ECFP4,Validation,0.9273182957393484,0.961038961038961,0.893719806763285,0.9438775510204082,0.4805194805194805,-0.0532142341056785
RFC,HIV-1 PR,ECFP4,Test,0.9125964010282775,0.9342105263157896,0.857487922705314,0.9232769830949284,0.4671052631578947,-0.0758303156689685
RFC,HIV-1 PR,ECFP4,Train,0.9270568278201866,0.9471403812824956,0.8815471394037067,0.936990998714102,0.4793173170780294,-0.0484782186447893
RFC,HIV-1 PR,ECFP4,Validation,0.9292929292929292,0.9558441558441558,0.8913043478260869,0.942381562099872,0.4951634572324227,-0.0121062753168675
RFC,HIV-1 PR,ECFP4,Test,0.9139240506329114,0.95,0.8719806763285024,0.9316129032258064,0.475,-0.0656033342777212
RFC,HIV-1 PR,ECFP4,Train,0.9267676767676768,0.9540727902946274,0.887187751813054,0.9402220324508966,0.4770363951473137,-0.0579944503060641
RFC,HIV-1 PR,ECFP4,Validation,0.9269521410579346,0.9558441558441558,0.8888888888888888,0.9411764705882352,0.4779220779220779,-0.056793396406307
RFC,HIV-1 PR,ECFP4,Test,0.9130434782608696,0.9394736842105263,0.8623188405797102,0.926070038910506,0.4697368421052632,-0.0725476250110011
RFC,HIV-1 PR,ECFP4,Train,0.9276094276094276,0.954112554112554,0.8880837359098228,0.9406743491250532,0.4828034034930586,-0.0430445344599733
RFC,HIV-1 PR,ECFP4,Validation,0.9296875,0.9296875,0.8692493946731235,0.9296875,0.4993265086206896,-0.0013469827586206
RFC,HIV-1 PR,ECFP4,Test,0.9128205128205128,0.936842105263158,0.8599033816425121,0.9246753246753248,0.4684210526315789,-0.074202916886696
RFC,HIV-1 PR,ECFP4,Train,0.9305317324185248,0.940207972270364,0.879129734085415,0.9353448275862069,0.5045867447558716,0.0098291778334621
RFC,HIV-1 PR,ECFP4,Validation,0.9271356783919598,0.9584415584415584,0.8913043478260869,0.942528735632184,0.4792207792207792,-0.0550284258474038
RFC,HIV-1 PR,ECFP4,Test,0.9147286821705426,0.9315789473684212,0.857487922705314,0.9230769230769232,0.4804953560371517,-0.0433772399689102
RFC,HIV-1 PR,ECFP4,Train,0.9291808873720137,0.9436741767764298,0.8807413376309428,0.9363714531384352,0.4948255941353414,-0.0115309387597591
RFC,HIV-1 PR,ECFP4,Validation,0.931472081218274,0.9532467532467532,0.8913043478260869,0.9422336328626444,0.5111061352440662,0.0264398634800707
RFC,HIV-1 PR,ECFP4,Test,0.916243654822335,0.95,0.8743961352657005,0.9328165374677002,0.4897058823529411,-0.0263625411746898
RFC,HIV-1 PR,ECFP4,Train,0.9266441821247892,0.9523396880415944,0.8855761482675262,0.9393162393162392,0.4761698440207972,-0.0591283448432012
RFC,HIV-1 PR,ECFP4,Validation,0.9269521410579346,0.9558441558441558,0.8888888888888888,0.9411764705882352,0.4779220779220779,-0.056793396406307
RFC,HIV-1 PR,ECFP4,Test,0.9128205128205128,0.936842105263158,0.8599033816425121,0.9246753246753248,0.4684210526315789,-0.074202916886696
RFC,HIV-1 PR,ECFP4,Train,0.929054054054054,0.9523809523809524,0.8880837359098228,0.940572894399316,0.4934318555008209,-0.0158903500639485
RFC,HIV-1 PR,ECFP4,Validation,0.9319371727748692,0.9270833333333334,0.8692493946731235,0.929503916449086,0.5152658045977012,0.0296075026986014
RFC,HIV-1 PR,ECFP4,Test,0.9175257731958762,0.936842105263158,0.8647342995169082,0.9270833333333334,0.4978328173374613,-0.0049051719193843
RFC,HIV-1 PR,ECFP4,Train,0.9290598290598292,0.9419410745233968,0.879129734085415,0.9354561101549054,0.4939590430088249,-0.0132823880728999
RFC,HIV-1 PR,ECFP4,Validation,0.9273182957393484,0.961038961038961,0.893719806763285,0.9438775510204082,0.4805194805194805,-0.0532142341056785
RFC,HIV-1 PR,ECFP4,Test,0.9147286821705426,0.9315789473684212,0.857487922705314,0.9230769230769232,0.4804953560371517,-0.0433772399689102
RFC,HIV-1 PR,ECFP4,Train,0.9278438030560272,0.9471403812824956,0.8823529411764706,0.937392795883362,0.485064443514811,-0.0347432958968968
RFC,HIV-1 PR,ECFP4,Validation,0.9292929292929292,0.9558441558441558,0.8913043478260869,0.942381562099872,0.4951634572324227,-0.0121062753168675
RFC,HIV-1 PR,ECFP4,Test,0.9139240506329114,0.95,0.8719806763285024,0.9316129032258064,0.475,-0.0656033342777212
RFC,HIV-1 PR,ECFP4,Train,0.9267676767676768,0.9540727902946274,0.887187751813054,0.9402220324508966,0.4770363951473137,-0.0579944503060641
RFC,HIV-1 PR,ECFP4,Validation,0.9269521410579346,0.9558441558441558,0.8888888888888888,0.9411764705882352,0.4779220779220779,-0.056793396406307
RFC,HIV-1 PR,ECFP4,Test,0.9130434782608696,0.9394736842105263,0.8623188405797102,0.926070038910506,0.4697368421052632,-0.0725476250110011
RFC,HIV-1 PR,ECFP4,Train,0.9276094276094276,0.954112554112554,0.8880837359098228,0.9406743491250532,0.4828034034930586,-0.0430445344599733
RFC,HIV-1 PR,ECFP4,Validation,0.9296875,0.9296875,0.8692493946731235,0.9296875,0.4993265086206896,-0.0013469827586206
RFC,HIV-1 PR,ECFP4,Test,0.9128205128205128,0.936842105263158,0.8599033816425121,0.9246753246753248,0.4684210526315789,-0.074202916886696
RFC,HIV-1 PR,ECFP4,Train,0.9305912596401028,0.9410745233968804,0.8799355358581789,0.935803532959931,0.5050200203191298,0.0108254688205315
RFC,HIV-1 PR,ECFP4,Validation,0.9271356783919598,0.9584415584415584,0.8913043478260869,0.942528735632184,0.4792207792207792,-0.0550284258474038
RFC,HIV-1 PR,ECFP4,Test,0.9147286821705426,0.9315789473684212,0.857487922705314,0.9230769230769232,0.4804953560371517,-0.0433772399689102
RFC,HIV-1 PR,ECFP4,Train,0.9291808873720137,0.9436741767764298,0.8807413376309428,0.9363714531384352,0.4948255941353414,-0.0115309387597591
RFC,HIV-1 PR,ECFP4,Validation,0.931472081218274,0.9532467532467532,0.8913043478260869,0.9422336328626444,0.5111061352440662,0.0264398634800707
RFC,HIV-1 PR,ECFP4,Test,0.916243654822335,0.95,0.8743961352657005,0.9328165374677002,0.4897058823529411,-0.0263625411746898
RFC,HIV-1 PR,ECFP4,Train,0.9266441821247892,0.9523396880415944,0.8855761482675262,0.9393162393162392,0.4761698440207972,-0.0591283448432012
RFC,HIV-1 PR,ECFP4,Validation,0.9269521410579346,0.9558441558441558,0.8888888888888888,0.9411764705882352,0.4779220779220779,-0.056793396406307
RFC,HIV-1 PR,ECFP4,Test,0.9128205128205128,0.936842105263158,0.8599033816425121,0.9246753246753248,0.4684210526315789,-0.074202916886696
RFC,HIV-1 PR,ECFP4,Train,0.9291139240506328,0.9532467532467532,0.8888888888888888,0.941025641025641,0.4938647559337214,-0.014966348546951
RFC,HIV-1 PR,ECFP4,Validation,0.9321148825065274,0.9296875,0.8716707021791767,0.9308996088657104,0.5165678879310345,0.0326213357876861
RFC,HIV-1 PR,ECFP4,Test,0.9151670951156812,0.936842105263158,0.8623188405797102,0.9258777633289988,0.4831269349845201,-0.0388964913313768
RFC,HIV-1 PR,ECFP4,Train,0.9291204099060631,0.9428076256499134,0.8799355358581789,0.9359139784946237,0.4943923185720831,-0.0124121893516029
RFC,HIV-1 PR,ECFP4,Validation,0.9273182957393484,0.961038961038961,0.893719806763285,0.9438775510204082,0.4805194805194805,-0.0532142341056785
RFC,HIV-1 PR,ECFP4,Test,0.9151670951156812,0.936842105263158,0.8623188405797102,0.9258777633289988,0.4831269349845201,-0.0388964913313768
RFC,HIV-1 PR,ECFP4,Train,0.9278438030560272,0.9471403812824956,0.8823529411764706,0.937392795883362,0.485064443514811,-0.0347432958968968
RFC,HIV-1 PR,ECFP4,Validation,0.9292929292929292,0.9558441558441558,0.8913043478260869,0.942381562099872,0.4951634572324227,-0.0121062753168675
RFC,HIV-1 PR,ECFP4,Test,0.9139240506329114,0.95,0.8719806763285024,0.9316129032258064,0.475,-0.0656033342777212
RFC,HIV-1 PR,ECFP4,Train,0.9267676767676768,0.9540727902946274,0.887187751813054,0.9402220324508966,0.4770363951473137,-0.0579944503060641
RFC,HIV-1 PR,ECFP4,Validation,0.9269521410579346,0.9558441558441558,0.8888888888888888,0.9411764705882352,0.4779220779220779,-0.056793396406307
RFC,HIV-1 PR,ECFP4,Test,0.9130434782608696,0.9394736842105263,0.8623188405797102,0.926070038910506,0.4697368421052632,-0.0725476250110011
RFC,HIV-1 PR,ECFP4,Train,0.9276094276094276,0.954112554112554,0.8880837359098228,0.9406743491250532,0.4828034034930586,-0.0430445344599733
RFC,HIV-1 PR,ECFP4,Validation,0.9296875,0.9296875,0.8692493946731235,0.9296875,0.4993265086206896,-0.0013469827586206
RFC,HIV-1 PR,ECFP4,Test,0.9128205128205128,0.936842105263158,0.8599033816425121,0.9246753246753248,0.4684210526315789,-0.074202916886696
RFC,HIV-1 PR,ECFP4,Train,0.9305912596401028,0.9410745233968804,0.8799355358581789,0.935803532959931,0.5050200203191298,0.0108254688205315
RFC,HIV-1 PR,ECFP4,Validation,0.9271356783919598,0.9584415584415584,0.8913043478260869,0.942528735632184,0.4792207792207792,-0.0550284258474038
RFC,HIV-1 PR,ECFP4,Test,0.9147286821705426,0.9315789473684212,0.857487922705314,0.9230769230769232,0.4804953560371517,-0.0433772399689102
RFC,HIV-1 PR,ECFP4,Train,0.92924126172208,0.9445407279029464,0.8815471394037067,0.9368285345938976,0.4952588696985996,-0.010638268694564
RFC,HIV-1 PR,ECFP4,Validation,0.931472081218274,0.9532467532467532,0.8913043478260869,0.9422336328626444,0.5111061352440662,0.0264398634800707
RFC,HIV-1 PR,ECFP4,Test,0.916243654822335,0.95,0.8743961352657005,0.9328165374677002,0.4897058823529411,-0.0263625411746898
RFC,HIV-1 PR,ECFP4,Train,0.9266441821247892,0.9523396880415944,0.8855761482675262,0.9393162393162392,0.4761698440207972,-0.0591283448432012
RFC,HIV-1 PR,ECFP4,Validation,0.9269521410579346,0.9558441558441558,0.8888888888888888,0.9411764705882352,0.4779220779220779,-0.056793396406307
RFC,HIV-1 PR,ECFP4,Test,0.9128205128205128,0.936842105263158,0.8599033816425121,0.9246753246753248,0.4684210526315789,-0.074202916886696
RFC,HIV-1 PR,ECFP4,Train,0.9291139240506328,0.9532467532467532,0.8888888888888888,0.941025641025641,0.4938647559337214,-0.014966348546951
RFC,HIV-1 PR,ECFP4,Validation,0.9321148825065274,0.9296875,0.8716707021791767,0.9308996088657104,0.5165678879310345,0.0326213357876861
RFC,HIV-1 PR,ECFP4,Test,0.9151670951156812,0.936842105263158,0.8623188405797102,0.9258777633289988,0.4831269349845201,-0.0388964913313768
RFC,HIV-1 PR,ECFP4,Train,0.9291204099060631,0.9428076256499134,0.8799355358581789,0.9359139784946237,0.4943923185720831,-0.0124121893516029
RFC,HIV-1 PR,ECFP4,Validation,0.9273182957393484,0.961038961038961,0.893719806763285,0.9438775510204082,0.4805194805194805,-0.0532142341056785
RFC,HIV-1 PR,ECFP4,Test,0.9149484536082474,0.9342105263157896,0.8599033816425121,0.9244791666666666,0.4818111455108359,-0.0411684071805472
RFC,HIV-1 PR,ECFP4,Train,0.9278438030560272,0.9471403812824956,0.8823529411764706,0.937392795883362,0.485064443514811,-0.0347432958968968
RFC,HIV-1 PR,ECFP4,Validation,0.9292929292929292,0.9558441558441558,0.8913043478260869,0.942381562099872,0.4951634572324227,-0.0121062753168675
RFC,HIV-1 PR,ECFP4,Test,0.9139240506329114,0.95,0.8719806763285024,0.9316129032258064,0.475,-0.0656033342777212
RFC,HIV-1 PR,ECFP4,Train,0.9267676767676768,0.9540727902946274,0.887187751813054,0.9402220324508966,0.4770363951473137,-0.0579944503060641
RFC,HIV-1 PR,ECFP4,Validation,0.9269521410579346,0.9558441558441558,0.8888888888888888,0.9411764705882352,0.4779220779220779,-0.056793396406307
RFC,HIV-1 PR,ECFP4,Test,0.9130434782608696,0.9394736842105263,0.8623188405797102,0.926070038910506,0.4697368421052632,-0.0725476250110011
RFC,HIV-1 PR,ECFP4,Train,0.9276094276094276,0.954112554112554,0.8880837359098228,0.9406743491250532,0.4828034034930586,-0.0430445344599733
RFC,HIV-1 PR,ECFP4,Validation,0.9296875,0.9296875,0.8692493946731235,0.9296875,0.4993265086206896,-0.0013469827586206
RFC,HIV-1 PR,ECFP4,Test,0.9128205128205128,0.936842105263158,0.8599033816425121,0.9246753246753248,0.4684210526315789,-0.074202916886696
RFC,HIV-1 PR,ECFP4,Train,0.9302925989672978,0.936741767764298,0.8759065269943593,0.9335060449050088,0.5028536425028387,0.0059686413258643
RFC,HIV-1 PR,ECFP4,Validation,0.9273182957393484,0.961038961038961,0.893719806763285,0.9438775510204082,0.4805194805194805,-0.0532142341056785
RFC,HIV-1 PR,ECFP4,Test,0.917098445595855,0.9315789473684212,0.8599033816425121,0.9242819843342036,0.4952012383900929,-0.0104934370207573
RFC,HIV-1 PR,ECFP4,Train,0.9285106382978724,0.9454072790294628,0.8815471394037067,0.9368827823100044,0.4899450188250762,-0.0228814154834022
RFC,HIV-1 PR,ECFP4,Validation,0.9291139240506328,0.9532467532467532,0.8888888888888888,0.941025641025641,0.4938647559337214,-0.014966348546951
RFC,HIV-1 PR,ECFP4,Test,0.9185750636132316,0.95,0.8768115942028986,0.9340232858990944,0.5044117647058823,0.0110399643746734
RFC,HIV-1 PR,ECFP4,Train,0.9265822784810128,0.951473136915078,0.8847703464947623,0.9388627618640444,0.475736568457539,-0.0596886230378858
RFC,HIV-1 PR,ECFP4,Validation,0.9269521410579346,0.9558441558441558,0.8888888888888888,0.9411764705882352,0.4779220779220779,-0.056793396406307
RFC,HIV-1 PR,ECFP4,Test,0.9128205128205128,0.936842105263158,0.8599033816425121,0.9246753246753248,0.4684210526315789,-0.074202916886696
RFC,HIV-1 PR,ECFP4,Train,0.9292333614153327,0.9549783549783548,0.8904991948470209,0.941929974380871,0.4947305567995222,-0.0130749078726487
RFC,HIV-1 PR,ECFP4,Validation,0.929503916449086,0.9270833333333334,0.8668280871670703,0.9282920469361148,0.4980244252873563,-0.0038898069773934
RFC,HIV-1 PR,ECFP4,Test,0.9151670951156812,0.936842105263158,0.8623188405797102,0.9258777633289988,0.4831269349845201,-0.0388964913313768
RFC,HIV-1 PR,ECFP4,Train,0.928266438941076,0.9419410745233968,0.878323932312651,0.9350537634408602,0.4882119165720432,-0.0260920534593643
RFC,HIV-1 PR,ECFP4,Validation,0.9273182957393484,0.961038961038961,0.893719806763285,0.9438775510204082,0.4805194805194805,-0.0532142341056785
RFC,HIV-1 PR,ECFP4,Test,0.9125964010282775,0.9342105263157896,0.857487922705314,0.9232769830949284,0.4671052631578947,-0.0758303156689685
RFC,HIV-1 PR,ECFP4,Train,0.9271186440677966,0.948006932409012,0.8823529411764706,0.9374464438731792,0.4797505926412876,-0.0478298393775827
RFC,HIV-1 PR,ECFP4,Validation,0.9292929292929292,0.9558441558441558,0.8913043478260869,0.942381562099872,0.4951634572324227,-0.0121062753168675
RFC,HIV-1 PR,ECFP4,Test,0.916243654822335,0.95,0.8743961352657005,0.9328165374677002,0.4897058823529411,-0.0263625411746898
RFC,HIV-1 PR,ECFP4,Train,0.9267676767676768,0.9540727902946274,0.887187751813054,0.9402220324508966,0.4770363951473137,-0.0579944503060641
RFC,HIV-1 PR,ECFP4,Validation,0.9269521410579346,0.9558441558441558,0.8888888888888888,0.9411764705882352,0.4779220779220779,-0.056793396406307
RFC,HIV-1 PR,ECFP4,Test,0.9132653061224488,0.9421052631578948,0.8647342995169082,0.927461139896373,0.4710526315789474,-0.0708624179457727
RFC,HIV-1 PR,ECFP4,Train,0.9276703111858704,0.9549783549783548,0.8888888888888888,0.9411262798634812,0.483236303925959,-0.0423371413316872
RFC,HIV-1 PR,ECFP4,Validation,0.9298701298701298,0.9322916666666666,0.8716707021791767,0.9310793237971392,0.500628591954023,0.0012777739917863
RFC,HIV-1 PR,ECFP4,Test,0.9128205128205128,0.936842105263158,0.8599033816425121,0.9246753246753248,0.4684210526315789,-0.074202916886696
RFC,HIV-1 PR,ECFP4,Train,0.93213058419244,0.940207972270364,0.8807413376309428,0.9361518550474548,0.5160809976294348,0.0340395383561017
RFC,HIV-1 PR,ECFP4,Validation,0.9271356783919598,0.9584415584415584,0.8913043478260869,0.942528735632184,0.4792207792207792,-0.0550284258474038
RFC,HIV-1 PR,ECFP4,Test,0.917098445595855,0.9315789473684212,0.8599033816425121,0.9242819843342036,0.4952012383900929,-0.0104934370207573
RFC,HIV-1 PR,ECFP4,Train,0.928388746803069,0.9436741767764298,0.8799355358581789,0.9359690588740868,0.4890784676985597,-0.0245060118142637
RFC,HIV-1 PR,ECFP4,Validation,0.931472081218274,0.9532467532467532,0.8913043478260869,0.9422336328626444,0.5111061352440662,0.0264398634800707
RFC,HIV-1 PR,ECFP4,Test,0.916243654822335,0.95,0.8743961352657005,0.9328165374677002,0.4897058823529411,-0.0263625411746898
RFC,HIV-1 PR,ECFP4,Train,0.9266441821247892,0.9523396880415944,0.8855761482675262,0.9393162393162392,0.4761698440207972,-0.0591283448432012
RFC,HIV-1 PR,ECFP4,Validation,0.9269521410579346,0.9558441558441558,0.8888888888888888,0.9411764705882352,0.4779220779220779,-0.056793396406307
RFC,HIV-1 PR,ECFP4,Test,0.9128205128205128,0.936842105263158,0.8599033816425121,0.9246753246753248,0.4684210526315789,-0.074202916886696
RFC,HIV-1 PR,ECFP4,Train,0.9291139240506328,0.9532467532467532,0.8888888888888888,0.941025641025641,0.4938647559337214,-0.014966348546951
RFC,HIV-1 PR,ECFP4,Validation,0.9319371727748692,0.9270833333333334,0.8692493946731235,0.929503916449086,0.5152658045977012,0.0296075026986014
RFC,HIV-1 PR,ECFP4,Test,0.9175257731958762,0.936842105263158,0.8647342995169082,0.9270833333333334,0.4978328173374613,-0.0049051719193843
RFC,HIV-1 PR,ECFP4,Train,0.9291204099060631,0.9428076256499134,0.8799355358581789,0.9359139784946237,0.4943923185720831,-0.0124121893516029
RFC,HIV-1 PR,ECFP4,Validation,0.9273182957393484,0.961038961038961,0.893719806763285,0.9438775510204082,0.4805194805194805,-0.0532142341056785
RFC,HIV-1 PR,ECFP4,Test,0.9125964010282775,0.9342105263157896,0.857487922705314,0.9232769830949284,0.4671052631578947,-0.0758303156689685
RFC,HIV-1 PR,ECFP4,Train,0.9270568278201866,0.9471403812824956,0.8815471394037067,0.936990998714102,0.4793173170780294,-0.0484782186447893
RFC,HIV-1 PR,ECFP4,Validation,0.9292929292929292,0.9558441558441558,0.8913043478260869,0.942381562099872,0.4951634572324227,-0.0121062753168675
RFC,HIV-1 PR,ECFP4,Test,0.9139240506329114,0.95,0.8719806763285024,0.9316129032258064,0.475,-0.0656033342777212
RFC,HIV-1 PR,ECFP4,Train,0.9267676767676768,0.9540727902946274,0.887187751813054,0.9402220324508966,0.4770363951473137,-0.0579944503060641
RFC,HIV-1 PR,ECFP4,Validation,0.9269521410579346,0.9558441558441558,0.8888888888888888,0.9411764705882352,0.4779220779220779,-0.056793396406307
RFC,HIV-1 PR,ECFP4,Test,0.9130434782608696,0.9394736842105263,0.8623188405797102,0.926070038910506,0.4697368421052632,-0.0725476250110011
RFC,HIV-1 PR,ECFP4,Train,0.9276094276094276,0.954112554112554,0.8880837359098228,0.9406743491250532,0.4828034034930586,-0.0430445344599733
RFC,HIV-1 PR,ECFP4,Validation,0.9296875,0.9296875,0.8692493946731235,0.9296875,0.4993265086206896,-0.0013469827586206
RFC,HIV-1 PR,ECFP4,Test,0.9128205128205128,0.936842105263158,0.8599033816425121,0.9246753246753248,0.4684210526315789,-0.074202916886696
RFC,HIV-1 PR,ECFP4,Train,0.9305317324185248,0.940207972270364,0.879129734085415,0.9353448275862069,0.5045867447558716,0.0098291778334621
RFC,HIV-1 PR,ECFP4,Validation,0.9271356783919598,0.9584415584415584,0.8913043478260869,0.942528735632184,0.4792207792207792,-0.0550284258474038
RFC,HIV-1 PR,ECFP4,Test,0.9147286821705426,0.9315789473684212,0.857487922705314,0.9230769230769232,0.4804953560371517,-0.0433772399689102
RFC,HIV-1 PR,ECFP4,Train,0.9291808873720137,0.9436741767764298,0.8807413376309428,0.9363714531384352,0.4948255941353414,-0.0115309387597591
RFC,HIV-1 PR,ECFP4,Validation,0.931472081218274,0.9532467532467532,0.8913043478260869,0.9422336328626444,0.5111061352440662,0.0264398634800707
RFC,HIV-1 PR,ECFP4,Test,0.916243654822335,0.95,0.8743961352657005,0.9328165374677002,0.4897058823529411,-0.0263625411746898
RFC,HIV-1 PR,ECFP4,Train,0.9266441821247892,0.9523396880415944,0.8855761482675262,0.9393162393162392,0.4761698440207972,-0.0591283448432012
RFC,HIV-1 PR,ECFP4,Validation,0.9269521410579346,0.9558441558441558,0.8888888888888888,0.9411764705882352,0.4779220779220779,-0.056793396406307
RFC,HIV-1 PR,ECFP4,Test,0.9128205128205128,0.936842105263158,0.8599033816425121,0.9246753246753248,0.4684210526315789,-0.074202916886696
RFC,HIV-1 PR,ECFP4,Train,0.929054054054054,0.9523809523809524,0.8880837359098228,0.940572894399316,0.4934318555008209,-0.0158903500639485
RFC,HIV-1 PR,ECFP4,Validation,0.9319371727748692,0.9270833333333334,0.8692493946731235,0.929503916449086,0.5152658045977012,0.0296075026986014
RFC,HIV-1 PR,ECFP4,Test,0.9175257731958762,0.936842105263158,0.8647342995169082,0.9270833333333334,0.4978328173374613,-0.0049051719193843
RFC,HIV-1 PR,ECFP4,Train,0.9290598290598292,0.9419410745233968,0.879129734085415,0.9354561101549054,0.4939590430088249,-0.0132823880728999
RFC,HIV-1 PR,ECFP4,Validation,0.9273182957393484,0.961038961038961,0.893719806763285,0.9438775510204082,0.4805194805194805,-0.0532142341056785
RFC,HIV-1 PR,ECFP4,Test,0.9147286821705426,0.9315789473684212,0.857487922705314,0.9230769230769232,0.4804953560371517,-0.0433772399689102
RFC,HIV-1 PR,ECFP4,Train,0.9278438030560272,0.9471403812824956,0.8823529411764706,0.937392795883362,0.485064443514811,-0.0347432958968968
RFC,HIV-1 PR,ECFP4,Validation,0.9292929292929292,0.9558441558441558,0.8913043478260869,0.942381562099872,0.4951634572324227,-0.0121062753168675
RFC,HIV-1 PR,ECFP4,Test,0.9139240506329114,0.95,0.8719806763285024,0.9316129032258064,0.475,-0.0656033342777212
RFC,HIV-1 PR,ECFP4,Train,0.9267676767676768,0.9540727902946274,0.887187751813054,0.9402220324508966,0.4770363951473137,-0.0579944503060641
RFC,HIV-1 PR,ECFP4,Validation,0.9269521410579346,0.9558441558441558,0.8888888888888888,0.9411764705882352,0.4779220779220779,-0.056793396406307
RFC,HIV-1 PR,ECFP4,Test,0.9130434782608696,0.9394736842105263,0.8623188405797102,0.926070038910506,0.4697368421052632,-0.0725476250110011
RFC,HIV-1 PR,ECFP4,Train,0.9276094276094276,0.954112554112554,0.8880837359098228,0.9406743491250532,0.4828034034930586,-0.0430445344599733
RFC,HIV-1 PR,ECFP4,Validation,0.9296875,0.9296875,0.8692493946731235,0.9296875,0.4993265086206896,-0.0013469827586206
RFC,HIV-1 PR,ECFP4,Test,0.9128205128205128,0.936842105263158,0.8599033816425121,0.9246753246753248,0.4684210526315789,-0.074202916886696
RFC,HIV-1 PR,ECFP4,Train,0.9305912596401028,0.9410745233968804,0.8799355358581789,0.935803532959931,0.5050200203191298,0.0108254688205315
RFC,HIV-1 PR,ECFP4,Validation,0.9271356783919598,0.9584415584415584,0.8913043478260869,0.942528735632184,0.4792207792207792,-0.0550284258474038
RFC,HIV-1 PR,ECFP4,Test,0.9147286821705426,0.9315789473684212,0.857487922705314,0.9230769230769232,0.4804953560371517,-0.0433772399689102
RFC,HIV-1 PR,ECFP4,Train,0.9291808873720137,0.9436741767764298,0.8807413376309428,0.9363714531384352,0.4948255941353414,-0.0115309387597591
RFC,HIV-1 PR,ECFP4,Validation,0.931472081218274,0.9532467532467532,0.8913043478260869,0.9422336328626444,0.5111061352440662,0.0264398634800707
RFC,HIV-1 PR,ECFP4,Test,0.916243654822335,0.95,0.8743961352657005,0.9328165374677002,0.4897058823529411,-0.0263625411746898
RFC,HIV-1 PR,ECFP4,Train,0.9266441821247892,0.9523396880415944,0.8855761482675262,0.9393162393162392,0.4761698440207972,-0.0591283448432012
RFC,HIV-1 PR,ECFP4,Validation,0.9269521410579346,0.9558441558441558,0.8888888888888888,0.9411764705882352,0.4779220779220779,-0.056793396406307
RFC,HIV-1 PR,ECFP4,Test,0.9128205128205128,0.936842105263158,0.8599033816425121,0.9246753246753248,0.4684210526315789,-0.074202916886696
RFC,HIV-1 PR,ECFP4,Train,0.9291139240506328,0.9532467532467532,0.8888888888888888,0.941025641025641,0.4938647559337214,-0.014966348546951
RFC,HIV-1 PR,ECFP4,Validation,0.9321148825065274,0.9296875,0.8716707021791767,0.9308996088657104,0.5165678879310345,0.0326213357876861
RFC,HIV-1 PR,ECFP4,Test,0.9151670951156812,0.936842105263158,0.8623188405797102,0.9258777633289988,0.4831269349845201,-0.0388964913313768
RFC,HIV-1 PR,ECFP4,Train,0.9291204099060631,0.9428076256499134,0.8799355358581789,0.9359139784946237,0.4943923185720831,-0.0124121893516029
RFC,HIV-1 PR,ECFP4,Validation,0.9273182957393484,0.961038961038961,0.893719806763285,0.9438775510204082,0.4805194805194805,-0.0532142341056785
RFC,HIV-1 PR,ECFP4,Test,0.9151670951156812,0.936842105263158,0.8623188405797102,0.9258777633289988,0.4831269349845201,-0.0388964913313768
RFC,HIV-1 PR,ECFP4,Train,0.9278438030560272,0.9471403812824956,0.8823529411764706,0.937392795883362,0.485064443514811,-0.0347432958968968
RFC,HIV-1 PR,ECFP4,Validation,0.9292929292929292,0.9558441558441558,0.8913043478260869,0.942381562099872,0.4951634572324227,-0.0121062753168675
RFC,HIV-1 PR,ECFP4,Test,0.9139240506329114,0.95,0.8719806763285024,0.9316129032258064,0.475,-0.0656033342777212
RFC,HIV-1 PR,ECFP4,Train,0.9267676767676768,0.9540727902946274,0.887187751813054,0.9402220324508966,0.4770363951473137,-0.0579944503060641
RFC,HIV-1 PR,ECFP4,Validation,0.9269521410579346,0.9558441558441558,0.8888888888888888,0.9411764705882352,0.4779220779220779,-0.056793396406307
RFC,HIV-1 PR,ECFP4,Test,0.9130434782608696,0.9394736842105263,0.8623188405797102,0.926070038910506,0.4697368421052632,-0.0725476250110011
RFC,HIV-1 PR,ECFP4,Train,0.9276094276094276,0.954112554112554,0.8880837359098228,0.9406743491250532,0.4828034034930586,-0.0430445344599733
RFC,HIV-1 PR,ECFP4,Validation,0.9296875,0.9296875,0.8692493946731235,0.9296875,0.4993265086206896,-0.0013469827586206
RFC,HIV-1 PR,ECFP4,Test,0.9128205128205128,0.936842105263158,0.8599033816425121,0.9246753246753248,0.4684210526315789,-0.074202916886696
RFC,HIV-1 PR,ECFP4,Train,0.9305912596401028,0.9410745233968804,0.8799355358581789,0.935803532959931,0.5050200203191298,0.0108254688205315
RFC,HIV-1 PR,ECFP4,Validation,0.9271356783919598,0.9584415584415584,0.8913043478260869,0.942528735632184,0.4792207792207792,-0.0550284258474038
RFC,HIV-1 PR,ECFP4,Test,0.9147286821705426,0.9315789473684212,0.857487922705314,0.9230769230769232,0.4804953560371517,-0.0433772399689102
RFC,HIV-1 PR,ECFP4,Train,0.92924126172208,0.9445407279029464,0.8815471394037067,0.9368285345938976,0.4952588696985996,-0.010638268694564
RFC,HIV-1 PR,ECFP4,Validation,0.931472081218274,0.9532467532467532,0.8913043478260869,0.9422336328626444,0.5111061352440662,0.0264398634800707
RFC,HIV-1 PR,ECFP4,Test,0.916243654822335,0.95,0.8743961352657005,0.9328165374677002,0.4897058823529411,-0.0263625411746898
RFC,HIV-1 PR,ECFP4,Train,0.9266441821247892,0.9523396880415944,0.8855761482675262,0.9393162393162392,0.4761698440207972,-0.0591283448432012
RFC,HIV-1 PR,ECFP4,Validation,0.9269521410579346,0.9558441558441558,0.8888888888888888,0.9411764705882352,0.4779220779220779,-0.056793396406307
RFC,HIV-1 PR,ECFP4,Test,0.9128205128205128,0.936842105263158,0.8599033816425121,0.9246753246753248,0.4684210526315789,-0.074202916886696
RFC,HIV-1 PR,ECFP4,Train,0.9291139240506328,0.9532467532467532,0.8888888888888888,0.941025641025641,0.4938647559337214,-0.014966348546951
RFC,HIV-1 PR,ECFP4,Validation,0.9321148825065274,0.9296875,0.8716707021791767,0.9308996088657104,0.5165678879310345,0.0326213357876861
RFC,HIV-1 PR,ECFP4,Test,0.9151670951156812,0.936842105263158,0.8623188405797102,0.9258777633289988,0.4831269349845201,-0.0388964913313768
RFC,HIV-1 PR,ECFP4,Train,0.9291204099060631,0.9428076256499134,0.8799355358581789,0.9359139784946237,0.4943923185720831,-0.0124121893516029
RFC,HIV-1 PR,ECFP4,Validation,0.9273182957393484,0.961038961038961,0.893719806763285,0.9438775510204082,0.4805194805194805,-0.0532142341056785
RFC,HIV-1 PR,ECFP4,Test,0.9149484536082474,0.9342105263157896,0.8599033816425121,0.9244791666666666,0.4818111455108359,-0.0411684071805472
RFC,HIV-1 PR,ECFP4,Train,0.9278438030560272,0.9471403812824956,0.8823529411764706,0.937392795883362,0.485064443514811,-0.0347432958968968
RFC,HIV-1 PR,ECFP4,Validation,0.9292929292929292,0.9558441558441558,0.8913043478260869,0.942381562099872,0.4951634572324227,-0.0121062753168675
RFC,HIV-1 PR,ECFP4,Test,0.9139240506329114,0.95,0.8719806763285024,0.9316129032258064,0.475,-0.0656033342777212
RFC,HIV-1 PR,ECFP4,Train,0.9267676767676768,0.9540727902946274,0.887187751813054,0.9402220324508966,0.4770363951473137,-0.0579944503060641
RFC,HIV-1 PR,ECFP4,Validation,0.9269521410579346,0.9558441558441558,0.8888888888888888,0.9411764705882352,0.4779220779220779,-0.056793396406307
RFC,HIV-1 PR,ECFP4,Test,0.9130434782608696,0.9394736842105263,0.8623188405797102,0.926070038910506,0.4697368421052632,-0.0725476250110011
RFC,HIV-1 PR,ECFP4,Train,0.9276094276094276,0.954112554112554,0.8880837359098228,0.9406743491250532,0.4828034034930586,-0.0430445344599733
RFC,HIV-1 PR,ECFP4,Validation,0.9296875,0.9296875,0.8692493946731235,0.9296875,0.4993265086206896,-0.0013469827586206
RFC,HIV-1 PR,ECFP4,Test,0.9128205128205128,0.936842105263158,0.8599033816425121,0.9246753246753248,0.4684210526315789,-0.074202916886696
RFC,HIV-1 PR,MIX,Train,1.0,1.0,1.0,1.0,1.0,1.0
RFC,HIV-1 PR,MIX,Validation,0.9575,0.9948051948051948,0.9541062801932368,0.975796178343949,0.7042991491267354,0.5769416652599434
RFC,HIV-1 PR,MIX,Test,0.9689922480620154,0.986842105263158,0.9589371980676328,0.9778357235984356,0.8169504643962848,0.7048801494947909
RFC,HIV-1 PR,MIX,Train,0.9863247863247864,1.0,0.9871071716357775,0.9931153184165232,0.9080459770114944,0.8971798716941334
RFC,HIV-1 PR,MIX,Validation,0.9528535980148884,0.9974025974025974,0.9516908212560388,0.9746192893401016,0.671115091804747,0.5431237675963112
RFC,HIV-1 PR,MIX,Test,0.9715762273901808,0.9894736842105264,0.9637681159420288,0.9804432855280312,0.8329721362229102,0.7405114537549672
RFC,HIV-1 PR,MIX,Train,1.0,1.0,1.0,1.0,1.0,1.0
RFC,HIV-1 PR,MIX,Validation,0.943627450980392,1.0,0.9444444444444444,0.9709962168978562,0.603448275862069,0.4418520857935166
RFC,HIV-1 PR,MIX,Test,0.9496221662468514,0.9921052631578948,0.9444444444444444,0.9703989703989704,0.7019349845201237,0.5587957622199244
RFC,HIV-1 PR,MIX,Train,0.979643765903308,1.0,0.9806763285024156,0.9897172236503856,0.8620689655172413,0.842257211184357
RFC,HIV-1 PR,MIX,Validation,0.945679012345679,0.9973958333333334,0.9443099273607748,0.97084917617237,0.6193875718390806,0.4426711523089016
RFC,HIV-1 PR,MIX,Test,0.9569620253164556,0.9947368421052633,0.9541062801932368,0.975483870967742,0.7473684210526316,0.6491277286427152
RFC,HIV-1 PR,MIX,Train,0.9991341991341992,1.0,0.999194198227236,0.9995669120831528,0.9942528735632185,0.9938057647220232
RFC,HIV-1 PR,MIX,Validation,0.9547738693467336,0.987012987012987,0.9444444444444444,0.9706257982120052,0.6831616659202866,0.4850565985256076
RFC,HIV-1 PR,MIX,Test,0.96640826873385,0.9842105263157894,0.9541062801932368,0.9752281616688396,0.8009287925696594,0.6692488452346147
RFC,HIV-1 PR,MIX,Train,0.9838022165387894,1.0,0.984689766317486,0.9918349806617964,0.8908045977011494,0.8768972909662119
RFC,HIV-1 PR,MIX,Validation,0.9618320610687024,0.9818181818181818,0.9468599033816424,0.9717223650385604,0.7322884012539185,0.5403572237987952
RFC,HIV-1 PR,MIX,Test,0.9689119170984456,0.9842105263157894,0.9565217391304348,0.9765013054830288,0.8156346749226006,0.6901973575911066
RFC,HIV-1 PR,MIX,Train,1.0,1.0,1.0,1.0,1.0,1.0
RFC,HIV-1 PR,MIX,Validation,0.943627450980392,1.0,0.9444444444444444,0.9709962168978562,0.603448275862069,0.4418520857935166
RFC,HIV-1 PR,MIX,Test,0.9464285714285714,0.9763157894736842,0.927536231884058,0.961139896373057,0.6793343653250774,0.4390059421934637
RFC,HIV-1 PR,MIX,Train,0.9871794871794872,1.0,0.9879227053140096,0.9935483870967742,0.9137931034482758,0.903867317320941
RFC,HIV-1 PR,MIX,Validation,0.9526184538653366,0.9947916666666666,0.9491525423728814,0.973248407643312,0.6698096264367817,0.5166472285448303
RFC,HIV-1 PR,MIX,Test,0.9568527918781726,0.9921052631578948,0.9516908212560388,0.9741602067183462,0.7460526315789473,0.6301241984536781
RFC,HIV-1 PR,MIX,Train,1.0,1.0,1.0,1.0,1.0,1.0
RFC,HIV-1 PR,MIX,Validation,0.9548872180451128,0.9896103896103896,0.9468599033816424,0.971938775510204,0.684460367218988,0.5038837477730801
RFC,HIV-1 PR,MIX,Test,0.9690721649484536,0.9894736842105264,0.961352657004831,0.9791666666666666,0.818266253869969,0.7203595333038728
RFC,HIV-1 PR,MIX,Train,0.984641638225256,1.0,0.98549556809025,0.9922613929492692,0.896551724137931,0.8836982961353067
RFC,HIV-1 PR,MIX,Validation,0.9527363184079602,0.9948051948051948,0.9492753623188406,0.9733163913595934,0.6698163905060457,0.516696256895772
RFC,HIV-1 PR,MIX,Test,0.9689922480620154,0.986842105263158,0.9589371980676328,0.9778357235984356,0.8169504643962848,0.7048801494947909
RFC,HIV-1 PR,MIX,Train,1.0,1.0,1.0,1.0,1.0,1.0
RFC,HIV-1 PR,MIX,Validation,0.941320293398533,1.0,0.9420289855072465,0.9697732997481108,0.5862068965517242,0.4028605246361225
RFC,HIV-1 PR,MIX,Test,0.9496221662468514,0.9921052631578948,0.9444444444444444,0.9703989703989704,0.7019349845201237,0.5587957622199244
RFC,HIV-1 PR,MIX,Train,0.9813084112149532,1.0,0.9822866344605476,0.9905660377358492,0.8735632183908046,0.8562484783372466
RFC,HIV-1 PR,MIX,Validation,0.945679012345679,0.9973958333333334,0.9443099273607748,0.97084917617237,0.6193875718390806,0.4426711523089016
RFC,HIV-1 PR,MIX,Test,0.9593908629441624,0.9947368421052633,0.9565217391304348,0.9767441860465116,0.7620743034055728,0.671154619680451
RFC,HIV-1 PR,MIX,Train,1.0,1.0,1.0,1.0,1.0,1.0
RFC,HIV-1 PR,MIX,Validation,0.9547738693467336,0.987012987012987,0.9444444444444444,0.9706257982120052,0.6831616659202866,0.4850565985256076
RFC,HIV-1 PR,MIX,Test,0.96875,0.9789473684210528,0.9516908212560388,0.9738219895287958,0.8130030959752321,0.6629543829947039
RFC,HIV-1 PR,MIX,Train,0.9854824935952178,1.0,0.9863013698630136,0.9926881720430109,0.9022988505747128,0.8904588417606485
RFC,HIV-1 PR,MIX,Validation,0.9620253164556962,0.987012987012987,0.9516908212560388,0.9743589743589745,0.7348858038513211,0.5729817381661186
RFC,HIV-1 PR,MIX,Test,0.9689922480620154,0.986842105263158,0.9589371980676328,0.9778357235984356,0.8169504643962848,0.7048801494947909
RFC,HIV-1 PR,MIX,Train,1.0,1.0,1.0,1.0,1.0,1.0
RFC,HIV-1 PR,MIX,Validation,0.9367396593673966,1.0,0.9371980676328504,0.9673366834170856,0.5517241379310345,0.3112942381303884
RFC,HIV-1 PR,MIX,Test,0.9465648854961832,0.9789473684210528,0.929951690821256,0.96248382923674,0.6806501547987616,0.4520574886050514
RFC,HIV-1 PR,MIX,Train,0.9880239520958084,1.0,0.9887278582930756,0.993975903614458,0.9195402298850576,0.910511719852324
RFC,HIV-1 PR,MIX,Validation,0.9478908188585607,0.9947916666666666,0.9443099273607748,0.9707750952986024,0.6353268678160919,0.4499104843955989
RFC,HIV-1 PR,MIX,Test,0.959079283887468,0.986842105263158,0.9492753623188406,0.9727626459143968,0.7581269349845202,0.6187885662703041
RFC,HIV-1 PR,MIX,Train,1.0,1.0,1.0,1.0,1.0,1.0
RFC,HIV-1 PR,MIX,Validation,0.9548872180451128,0.9896103896103896,0.9468599033816424,0.971938775510204,0.684460367218988,0.5038837477730801
RFC,HIV-1 PR,MIX,Test,0.9690721649484536,0.9894736842105264,0.961352657004831,0.9791666666666666,0.818266253869969,0.7203595333038728
RFC,HIV-1 PR,MIX,Train,0.9854824935952178,1.0,0.9863013698630136,0.9926881720430109,0.9022988505747128,0.8904588417606485
RFC,HIV-1 PR,MIX,Validation,0.9527363184079602,0.9948051948051948,0.9492753623188406,0.9733163913595934,0.6698163905060457,0.516696256895772
RFC,HIV-1 PR,MIX,Test,0.9689119170984456,0.9842105263157894,0.9565217391304348,0.9765013054830288,0.8156346749226006,0.6901973575911066
RFC,HIV-1 PR,MIX,Train,1.0,1.0,1.0,1.0,1.0,1.0
RFC,HIV-1 PR,MIX,Validation,0.9390243902439024,1.0,0.9396135265700484,0.9685534591194968,0.5689655172413793,0.3598897130384294
RFC,HIV-1 PR,MIX,Test,0.9496221662468514,0.9921052631578948,0.9444444444444444,0.9703989703989704,0.7019349845201237,0.5587957622199244
RFC,HIV-1 PR,MIX,Train,0.9821428571428572,1.0,0.9830917874396136,0.990990990990991,0.8793103448275862,0.8631766282897236
RFC,HIV-1 PR,MIX,Validation,0.9433497536945812,0.9973958333333334,0.9418886198547216,0.9696202531645568,0.6021461925287357,0.4043940463073887
RFC,HIV-1 PR,MIX,Test,0.9569620253164556,0.9947368421052633,0.9541062801932368,0.975483870967742,0.7473684210526316,0.6491277286427152
RFC,HIV-1 PR,MIX,Train,1.0,1.0,1.0,1.0,1.0,1.0
RFC,HIV-1 PR,MIX,Validation,0.9546599496221664,0.9844155844155844,0.9420289855072465,0.969309462915601,0.6818629646215852,0.4678255229330891
RFC,HIV-1 PR,MIX,Test,0.9662337662337662,0.9789473684210528,0.9492753623188406,0.9725490196078432,0.798297213622291,0.6417724731691296
RFC,HIV-1 PR,MIX,Train,0.9854824935952178,1.0,0.9863013698630136,0.9926881720430109,0.9022988505747128,0.8904588417606485
RFC,HIV-1 PR,MIX,Validation,0.9620253164556962,0.987012987012987,0.9516908212560388,0.9743589743589745,0.7348858038513211,0.5729817381661186
RFC,HIV-1 PR,MIX,Test,0.9689922480620154,0.986842105263158,0.9589371980676328,0.9778357235984356,0.8169504643962848,0.7048801494947909
RFC,HIV-1 PR,MIX,Train,1.0,1.0,1.0,1.0,1.0,1.0
RFC,HIV-1 PR,MIX,Validation,0.943627450980392,1.0,0.9444444444444444,0.9709962168978562,0.603448275862069,0.4418520857935166
RFC,HIV-1 PR,MIX,Test,0.9441624365482234,0.9789473684210528,0.927536231884058,0.9612403100775194,0.6659442724458204,0.424972092319813
RFC,HIV-1 PR,MIX,Train,0.9871794871794872,1.0,0.9879227053140096,0.9935483870967742,0.9137931034482758,0.903867317320941
RFC,HIV-1 PR,MIX,Validation,0.94320987654321,0.9947916666666666,0.9394673123486684,0.9683143219264893,0.6008441091954022,0.3739147830333933
RFC,HIV-1 PR,MIX,Test,0.959079283887468,0.986842105263158,0.9492753623188406,0.9727626459143968,0.7581269349845202,0.6187885662703041
RFC,HIV-1 PR,MIX,Train,1.0,1.0,1.0,1.0,1.0,1.0
RFC,HIV-1 PR,MIX,Validation,0.9548872180451128,0.9896103896103896,0.9468599033816424,0.971938775510204,0.684460367218988,0.5038837477730801
RFC,HIV-1 PR,MIX,Test,0.9690721649484536,0.9894736842105264,0.961352657004831,0.9791666666666666,0.818266253869969,0.7203595333038728
RFC,HIV-1 PR,MIX,Train,0.984641638225256,1.0,0.98549556809025,0.9922613929492692,0.896551724137931,0.8836982961353067
RFC,HIV-1 PR,MIX,Validation,0.9527363184079602,0.9948051948051948,0.9492753623188406,0.9733163913595934,0.6698163905060457,0.516696256895772
RFC,HIV-1 PR,MIX,Test,0.9689922480620154,0.986842105263158,0.9589371980676328,0.9778357235984356,0.8169504643962848,0.7048801494947909
RFC,HIV-1 PR,MIX,Train,1.0,1.0,1.0,1.0,1.0,1.0
RFC,HIV-1 PR,MIX,Validation,0.941320293398533,1.0,0.9420289855072465,0.9697732997481108,0.5862068965517242,0.4028605246361225
RFC,HIV-1 PR,MIX,Test,0.9496221662468514,0.9921052631578948,0.9444444444444444,0.9703989703989704,0.7019349845201237,0.5587957622199244
RFC,HIV-1 PR,MIX,Train,0.9804753820033956,1.0,0.9814814814814816,0.9901414487783968,0.867816091954023,0.8492757187929215
RFC,HIV-1 PR,MIX,Validation,0.945679012345679,0.9973958333333334,0.9443099273607748,0.97084917617237,0.6193875718390806,0.4426711523089016
RFC,HIV-1 PR,MIX,Test,0.9569620253164556,0.9947368421052633,0.9541062801932368,0.975483870967742,0.7473684210526316,0.6491277286427152
RFC,HIV-1 PR,MIX,Train,1.0,1.0,1.0,1.0,1.0,1.0
RFC,HIV-1 PR,MIX,Validation,0.9546599496221664,0.9844155844155844,0.9420289855072465,0.969309462915601,0.6818629646215852,0.4678255229330891
RFC,HIV-1 PR,MIX,Test,0.9662337662337662,0.9789473684210528,0.9492753623188406,0.9725490196078432,0.798297213622291,0.6417724731691296
RFC,HIV-1 PR,MIX,Train,0.9854824935952178,1.0,0.9863013698630136,0.9926881720430109,0.9022988505747128,0.8904588417606485
RFC,HIV-1 PR,MIX,Validation,0.9621212121212122,0.9896103896103896,0.9541062801932368,0.9756722151088348,0.7361845051500224,0.5911897779736965
RFC,HIV-1 PR,MIX,Test,0.9689922480620154,0.986842105263158,0.9589371980676328,0.9778357235984356,0.8169504643962848,0.7048801494947909
RFC,HIV-1 PR,MIX,Train,1.0,1.0,1.0,1.0,1.0,1.0
RFC,HIV-1 PR,MIX,Validation,0.941320293398533,1.0,0.9420289855072465,0.9697732997481108,0.5862068965517242,0.4028605246361225
RFC,HIV-1 PR,MIX,Test,0.9393939393939394,0.9789473684210528,0.9227053140096618,0.9587628865979382,0.636532507739938,0.367632141549322
RFC,HIV-1 PR,MIX,Train,0.9871794871794872,1.0,0.9879227053140096,0.9935483870967742,0.9137931034482758,0.903867317320941
RFC,HIV-1 PR,MIX,Validation,0.94320987654321,0.9947916666666666,0.9394673123486684,0.9683143219264893,0.6008441091954022,0.3739147830333933
RFC,HIV-1 PR,MIX,Test,0.9591836734693876,0.9894736842105264,0.9516908212560388,0.9740932642487048,0.7594427244582043,0.6351091576316317
RFC,HIV-1 PR,MIX,Train,1.0,1.0,1.0,1.0,1.0,1.0
RFC,HIV-1 PR,MIX,Validation,0.9548872180451128,0.9896103896103896,0.9468599033816424,0.971938775510204,0.684460367218988,0.5038837477730801
RFC,HIV-1 PR,MIX,Test,0.9690721649484536,0.9894736842105264,0.961352657004831,0.9791666666666666,0.818266253869969,0.7203595333038728
RFC,HIV-1 PR,MIX,Train,0.984641638225256,1.0,0.98549556809025,0.9922613929492692,0.896551724137931,0.8836982961353067
RFC,HIV-1 PR,MIX,Validation,0.9527363184079602,0.9948051948051948,0.9492753623188406,0.9733163913595934,0.6698163905060457,0.516696256895772
RFC,HIV-1 PR,MIX,Test,0.9689922480620154,0.986842105263158,0.9589371980676328,0.9778357235984356,0.8169504643962848,0.7048801494947909
RFC,HIV-1 PR,MIX,Train,1.0,1.0,1.0,1.0,1.0,1.0
RFC,HIV-1 PR,MIX,Validation,0.9390243902439024,1.0,0.9396135265700484,0.9685534591194968,0.5689655172413793,0.3598897130384294
RFC,HIV-1 PR,MIX,Test,0.9496221662468514,0.9921052631578948,0.9444444444444444,0.9703989703989704,0.7019349845201237,0.5587957622199244
RFC,HIV-1 PR,MIX,Train,0.9821428571428572,1.0,0.9830917874396136,0.990990990990991,0.8793103448275862,0.8631766282897236
RFC,HIV-1 PR,MIX,Validation,0.945679012345679,0.9973958333333334,0.9443099273607748,0.97084917617237,0.6193875718390806,0.4426711523089016
RFC,HIV-1 PR,MIX,Test,0.9569620253164556,0.9947368421052633,0.9541062801932368,0.975483870967742,0.7473684210526316,0.6491277286427152
RFC,HIV-1 PR,MIX,Train,1.0,1.0,1.0,1.0,1.0,1.0
RFC,HIV-1 PR,MIX,Validation,0.9546599496221664,0.9844155844155844,0.9420289855072465,0.969309462915601,0.6818629646215852,0.4678255229330891
RFC,HIV-1 PR,MIX,Test,0.9662337662337662,0.9789473684210528,0.9492753623188406,0.9725490196078432,0.798297213622291,0.6417724731691296
RFC,HIV-1 PR,MIX,Train,0.987168520102652,1.0,0.9879129734085416,0.993542832544124,0.9137931034482758,0.9038622965471212
RFC,HIV-1 PR,MIX,Validation,0.9621212121212122,0.9896103896103896,0.9541062801932368,0.9756722151088348,0.7361845051500224,0.5911897779736965
RFC,HIV-1 PR,MIX,Test,0.9689922480620154,0.986842105263158,0.9589371980676328,0.9778357235984356,0.8169504643962848,0.7048801494947909
RFC,HIV-1 PR,MIX,Train,1.0,1.0,1.0,1.0,1.0,1.0
RFC,HIV-1 PR,MIX,Validation,0.941320293398533,1.0,0.9420289855072465,0.9697732997481108,0.5862068965517242,0.4028605246361225
RFC,HIV-1 PR,MIX,Test,0.9417721518987342,0.9789473684210528,0.92512077294686,0.96,0.6512383900928793,0.3968697064355023
RFC,HIV-1 PR,MIX,Train,0.9871794871794872,1.0,0.9879227053140096,0.9935483870967742,0.9137931034482758,0.903867317320941
RFC,HIV-1 PR,MIX,Validation,0.94320987654321,0.9947916666666666,0.9394673123486684,0.9683143219264893,0.6008441091954022,0.3739147830333933
RFC,HIV-1 PR,MIX,Test,0.9591836734693876,0.9894736842105264,0.9516908212560388,0.9740932642487048,0.7594427244582043,0.6351091576316317
RFC,HIV-1 PR,MIX,Train,0.9914089347079038,1.0,0.991941982272361,0.9956859361518552,0.942528735632184,0.9367250849323284
RFC,HIV-1 PR,MIX,Validation,0.9504950495049505,0.9974025974025974,0.9492753623188406,0.973384030418251,0.6538737124944021,0.5116030311197092
RFC,HIV-1 PR,MIX,Test,0.9690721649484536,0.9894736842105264,0.961352657004831,0.9791666666666666,0.818266253869969,0.7203595333038728
RFC,HIV-1 PR,MIX,Train,0.9905579399141632,1.0,0.9911361804995972,0.9952565761103924,0.9367816091954024,0.9302230818432649
RFC,HIV-1 PR,MIX,Validation,0.938875305623472,0.9974025974025974,0.9371980676328504,0.9672544080604534,0.567666815942678,0.3162193520650291
RFC,HIV-1 PR,MIX,Test,0.9666666666666668,0.9921052631578948,0.961352657004831,0.9792207792207792,0.804876160990712,0.7163855137664115
RFC,HIV-1 PR,MIX,Train,0.9991341991341992,1.0,0.999194198227236,0.9995669120831528,0.9942528735632185,0.9938057647220232
RFC,HIV-1 PR,MIX,Validation,0.945945945945946,1.0,0.9468599033816424,0.9722222222222222,0.6206896551724138,0.4778407475884805
RFC,HIV-1 PR,MIX,Test,0.9496221662468514,0.9921052631578948,0.9444444444444444,0.9703989703989704,0.7019349845201237,0.5587957622199244
RFC,HIV-1 PR,MIX,Train,1.0,1.0,1.0,1.0,1.0,1.0
RFC,HIV-1 PR,MIX,Validation,0.9503722084367244,0.9973958333333334,0.9491525423728814,0.9733163913595934,0.6538703304597702,0.5115604611890238
RFC,HIV-1 PR,MIX,Test,0.9666666666666668,0.9921052631578948,0.961352657004831,0.9792207792207792,0.804876160990712,0.7163855137664115
RFC,HIV-1 PR,MIX,Train,0.9939707149009476,1.0,0.9943593875906528,0.996976241900648,0.9597701149425288,0.9560314114499754
RFC,HIV-1 PR,MIX,Validation,0.945679012345679,0.9948051948051948,0.9420289855072465,0.9696202531645568,0.6180922525750112,0.4133633800577069
RFC,HIV-1 PR,MIX,Test,0.96640826873385,0.9842105263157894,0.9541062801932368,0.9752281616688396,0.8009287925696594,0.6692488452346147
RFC,HIV-1 PR,MIX,Train,0.988013698630137,1.0,0.9887187751813054,0.9939707149009476,0.9195402298850576,0.9105069953085188
RFC,HIV-1 PR,MIX,Validation,0.9504950495049505,0.9974025974025974,0.9492753623188406,0.973384030418251,0.6538737124944021,0.5116030311197092
RFC,HIV-1 PR,MIX,Test,0.9569620253164556,0.9947368421052633,0.9541062801932368,0.975483870967742,0.7473684210526316,0.6491277286427152
RFC,HIV-1 PR,MIX,Train,1.0,1.0,1.0,1.0,1.0,1.0
RFC,HIV-1 PR,MIX,Validation,0.941320293398533,1.0,0.9420289855072465,0.9697732997481108,0.5862068965517242,0.4028605246361225
RFC,HIV-1 PR,MIX,Test,0.9462915601023018,0.9736842105263158,0.92512077294686,0.959792477302205,0.6780185758513932,0.4267507353588304
RFC,HIV-1 PR,MIX,Train,1.0,1.0,1.0,1.0,1.0,1.0
RFC,HIV-1 PR,MIX,Validation,0.955,0.9947916666666666,0.9515738498789348,0.9744897959183674,0.6870510057471264,0.547460743215905
RFC,HIV-1 PR,MIX,Test,0.961340206185567,0.9815789473684212,0.9468599033816424,0.9713541666666666,0.7702012383900929,0.6115698275203842
RFC,HIV-1 PR,MIX,Train,0.9931153184165232,1.0,0.9935535858178888,0.996545768566494,0.9540229885057472,0.9496285429559356
RFC,HIV-1 PR,MIX,Validation,0.9506172839506172,1.0,0.9516908212560388,0.9746835443037974,0.6551724137931034,0.5431566598027889
RFC,HIV-1 PR,MIX,Test,0.9690721649484536,0.9894736842105264,0.961352657004831,0.9791666666666666,0.818266253869969,0.7203595333038728
RFC,HIV-1 PR,MIX,Train,0.9922613929492692,1.0,0.9927477840451248,0.9961156668105308,0.9482758620689656,0.9431933325910294
RFC,HIV-1 PR,MIX,Validation,0.9365853658536586,0.9974025974025974,0.9347826086956522,0.9660377358490566,0.5504254366323331,0.2631401408319945
RFC,HIV-1 PR,MIX,Test,0.9666666666666668,0.9921052631578948,0.961352657004831,0.9792207792207792,0.804876160990712,0.7163855137664115
RFC,HIV-1 PR,MIX,Train,0.9991341991341992,1.0,0.999194198227236,0.9995669120831528,0.9942528735632185,0.9938057647220232
RFC,HIV-1 PR,MIX,Validation,0.943627450980392,1.0,0.9444444444444444,0.9709962168978562,0.603448275862069,0.4418520857935166
RFC,HIV-1 PR,MIX,Test,0.9472361809045228,0.9921052631578948,0.9420289855072465,0.9691516709511568,0.6872291021671826,0.5333755206881509
RFC,HIV-1 PR,MIX,Train,1.0,1.0,1.0,1.0,1.0,1.0
RFC,HIV-1 PR,MIX,Validation,0.9527363184079602,0.9973958333333334,0.9515738498789348,0.9745547073791349,0.6711117097701149,0.5430814495520342
RFC,HIV-1 PR,MIX,Test,0.9665809768637532,0.9894736842105264,0.9589371980676328,0.9778933680104032,0.8035603715170279,0.6997799954204581
RFC,HIV-1 PR,MIX,Train,0.9956859361518552,1.0,0.9959709911361804,0.9978383052313012,0.971264367816092,0.9687427968702298
RFC,HIV-1 PR,MIX,Validation,0.9481481481481482,0.9974025974025974,0.9468599033816424,0.9721518987341772,0.6366323331840573,0.4782600199302479
RFC,HIV-1 PR,MIX,Test,0.9661458333333334,0.9763157894736842,0.9468599033816424,0.9712041884816754,0.7969814241486068,0.629019774369604
RFC,HIV-1 PR,MIX,Train,0.9914089347079038,1.0,0.991941982272361,0.9956859361518552,0.942528735632184,0.9367250849323284
RFC,HIV-1 PR,MIX,Validation,0.9502487562189056,0.9922077922077922,0.9444444444444444,0.9707750952986024,0.6512763098969996,0.4602847984688602
RFC,HIV-1 PR,MIX,Test,0.9618320610687024,0.9947368421052633,0.9589371980676328,0.9780077619663649,0.7767801857585139,0.6926125018216213
RFC,HIV-1 PR,MIX,Train,0.9991341991341992,1.0,0.999194198227236,0.9995669120831528,0.9942528735632185,0.9938057647220232
RFC,HIV-1 PR,MIX,Validation,0.9390243902439024,1.0,0.9396135265700484,0.9685534591194968,0.5689655172413793,0.3598897130384294
RFC,HIV-1 PR,MIX,Test,0.9464285714285714,0.9763157894736842,0.927536231884058,0.961139896373057,0.6793343653250774,0.4390059421934637
RFC,HIV-1 PR,MIX,Train,1.0,1.0,1.0,1.0,1.0,1.0
RFC,HIV-1 PR,MIX,Validation,0.955,0.9947916666666666,0.9515738498789348,0.9744897959183674,0.6870510057471264,0.547460743215905
RFC,HIV-1 PR,MIX,Test,0.9660574412532638,0.9736842105263158,0.9444444444444444,0.9698558322411532,0.7956656346749227,0.6168532650722035
RFC,HIV-1 PR,MIX,Train,0.9948275862068966,1.0,0.9951651893634166,0.9974070872947276,0.9655172413793104,0.9624026117785348
RFC,HIV-1 PR,MIX,Validation,0.9504950495049505,0.9974025974025974,0.9492753623188406,0.973384030418251,0.6538737124944021,0.5116030311197092
RFC,HIV-1 PR,MIX,Test,0.9690721649484536,0.9894736842105264,0.961352657004831,0.9791666666666666,0.818266253869969,0.7203595333038728
RFC,HIV-1 PR,MIX,Train,0.9914089347079038,1.0,0.991941982272361,0.9956859361518552,0.942528735632184,0.9367250849323284
RFC,HIV-1 PR,MIX,Validation,0.9365853658536586,0.9974025974025974,0.9347826086956522,0.9660377358490566,0.5504254366323331,0.2631401408319945
RFC,HIV-1 PR,MIX,Test,0.9667519181585678,0.9947368421052633,0.9637681159420288,0.980544747081712,0.8061919504643963,0.7340112648171884
RFC,HIV-1 PR,MIX,Train,1.0,1.0,1.0,1.0,1.0,1.0
RFC,HIV-1 PR,MIX,Validation,0.9390243902439024,1.0,0.9396135265700484,0.9685534591194968,0.5689655172413793,0.3598897130384294
RFC,HIV-1 PR,MIX,Test,0.9496221662468514,0.9921052631578948,0.9444444444444444,0.9703989703989704,0.7019349845201237,0.5587957622199244
RFC,HIV-1 PR,MIX,Train,1.0,1.0,1.0,1.0,1.0,1.0
RFC,HIV-1 PR,MIX,Validation,0.9503722084367244,0.9973958333333334,0.9491525423728814,0.9733163913595934,0.6538703304597702,0.5115604611890238
RFC,HIV-1 PR,MIX,Test,0.9665809768637532,0.9894736842105264,0.9589371980676328,0.9778933680104032,0.8035603715170279,0.6997799954204581
RFC,HIV-1 PR,MIX,Train,0.9939707149009476,1.0,0.9943593875906528,0.996976241900648,0.9597701149425288,0.9560314114499754
RFC,HIV-1 PR,MIX,Validation,0.9482758620689656,1.0,0.9492753623188406,0.9734513274336284,0.6379310344827587,0.5114619646272871
RFC,HIV-1 PR,MIX,Test,0.9661458333333334,0.9763157894736842,0.9468599033816424,0.9712041884816754,0.7969814241486068,0.629019774369604
RFC,HIV-1 PR,MIX,Train,0.9897084048027444,1.0,0.9903303787268332,0.9948275862068966,0.9310344827586208,0.9236865814181892
RFC,HIV-1 PR,MIX,Validation,0.9502487562189056,0.9922077922077922,0.9444444444444444,0.9707750952986024,0.6512763098969996,0.4602847984688602
RFC,HIV-1 PR,MIX,Test,0.9617346938775512,0.9921052631578948,0.9565217391304348,0.9766839378238342,0.7754643962848298,0.6743298007192652
RFC,HIV-1 PR,MIX,Train,0.9991341991341992,1.0,0.999194198227236,0.9995669120831528,0.9942528735632185,0.9938057647220232
RFC,HIV-1 PR,MIX,Validation,0.943627450980392,1.0,0.9444444444444444,0.9709962168978562,0.603448275862069,0.4418520857935166
RFC,HIV-1 PR,MIX,Test,0.9440203562340967,0.9763157894736842,0.92512077294686,0.959896507115136,0.6646284829721363,0.4119649864022898
RFC,HIV-1 PR,MIX,Train,1.0,1.0,1.0,1.0,1.0,1.0
RFC,HIV-1 PR,MIX,Validation,0.9502487562189056,0.9947916666666666,0.946731234866828,0.9720101781170484,0.6525682471264367,0.4842274378320158
RFC,HIV-1 PR,MIX,Test,0.9660574412532638,0.9736842105263158,0.9444444444444444,0.9698558322411532,0.7956656346749227,0.6168532650722035
RFC,HIV-1 PR,MIX,Train,0.9931153184165232,1.0,0.9935535858178888,0.996545768566494,0.9540229885057472,0.9496285429559356
RFC,HIV-1 PR,MIX,Validation,0.9529702970297028,1.0,0.9541062801932368,0.9759188846641318,0.6724137931034483,0.573245538361723
RFC,HIV-1 PR,MIX,Test,0.9690721649484536,0.9894736842105264,0.961352657004831,0.9791666666666666,0.818266253869969,0.7203595333038728
RFC,HIV-1 PR,MIX,Train,0.9914089347079038,1.0,0.991941982272361,0.9956859361518552,0.942528735632184,0.9367250849323284
RFC,HIV-1 PR,MIX,Validation,0.9365853658536586,0.9974025974025974,0.9347826086956522,0.9660377358490566,0.5504254366323331,0.2631401408319945
RFC,HIV-1 PR,MIX,Test,0.9667519181585678,0.9947368421052633,0.9637681159420288,0.980544747081712,0.8061919504643963,0.7340112648171884
RFC,HIV-1 PR,MIX,Train,1.0,1.0,1.0,1.0,1.0,1.0
RFC,HIV-1 PR,MIX,Validation,0.9390243902439024,1.0,0.9396135265700484,0.9685534591194968,0.5689655172413793,0.3598897130384294
RFC,HIV-1 PR,MIX,Test,0.947103274559194,0.9894736842105264,0.9396135265700484,0.967824967824968,0.6859133126934984,0.5144604909360898
RFC,HIV-1 PR,MIX,Train,1.0,1.0,1.0,1.0,1.0,1.0
RFC,HIV-1 PR,MIX,Validation,0.9503722084367244,0.9973958333333334,0.9491525423728814,0.9733163913595934,0.6538703304597702,0.5115604611890238
RFC,HIV-1 PR,MIX,Test,0.9665809768637532,0.9894736842105264,0.9589371980676328,0.9778933680104032,0.8035603715170279,0.6997799954204581
RFC,HIV-1 PR,MIX,Train,0.9948275862068966,1.0,0.9951651893634166,0.9974070872947276,0.9655172413793104,0.9624026117785348
RFC,HIV-1 PR,MIX,Validation,0.9481481481481482,0.9974025974025974,0.9468599033816424,0.9721518987341772,0.6366323331840573,0.4782600199302479
RFC,HIV-1 PR,MIX,Test,0.9659685863874344,0.9710526315789474,0.9420289855072465,0.968503937007874,0.7943498452012384,0.6052271384934333
RFC,HIV-1 PR,MIX,Train,0.9914089347079038,1.0,0.991941982272361,0.9956859361518552,0.942528735632184,0.9367250849323284
RFC,HIV-1 PR,MIX,Validation,0.9502487562189056,0.9922077922077922,0.9444444444444444,0.9707750952986024,0.6512763098969996,0.4602847984688602
RFC,HIV-1 PR,MIX,Test,0.9617346938775512,0.9921052631578948,0.9565217391304348,0.9766839378238342,0.7754643962848298,0.6743298007192652
RFC,HIV-1 PR,MIX,Train,0.9991341991341992,1.0,0.999194198227236,0.9995669120831528,0.9942528735632185,0.9938057647220232
RFC,HIV-1 PR,MIX,Validation,0.943627450980392,1.0,0.9444444444444444,0.9709962168978562,0.603448275862069,0.4418520857935166
RFC,HIV-1 PR,MIX,Test,0.9417721518987342,0.9789473684210528,0.92512077294686,0.96,0.6512383900928793,0.3968697064355023
RFC,HIV-1 PR,MIX,Train,1.0,1.0,1.0,1.0,1.0,1.0
RFC,HIV-1 PR,MIX,Validation,0.955,0.9947916666666666,0.9515738498789348,0.9744897959183674,0.6870510057471264,0.547460743215905
RFC,HIV-1 PR,MIX,Test,0.9661458333333334,0.9763157894736842,0.9468599033816424,0.9712041884816754,0.7969814241486068,0.629019774369604
RFC,HIV-1 PR,MIX,Train,0.9939707149009476,1.0,0.9943593875906528,0.996976241900648,0.9597701149425288,0.9560314114499754
RFC,HIV-1 PR,MIX,Validation,0.9529702970297028,1.0,0.9541062801932368,0.9759188846641318,0.6724137931034483,0.573245538361723
RFC,HIV-1 PR,MIX,Test,0.9690721649484536,0.9894736842105264,0.961352657004831,0.9791666666666666,0.818266253869969,0.7203595333038728
RFC,HIV-1 PR,MIX,Train,0.9914089347079038,1.0,0.991941982272361,0.9956859361518552,0.942528735632184,0.9367250849323284
RFC,HIV-1 PR,MIX,Validation,0.938875305623472,0.9974025974025974,0.9371980676328504,0.9672544080604534,0.567666815942678,0.3162193520650291
RFC,HIV-1 PR,MIX,Test,0.9667519181585678,0.9947368421052633,0.9637681159420288,0.980544747081712,0.8061919504643963,0.7340112648171884
RFC,HIV-1 PR,MIX,Train,0.9991341991341992,1.0,0.999194198227236,0.9995669120831528,0.9942528735632185,0.9938057647220232
RFC,HIV-1 PR,MIX,Validation,0.9390243902439024,1.0,0.9396135265700484,0.9685534591194968,0.5689655172413793,0.3598897130384294
RFC,HIV-1 PR,MIX,Test,0.9472361809045228,0.9921052631578948,0.9420289855072465,0.9691516709511568,0.6872291021671826,0.5333755206881509
RFC,HIV-1 PR,MIX,Train,1.0,1.0,1.0,1.0,1.0,1.0
RFC,HIV-1 PR,MIX,Validation,0.9503722084367244,0.9973958333333334,0.9491525423728814,0.9733163913595934,0.6538703304597702,0.5115604611890238
RFC,HIV-1 PR,MIX,Test,0.9665809768637532,0.9894736842105264,0.9589371980676328,0.9778933680104032,0.8035603715170279,0.6997799954204581
RFC,HIV-1 PR,MIX,Train,0.9948275862068966,1.0,0.9951651893634166,0.9974070872947276,0.9655172413793104,0.9624026117785348
RFC,HIV-1 PR,MIX,Validation,0.9481481481481482,0.9974025974025974,0.9468599033816424,0.9721518987341772,0.6366323331840573,0.4782600199302479
RFC,HIV-1 PR,MIX,Test,0.9659685863874344,0.9710526315789474,0.9420289855072465,0.968503937007874,0.7943498452012384,0.6052271384934333
RFC,HIV-1 PR,MIX,Train,0.9914089347079038,1.0,0.991941982272361,0.9956859361518552,0.942528735632184,0.9367250849323284
RFC,HIV-1 PR,MIX,Validation,0.9502487562189056,0.9922077922077922,0.9444444444444444,0.9707750952986024,0.6512763098969996,0.4602847984688602
RFC,HIV-1 PR,MIX,Test,0.9617346938775512,0.9921052631578948,0.9565217391304348,0.9766839378238342,0.7754643962848298,0.6743298007192652
RFC,HIV-1 PR,MIX,Train,1.0,1.0,1.0,1.0,1.0,1.0
RFC,HIV-1 PR,MIX,Validation,0.943627450980392,1.0,0.9444444444444444,0.9709962168978562,0.603448275862069,0.4418520857935166
RFC,HIV-1 PR,MIX,Test,0.9438775510204082,0.9736842105263158,0.9227053140096618,0.9585492227979274,0.663312693498452,0.3997852991058301
RFC,HIV-1 PR,MIX,Train,1.0,1.0,1.0,1.0,1.0,1.0
RFC,HIV-1 PR,MIX,Validation,0.955,0.9947916666666666,0.9515738498789348,0.9744897959183674,0.6870510057471264,0.547460743215905
RFC,HIV-1 PR,MIX,Test,0.9662337662337662,0.9789473684210528,0.9492753623188406,0.9725490196078432,0.798297213622291,0.6417724731691296
RFC,HIV-1 RT,PC,Train,0.6956806282722513,0.7470133520730851,0.5879120879120879,0.7204337512707557,0.4719522718914648,-0.059829940147236
RFC,HIV-1 RT,PC,Validation,0.6865979381443299,0.7010526315789474,0.5598802395209581,0.69375,0.4567439323697846,-0.087923724423792
RFC,HIV-1 RT,PC,Test,0.7225548902195609,0.7196819085487077,0.5808383233532934,0.7211155378486056,0.4386288330622326,-0.1222484166852525
RFC,HIV-1 RT,PC,Train,0.7014925373134329,0.7596626844694307,0.5994005994005994,0.7294197031039136,0.4825947273815202,-0.0374887340910582
RFC,HIV-1 RT,PC,Validation,0.6992031872509961,0.7389473684210527,0.5883233532934131,0.7185261003070624,0.4782819743659667,-0.0455585500548143
RFC,HIV-1 RT,PC,Test,0.7299412915851272,0.7415506958250497,0.5988023952095808,0.7357001972386588,0.4525935297307067,-0.0964346934798332
RFC,HIV-1 RT,PC,Train,0.6936997319034852,0.7268258426966292,0.5776335496754867,0.7098765432098766,0.468766980070249,-0.0649596070097507
RFC,HIV-1 RT,PC,Validation,0.7065637065637066,0.7721518987341772,0.6101949025487257,0.7379032258064516,0.4922935659473995,-0.0167800508755745
RFC,HIV-1 RT,PC,Test,0.73,0.7256461232604374,0.5913173652694611,0.7278165503489531,0.4537321525393095,-0.0919804674526715
RFC,HIV-1 RT,PC,Train,0.6794612794612794,0.7085674157303371,0.5551672491263105,0.6937091784118253,0.4432301672779492,-0.1175476036719737
RFC,HIV-1 RT,PC,Validation,0.6843137254901961,0.7362869198312236,0.5712143928035982,0.709349593495935,0.4510450143197569,-0.1046549644764049
RFC,HIV-1 RT,PC,Test,0.716566866267465,0.7137176938369781,0.5718562874251497,0.7151394422310757,0.4265558166154587,-0.1462972855413677
RFC,HIV-1 RT,PC,Train,0.6895874263261297,0.7399859451862263,0.5784215784215784,0.7138983050847457,0.4606665477226468,-0.0838431275406362
RFC,HIV-1 RT,PC,Validation,0.6838842975206612,0.6968421052631579,0.5553892215568862,0.6903023983315955,0.4520479956367603,-0.0973039852211667
RFC,HIV-1 RT,PC,Test,0.7250996015936255,0.7236580516898609,0.5853293413173652,0.7243781094527363,0.4436472076631123,-0.112477459463326
RFC,HIV-1 RT,PC,Train,0.702827087442472,0.7512297962052003,0.5974025974025974,0.7262228260869565,0.485286746116417,-0.0312279382076434
RFC,HIV-1 RT,PC,Validation,0.7004048582995951,0.728421052631579,0.5853293413173652,0.7141382868937048,0.4807908371966185,-0.0396758092574359
RFC,HIV-1 RT,PC,Test,0.7244094488188977,0.731610337972167,0.5883233532934131,0.7279920870425322,0.4415627447436593,-0.118101094421707
RFC,HIV-1 RT,PC,Train,0.6944634313055366,0.7134831460674157,0.5731402895656516,0.7038448216141323,0.4707312103394073,-0.0598012129407522
RFC,HIV-1 RT,PC,Validation,0.7089108910891089,0.7552742616033755,0.6056971514242878,0.7313585291113381,0.4968081152576462,-0.0067505914566726
RFC,HIV-1 RT,PC,Test,0.7232323232323232,0.7117296222664016,0.5778443113772455,0.717434869739479,0.4407132959816856,-0.1167313790193804
RFC,HIV-1 RT,PC,Train,0.6724832214765101,0.7036516853932584,0.545681477783325,0.6877144818119424,0.4304096078088917,-0.1445512126921685
RFC,HIV-1 RT,PC,Validation,0.6804733727810651,0.7278481012658228,0.5637181409295352,0.7033639143730887,0.4442349314619269,-0.1184393704589109
RFC,HIV-1 RT,PC,Test,0.7196819085487077,0.7196819085487077,0.5778443113772455,0.7196819085487077,0.4325682270016266,-0.1348635459967468
RFC,HIV-1 RT,PC,Train,0.6927083333333334,0.7477160927617709,0.5849150849150849,0.7191618790131802,0.4662587372271721,-0.0724009881278135
RFC,HIV-1 RT,PC,Validation,0.6871165644171779,0.7073684210526315,0.562874251497006,0.6970954356846473,0.4573111535314971,-0.0873753502089132
RFC,HIV-1 RT,PC,Test,0.7243460764587525,0.7157057654075547,0.5808383233532934,0.72,0.4427013675522622,-0.113246285891433
RFC,HIV-1 RT,PC,Train,0.7046193884189981,0.7610681658468025,0.6033966033966034,0.7317567567567568,0.4884788152204651,-0.0247403283586162
RFC,HIV-1 RT,PC,Validation,0.6958250497017893,0.7368421052631579,0.5838323353293413,0.7157464212678937,0.4720479956367602,-0.0587546773614884
RFC,HIV-1 RT,PC,Test,0.7292069632495164,0.7495029821073559,0.6017964071856288,0.7392156862745098,0.4505090668112537,-0.1020581890793317
RFC,HIV-1 RT,PC,Train,0.6915389740173218,0.7289325842696629,0.5761357963055417,0.7097435897435898,0.4646390037065067,-0.0739786769800673
RFC,HIV-1 RT,PC,Validation,0.7053231939163498,0.7827004219409283,0.6131934032983508,0.742,0.4897958068253863,-0.022665957192017
RFC,HIV-1 RT,PC,Test,0.7265469061876247,0.7236580516898609,0.5868263473053892,0.7250996015936255,0.4466775106934152,-0.1062158374478423
RFC,HIV-1 RT,PC,Train,0.6770350761085374,0.7183988764044944,0.5561657513729406,0.6971039182282794,0.4377832033145097,-0.1310439983941341
RFC,HIV-1 RT,PC,Validation,0.6802325581395349,0.740506329113924,0.568215892053973,0.7090909090909091,0.4427920246605889,-0.1239769860970945
RFC,HIV-1 RT,PC,Test,0.7182539682539683,0.7196819085487077,0.5763473053892215,0.7189672293942403,0.4295379239713236,-0.1412128449784222
RFC,HIV-1 RT,PC,Train,0.6924590163934427,0.7420941672522839,0.5824175824175825,0.7164179104477612,0.4660384480475582,-0.072287822747431
RFC,HIV-1 RT,PC,Validation,0.6904276985743381,0.7136842105263158,0.5688622754491018,0.7018633540372671,0.4630597218434688,-0.0758801598395891
RFC,HIV-1 RT,PC,Test,0.7231075697211156,0.7216699801192843,0.5823353293413174,0.7223880597014926,0.4396228688475209,-0.1205098459206172
RFC,HIV-1 RT,PC,Train,0.7059602649006622,0.7491215741391427,0.5999000999000998,0.7269007841800205,0.4911410979504004,-0.0186586665031452
RFC,HIV-1 RT,PC,Validation,0.6937119675456389,0.72,0.5748502994011976,0.7066115702479339,0.4688082901554404,-0.0643060972922969
RFC,HIV-1 RT,PC,Test,0.727810650887574,0.7335984095427436,0.592814371257485,0.7306930693069307,0.4486173865895536,-0.1036227782579951
RFC,HIV-1 RT,PC,Train,0.6898861352980576,0.723314606741573,0.5721417873190214,0.7062050051422695,0.4618300149424618,-0.0794385430243722
RFC,HIV-1 RT,PC,Validation,0.7036328871892925,0.7763713080168776,0.6086956521739131,0.7382146439317954,0.4866312498633611,-0.0294683986837629
RFC,HIV-1 RT,PC,Test,0.724,0.7196819085487077,0.5823353293413174,0.7218344965104686,0.4416591360925357,-0.1159816206786029
RFC,HIV-1 RT,PC,Train,0.675857431069267,0.7057584269662921,0.5501747378931603,0.6904843696324288,0.4366443257456676,-0.1313498116316813
RFC,HIV-1 RT,PC,Validation,0.6863905325443787,0.7341772151898734,0.5727136431784108,0.709480122324159,0.4551715091493408,-0.0952111846029586
RFC,HIV-1 RT,PC,Test,0.7211155378486056,0.7196819085487077,0.5793413173652695,0.7203980099502487,0.4355985300319296,-0.1285422323779084
RFC,HIV-1 RT,PC,Train,0.6910516002612671,0.7434996486296557,0.5814185814185814,0.7163168584969533,0.463286957302738,-0.0784863365009797
RFC,HIV-1 RT,PC,Validation,0.6864754098360656,0.7052631578947368,0.561377245508982,0.6957424714434061,0.4562585219525497,-0.0893722610545646
RFC,HIV-1 RT,PC,Test,0.7254509018036072,0.7196819085487077,0.5838323353293413,0.7225548902195609,0.4446894391228387,-0.1097413750681046
RFC,HIV-1 RT,PC,Train,0.7055771725032426,0.7645818692902319,0.6058941058941059,0.7338954468802699,0.4902356669421799,-0.0210471457967971
RFC,HIV-1 RT,PC,Validation,0.6946107784431138,0.7326315789473684,0.5808383233532934,0.7131147540983607,0.4699427324788655,-0.062925670697453
RFC,HIV-1 RT,PC,Test,0.732421875,0.7455268389662028,0.6032934131736527,0.7389162561576355,0.4576119043315862,-0.0864176767324655
RFC,HIV-1 RT,PC,Train,0.69,0.7268258426966292,0.5736395406889665,0.7079343365253078,0.4618585172032369,-0.0797429362351094
RFC,HIV-1 RT,PC,Validation,0.7039848197343453,0.7827004219409283,0.6116941529235382,0.7412587412587412,0.4872051332502568,-0.0284947114129567
RFC,HIV-1 RT,PC,Test,0.7265469061876247,0.7236580516898609,0.5868263473053892,0.7250996015936255,0.4466775106934152,-0.1062158374478423
RFC,HIV-1 RT,PC,Train,0.6773120425815037,0.7148876404494382,0.5551672491263105,0.6955927570891698,0.4386182589121111,-0.1285875680609812
RFC,HIV-1 RT,PC,Validation,0.6809338521400778,0.7383966244725738,0.568215892053973,0.708502024291498,0.4443278459150434,-0.1200904774824296
RFC,HIV-1 RT,PC,Test,0.716566866267465,0.7137176938369781,0.5718562874251497,0.7151394422310757,0.4265558166154587,-0.1462972855413677
RFC,HIV-1 RT,PC,Train,0.6915520628683693,0.7420941672522839,0.5814185814185814,0.7159322033898305,0.4643113323308052,-0.0760739101679746
RFC,HIV-1 RT,PC,Validation,0.6896551724137931,0.7157894736842105,0.5688622754491018,0.7024793388429752,0.4615216798472866,-0.0793284693822617
RFC,HIV-1 RT,PC,Test,0.7228915662650602,0.7157057654075547,0.5793413173652695,0.7192807192807192,0.4396710645219591,-0.1194654959470646
RFC,HIV-1 RT,PC,Train,0.7062334217506632,0.7484188334504568,0.5999000999000998,0.7267144319344934,0.4916532854644339,-0.0175559017977443
RFC,HIV-1 RT,PC,Validation,0.694331983805668,0.7221052631578947,0.5763473053892215,0.7079463364293086,0.4698609217343877,-0.0622511419524675
RFC,HIV-1 RT,PC,Test,0.7267326732673267,0.7296222664015904,0.5898203592814372,0.7281746031746031,0.446629315018977,-0.1071813556518929
RFC,HIV-1 RT,PC,Train,0.6912751677852349,0.723314606741573,0.5736395406889665,0.7069320521619766,0.4644206885175913,-0.0739043488562449
RFC,HIV-1 RT,PC,Validation,0.7061068702290076,0.7805907172995781,0.6131934032983508,0.7414829659318637,0.4913316280798409,-0.0191558618111471
RFC,HIV-1 RT,PC,Test,0.7234468937875751,0.7176938369781312,0.5808383233532934,0.720558882235529,0.4406651003072474,-0.1177260432464614
RFC,HIV-1 RT,PC,Train,0.6760187040748163,0.7106741573033708,0.5521717423864204,0.6929133858267716,0.4365115173390774,-0.1324747355973357
RFC,HIV-1 RT,PC,Validation,0.681640625,0.7362869198312236,0.568215892053973,0.7079107505070994,0.4458636671694978,-0.1162480897222213
RFC,HIV-1 RT,PC,Test,0.7191235059760956,0.7176938369781312,0.5763473053892215,0.718407960199005,0.4315741912163383,-0.1365746188351996
RFC,HIV-1 RT,PC,Train,0.6937704918032787,0.7434996486296557,0.5844155844155844,0.7177747625508819,0.468468304452997,-0.0671158262089911
RFC,HIV-1 RT,PC,Validation,0.6857142857142857,0.7073684210526315,0.561377245508982,0.6963730569948187,0.4547204799563676,-0.0928430135443938
RFC,HIV-1 RT,PC,Test,0.7265469061876247,0.7236580516898609,0.5868263473053892,0.7250996015936255,0.4466775106934152,-0.1062158374478423
RFC,HIV-1 RT,PC,Train,0.7028423772609819,0.7645818692902319,0.6028971028971029,0.7324133288455066,0.4850543197919207,-0.0323648805438804
RFC,HIV-1 RT,PC,Validation,0.6996047430830039,0.7452631578947368,0.5913173652694611,0.7217125382262997,0.4788491955276792,-0.0447352202334293
RFC,HIV-1 RT,PC,Test,0.7311411992263056,0.7514910536779325,0.6047904191616766,0.7411764705882353,0.4545334056268451,-0.093759361288097
RFC,HIV-1 RT,PC,Train,0.6905080213903744,0.7254213483146067,0.5736395406889665,0.7075342465753425,0.4628833857289787,-0.07739677225981
RFC,HIV-1 RT,PC,Validation,0.7053231939163498,0.7827004219409283,0.6131934032983508,0.742,0.4897958068253863,-0.022665957192017
RFC,HIV-1 RT,PC,Test,0.7270916334661355,0.7256461232604374,0.5883233532934131,0.7263681592039801,0.4476715464787035,-0.1044450730060348
RFC,HIV-1 RT,PC,Train,0.6784287616511319,0.7155898876404494,0.5566650024962556,0.696514012303486,0.4406964982243698,-0.1241511599139818
RFC,HIV-1 RT,PC,Validation,0.6783625730994152,0.7341772151898734,0.5637181409295352,0.7051671732522796,0.4396274676985636,-0.1299326124581493
RFC,HIV-1 RT,PC,Test,0.7154308617234469,0.709741550695825,0.5688622754491018,0.7125748502994012,0.4245677450448822,-0.1496647159598886
RFC,HIV-1 RT,PC,Train,0.6920551543007223,0.7406886858749122,0.5814185814185814,0.7155465037338764,0.4653357073588723,-0.073677751166997
RFC,HIV-1 RT,PC,Validation,0.6890243902439024,0.7136842105263158,0.5673652694610778,0.7011375387797312,0.4604690482683392,-0.0813493037124594
RFC,HIV-1 RT,PC,Test,0.7228915662650602,0.7157057654075547,0.5793413173652695,0.7192807192807192,0.4396710645219591,-0.1194654959470646
RFC,HIV-1 RT,PC,Train,0.7078052034689793,0.7456078706957133,0.6003996003996004,0.7262149212867899,0.4945655933789447,-0.0113615883327637
RFC,HIV-1 RT,PC,Validation,0.694949494949495,0.7242105263157895,0.5778443113772455,0.709278350515464,0.4709135533133352,-0.0601894636505072
RFC,HIV-1 RT,PC,Test,0.7281746031746031,0.7296222664015904,0.5913173652694611,0.7288977159880834,0.44965961804928,-0.1008870154445704
RFC,HIV-1 RT,PC,Train,0.6901881720430108,0.7212078651685393,0.5716425361957065,0.7053571428571429,0.462503759872698,-0.0777869805435304
RFC,HIV-1 RT,PC,Validation,0.7074569789674953,0.7805907172995781,0.6146926536731634,0.7422266800401204,0.4939223016549704,-0.0133969171448668
RFC,HIV-1 RT,PC,Test,0.7245508982035929,0.7216699801192843,0.5838323353293413,0.7231075697211156,0.442653171877824,-0.1142321270665474
RFC,HIV-1 RT,PC,Train,0.6751336898395722,0.7092696629213483,0.5506739890164752,0.6917808219178082,0.4349457122896897,-0.1356533183138447
RFC,HIV-1 RT,PC,Validation,0.681640625,0.7362869198312236,0.568215892053973,0.7079107505070994,0.4458636671694978,-0.1162480897222213
RFC,HIV-1 RT,PC,Test,0.720558882235529,0.7176938369781312,0.5778443113772455,0.7191235059760956,0.4346044942466414,-0.1302647063039576
RFC,HIV-1 RT,PC,Train,0.6957377049180328,0.7456078706957133,0.5874125874125874,0.7198100407055631,0.4721130890611554,-0.0593578314013312
RFC,HIV-1 RT,PC,Validation,0.6864754098360656,0.7052631578947368,0.561377245508982,0.6957424714434061,0.4562585219525497,-0.0893722610545646
RFC,HIV-1 RT,PC,Test,0.7248995983935743,0.7176938369781312,0.5823353293413174,0.7212787212787213,0.4436954033375504,-0.1114963576114705
RFC,HIV-1 RT,PC,Train,0.7032258064516129,0.7659873506676037,0.6038961038961039,0.7332660612176253,0.4857570604806067,-0.03089130754554
RFC,HIV-1 RT,PC,Validation,0.695049504950495,0.7389473684210527,0.5838323353293413,0.7163265306122449,0.4705099536405782,-0.0622431293180988
RFC,HIV-1 RT,PC,Test,0.7325581395348837,0.7514910536779325,0.6062874251497006,0.7419038272816487,0.4575637086571481,-0.0873065320817486
RFC,HIV-1 RT,PC,Train,0.691638795986622,0.726123595505618,0.5751372940589117,0.7084618019869818,0.4649616250412374,-0.0730156197089324
RFC,HIV-1 RT,PC,Validation,0.7074569789674953,0.7805907172995781,0.6146926536731634,0.7422266800401204,0.4939223016549704,-0.0133969171448668
RFC,HIV-1 RT,PC,Test,0.7265469061876247,0.7236580516898609,0.5868263473053892,0.7250996015936255,0.4466775106934152,-0.1062158374478423
RFC,HIV-1 RT,PC,Train,0.677762982689747,0.7148876404494382,0.5556665002496256,0.6958304853041695,0.4394818167704876,-0.1266940807687405
RFC,HIV-1 RT,PC,Validation,0.6796116504854369,0.7383966244725738,0.5667166416791605,0.7077856420626896,0.4417371723399138,-0.1259690838591424
RFC,HIV-1 RT,PC,Test,0.716566866267465,0.7137176938369781,0.5718562874251497,0.7151394422310757,0.4265558166154587,-0.1462972855413677
RFC,HIV-1 RT,PC,Train,0.6931147540983607,0.7427969079409698,0.5834165834165834,0.7170963364993216,0.4672533762502776,-0.0697018244782111
RFC,HIV-1 RT,PC,Validation,0.689795918367347,0.7115789473684211,0.5673652694610778,0.7005181347150259,0.4620070902645213,-0.0779022443206754
RFC,HIV-1 RT,PC,Test,0.7232323232323232,0.7117296222664016,0.5778443113772455,0.717434869739479,0.4407132959816856,-0.1167313790193804
RFC,HIV-1 RT,PC,Train,0.7078353253652059,0.7491215741391427,0.6018981018981019,0.7278934790030728,0.4945953293839064,-0.0113523986850659
RFC,HIV-1 RT,PC,Validation,0.6975806451612904,0.728421052631579,0.5823353293413174,0.7126673532440783,0.4756094900463594,-0.0505674756331965
RFC,HIV-1 RT,PC,Test,0.7267326732673267,0.7296222664015904,0.5898203592814372,0.7281746031746031,0.446629315018977,-0.1071813556518929
RFC,HIV-1 RT,PC,Train,0.6906523201075991,0.7212078651685393,0.5721417873190214,0.7055994503607008,0.4633673177310744,-0.0759473555007989
RFC,HIV-1 RT,PC,Validation,0.7063339731285988,0.7763713080168776,0.6116941529235382,0.7396984924623116,0.4918125970136201,-0.017957616743194
RFC,HIV-1 RT,PC,Test,0.7245508982035929,0.7216699801192843,0.5838323353293413,0.7231075697211156,0.442653171877824,-0.1142321270665474
RFC,HIV-1 RT,PC,Train,0.6753681392235609,0.7085674157303371,0.5506739890164752,0.6915695681973955,0.4354581465525605,-0.1344099795896941
RFC,HIV-1 RT,PC,Validation,0.6829745596868885,0.7362869198312236,0.5697151424287856,0.7086294416243655,0.4484543407446273,-0.1104376534441231
RFC,HIV-1 RT,PC,Test,0.72,0.7157057654075547,0.5763473053892215,0.7178464606181456,0.4336104584613531,-0.1319823894958906
RFC,HIV-1 RT,PC,Train,0.6886422976501305,0.741391426563598,0.577922077922078,0.7140439932318104,0.4587786148362031,-0.0881893206798499
RFC,HIV-1 RT,PC,Validation,0.6876267748478702,0.7136842105263158,0.5658682634730539,0.7004132231404959,0.4578783746932097,-0.0868396554272441
RFC,HIV-1 RT,PC,Test,0.7270916334661355,0.7256461232604374,0.5883233532934131,0.7263681592039801,0.4476715464787035,-0.1044450730060348
RFC,HIV-1 RT,PC,Train,0.6944266495836002,0.7617709065354884,0.5924075924075924,0.7265415549597856,0.4689683548221483,-0.067897812422518
RFC,HIV-1 RT,PC,Validation,0.695906432748538,0.751578947368421,0.5898203592814372,0.7226720647773279,0.4716443959640032,-0.0608933443064586
RFC,HIV-1 RT,PC,Test,0.724609375,0.7375745526838966,0.5913173652694611,0.7310344827586207,0.441514549069221,-0.119235759766739
RFC,HIV-1 RT,PC,Train,0.6948453608247422,0.7099719101123596,0.5721417873190214,0.7023271969433831,0.4715662659370088,-0.0578277631368225
RFC,HIV-1 RT,PC,Validation,0.7125748502994012,0.7531645569620253,0.6086956521739131,0.7323076923076923,0.5035252836623598,0.0073946731452246
RFC,HIV-1 RT,PC,Test,0.7248995983935743,0.7176938369781312,0.5823353293413174,0.7212787212787213,0.4436954033375504,-0.1114963576114705
RFC,HIV-1 RT,PC,Train,0.6845730027548209,0.6980337078651685,0.5566650024962556,0.6912378303198887,0.4535073547961421,-0.0943950934360955
RFC,HIV-1 RT,PC,Validation,0.6893787575150301,0.7257383966244726,0.5727136431784108,0.7070914696813977,0.4613147941671586,-0.08082353088955
RFC,HIV-1 RT,PC,Test,0.7217741935483871,0.7117296222664016,0.5763473053892215,0.7167167167167167,0.4376829929513826,-0.1229298878860755
RFC,HIV-1 RT,PC,Train,0.6892692560895326,0.735769501054111,0.5764235764235764,0.7117607070020394,0.4602854413733421,-0.084172265343961
RFC,HIV-1 RT,PC,Validation,0.6969072164948453,0.7115789473684211,0.5748502994011976,0.7041666666666667,0.4749604581401691,-0.0508962071402886
RFC,HIV-1 RT,PC,Test,0.717434869739479,0.7117296222664016,0.5718562874251497,0.7145708582834331,0.4285920838604735,-0.1416800477815318
RFC,HIV-1 RT,PC,Train,0.691025641025641,0.7575544624033732,0.586913086913087,0.7227623198122696,0.4625423434642082,-0.081891513332918
RFC,HIV-1 RT,PC,Validation,0.693050193050193,0.7557894736842106,0.5883233532934131,0.7230614300100705,0.4659776383965094,-0.0739110550510106
RFC,HIV-1 RT,PC,Test,0.7215686274509804,0.731610337972167,0.5853293413173652,0.7265547877591313,0.4355021386830532,-0.1309144672975802
RFC,HIV-1 RT,PC,Train,0.6995827538247567,0.7064606741573034,0.5756365451822266,0.7030048916841369,0.4801733422599988,-0.0399457072473899
RFC,HIV-1 RT,PC,Validation,0.7226720647773279,0.7531645569620253,0.6191904047976012,0.737603305785124,0.5216599986882666,0.0448197800534245
RFC,HIV-1 RT,PC,Test,0.7217741935483871,0.7117296222664016,0.5763473053892215,0.7167167167167167,0.4376829929513826,-0.1229298878860755
RFC,HIV-1 RT,PC,Train,0.6801369863013699,0.6973314606741573,0.5516724912631054,0.688626907073509,0.4453842104752479,-0.1113951148718741
RFC,HIV-1 RT,PC,Validation,0.6887550200803213,0.7236286919831224,0.5712143928035982,0.7057613168724279,0.4602599418464835,-0.0828644582952708
RFC,HIV-1 RT,PC,Test,0.7203219315895373,0.7117296222664016,0.5748502994011976,0.716,0.4346526899210795,-0.1291538705776862
RFC,HIV-1 RT,PC,Train,0.6925081433224756,0.7470133520730851,0.5844155844155844,0.7187288708586883,0.4659073668828292,-0.073100381299432
RFC,HIV-1 RT,PC,Validation,0.6937119675456389,0.72,0.5748502994011976,0.7066115702479339,0.4688082901554404,-0.0643060972922969
RFC,HIV-1 RT,PC,Test,0.7248995983935743,0.7176938369781312,0.5823353293413174,0.7212787212787213,0.4436954033375504,-0.1114963576114705
RFC,HIV-1 RT,PC,Train,0.6931012250161186,0.7554462403373156,0.5884115884115884,0.722932078009415,0.4666695795814385,-0.0723466372525088
RFC,HIV-1 RT,PC,Validation,0.6978557504873294,0.7536842105263157,0.592814371257485,0.7246963562753036,0.4752877011180801,-0.0530693870076099
RFC,HIV-1 RT,PC,Test,0.7251461988304093,0.7395626242544732,0.592814371257485,0.7322834645669292,0.4425085848545094,-0.1174720175080045
RFC,HIV-1 RT,PC,Train,0.6904761904761905,0.7127808988764045,0.5686470294558162,0.7014512785072564,0.4634716238768896,-0.0749432229820929
RFC,HIV-1 RT,PC,Validation,0.7134387351778656,0.7616033755274262,0.6131934032983508,0.736734693877551,0.5051540193699307,0.0109233455143536
RFC,HIV-1 RT,PC,Test,0.7256461232604374,0.7256461232604374,0.5868263473053892,0.7256461232604374,0.4446412434484005,-0.110717513103199
RFC,HIV-1 RT,PC,Train,0.6775510204081633,0.699438202247191,0.5496754867698452,0.6883206634416034,0.4403926762531291,-0.1222930069453952
RFC,HIV-1 RT,PC,Validation,0.6826347305389222,0.7215189873417721,0.5637181409295352,0.7015384615384616,0.4488423952252902,-0.1073087451772135
RFC,HIV-1 RT,PC,Test,0.7169042769857433,0.6998011928429424,0.5658682634730539,0.7082494969818913,0.4286884752093499,-0.1393760986329679
RFC,HIV-1 RT,PC,Train,0.6896551724137931,0.7308503162333099,0.5749250749250749,0.7096554077106789,0.4612800803964477,-0.0814407996439785
RFC,HIV-1 RT,PC,Validation,0.691683569979716,0.7178947368421053,0.5718562874251497,0.7045454545454546,0.4651649850013635,-0.0718172833372793
RFC,HIV-1 RT,PC,Test,0.717434869739479,0.7117296222664016,0.5718562874251497,0.7145708582834331,0.4285920838604735,-0.1416800477815318
RFC,HIV-1 RT,PC,Train,0.691072575465639,0.7561489810260014,0.5864135864135864,0.7221476510067114,0.4627031606338987,-0.0813428614677655
RFC,HIV-1 RT,PC,Validation,0.6932038834951456,0.751578947368421,0.5868263473053892,0.7212121212121212,0.4664630488137442,-0.0723485287314247
RFC,HIV-1 RT,PC,Test,0.7217898832684825,0.7375745526838966,0.5883233532934131,0.7295968534906588,0.4354539430086149,-0.1321854815450534
RFC,HIV-1 RT,PC,Train,0.6912568306010929,0.7106741573033708,0.5686470294558162,0.7008310249307479,0.4650089266655023,-0.0715346762027377
RFC,HIV-1 RT,PC,Validation,0.7165354330708661,0.7679324894514767,0.6191904047976012,0.7413441955193483,0.5109092499070855,0.0232200041653076
RFC,HIV-1 RT,PC,Test,0.7203219315895373,0.7117296222664016,0.5748502994011976,0.716,0.4346526899210795,-0.1291538705776862
RFC,HIV-1 RT,PC,Train,0.6789366053169734,0.699438202247191,0.5511732401397903,0.6890349360083017,0.4429833498282587,-0.1167692574728237
RFC,HIV-1 RT,PC,Validation,0.6913827655310621,0.7278481012658228,0.5757121439280359,0.7091469681397738,0.4649603200629632,-0.0732070721295429
RFC,HIV-1 RT,PC,Test,0.717479674796748,0.7017892644135189,0.5673652694610778,0.7095477386934673,0.4296825109946383,-0.1376830344340131
RFC,HIV-1 RT,PC,Train,0.6913015042511446,0.7427969079409698,0.5814185814185814,0.7161246612466124,0.4637991448167715,-0.0772780659898343
RFC,HIV-1 RT,PC,Validation,0.693089430894309,0.7178947368421053,0.5733532934131736,0.7052740434332989,0.467755658576493,-0.0663544541319067
RFC,HIV-1 RT,PC,Test,0.7225548902195609,0.7196819085487077,0.5808383233532934,0.7211155378486056,0.4386288330622326,-0.1222484166852525
RFC,HIV-1 RT,PC,Train,0.692604501607717,0.7568517217146873,0.5884115884115884,0.7233042310275353,0.4656452045533713,-0.0748066379085122
RFC,HIV-1 RT,PC,Validation,0.6951456310679611,0.7536842105263157,0.5898203592814372,0.7232323232323232,0.4701063539678211,-0.0644889064851096
RFC,HIV-1 RT,PC,Test,0.7242718446601941,0.7415506958250497,0.592814371257485,0.7328094302554028,0.4404723176094945,-0.1221871696016795
RFC,HIV-1 RT,PC,Train,0.6900544959128065,0.711376404494382,0.5676485272091862,0.7005532503457814,0.4627693766858783,-0.0762929943797463
RFC,HIV-1 RT,PC,Validation,0.7128712871287128,0.759493670886076,0.6116941529235382,0.7354443309499489,0.5040991670492556,0.0086694239597679
RFC,HIV-1 RT,PC,Test,0.7225548902195609,0.7196819085487077,0.5808383233532934,0.7211155378486056,0.4386288330622326,-0.1222484166852525
RFC,HIV-1 RT,PC,Train,0.676209952283572,0.6966292134831461,0.54717923115327,0.686267727429955,0.4381246240127302,-0.1267198561845049
RFC,HIV-1 RT,PC,Validation,0.684,0.7215189873417721,0.5652173913043478,0.702258726899384,0.4514330688004197,-0.1016705670631054
RFC,HIV-1 RT,PC,Test,0.714867617107943,0.6978131212723658,0.562874251497006,0.7062374245472837,0.4246641363937586,-0.1472415403738501
RFC,HIV-1 RT,PC,Train,0.6908371786420567,0.7364722417427969,0.5784215784215784,0.7129251700680272,0.4632274852928146,-0.077827198593735
RFC,HIV-1 RT,PC,Validation,0.694331983805668,0.7221052631578947,0.5763473053892215,0.7079463364293086,0.4698609217343877,-0.0622511419524675
RFC,HIV-1 RT,PC,Test,0.7188755020080321,0.7117296222664016,0.5733532934131736,0.7152847152847153,0.4316223868907765,-0.1354037726182528
RFC,HIV-1 RT,PC,Train,0.6908740359897172,0.7554462403373156,0.5859140859140859,0.7217186975495132,0.4623517902895558,-0.0820434341901338
RFC,HIV-1 RT,PC,Validation,0.6920077972709552,0.7473684210526316,0.5838323353293413,0.7186234817813765,0.4643577856558494,-0.0765412589041561
RFC,HIV-1 RT,PC,Test,0.7235294117647059,0.7335984095427436,0.5883233532934131,0.7285291214215203,0.4395264774986445,-0.1227460697490295
RFC,HIV-1 RT,PC,Train,0.6909959072305594,0.711376404494382,0.5686470294558162,0.701038062283737,0.4644964924026314,-0.0726676985329418
RFC,HIV-1 RT,PC,Validation,0.7159763313609467,0.7658227848101266,0.6176911544227887,0.7400611620795107,0.5098543975864105,0.0209297446768025
RFC,HIV-1 RT,PC,Test,0.719758064516129,0.709741550695825,0.5733532934131736,0.7147147147147147,0.4336586541357913,-0.1308685156033897
RFC,HIV-1 RT,PC,Train,0.6788866259334692,0.702247191011236,0.5521717423864204,0.6903693476009665,0.4426607284935281,-0.1178520482525925
RFC,HIV-1 RT,PC,Validation,0.688622754491018,0.7278481012658228,0.5727136431784108,0.7076923076923077,0.4597789729127041,-0.0843680615127259
RFC,HIV-1 RT,PC,Test,0.7165991902834008,0.7037773359840954,0.5673652694610778,0.7101303911735206,0.4276462437496234,-0.1421932380510365
RFC,HIV-1 RT,PC,Train,0.6922572178477691,0.741391426563598,0.5819180819180819,0.7159823549372243,0.4656870777032152,-0.0729832169988306
RFC,HIV-1 RT,PC,Validation,0.6941649899396378,0.7263157894736842,0.5778443113772455,0.7098765432098766,0.4693755113171529,-0.0636133184736087
RFC,HIV-1 RT,PC,Test,0.718562874251497,0.7157057654075547,0.5748502994011976,0.7171314741035857,0.4305801554310501,-0.1382809959226627
RFC,HIV-1 RT,PC,Train,0.6924066924066924,0.7561489810260014,0.5879120879120879,0.722875377897212,0.4652938342090283,-0.0755116309258941
RFC,HIV-1 RT,PC,Validation,0.6932038834951456,0.751578947368421,0.5868263473053892,0.7212121212121212,0.4664630488137442,-0.0723485287314247
RFC,HIV-1 RT,PC,Test,0.7253384912959381,0.7455268389662028,0.5958083832335329,0.7352941176470589,0.4424603891800711,-0.1186558446618013
RFC,HIV-1 RT,PC,Train,0.6902173913043478,0.7134831460674157,0.5686470294558162,0.7016574585635359,0.4629591896140187,-0.0760857956177607
RFC,HIV-1 RT,PC,Validation,0.7114624505928854,0.759493670886076,0.6101949025487257,0.7346938775510204,0.5015084934741261,0.0031970767359083
RFC,HIV-1 RT,PC,Test,0.7225548902195609,0.7196819085487077,0.5808383233532934,0.7211155378486056,0.4386288330622326,-0.1222484166852525
RFC,HIV-1 RT,PC,Train,0.6759890859481582,0.6959269662921348,0.5466799800299551,0.6858131487889273,0.4377735004172245,-0.1273636555498112
RFC,HIV-1 RT,PC,Validation,0.6832669322709163,0.7236286919831224,0.5652173913043478,0.7028688524590164,0.4498972475459654,-0.1053090209854253
RFC,HIV-1 RT,PC,Test,0.7169042769857433,0.6998011928429424,0.5658682634730539,0.7082494969818913,0.4286884752093499,-0.1393760986329679
RFC,HIV-1 RT,PC,Train,0.6899736147757256,0.7350667603654252,0.5769230769230769,0.7118067369853692,0.4616611867457523,-0.0810853989477267
RFC,HIV-1 RT,PC,Validation,0.694331983805668,0.7221052631578947,0.5763473053892215,0.7079463364293086,0.4698609217343877,-0.0622511419524675
RFC,HIV-1 RT,PC,Test,0.7154308617234469,0.709741550695825,0.5688622754491018,0.7125748502994012,0.4245677450448822,-0.1496647159598886
RFC,HIV-1 RT,PC,Train,0.6912235746316464,0.758257203092059,0.5874125874125874,0.7231903485254692,0.4628937138085511,-0.081189239084284
RFC,HIV-1 RT,PC,Validation,0.6906614785992218,0.7473684210526316,0.5823353293413174,0.717896865520728,0.4617671120807199,-0.0822906776600343
RFC,HIV-1 RT,PC,Test,0.723196881091618,0.7375745526838966,0.5898203592814372,0.7303149606299213,0.438484246038918,-0.1256949356359881
RFC,HIV-1 RT,PC,Train,0.6910457963089542,0.7099719101123596,0.5681477783325013,0.7003810183581572,0.4646578030699967,-0.0722102372156079
RFC,HIV-1 RT,PC,Validation,0.7125984251968503,0.7637130801687764,0.6131934032983508,0.7372708757637475,0.5036181981154763,0.0077012238263695
RFC,HIV-1 RT,PC,Test,0.719758064516129,0.709741550695825,0.5733532934131736,0.7147147147147147,0.4336586541357913,-0.1308685156033897
RFC,HIV-1 RT,PC,Train,0.6796182685753238,0.7001404494382022,0.5521717423864204,0.6897267381528883,0.4441980312821408,-0.1142816077949034
RFC,HIV-1 RT,PC,Validation,0.69,0.7278481012658228,0.5742128935532234,0.7084188911704312,0.4623696464878337,-0.0787758107393068
RFC,HIV-1 RT,PC,Test,0.714867617107943,0.6978131212723658,0.562874251497006,0.7062374245472837,0.4246641363937586,-0.1472415403738501
RFC,HIV-1 RT,PC,Train,0.6932635709614127,0.7449051300070274,0.5844155844155844,0.7181571815718157,0.4674439294249299,-0.0694975341752576
RFC,HIV-1 RT,PC,Validation,0.6941649899396378,0.7263157894736842,0.5778443113772455,0.7098765432098766,0.4693755113171529,-0.0636133184736087
RFC,HIV-1 RT,PC,Test,0.7231075697211156,0.7216699801192843,0.5823353293413174,0.7223880597014926,0.4396228688475209,-0.1205098459206172
RFC,HIV-1 RT,PC,Train,0.692604501607717,0.7568517217146873,0.5884115884115884,0.7233042310275353,0.4656452045533713,-0.0748066379085122
RFC,HIV-1 RT,PC,Validation,0.6932038834951456,0.751578947368421,0.5868263473053892,0.7212121212121212,0.4664630488137442,-0.0723485287314247
RFC,HIV-1 RT,PC,Test,0.7239382239382239,0.7455268389662028,0.594311377245509,0.7345739471106758,0.439430086149768,-0.1251994459149329
RFC,HIV-1 RT,PC,Train,0.6898432174505794,0.7106741573033708,0.5671492760858712,0.700103770321688,0.4624182530903727,-0.076966862626099
RFC,HIV-1 RT,PC,Validation,0.7106299212598425,0.7616033755274262,0.6101949025487257,0.7352342158859471,0.4999726722196716,-5.816634309946796e-05
RFC,HIV-1 RT,PC,Test,0.7225548902195609,0.7196819085487077,0.5808383233532934,0.7211155378486056,0.4386288330622326,-0.1222484166852525
RFC,HIV-1 RT,PC,Train,0.6759890859481582,0.6959269662921348,0.5466799800299551,0.6858131487889273,0.4377735004172245,-0.1273636555498112
RFC,HIV-1 RT,PC,Validation,0.6819085487077535,0.7236286919831224,0.5637181409295352,0.7021494370522006,0.4473065739708358,-0.1109809251871628
RFC,HIV-1 RT,PC,Test,0.7169042769857433,0.6998011928429424,0.5658682634730539,0.7082494969818913,0.4286884752093499,-0.1393760986329679
RFC,HIV-1 RT,PC,Train,0.6917491749174918,0.7364722417427969,0.5794205794205795,0.7134104833219878,0.4649546010095677,-0.0740682253654846
RFC,HIV-1 RT,PC,Validation,0.692929292929293,0.7221052631578947,0.5748502994011976,0.7072164948453609,0.4672702481592582,-0.0677286651728284
RFC,HIV-1 RT,PC,Test,0.717434869739479,0.7117296222664016,0.5718562874251497,0.7145708582834331,0.4285920838604735,-0.1416800477815318
RFC,HIV-1 RT,PC,Train,0.6919614147909968,0.7561489810260014,0.5874125874125874,0.722632639355272,0.4644302763506518,-0.0774521112103942
RFC,HIV-1 RT,PC,Validation,0.6932038834951456,0.751578947368421,0.5868263473053892,0.7212121212121212,0.4664630488137442,-0.0723485287314247
RFC,HIV-1 RT,PC,Test,0.7237354085603113,0.7395626242544732,0.5913173652694611,0.7315634218289085,0.4394782818242063,-0.1239439376144863
RFC,HIV-1 RT,PC,Train,0.6919917864476386,0.7099719101123596,0.5691462805791313,0.7008665511265164,0.4663849187867497,-0.0686015116798023
RFC,HIV-1 RT,PC,Validation,0.7120315581854043,0.7616033755274262,0.6116941529235382,0.7359836901121305,0.5025633457948011,0.005444287439501
RFC,HIV-1 RT,PC,Test,0.7191919191919192,0.7077534791252486,0.5718562874251497,0.7134268537074149,0.432664618350503,-0.1325786630728193
RFC,HIV-1 RT,PC,Train,0.6796448087431693,0.6987359550561798,0.5516724912631054,0.6890581717451524,0.4443593419495062,-0.1137500533150327
RFC,HIV-1 RT,PC,Validation,0.6872509960159362,0.7278481012658228,0.5712143928035982,0.7069672131147541,0.4571882993375745,-0.0899842436324682
RFC,HIV-1 RT,PC,Test,0.7157464212678937,0.6958250497017893,0.562874251497006,0.7056451612903226,0.4267004036387734,-0.1427501582492393
RFC,HIV-1 RT,ECFP4,Train,0.6953175112251443,0.7617709065354884,0.5934065934065934,0.7270288397048961,0.4706954705389014,-0.0640149719059428
RFC,HIV-1 RT,ECFP4,Validation,0.6852589641434262,0.7242105263157895,0.5673652694610778,0.7041965199590583,0.4527788382874284,-0.0990572391699101
RFC,HIV-1 RT,ECFP4,Test,0.7208835341365462,0.7137176938369781,0.5763473053892215,0.7172827172827173,0.4356467257063678,-0.1274346342826587
RFC,HIV-1 RT,ECFP4,Train,0.6920052424639581,0.7420941672522839,0.5819180819180819,0.71617497456765,0.4651748901891817,-0.0741794277903683
RFC,HIV-1 RT,ECFP4,Validation,0.6961770623742455,0.728421052631579,0.5808383233532934,0.7119341563786008,0.4730188164712299,-0.0560454294726522
RFC,HIV-1 RT,ECFP4,Test,0.7254509018036072,0.7196819085487077,0.5838323353293413,0.7225548902195609,0.4446894391228387,-0.1097413750681046
RFC,HIV-1 RT,ECFP4,Train,0.686962276637988,0.7289325842696629,0.5711432850723914,0.7073253833049403,0.4560034251227416,-0.0926676941712016
RFC,HIV-1 RT,ECFP4,Validation,0.7027027027027027,0.7679324894514767,0.6041979010494752,0.7338709677419355,0.4850025141557902,-0.0326556451082103
RFC,HIV-1 RT,ECFP4,Test,0.7254509018036072,0.7196819085487077,0.5838323353293413,0.7225548902195609,0.4446894391228387,-0.1097413750681046
RFC,HIV-1 RT,ECFP4,Train,0.6795039164490861,0.7310393258426966,0.563654518222666,0.7043301759133965,0.4415127544584812,-0.1250390325187869
RFC,HIV-1 RT,ECFP4,Validation,0.6795366795366795,0.7426160337552743,0.568215892053973,0.7096774193548387,0.4412562034061346,-0.127909210504025
RFC,HIV-1 RT,ECFP4,Test,0.7181996086105675,0.7296222664015904,0.5808383233532934,0.7238658777120316,0.4284474968371589,-0.1455527836395958
RFC,HIV-1 RT,ECFP4,Train,0.6957637997432606,0.7617709065354884,0.593906093906094,0.7272727272727273,0.4715590283972778,-0.062078461408645
RFC,HIV-1 RT,ECFP4,Validation,0.6826347305389222,0.72,0.562874251497006,0.7008196721311475,0.4480829015544041,-0.1086897948410552
RFC,HIV-1 RT,ECFP4,Test,0.7290836653386454,0.7276341948310139,0.5913173652694611,0.7283582089552239,0.4516958852942948,-0.0964126865487436
RFC,HIV-1 RT,ECFP4,Train,0.6947019867549669,0.7371749824314828,0.5829170829170829,0.715308557790658,0.4704873185041697,-0.062159766363951
RFC,HIV-1 RT,ECFP4,Validation,0.692929292929293,0.7221052631578947,0.5748502994011976,0.7072164948453609,0.4672702481592582,-0.0677286651728284
RFC,HIV-1 RT,ECFP4,Test,0.7186234817813765,0.705765407554672,0.5703592814371258,0.7121364092276831,0.4316705825652148,-0.1342844051602711
RFC,HIV-1 RT,ECFP4,Train,0.6887107548430194,0.7240168539325843,0.5711432850723914,0.7059226292365628,0.4595904649628379,-0.0843183242896159
RFC,HIV-1 RT,ECFP4,Validation,0.7015503875968992,0.7637130801687764,0.6011994002998501,0.7313131313131314,0.48289280951444,-0.0370734657957299
RFC,HIV-1 RT,ECFP4,Test,0.7206477732793523,0.7077534791252486,0.5733532934131736,0.7141424272818455,0.4356949213808061,-0.1263755722695057
RFC,HIV-1 RT,ECFP4,Train,0.6771037181996086,0.7289325842696629,0.5601597603594608,0.7020629015894487,0.4370051522384583,-0.1347749863460962
RFC,HIV-1 RT,ECFP4,Validation,0.6788461538461539,0.7447257383966245,0.568215892053973,0.710261569416499,0.4397203821516801,-0.1318888168166095
RFC,HIV-1 RT,ECFP4,Test,0.7196078431372549,0.7296222664015904,0.5823353293413174,0.7245804540967423,0.4314777998674619,-0.1390828648461308
RFC,HIV-1 RT,ECFP4,Train,0.6938382541720154,0.7596626844694307,0.5909090909090909,0.725259979872526,0.4679142437891195,-0.0700339779711919
RFC,HIV-1 RT,ECFP4,Validation,0.682,0.7178947368421053,0.561377245508982,0.6994871794871795,0.4470302699754567,-0.1106734813591382
RFC,HIV-1 RT,ECFP4,Test,0.7254509018036072,0.7196819085487077,0.5838323353293413,0.7225548902195609,0.4446894391228387,-0.1097413750681046
RFC,HIV-1 RT,ECFP4,Train,0.6945358788676761,0.741391426563598,0.5844155844155844,0.717199184228416,0.4700048669950978,-0.0635726137120236
RFC,HIV-1 RT,ECFP4,Validation,0.6947791164658634,0.728421052631579,0.5793413173652695,0.71120246659815,0.4704281428961003,-0.0615453040928279
RFC,HIV-1 RT,ECFP4,Test,0.7228915662650602,0.7157057654075547,0.5793413173652695,0.7192807192807192,0.4396710645219591,-0.1194654959470646
RFC,HIV-1 RT,ECFP4,Train,0.6865473823724321,0.7275280898876404,0.5701447828257613,0.7064439140811456,0.4553011779317304,-0.0940182701504482
RFC,HIV-1 RT,ECFP4,Validation,0.7019230769230769,0.770042194092827,0.6041979010494752,0.7344064386317908,0.4834666929013358,-0.0361740566570173
RFC,HIV-1 RT,ECFP4,Test,0.7261904761904762,0.7276341948310139,0.5883233532934131,0.7269116186693148,0.4456352792336888,-0.1089521813513408
RFC,HIV-1 RT,ECFP4,Train,0.6775244299674267,0.7303370786516854,0.5611582626060909,0.7029401824940859,0.4377073994294697,-0.1334699868769545
RFC,HIV-1 RT,ECFP4,Validation,0.6795366795366795,0.7426160337552743,0.568215892053973,0.7096774193548387,0.4412562034061346,-0.127909210504025
RFC,HIV-1 RT,ECFP4,Test,0.7151162790697675,0.7335984095427436,0.5793413173652695,0.7242394504416094,0.4213446593168263,-0.1618219879130196
RFC,HIV-1 RT,ECFP4,Train,0.6942307692307692,0.7610681658468025,0.5919080919080919,0.7261146496815286,0.4686169844778053,-0.0686108761664591
RFC,HIV-1 RT,ECFP4,Validation,0.6832669322709163,0.7221052631578947,0.5643712574850299,0.7021494370522006,0.4491355331333514,-0.1066999090434953
RFC,HIV-1 RT,ECFP4,Test,0.7272727272727273,0.731610337972167,0.5913173652694611,0.7294350842418236,0.4476233508042653,-0.105404925474319
RFC,HIV-1 RT,ECFP4,Train,0.6928665785997358,0.7371749824314828,0.580919080919081,0.714334354783793,0.4670330870706637,-0.0696269161204269
RFC,HIV-1 RT,ECFP4,Validation,0.694,0.7305263157894737,0.5793413173652695,0.7117948717948718,0.4688901008999181,-0.0650001583270721
RFC,HIV-1 RT,ECFP4,Test,0.7265469061876247,0.7236580516898609,0.5868263473053892,0.7250996015936255,0.4466775106934152,-0.1062158374478423
RFC,HIV-1 RT,ECFP4,Train,0.6867949568679496,0.7268258426966292,0.5701447828257613,0.706243602865916,0.4558136121946013,-0.0928143884851487
RFC,HIV-1 RT,ECFP4,Validation,0.7001934235976789,0.7637130801687764,0.5997001499250375,0.7305751765893037,0.4803021359393105,-0.0427884008682797
RFC,HIV-1 RT,ECFP4,Test,0.7245508982035929,0.7216699801192843,0.5838323353293413,0.7231075697211156,0.442653171877824,-0.1142321270665474
RFC,HIV-1 RT,ECFP4,Train,0.6774193548387096,0.7373595505617978,0.563654518222666,0.7061197041022192,0.4369008460926433,-0.1367517390650752
RFC,HIV-1 RT,ECFP4,Validation,0.676923076923077,0.7426160337552743,0.5652173913043478,0.7082494969818913,0.4360748562558755,-0.1398650468299089
RFC,HIV-1 RT,ECFP4,Test,0.7151162790697675,0.7335984095427436,0.5793413173652695,0.7242394504416094,0.4213446593168263,-0.1618219879130196
RFC,HIV-1 RT,ECFP4,Train,0.6916666666666667,0.758257203092059,0.5879120879120879,0.7234327857861214,0.4637572716669276,-0.0792353858996262
RFC,HIV-1 RT,ECFP4,Validation,0.6826347305389222,0.72,0.562874251497006,0.7008196721311475,0.4480829015544041,-0.1086897948410552
RFC,HIV-1 RT,ECFP4,Test,0.7270916334661355,0.7256461232604374,0.5883233532934131,0.7263681592039801,0.4476715464787035,-0.1044450730060348
RFC,HIV-1 RT,ECFP4,Train,0.6932192231731402,0.7399859451862263,0.5824175824175825,0.7158395649218219,0.4675750105896589,-0.068722526620008
RFC,HIV-1 RT,ECFP4,Validation,0.6935483870967742,0.7242105263157895,0.5763473053892215,0.7085478887744593,0.4683228797382056,-0.0656743959028635
RFC,HIV-1 RT,ECFP4,Test,0.7250996015936255,0.7236580516898609,0.5853293413173652,0.7243781094527363,0.4436472076631123,-0.112477459463326
RFC,HIV-1 RT,ECFP4,Train,0.6888297872340425,0.7275280898876404,0.5726410384423365,0.7076502732240437,0.4596189672236129,-0.0846501054412725
RFC,HIV-1 RT,ECFP4,Validation,0.7,0.7679324894514767,0.6011994002998501,0.7323943661971831,0.4798211670055311,-0.0441502866703166
RFC,HIV-1 RT,ECFP4,Test,0.7247524752475247,0.7276341948310139,0.5868263473053892,0.7261904761904762,0.4426049762033858,-0.1152632097635833
RFC,HIV-1 RT,ECFP4,Train,0.676853055916775,0.7310393258426966,0.5606590114827759,0.7029034436191762,0.4363314073082222,-0.1367240386758706
RFC,HIV-1 RT,ECFP4,Validation,0.6776061776061776,0.740506329113924,0.5652173913043478,0.7076612903225806,0.4376106775103299,-0.1358470076203429
RFC,HIV-1 RT,ECFP4,Test,0.7145631067961165,0.731610337972167,0.5778443113772455,0.7229862475442044,0.420350623531538,-0.1634891781503699
RFC,HIV-1 RT,ECFP4,Train,0.6928982725527831,0.7610681658468025,0.5904095904095904,0.725385130609511,0.4660263109026759,-0.0744565118659535
RFC,HIV-1 RT,ECFP4,Validation,0.6832669322709163,0.7221052631578947,0.5643712574850299,0.7021494370522006,0.4491355331333514,-0.1066999090434953
RFC,HIV-1 RT,ECFP4,Test,0.7261904761904762,0.7276341948310139,0.5883233532934131,0.7269116186693148,0.4456352792336888,-0.1089521813513408
RFC,HIV-1 RT,ECFP4,Train,0.6902423051735429,0.7406886858749122,0.5794205794205795,0.7145762711864406,0.4618814759253662,-0.0812533884164156
RFC,HIV-1 RT,ECFP4,Validation,0.6953907815631263,0.7305263157894737,0.5808383233532934,0.7125256673511293,0.4714807744750476,-0.0594702216834438
RFC,HIV-1 RT,ECFP4,Test,0.7250996015936255,0.7236580516898609,0.5853293413173652,0.7243781094527363,0.4436472076631123,-0.112477459463326
RFC,HIV-1 RT,ECFP4,Train,0.6872100728959576,0.7282303370786517,0.5711432850723914,0.7071258097511081,0.4565158593856125,-0.0914633426648109
RFC,HIV-1 RT,ECFP4,Validation,0.6994219653179191,0.7658227848101266,0.5997001499250375,0.7311178247734139,0.478766314684856,-0.0463456162392462
RFC,HIV-1 RT,ECFP4,Test,0.7236580516898609,0.7236580516898609,0.5838323353293413,0.7236580516898609,0.4406169046328092,-0.1187661907343815
RFC,HIV-1 RT,ECFP4,Train,0.6757281553398058,0.7331460674157303,0.5601597603594608,0.7032670932974066,0.433930546661233,-0.1426356234570795
RFC,HIV-1 RT,ECFP4,Validation,0.676923076923077,0.7426160337552743,0.5652173913043478,0.7082494969818913,0.4360748562558755,-0.1398650468299089
RFC,HIV-1 RT,ECFP4,Test,0.7145631067961165,0.731610337972167,0.5778443113772455,0.7229862475442044,0.420350623531538,-0.1634891781503699
RFC,HIV-1 RT,ECFP4,Train,0.6914212548015365,0.7589599437807449,0.5879120879120879,0.7236180904522613,0.463245084152894,-0.0804859931377039
RFC,HIV-1 RT,ECFP4,Validation,0.6812749003984063,0.72,0.561377245508982,0.7001023541453428,0.4454922279792746,-0.1143425789170804
RFC,HIV-1 RT,ECFP4,Test,0.7265469061876247,0.7236580516898609,0.5868263473053892,0.7250996015936255,0.4466775106934152,-0.1062158374478423
RFC,HIV-1 RT,ECFP4,Train,0.6932192231731402,0.7399859451862263,0.5824175824175825,0.7158395649218219,0.4675750105896589,-0.068722526620008
RFC,HIV-1 RT,ECFP4,Validation,0.6961770623742455,0.728421052631579,0.5808383233532934,0.7119341563786008,0.4730188164712299,-0.0560454294726522
RFC,HIV-1 RT,ECFP4,Test,0.7256461232604374,0.7256461232604374,0.5868263473053892,0.7256461232604374,0.4446412434484005,-0.110717513103199
RFC,HIV-1 RT,ECFP4,Train,0.6881648936170213,0.7268258426966292,0.5716425361957065,0.7069672131147541,0.4584042857697309,-0.0871964225134006
RFC,HIV-1 RT,ECFP4,Validation,0.7,0.7679324894514767,0.6011994002998501,0.7323943661971831,0.4798211670055311,-0.0441502866703166
RFC,HIV-1 RT,ECFP4,Test,0.7242063492063492,0.7256461232604374,0.5853293413173652,0.7249255213505462,0.4416109404180974,-0.1170173472581111
RFC,HIV-1 RT,ECFP4,Train,0.6766233766233766,0.7317415730337079,0.5606590114827759,0.7031039136302294,0.4358189730453514,-0.13803209454754
RFC,HIV-1 RT,ECFP4,Validation,0.6763005780346821,0.740506329113924,0.5637181409295352,0.7069486404833837,0.4350200039352003,-0.141828322128288
RFC,HIV-1 RT,ECFP4,Test,0.7140077821011673,0.7296222664015904,0.5763473053892215,0.7217305801376598,0.4193565877462498,-0.1651516572673217
RFC,HIV-1 RT,ECFP4,Train,0.6928982725527831,0.7610681658468025,0.5904095904095904,0.725385130609511,0.4660263109026759,-0.0744565118659535
RFC,HIV-1 RT,ECFP4,Validation,0.6846307385229541,0.7221052631578947,0.5658682634730539,0.7028688524590164,0.4517262067084809,-0.1010624408171215
RFC,HIV-1 RT,ECFP4,Test,0.7261904761904762,0.7276341948310139,0.5883233532934131,0.7269116186693148,0.4456352792336888,-0.1089521813513408
RFC,HIV-1 RT,ECFP4,Train,0.6908971840209561,0.741391426563598,0.5804195804195804,0.7152542372881356,0.4630964041280857,-0.0786636492921951
RFC,HIV-1 RT,ECFP4,Validation,0.6953907815631263,0.7305263157894737,0.5808383233532934,0.7125256673511293,0.4714807744750476,-0.0594702216834438
RFC,HIV-1 RT,ECFP4,Test,0.7265469061876247,0.7236580516898609,0.5868263473053892,0.7250996015936255,0.4466775106934152,-0.1062158374478423
RFC,HIV-1 RT,ECFP4,Train,0.6874585268745853,0.7275280898876404,0.5711432850723914,0.7069259638348686,0.4570282936484834,-0.0902629258753776
RFC,HIV-1 RT,ECFP4,Validation,0.6986564299424184,0.7679324894514767,0.5997001499250375,0.7316582914572864,0.4772304934304016,-0.0499408754019668
RFC,HIV-1 RT,ECFP4,Test,0.7247524752475247,0.7276341948310139,0.5868263473053892,0.7261904761904762,0.4426049762033858,-0.1152632097635833
RFC,HIV-1 RT,ECFP4,Train,0.6746134020618557,0.735252808988764,0.5596605092361457,0.7036290322580645,0.4315296860142438,-0.1486252034771297
RFC,HIV-1 RT,ECFP4,Validation,0.6762452107279694,0.7447257383966245,0.5652173913043478,0.7088353413654619,0.434539035001421,-0.1439331968940197
RFC,HIV-1 RT,ECFP4,Test,0.7131782945736435,0.731610337972167,0.5763473053892215,0.7222767419038273,0.417320320501235,-0.170101483005383
RFC,HIV-1 RT,ECFP4,Train,0.6912235746316464,0.758257203092059,0.5874125874125874,0.7231903485254692,0.4628937138085511,-0.081189239084284
RFC,HIV-1 RT,ECFP4,Validation,0.6826347305389222,0.72,0.562874251497006,0.7008196721311475,0.4480829015544041,-0.1086897948410552
RFC,HIV-1 RT,ECFP4,Test,0.7250996015936255,0.7236580516898609,0.5853293413173652,0.7243781094527363,0.4436472076631123,-0.112477459463326
RFC,HIV-1 RT,ECFP4,Train,0.6936226166995397,0.741391426563598,0.5834165834165834,0.7167119565217391,0.4682777512783447,-0.0673284394278468
RFC,HIV-1 RT,ECFP4,Validation,0.696,0.7326315789473684,0.5823353293413174,0.7138461538461538,0.4725334060539951,-0.0573879378217277
RFC,HIV-1 RT,ECFP4,Test,0.7256461232604374,0.7256461232604374,0.5868263473053892,0.7256461232604374,0.4446412434484005,-0.110717513103199
RFC,HIV-1 RT,ECFP4,Train,0.6883720930232559,0.7275280898876404,0.5721417873190214,0.7074086719016729,0.4587554093652364,-0.0865183738890453
RFC,HIV-1 RT,ECFP4,Validation,0.6986564299424184,0.7679324894514767,0.5997001499250375,0.7316582914572864,0.4772304934304016,-0.0499408754019668
RFC,HIV-1 RT,ECFP4,Test,0.7242063492063492,0.7256461232604374,0.5853293413173652,0.7249255213505462,0.4416109404180974,-0.1170173472581111
RFC,HIV-1 RT,ECFP4,Train,0.6761842959117457,0.7317415730337079,0.5601597603594608,0.702866779089376,0.4349554151869748,-0.1399951889102116
RFC,HIV-1 RT,ECFP4,Validation,0.6776061776061776,0.740506329113924,0.5652173913043478,0.7076612903225806,0.4376106775103299,-0.1358470076203429
RFC,HIV-1 RT,ECFP4,Test,0.7140077821011673,0.7296222664015904,0.5763473053892215,0.7217305801376598,0.4193565877462498,-0.1651516572673217
RFC,HIV-1 RT,ECFP4,Train,0.6928982725527831,0.7610681658468025,0.5904095904095904,0.725385130609511,0.4660263109026759,-0.0744565118659535
RFC,HIV-1 RT,ECFP4,Validation,0.6846307385229541,0.7221052631578947,0.5658682634730539,0.7028688524590164,0.4517262067084809,-0.1010624408171215
RFC,HIV-1 RT,ECFP4,Test,0.7233201581027668,0.7276341948310139,0.5853293413173652,0.7254707631318137,0.4395746731730827,-0.1216024157473452
RFC,HIV-1 RT,ECFP4,Train,0.6917539267015707,0.7427969079409698,0.5819180819180819,0.7163673331074212,0.4646627026751481,-0.0753796662506719
RFC,HIV-1 RT,ECFP4,Validation,0.6967871485943775,0.7305263157894737,0.5823353293413174,0.7132579650565262,0.4740714480501772,-0.0539628136586691
RFC,HIV-1 RT,ECFP4,Test,0.7256461232604374,0.7256461232604374,0.5868263473053892,0.7256461232604374,0.4446412434484005,-0.110717513103199
RFC,HIV-1 RT,ECFP4,Train,0.688122096881221,0.7282303370786517,0.5721417873190214,0.7076083248038212,0.4582429751023655,-0.0877114632656065
RFC,HIV-1 RT,ECFP4,Validation,0.6986564299424184,0.7679324894514767,0.5997001499250375,0.7316582914572864,0.4772304934304016,-0.0499408754019668
RFC,HIV-1 RT,ECFP4,Test,0.7242063492063492,0.7256461232604374,0.5853293413173652,0.7249255213505462,0.4416109404180974,-0.1170173472581111
RFC,HIV-1 RT,ECFP4,Train,0.6757105943152455,0.7345505617977528,0.5606590114827759,0.7039030955585465,0.4337692359938677,-0.143315400136179
RFC,HIV-1 RT,ECFP4,Validation,0.676923076923077,0.7426160337552743,0.5652173913043478,0.7082494969818913,0.4360748562558755,-0.1398650468299089
RFC,HIV-1 RT,ECFP4,Test,0.7140077821011673,0.7296222664015904,0.5763473053892215,0.7217305801376598,0.4193565877462498,-0.1651516572673217
RFC,HIV-1 RT,ECFP4,Train,0.6953175112251443,0.7617709065354884,0.5934065934065934,0.7270288397048961,0.4706954705389014,-0.0640149719059428
RFC,HIV-1 RT,ECFP4,Validation,0.6852589641434262,0.7242105263157895,0.5673652694610778,0.7041965199590583,0.4527788382874284,-0.0990572391699101
RFC,HIV-1 RT,ECFP4,Test,0.7208835341365462,0.7137176938369781,0.5763473053892215,0.7172827172827173,0.4356467257063678,-0.1274346342826587
RFC,HIV-1 RT,ECFP4,Train,0.6920052424639581,0.7420941672522839,0.5819180819180819,0.71617497456765,0.4651748901891817,-0.0741794277903683
RFC,HIV-1 RT,ECFP4,Validation,0.6961770623742455,0.728421052631579,0.5808383233532934,0.7119341563786008,0.4730188164712299,-0.0560454294726522
RFC,HIV-1 RT,ECFP4,Test,0.7254509018036072,0.7196819085487077,0.5838323353293413,0.7225548902195609,0.4446894391228387,-0.1097413750681046
RFC,HIV-1 RT,ECFP4,Train,0.686962276637988,0.7289325842696629,0.5711432850723914,0.7073253833049403,0.4560034251227416,-0.0926676941712016
RFC,HIV-1 RT,ECFP4,Validation,0.7027027027027027,0.7679324894514767,0.6041979010494752,0.7338709677419355,0.4850025141557902,-0.0326556451082103
RFC,HIV-1 RT,ECFP4,Test,0.7254509018036072,0.7196819085487077,0.5838323353293413,0.7225548902195609,0.4446894391228387,-0.1097413750681046
RFC,HIV-1 RT,ECFP4,Train,0.6795039164490861,0.7310393258426966,0.563654518222666,0.7043301759133965,0.4415127544584812,-0.1250390325187869
RFC,HIV-1 RT,ECFP4,Validation,0.6795366795366795,0.7426160337552743,0.568215892053973,0.7096774193548387,0.4412562034061346,-0.127909210504025
RFC,HIV-1 RT,ECFP4,Test,0.7181996086105675,0.7296222664015904,0.5808383233532934,0.7238658777120316,0.4284474968371589,-0.1455527836395958
RFC,HIV-1 RT,ECFP4,Train,0.6957637997432606,0.7617709065354884,0.593906093906094,0.7272727272727273,0.4715590283972778,-0.062078461408645
RFC,HIV-1 RT,ECFP4,Validation,0.6826347305389222,0.72,0.562874251497006,0.7008196721311475,0.4480829015544041,-0.1086897948410552
RFC,HIV-1 RT,ECFP4,Test,0.7290836653386454,0.7276341948310139,0.5913173652694611,0.7283582089552239,0.4516958852942948,-0.0964126865487436
RFC,HIV-1 RT,ECFP4,Train,0.6947019867549669,0.7371749824314828,0.5829170829170829,0.715308557790658,0.4704873185041697,-0.062159766363951
RFC,HIV-1 RT,ECFP4,Validation,0.692929292929293,0.7221052631578947,0.5748502994011976,0.7072164948453609,0.4672702481592582,-0.0677286651728284
RFC,HIV-1 RT,ECFP4,Test,0.7186234817813765,0.705765407554672,0.5703592814371258,0.7121364092276831,0.4316705825652148,-0.1342844051602711
RFC,HIV-1 RT,ECFP4,Train,0.6887107548430194,0.7240168539325843,0.5711432850723914,0.7059226292365628,0.4595904649628379,-0.0843183242896159
RFC,HIV-1 RT,ECFP4,Validation,0.7015503875968992,0.7637130801687764,0.6011994002998501,0.7313131313131314,0.48289280951444,-0.0370734657957299
RFC,HIV-1 RT,ECFP4,Test,0.7206477732793523,0.7077534791252486,0.5733532934131736,0.7141424272818455,0.4356949213808061,-0.1263755722695057
RFC,HIV-1 RT,ECFP4,Train,0.6771037181996086,0.7289325842696629,0.5601597603594608,0.7020629015894487,0.4370051522384583,-0.1347749863460962
RFC,HIV-1 RT,ECFP4,Validation,0.6788461538461539,0.7447257383966245,0.568215892053973,0.710261569416499,0.4397203821516801,-0.1318888168166095
RFC,HIV-1 RT,ECFP4,Test,0.7196078431372549,0.7296222664015904,0.5823353293413174,0.7245804540967423,0.4314777998674619,-0.1390828648461308
RFC,HIV-1 RT,ECFP4,Train,0.6938382541720154,0.7596626844694307,0.5909090909090909,0.725259979872526,0.4679142437891195,-0.0700339779711919
RFC,HIV-1 RT,ECFP4,Validation,0.682,0.7178947368421053,0.561377245508982,0.6994871794871795,0.4470302699754567,-0.1106734813591382
RFC,HIV-1 RT,ECFP4,Test,0.7254509018036072,0.7196819085487077,0.5838323353293413,0.7225548902195609,0.4446894391228387,-0.1097413750681046
RFC,HIV-1 RT,ECFP4,Train,0.6945358788676761,0.741391426563598,0.5844155844155844,0.717199184228416,0.4700048669950978,-0.0635726137120236
RFC,HIV-1 RT,ECFP4,Validation,0.6947791164658634,0.728421052631579,0.5793413173652695,0.71120246659815,0.4704281428961003,-0.0615453040928279
RFC,HIV-1 RT,ECFP4,Test,0.7228915662650602,0.7157057654075547,0.5793413173652695,0.7192807192807192,0.4396710645219591,-0.1194654959470646
RFC,HIV-1 RT,ECFP4,Train,0.6865473823724321,0.7275280898876404,0.5701447828257613,0.7064439140811456,0.4553011779317304,-0.0940182701504482
RFC,HIV-1 RT,ECFP4,Validation,0.7019230769230769,0.770042194092827,0.6041979010494752,0.7344064386317908,0.4834666929013358,-0.0361740566570173
RFC,HIV-1 RT,ECFP4,Test,0.7261904761904762,0.7276341948310139,0.5883233532934131,0.7269116186693148,0.4456352792336888,-0.1089521813513408
RFC,HIV-1 RT,ECFP4,Train,0.6775244299674267,0.7303370786516854,0.5611582626060909,0.7029401824940859,0.4377073994294697,-0.1334699868769545
RFC,HIV-1 RT,ECFP4,Validation,0.6795366795366795,0.7426160337552743,0.568215892053973,0.7096774193548387,0.4412562034061346,-0.127909210504025
RFC,HIV-1 RT,ECFP4,Test,0.7151162790697675,0.7335984095427436,0.5793413173652695,0.7242394504416094,0.4213446593168263,-0.1618219879130196
RFC,HIV-1 RT,ECFP4,Train,0.6942307692307692,0.7610681658468025,0.5919080919080919,0.7261146496815286,0.4686169844778053,-0.0686108761664591
RFC,HIV-1 RT,ECFP4,Validation,0.6832669322709163,0.7221052631578947,0.5643712574850299,0.7021494370522006,0.4491355331333514,-0.1066999090434953
RFC,HIV-1 RT,ECFP4,Test,0.7272727272727273,0.731610337972167,0.5913173652694611,0.7294350842418236,0.4476233508042653,-0.105404925474319
RFC,HIV-1 RT,ECFP4,Train,0.6928665785997358,0.7371749824314828,0.580919080919081,0.714334354783793,0.4670330870706637,-0.0696269161204269
RFC,HIV-1 RT,ECFP4,Validation,0.694,0.7305263157894737,0.5793413173652695,0.7117948717948718,0.4688901008999181,-0.0650001583270721
RFC,HIV-1 RT,ECFP4,Test,0.7265469061876247,0.7236580516898609,0.5868263473053892,0.7250996015936255,0.4466775106934152,-0.1062158374478423
RFC,HIV-1 RT,ECFP4,Train,0.6867949568679496,0.7268258426966292,0.5701447828257613,0.706243602865916,0.4558136121946013,-0.0928143884851487
RFC,HIV-1 RT,ECFP4,Validation,0.7001934235976789,0.7637130801687764,0.5997001499250375,0.7305751765893037,0.4803021359393105,-0.0427884008682797
RFC,HIV-1 RT,ECFP4,Test,0.7245508982035929,0.7216699801192843,0.5838323353293413,0.7231075697211156,0.442653171877824,-0.1142321270665474
RFC,HIV-1 RT,ECFP4,Train,0.6774193548387096,0.7373595505617978,0.563654518222666,0.7061197041022192,0.4369008460926433,-0.1367517390650752
RFC,HIV-1 RT,ECFP4,Validation,0.676923076923077,0.7426160337552743,0.5652173913043478,0.7082494969818913,0.4360748562558755,-0.1398650468299089
RFC,HIV-1 RT,ECFP4,Test,0.7151162790697675,0.7335984095427436,0.5793413173652695,0.7242394504416094,0.4213446593168263,-0.1618219879130196
RFC,HIV-1 RT,ECFP4,Train,0.6916666666666667,0.758257203092059,0.5879120879120879,0.7234327857861214,0.4637572716669276,-0.0792353858996262
RFC,HIV-1 RT,ECFP4,Validation,0.6826347305389222,0.72,0.562874251497006,0.7008196721311475,0.4480829015544041,-0.1086897948410552
RFC,HIV-1 RT,ECFP4,Test,0.7270916334661355,0.7256461232604374,0.5883233532934131,0.7263681592039801,0.4476715464787035,-0.1044450730060348
RFC,HIV-1 RT,ECFP4,Train,0.6932192231731402,0.7399859451862263,0.5824175824175825,0.7158395649218219,0.4675750105896589,-0.068722526620008
RFC,HIV-1 RT,ECFP4,Validation,0.6935483870967742,0.7242105263157895,0.5763473053892215,0.7085478887744593,0.4683228797382056,-0.0656743959028635
RFC,HIV-1 RT,ECFP4,Test,0.7250996015936255,0.7236580516898609,0.5853293413173652,0.7243781094527363,0.4436472076631123,-0.112477459463326
RFC,HIV-1 RT,ECFP4,Train,0.6888297872340425,0.7275280898876404,0.5726410384423365,0.7076502732240437,0.4596189672236129,-0.0846501054412725
RFC,HIV-1 RT,ECFP4,Validation,0.7,0.7679324894514767,0.6011994002998501,0.7323943661971831,0.4798211670055311,-0.0441502866703166
RFC,HIV-1 RT,ECFP4,Test,0.7247524752475247,0.7276341948310139,0.5868263473053892,0.7261904761904762,0.4426049762033858,-0.1152632097635833
RFC,HIV-1 RT,ECFP4,Train,0.676853055916775,0.7310393258426966,0.5606590114827759,0.7029034436191762,0.4363314073082222,-0.1367240386758706
RFC,HIV-1 RT,ECFP4,Validation,0.6776061776061776,0.740506329113924,0.5652173913043478,0.7076612903225806,0.4376106775103299,-0.1358470076203429
RFC,HIV-1 RT,ECFP4,Test,0.7145631067961165,0.731610337972167,0.5778443113772455,0.7229862475442044,0.420350623531538,-0.1634891781503699
RFC,HIV-1 RT,ECFP4,Train,0.6928982725527831,0.7610681658468025,0.5904095904095904,0.725385130609511,0.4660263109026759,-0.0744565118659535
RFC,HIV-1 RT,ECFP4,Validation,0.6832669322709163,0.7221052631578947,0.5643712574850299,0.7021494370522006,0.4491355331333514,-0.1066999090434953
RFC,HIV-1 RT,ECFP4,Test,0.7261904761904762,0.7276341948310139,0.5883233532934131,0.7269116186693148,0.4456352792336888,-0.1089521813513408
RFC,HIV-1 RT,ECFP4,Train,0.6902423051735429,0.7406886858749122,0.5794205794205795,0.7145762711864406,0.4618814759253662,-0.0812533884164156
RFC,HIV-1 RT,ECFP4,Validation,0.6953907815631263,0.7305263157894737,0.5808383233532934,0.7125256673511293,0.4714807744750476,-0.0594702216834438
RFC,HIV-1 RT,ECFP4,Test,0.7250996015936255,0.7236580516898609,0.5853293413173652,0.7243781094527363,0.4436472076631123,-0.112477459463326
RFC,HIV-1 RT,ECFP4,Train,0.6872100728959576,0.7282303370786517,0.5711432850723914,0.7071258097511081,0.4565158593856125,-0.0914633426648109
RFC,HIV-1 RT,ECFP4,Validation,0.6994219653179191,0.7658227848101266,0.5997001499250375,0.7311178247734139,0.478766314684856,-0.0463456162392462
RFC,HIV-1 RT,ECFP4,Test,0.7236580516898609,0.7236580516898609,0.5838323353293413,0.7236580516898609,0.4406169046328092,-0.1187661907343815
RFC,HIV-1 RT,ECFP4,Train,0.6757281553398058,0.7331460674157303,0.5601597603594608,0.7032670932974066,0.433930546661233,-0.1426356234570795
RFC,HIV-1 RT,ECFP4,Validation,0.676923076923077,0.7426160337552743,0.5652173913043478,0.7082494969818913,0.4360748562558755,-0.1398650468299089
RFC,HIV-1 RT,ECFP4,Test,0.7145631067961165,0.731610337972167,0.5778443113772455,0.7229862475442044,0.420350623531538,-0.1634891781503699
RFC,HIV-1 RT,ECFP4,Train,0.6914212548015365,0.7589599437807449,0.5879120879120879,0.7236180904522613,0.463245084152894,-0.0804859931377039
RFC,HIV-1 RT,ECFP4,Validation,0.6812749003984063,0.72,0.561377245508982,0.7001023541453428,0.4454922279792746,-0.1143425789170804
RFC,HIV-1 RT,ECFP4,Test,0.7265469061876247,0.7236580516898609,0.5868263473053892,0.7250996015936255,0.4466775106934152,-0.1062158374478423
RFC,HIV-1 RT,ECFP4,Train,0.6932192231731402,0.7399859451862263,0.5824175824175825,0.7158395649218219,0.4675750105896589,-0.068722526620008
RFC,HIV-1 RT,ECFP4,Validation,0.6961770623742455,0.728421052631579,0.5808383233532934,0.7119341563786008,0.4730188164712299,-0.0560454294726522
RFC,HIV-1 RT,ECFP4,Test,0.7256461232604374,0.7256461232604374,0.5868263473053892,0.7256461232604374,0.4446412434484005,-0.110717513103199
RFC,HIV-1 RT,ECFP4,Train,0.6881648936170213,0.7268258426966292,0.5716425361957065,0.7069672131147541,0.4584042857697309,-0.0871964225134006
RFC,HIV-1 RT,ECFP4,Validation,0.7,0.7679324894514767,0.6011994002998501,0.7323943661971831,0.4798211670055311,-0.0441502866703166
RFC,HIV-1 RT,ECFP4,Test,0.7242063492063492,0.7256461232604374,0.5853293413173652,0.7249255213505462,0.4416109404180974,-0.1170173472581111
RFC,HIV-1 RT,ECFP4,Train,0.6766233766233766,0.7317415730337079,0.5606590114827759,0.7031039136302294,0.4358189730453514,-0.13803209454754
RFC,HIV-1 RT,ECFP4,Validation,0.6763005780346821,0.740506329113924,0.5637181409295352,0.7069486404833837,0.4350200039352003,-0.141828322128288
RFC,HIV-1 RT,ECFP4,Test,0.7140077821011673,0.7296222664015904,0.5763473053892215,0.7217305801376598,0.4193565877462498,-0.1651516572673217
RFC,HIV-1 RT,ECFP4,Train,0.6928982725527831,0.7610681658468025,0.5904095904095904,0.725385130609511,0.4660263109026759,-0.0744565118659535
RFC,HIV-1 RT,ECFP4,Validation,0.6846307385229541,0.7221052631578947,0.5658682634730539,0.7028688524590164,0.4517262067084809,-0.1010624408171215
RFC,HIV-1 RT,ECFP4,Test,0.7261904761904762,0.7276341948310139,0.5883233532934131,0.7269116186693148,0.4456352792336888,-0.1089521813513408
RFC,HIV-1 RT,ECFP4,Train,0.6908971840209561,0.741391426563598,0.5804195804195804,0.7152542372881356,0.4630964041280857,-0.0786636492921951
RFC,HIV-1 RT,ECFP4,Validation,0.6953907815631263,0.7305263157894737,0.5808383233532934,0.7125256673511293,0.4714807744750476,-0.0594702216834438
RFC,HIV-1 RT,ECFP4,Test,0.7265469061876247,0.7236580516898609,0.5868263473053892,0.7250996015936255,0.4466775106934152,-0.1062158374478423
RFC,HIV-1 RT,ECFP4,Train,0.6874585268745853,0.7275280898876404,0.5711432850723914,0.7069259638348686,0.4570282936484834,-0.0902629258753776
RFC,HIV-1 RT,ECFP4,Validation,0.6986564299424184,0.7679324894514767,0.5997001499250375,0.7316582914572864,0.4772304934304016,-0.0499408754019668
RFC,HIV-1 RT,ECFP4,Test,0.7247524752475247,0.7276341948310139,0.5868263473053892,0.7261904761904762,0.4426049762033858,-0.1152632097635833
RFC,HIV-1 RT,ECFP4,Train,0.6746134020618557,0.735252808988764,0.5596605092361457,0.7036290322580645,0.4315296860142438,-0.1486252034771297
RFC,HIV-1 RT,ECFP4,Validation,0.6762452107279694,0.7447257383966245,0.5652173913043478,0.7088353413654619,0.434539035001421,-0.1439331968940197
RFC,HIV-1 RT,ECFP4,Test,0.7131782945736435,0.731610337972167,0.5763473053892215,0.7222767419038273,0.417320320501235,-0.170101483005383
RFC,HIV-1 RT,ECFP4,Train,0.6912235746316464,0.758257203092059,0.5874125874125874,0.7231903485254692,0.4628937138085511,-0.081189239084284
RFC,HIV-1 RT,ECFP4,Validation,0.6826347305389222,0.72,0.562874251497006,0.7008196721311475,0.4480829015544041,-0.1086897948410552
RFC,HIV-1 RT,ECFP4,Test,0.7250996015936255,0.7236580516898609,0.5853293413173652,0.7243781094527363,0.4436472076631123,-0.112477459463326
RFC,HIV-1 RT,ECFP4,Train,0.6936226166995397,0.741391426563598,0.5834165834165834,0.7167119565217391,0.4682777512783447,-0.0673284394278468
RFC,HIV-1 RT,ECFP4,Validation,0.696,0.7326315789473684,0.5823353293413174,0.7138461538461538,0.4725334060539951,-0.0573879378217277
RFC,HIV-1 RT,ECFP4,Test,0.7256461232604374,0.7256461232604374,0.5868263473053892,0.7256461232604374,0.4446412434484005,-0.110717513103199
RFC,HIV-1 RT,ECFP4,Train,0.6883720930232559,0.7275280898876404,0.5721417873190214,0.7074086719016729,0.4587554093652364,-0.0865183738890453
RFC,HIV-1 RT,ECFP4,Validation,0.6986564299424184,0.7679324894514767,0.5997001499250375,0.7316582914572864,0.4772304934304016,-0.0499408754019668
RFC,HIV-1 RT,ECFP4,Test,0.7242063492063492,0.7256461232604374,0.5853293413173652,0.7249255213505462,0.4416109404180974,-0.1170173472581111
RFC,HIV-1 RT,ECFP4,Train,0.6761842959117457,0.7317415730337079,0.5601597603594608,0.702866779089376,0.4349554151869748,-0.1399951889102116
RFC,HIV-1 RT,ECFP4,Validation,0.6776061776061776,0.740506329113924,0.5652173913043478,0.7076612903225806,0.4376106775103299,-0.1358470076203429
RFC,HIV-1 RT,ECFP4,Test,0.7140077821011673,0.7296222664015904,0.5763473053892215,0.7217305801376598,0.4193565877462498,-0.1651516572673217
RFC,HIV-1 RT,ECFP4,Train,0.6928982725527831,0.7610681658468025,0.5904095904095904,0.725385130609511,0.4660263109026759,-0.0744565118659535
RFC,HIV-1 RT,ECFP4,Validation,0.6846307385229541,0.7221052631578947,0.5658682634730539,0.7028688524590164,0.4517262067084809,-0.1010624408171215
RFC,HIV-1 RT,ECFP4,Test,0.7233201581027668,0.7276341948310139,0.5853293413173652,0.7254707631318137,0.4395746731730827,-0.1216024157473452
RFC,HIV-1 RT,ECFP4,Train,0.6917539267015707,0.7427969079409698,0.5819180819180819,0.7163673331074212,0.4646627026751481,-0.0753796662506719
RFC,HIV-1 RT,ECFP4,Validation,0.6967871485943775,0.7305263157894737,0.5823353293413174,0.7132579650565262,0.4740714480501772,-0.0539628136586691
RFC,HIV-1 RT,ECFP4,Test,0.7256461232604374,0.7256461232604374,0.5868263473053892,0.7256461232604374,0.4446412434484005,-0.110717513103199
RFC,HIV-1 RT,ECFP4,Train,0.688122096881221,0.7282303370786517,0.5721417873190214,0.7076083248038212,0.4582429751023655,-0.0877114632656065
RFC,HIV-1 RT,ECFP4,Validation,0.6986564299424184,0.7679324894514767,0.5997001499250375,0.7316582914572864,0.4772304934304016,-0.0499408754019668
RFC,HIV-1 RT,ECFP4,Test,0.7242063492063492,0.7256461232604374,0.5853293413173652,0.7249255213505462,0.4416109404180974,-0.1170173472581111
RFC,HIV-1 RT,ECFP4,Train,0.6757105943152455,0.7345505617977528,0.5606590114827759,0.7039030955585465,0.4337692359938677,-0.143315400136179
RFC,HIV-1 RT,ECFP4,Validation,0.676923076923077,0.7426160337552743,0.5652173913043478,0.7082494969818913,0.4360748562558755,-0.1398650468299089
RFC,HIV-1 RT,ECFP4,Test,0.7140077821011673,0.7296222664015904,0.5763473053892215,0.7217305801376598,0.4193565877462498,-0.1651516572673217
RFC,HIV-1 RT,MIX,Train,0.9930118798043326,0.9985945186226284,0.994005994005994,0.9957953749124036,0.990661680727549,0.985407807043402
RFC,HIV-1 RT,MIX,Validation,0.8264014466546112,0.9621052631578948,0.8293413173652695,0.8891050583657587,0.7323479683665122,0.5579340267329028
RFC,HIV-1 RT,MIX,Test,0.8633093525179856,0.9542743538767396,0.8517964071856288,0.906515580736544,0.7468341466353394,0.5699211738450679
RFC,HIV-1 RT,MIX,Train,0.9705277587388622,0.9950808151791988,0.975024975024975,0.9826509368494102,0.9604074196794096,0.9390451645417254
RFC,HIV-1 RT,MIX,Validation,0.8210116731517509,0.888421052631579,0.7829341317365269,0.8533872598584429,0.7058685574038724,0.443101842932333
RFC,HIV-1 RT,MIX,Test,0.8631178707224335,0.9025844930417496,0.8188622754491018,0.8824101068999028,0.7331104283390566,0.4914514473411968
RFC,HIV-1 RT,MIX,Train,0.9957983193277312,0.9985955056179776,0.9960059910134798,0.9971949509116408,0.9941164056587296,0.9902743261828102
RFC,HIV-1 RT,MIX,Validation,0.8257575757575758,0.919831223628692,0.8050974512743628,0.8702594810379242,0.7215736429024289,0.4947565558703011
RFC,HIV-1 RT,MIX,Test,0.8501805054151624,0.9363817097415508,0.8278443113772455,0.89120151371807,0.7166757033556239,0.4967740108446366
RFC,HIV-1 RT,MIX,Train,0.99370188943317,0.9971910112359552,0.9935097353969048,0.9954433929197336,0.990823484892589,0.9841868233205696
RFC,HIV-1 RT,MIX,Validation,0.8036697247706422,0.9240506329113924,0.7856071964017991,0.8596663395485771,0.6848232439168361,0.433586990506338
RFC,HIV-1 RT,MIX,Test,0.8486486486486486,0.9363817097415508,0.8263473053892215,0.8903591682419659,0.7136454003253209,0.4915455787036792
RFC,HIV-1 RT,MIX,Train,0.9923237962316818,0.999297259311314,0.994005994005994,0.9957983193277312,0.9901494932135154,0.9854192845355162
RFC,HIV-1 RT,MIX,Validation,0.8439849624060151,0.9452631578947368,0.8368263473053892,0.8917576961271102,0.7576056722116171,0.5799433944104737
RFC,HIV-1 RT,MIX,Test,0.8561151079136691,0.9463220675944334,0.8398203592814372,0.898961284230406,0.7307367913729743,0.5327536112043859
RFC,HIV-1 RT,MIX,Train,0.979296066252588,0.9971890372452564,0.983016983016983,0.9881615598885792,0.972687782871333,0.9586263156494118
RFC,HIV-1 RT,MIX,Validation,0.8197343453510436,0.9094736842105264,0.7934131736526946,0.8622754491017964,0.7086228524679574,0.4634495557530576
RFC,HIV-1 RT,MIX,Test,0.8595194085027726,0.9244532803180916,0.8293413173652695,0.8908045977011494,0.7319236098560155,0.509800702275115
RFC,HIV-1 RT,MIX,Train,0.9965010496850945,1.0,0.9975037443834248,0.9982474588152822,0.9956822107081176,0.99392941729367
RFC,HIV-1 RT,MIX,Validation,0.8305084745762712,0.930379746835443,0.815592203898051,0.8776119402985074,0.7320292516560635,0.5223045938426785
RFC,HIV-1 RT,MIX,Test,0.8414414414414414,0.9284294234592444,0.8143712574850299,0.8827977315689981,0.6975480450629556,0.4545095189711063
RFC,HIV-1 RT,MIX,Train,0.9957924263674616,0.9971910112359552,0.9950074887668496,0.9964912280701754,0.9934141584677184,0.9878436448201238
RFC,HIV-1 RT,MIX,Validation,0.8118081180811808,0.9282700421940928,0.7961019490254873,0.8661417322834646,0.6998863164338339,0.4645433377077478
RFC,HIV-1 RT,MIX,Test,0.8498168498168498,0.9224652087475148,0.8188622754491018,0.8846520495710201,0.712747755888909,0.474946521606912
RFC,HIV-1 RT,MIX,Train,0.9944016794961512,0.9985945186226284,0.995004995004995,0.9964936886395512,0.992388796444302,0.9878396748528978
RFC,HIV-1 RT,MIX,Validation,0.829981718464351,0.9557894736842104,0.8293413173652695,0.8884540117416829,0.7369620943550587,0.5577607973753902
RFC,HIV-1 RT,MIX,Test,0.8602150537634409,0.9542743538767396,0.8488023952095808,0.9048067860508954,0.7407735405747334,0.5599526152568635
RFC,HIV-1 RT,MIX,Train,0.9752577319587628,0.9971890372452564,0.98001998001998,0.9861014593467686,0.967506435721074,0.951336504029097
RFC,HIV-1 RT,MIX,Validation,0.8280373831775701,0.9326315789473684,0.8143712574850299,0.8772277227722772,0.7279738205617672,0.5175326110807359
RFC,HIV-1 RT,MIX,Test,0.8645640074211502,0.926441351888668,0.8353293413173652,0.8944337811900192,0.7420085547322128,0.5288072985756185
RFC,HIV-1 RT,MIX,Train,0.9965010496850945,1.0,0.9975037443834248,0.9982474588152822,0.9956822107081176,0.99392941729367
RFC,HIV-1 RT,MIX,Validation,0.8258426966292135,0.930379746835443,0.8110944527736131,0.875,0.724257230930675,0.5090352143930438
RFC,HIV-1 RT,MIX,Test,0.8512544802867383,0.9443339960238568,0.8338323353293413,0.8953817153628653,0.7206518464967768,0.5131567954360676
RFC,HIV-1 RT,MIX,Train,0.9957924263674616,0.9971910112359552,0.9950074887668496,0.9964912280701754,0.9934141584677184,0.9878436448201238
RFC,HIV-1 RT,MIX,Validation,0.815018315018315,0.938818565400844,0.8050974512743628,0.8725490196078431,0.7077512516123391,0.4889365045581681
RFC,HIV-1 RT,MIX,Test,0.8530465949820788,0.9463220675944334,0.8368263473053892,0.8972667295004713,0.7246761853123682,0.5225159594002268
RFC,HIV-1 RT,MIX,Train,0.9950980392156864,0.9985945186226284,0.9955044955044956,0.9968432129077516,0.9932523543026784,0.9890559147864074
RFC,HIV-1 RT,MIX,Validation,0.8275862068965517,0.96,0.8293413173652695,0.8888888888888888,0.7338860103626943,0.5578160042521403
RFC,HIV-1 RT,MIX,Test,0.8533568904593639,0.9602385685884692,0.8458083832335329,0.903648269410664,0.7286041327790831,0.5481907918488113
RFC,HIV-1 RT,MIX,Train,0.9874739039665972,0.9971890372452564,0.989010989010989,0.9923076923076924,0.983050477171851,0.9732213665130436
RFC,HIV-1 RT,MIX,Validation,0.8286252354048964,0.9263157894736842,0.811377245508982,0.8747514910536779,0.7274065994000546,0.5105649233377322
RFC,HIV-1 RT,MIX,Test,0.8608058608058609,0.9343936381709742,0.8368263473053892,0.8960915157292659,0.7368937887824567,0.5288510823646994
RFC,HIV-1 RT,MIX,Train,0.9978976874562018,1.0,0.9985022466300548,0.9989477376359172,0.9974093264248703,0.996356980763948
RFC,HIV-1 RT,MIX,Validation,0.8175046554934823,0.9261603375527426,0.800599700149925,0.8684470820969338,0.709194158413677,0.4789482105967707
RFC,HIV-1 RT,MIX,Test,0.8454706927175843,0.9463220675944334,0.8293413173652695,0.8930581613508443,0.7095246701608531,0.4965263249722885
RFC,HIV-1 RT,MIX,Train,0.9957953749124036,0.9978932584269664,0.9955067398901648,0.9968432129077516,0.993765282063224,0.9890576221772563
RFC,HIV-1 RT,MIX,Validation,0.8156934306569343,0.9430379746835444,0.808095952023988,0.8747553816046967,0.7098609562536893,0.4971251196323653
RFC,HIV-1 RT,MIX,Test,0.8512544802867383,0.9443339960238568,0.8338323353293413,0.8953817153628653,0.7206518464967768,0.5131567954360676
RFC,HIV-1 RT,MIX,Train,0.9957924263674616,0.9978917779339423,0.9955044955044956,0.9968409968409968,0.993764541816712,0.9890554087895376
RFC,HIV-1 RT,MIX,Validation,0.8357933579335793,0.9536842105263158,0.8338323353293413,0.8908554572271387,0.7462721570766295,0.5706710658280667
RFC,HIV-1 RT,MIX,Test,0.8589285714285714,0.956262425447316,0.8488023952095808,0.9049858889934148,0.7387372733297187,0.5593328138746385
RFC,HIV-1 RT,MIX,Train,0.977946243969676,0.9971890372452564,0.982017982017982,0.9874739039665972,0.9709606671545798,0.9561958620383438
RFC,HIV-1 RT,MIX,Validation,0.8317757009345794,0.936842105263158,0.8203592814371258,0.8811881188118812,0.7352604308699209,0.5340742405073696
RFC,HIV-1 RT,MIX,Test,0.866913123844732,0.9324055666003976,0.8413173652694611,0.8984674329501916,0.7480209651183807,0.5451849523849704
RFC,HIV-1 RT,MIX,Train,0.9971988795518208,1.0,0.99800299550674,0.9985974754558204,0.996545768566494,0.9951430892697848
RFC,HIV-1 RT,MIX,Validation,0.8239700374531835,0.9282700421940928,0.808095952023988,0.873015873015873,0.7206117050348704,0.5007603371538792
RFC,HIV-1 RT,MIX,Test,0.8512544802867383,0.9443339960238568,0.8338323353293413,0.8953817153628653,0.7206518464967768,0.5131567954360676
RFC,HIV-1 RT,MIX,Train,0.9944016794961512,0.9978932584269664,0.9945082376435348,0.9961444093936208,0.9920381663464712,0.9866224718138448
RFC,HIV-1 RT,MIX,Validation,0.8176795580110497,0.9367088607594936,0.8065967016491754,0.8731563421828908,0.711877746441923,0.4939379656517446
RFC,HIV-1 RT,MIX,Test,0.853309481216458,0.94831013916501,0.8383233532934131,0.8983050847457628,0.7256702210976566,0.5267579050523122
RFC,HIV-1 RT,MIX,Train,0.9950980392156864,0.9985945186226284,0.9955044955044956,0.9968432129077516,0.9932523543026784,0.9890559147864074
RFC,HIV-1 RT,MIX,Validation,0.8357664233576643,0.9642105263157896,0.8398203592814372,0.895405669599218,0.7489446413962368,0.587864635817899
RFC,HIV-1 RT,MIX,Test,0.8581560283687943,0.9622266401590456,0.8517964071856288,0.9072164948453608,0.7386890776552804,0.5678482411311575
RFC,HIV-1 RT,MIX,Train,0.989547038327526,0.9978917779339423,0.991008991008991,0.99370188943317,0.9859925210913236,0.9781012942377324
RFC,HIV-1 RT,MIX,Validation,0.8267419962335216,0.9242105263157896,0.8083832335329342,0.8727634194831014,0.7237632942459777,0.502385108760694
RFC,HIV-1 RT,MIX,Test,0.8650646950092421,0.9304174950298212,0.8383233532934131,0.896551724137931,0.7439966263027894,0.5363388898575066
RFC,HIV-1 RT,MIX,Train,0.9978976874562018,1.0,0.9985022466300548,0.9989477376359172,0.9974093264248703,0.996356980763948
RFC,HIV-1 RT,MIX,Validation,0.8151571164510166,0.930379746835443,0.800599700149925,0.8689655172413793,0.7061225159047682,0.4775725437026522
RFC,HIV-1 RT,MIX,Test,0.851520572450805,0.9463220675944334,0.8353293413173652,0.896421845574388,0.7216458822820653,0.5173643205846291
RFC,HIV-1 RT,MIX,Train,0.9950980392156864,0.9978932584269664,0.9950074887668496,0.9964936886395512,0.9929017242048476,0.9878399446393228
RFC,HIV-1 RT,MIX,Validation,0.8168498168498168,0.940928270042194,0.808095952023988,0.8745098039215686,0.7113967775081438,0.4975161433085377
RFC,HIV-1 RT,MIX,Test,0.853309481216458,0.94831013916501,0.8383233532934131,0.8983050847457628,0.7256702210976566,0.5267579050523122
RFC,HIV-1 RT,MIX,Train,0.9944016794961512,0.9985945186226284,0.995004995004995,0.9964936886395512,0.992388796444302,0.9878396748528978
RFC,HIV-1 RT,MIX,Validation,0.8379373848987108,0.9578947368421052,0.8383233532934131,0.8939096267190569,0.7509680938096536,0.5833363578765358
RFC,HIV-1 RT,MIX,Test,0.8584070796460177,0.9642147117296224,0.8532934131736527,0.9082397003745318,0.7396831134405687,0.5724671381133685
RFC,HIV-1 RT,MIX,Train,0.9752577319587628,0.9971890372452564,0.98001998001998,0.9861014593467686,0.967506435721074,0.951336504029097
RFC,HIV-1 RT,MIX,Validation,0.8293135435992579,0.9410526315789474,0.8203592814371258,0.8816568047337278,0.7321843468775566,0.5332110671287126
RFC,HIV-1 RT,MIX,Test,0.8666666666666667,0.9304174950298212,0.8398203592814372,0.8974113135186961,0.7470269293330923,0.5413752477394879
RFC,HIV-1 RT,MIX,Train,0.9971988795518208,1.0,0.99800299550674,0.9985974754558204,0.996545768566494,0.9951430892697848
RFC,HIV-1 RT,MIX,Validation,0.8246268656716418,0.9324894514767932,0.8110944527736131,0.8752475247524752,0.7227214096762204,0.5084423824479986
RFC,HIV-1 RT,MIX,Test,0.85431654676259,0.9443339960238568,0.8368263473053892,0.8970727101038716,0.7267124525573829,0.5234617205442155
RFC,HIV-1 RT,MIX,Train,0.99370188943317,0.9971910112359552,0.9935097353969048,0.9954433929197336,0.990823484892589,0.9841868233205696
RFC,HIV-1 RT,MIX,Validation,0.8191881918819188,0.9367088607594936,0.808095952023988,0.8740157480314961,0.7144684200170526,0.4984326963702293
RFC,HIV-1 RT,MIX,Test,0.8563734290843806,0.94831013916501,0.8413173652694611,0.9,0.7317308271582625,0.5369708190026714
RFC,HIV-1 RT,MIX,Train,0.9950980392156864,0.9985945186226284,0.9955044955044956,0.9968432129077516,0.9932523543026784,0.9890559147864074
RFC,HIV-1 RT,MIX,Validation,0.8385321100917431,0.9621052631578948,0.8413173652694611,0.8960784313725491,0.7530733569675484,0.591903726320614
RFC,HIV-1 RT,MIX,Test,0.8579040852575488,0.9602385685884692,0.8502994011976048,0.9061913696060038,0.7376950418699922,0.5632837675546061
RFC,HIV-1 RT,MIX,Train,0.9888579387186628,0.9978917779339423,0.9905094905094906,0.9933543196922,0.985128963232947,0.97688512289466
RFC,HIV-1 RT,MIX,Validation,0.8280373831775701,0.9326315789473684,0.8143712574850299,0.8772277227722772,0.7279738205617672,0.5175326110807359
RFC,HIV-1 RT,MIX,Test,0.8666666666666667,0.9304174950298212,0.8398203592814372,0.8974113135186961,0.7470269293330923,0.5413752477394879
RFC,HIV-1 RT,MIX,Train,0.9978976874562018,1.0,0.9985022466300548,0.9989477376359172,0.9974093264248703,0.996356980763948
RFC,HIV-1 RT,MIX,Validation,0.8185185185185185,0.9324894514767932,0.8050974512743628,0.8717948717948718,0.7123587153757023,0.4905340626146466
RFC,HIV-1 RT,MIX,Test,0.8494623655913979,0.9423459244532804,0.8308383233532934,0.8934967012252591,0.7166275076811857,0.5037976314719085
RFC,HIV-1 RT,MIX,Train,0.9957953749124036,0.9978932584269664,0.9955067398901648,0.9968432129077516,0.993765282063224,0.9890576221772563
RFC,HIV-1 RT,MIX,Validation,0.8161764705882353,0.9367088607594936,0.8050974512743628,0.8722986247544204,0.7092870728667935,0.4894273325912154
RFC,HIV-1 RT,MIX,Test,0.8566308243727598,0.9502982107355864,0.842814371257485,0.9010367577756834,0.7327248629435508,0.5412342873285451
RFC,HIV-1 RT,MIX,Train,0.9950946040644708,0.9978917779339423,0.995004995004995,0.9964912280701754,0.9929009839583356,0.9878374888283998
RFC,HIV-1 RT,MIX,Validation,0.8391866913123844,0.9557894736842104,0.8383233532934131,0.8937007874015748,0.7525061358058358,0.5833469046064625
RFC,HIV-1 RT,MIX,Test,0.8579040852575488,0.9602385685884692,0.8502994011976048,0.9061913696060038,0.7376950418699922,0.5632837675546061
RFC,HIV-1 RT,MIX,Train,0.9766001376462492,0.9971890372452564,0.981018981018981,0.9867872044506258,0.969233551437827,0.9537659327450598
RFC,HIV-1 RT,MIX,Validation,0.8295880149812734,0.9326315789473684,0.8158682634730539,0.8780971258671952,0.7305644941368966,0.5219451375611348
RFC,HIV-1 RT,MIX,Test,0.8687615526802218,0.9343936381709742,0.844311377245509,0.9003831417624522,0.752045303933972,0.5540310149124343
RFC,HIV-1 RT,MIX,Train,0.9971988795518208,1.0,0.99800299550674,0.9985974754558204,0.996545768566494,0.9951430892697848
RFC,HIV-1 RT,MIX,Validation,0.8227611940298507,0.930379746835443,0.808095952023988,0.8732673267326733,0.7190758837804159,0.500120147623635
RFC,HIV-1 RT,MIX,Test,0.8525179856115108,0.9423459244532804,0.8338323353293413,0.8951841359773371,0.7226881137417918,0.5141698298840449
RFC,HIV-1 RT,MIX,Train,0.99370188943317,0.9971910112359552,0.9935097353969048,0.9954433929197336,0.990823484892589,0.9841868233205696
RFC,HIV-1 RT,MIX,Validation,0.8207024029574861,0.9367088607594936,0.8095952023988006,0.8748768472906404,0.7170590935921821,0.5029118871637666
RFC,HIV-1 RT,MIX,Test,0.853309481216458,0.94831013916501,0.8383233532934131,0.8983050847457628,0.7256702210976566,0.5267579050523122
RFC,HIV-1 RT,MIX,Train,0.9944016794961512,0.9985945186226284,0.995004995004995,0.9964936886395512,0.992388796444302,0.9878396748528978
RFC,HIV-1 RT,MIX,Validation,0.8385321100917431,0.9621052631578948,0.8413173652694611,0.8960784313725491,0.7530733569675484,0.591903726320614
RFC,HIV-1 RT,MIX,Test,0.8581560283687943,0.9622266401590456,0.8517964071856288,0.9072164948453608,0.7386890776552804,0.5678482411311575
RFC,HIV-1 RT,MIX,Train,0.9895397489539748,0.9971890372452564,0.9905094905094906,0.9933496674833742,0.9856411507469808,0.9768738038129948
RFC,HIV-1 RT,MIX,Validation,0.8277153558052435,0.9305263157894736,0.812874251497006,0.8761149653121902,0.7269211889828198,0.5136975302400666
RFC,HIV-1 RT,MIX,Test,0.871268656716418,0.9284294234592444,0.842814371257485,0.8989412897016362,0.7551238026387131,0.5526339727522168
RFC,HIV-1 RT,MIX,Train,0.9978976874562018,1.0,0.9985022466300548,0.9989477376359172,0.9974093264248703,0.996356980763948
RFC,HIV-1 RT,MIX,Validation,0.8200371057513914,0.9324894514767932,0.8065967016491754,0.8726554787759131,0.7149493889508318,0.4950335898917614
RFC,HIV-1 RT,MIX,Test,0.8494623655913979,0.9423459244532804,0.8308383233532934,0.8934967012252591,0.7166275076811857,0.5037976314719085
RFC,HIV-1 RT,MIX,Train,0.9957953749124036,0.9978932584269664,0.9955067398901648,0.9968432129077516,0.993765282063224,0.9890576221772563
RFC,HIV-1 RT,MIX,Validation,0.8158379373848987,0.9345991561181436,0.8035982008995503,0.8711897738446411,0.7082322205461185,0.4854393683476711
RFC,HIV-1 RT,MIX,Test,0.8576576576576577,0.9463220675944334,0.8413173652694611,0.8998109640831758,0.7337670944032773,0.5378406533693952
RFC,HIV-1 RT,MIX,Train,0.9943977591036416,0.9978917779339423,0.9945054945054944,0.9961417046650298,0.992037426099959,0.9866197745136676
RFC,HIV-1 RT,MIX,Validation,0.8413284132841329,0.96,0.842814371257485,0.8967551622418879,0.7572020725388601,0.5959982752872386
RFC,HIV-1 RT,MIX,Test,0.8667883211678832,0.9443339960238568,0.8488023952095808,0.9039010466222646,0.7509548767998072,0.563859234969585
RFC,HIV-1 RT,MIX,Train,0.989547038327526,0.9978917779339423,0.991008991008991,0.99370188943317,0.9859925210913236,0.9781012942377324
RFC,HIV-1 RT,MIX,Validation,0.8180112570356473,0.9178947368421052,0.7964071856287425,0.8650793650793651,0.7076520316334878,0.468771446929944
RFC,HIV-1 RT,MIX,Test,0.8576512455516014,0.9582504970178928,0.8488023952095808,0.9051643192488265,0.7367010060847039,0.558772435159038
RFC,HIV-1 RT,MIX,Train,0.9971969166082691,0.9992977528089888,0.9975037443834248,0.9982462293931954,0.9961946449709884,0.9939238612350508
RFC,HIV-1 RT,MIX,Validation,0.8384615384615385,0.919831223628692,0.8170914542728636,0.8772635814889336,0.7422990315034652,0.5301382742872368
RFC,HIV-1 RT,MIX,Test,0.8584392014519057,0.9403578528827038,0.8383233532934131,0.8975332068311196,0.7338152900777156,0.530591316212571
RFC,HIV-1 RT,MIX,Train,0.9971910112359552,0.9971910112359552,0.9960059910134798,0.9971910112359552,0.9951412741844716,0.9902825483689428
RFC,HIV-1 RT,MIX,Validation,0.8295019157088123,0.9135021097046412,0.8050974512743628,0.8694779116465864,0.7261811066657922,0.4973188183238889
RFC,HIV-1 RT,MIX,Test,0.8602941176470589,0.9304174950298212,0.8338323353293413,0.8939828080229226,0.7349057172118802,0.5211218161525106
RFC,HIV-1 RT,MIX,Train,0.9951014695591324,0.999297259311314,0.996003996003996,0.9971949509116408,0.9936037246470216,0.9902770866896632
RFC,HIV-1 RT,MIX,Validation,0.8546845124282982,0.9410526315789474,0.844311377245509,0.8957915831663327,0.7736351240796291,0.6017172368780621
RFC,HIV-1 RT,MIX,Test,0.8683729433272395,0.9443339960238568,0.8502994011976048,0.9047619047619048,0.7539851798301103,0.5688240995725125
RFC,HIV-1 RT,MIX,Train,0.9881862404447532,0.999297259311314,0.991008991008991,0.9937106918238994,0.9849681460632564,0.978138486196626
RFC,HIV-1 RT,MIX,Validation,0.8155893536121673,0.9031578947368422,0.7859281437125748,0.8571428571428571,0.7002836105808563,0.4437760116280484
RFC,HIV-1 RT,MIX,Test,0.8473967684021544,0.9383697813121272,0.8263473053892215,0.8905660377358491,0.711609133080306,0.490344469451939
RFC,HIV-1 RT,MIX,Train,0.9985945186226284,0.9978932584269664,0.9975037443834248,0.9982437653670532,0.99721951349673,0.9939304358557836
RFC,HIV-1 RT,MIX,Validation,0.8372549019607843,0.90084388185654,0.8050974512743628,0.8678861788617886,0.7353960341925188,0.503224814673918
RFC,HIV-1 RT,MIX,Test,0.8566108007448789,0.9145129224652088,0.8203592814371258,0.8846153846153846,0.723923127899271,0.4864431830436057
RFC,HIV-1 RT,MIX,Train,0.9985925404644616,0.9964887640449438,0.9965052421367948,0.9975395430579964,0.9965172663057188,0.9915168441244072
RFC,HIV-1 RT,MIX,Validation,0.8152380952380952,0.9029535864978904,0.7856071964017991,0.8568568568568569,0.7001814564613804,0.4435043070875619
RFC,HIV-1 RT,MIX,Test,0.8627819548872181,0.9125248508946322,0.8248502994011976,0.8869565217391304,0.7350503042351949,0.5034907632132868
RFC,HIV-1 RT,MIX,Train,0.9950980392156864,0.9985945186226284,0.9955044955044956,0.9968432129077516,0.9932523543026784,0.9890559147864074
RFC,HIV-1 RT,MIX,Validation,0.8403669724770643,0.9642105263157896,0.844311377245509,0.8980392156862745,0.7567166621216254,0.6004249152859849
RFC,HIV-1 RT,MIX,Test,0.8684684684684685,0.9582504970178928,0.8592814371257484,0.9111531190926276,0.7579131272968251,0.5933947429682546
RFC,HIV-1 RT,MIX,Train,0.9895543175487466,0.9985945186226284,0.9915084915084916,0.994053864987758,0.9863438914356664,0.9793315760577788
RFC,HIV-1 RT,MIX,Validation,0.8207024029574861,0.9347368421052632,0.8083832335329342,0.8740157480314961,0.7160730842650669,0.4991782257985231
RFC,HIV-1 RT,MIX,Test,0.85431654676259,0.9443339960238568,0.8368263473053892,0.8970727101038716,0.7267124525573829,0.5234617205442155
RFC,HIV-1 RT,MIX,Train,0.9978962131837308,0.9992977528089888,0.99800299550674,0.99859649122807,0.9970582028293647,0.9951392321118908
RFC,HIV-1 RT,MIX,Validation,0.8311195445920304,0.9240506329113924,0.8125937031484258,0.8751248751248751,0.7314553682691678,0.5154609307628762
RFC,HIV-1 RT,MIX,Test,0.8597449908925319,0.9383697813121272,0.8383233532934131,0.8973384030418251,0.7358515573227302,0.5316613082535141
RFC,HIV-1 RT,MIX,Train,0.9978932584269664,0.9978932584269664,0.99700449326011,0.9978932584269664,0.9963559556383536,0.9927119112767072
RFC,HIV-1 RT,MIX,Validation,0.8298279158699808,0.9156118143459916,0.8065967016491754,0.8706118355065195,0.7272359589864673,0.5008904920998071
RFC,HIV-1 RT,MIX,Test,0.860036832412523,0.9284294234592444,0.8323353293413174,0.892925430210325,0.7339116814265918,0.5173124728972903
RFC,HIV-1 RT,MIX,Train,0.9957953749124036,0.9985945186226284,0.996003996003996,0.9971929824561404,0.994115912161055,0.9902723624925648
RFC,HIV-1 RT,MIX,Validation,0.8382352941176471,0.96,0.8398203592814372,0.8949950932286556,0.7520207253886009,0.5875995030284962
RFC,HIV-1 RT,MIX,Test,0.8655913978494624,0.9602385685884692,0.8577844311377245,0.9104618284637136,0.7528465570215073,0.5880301071493409
RFC,HIV-1 RT,MIX,Train,0.9916259595254712,0.9985945186226284,0.993006993006993,0.9950980392156864,0.988934565010796,0.9829767365030034
RFC,HIV-1 RT,MIX,Validation,0.8237476808905381,0.9347368421052632,0.811377245508982,0.8757396449704142,0.721254431415326,0.5081105297082634
RFC,HIV-1 RT,MIX,Test,0.8568840579710145,0.9403578528827038,0.8368263473053892,0.8966824644549763,0.7307849870474125,0.5254906349455012
RFC,HIV-1 RT,MIX,Train,0.9978976874562018,1.0,0.9985022466300548,0.9989477376359172,0.9974093264248703,0.996356980763948
RFC,HIV-1 RT,MIX,Validation,0.8285714285714286,0.9177215189873418,0.8065967016491754,0.8708708708708709,0.7257001377320129,0.5000412374045997
RFC,HIV-1 RT,MIX,Test,0.8574040219378428,0.9324055666003976,0.8323353293413174,0.8933333333333333,0.7298391469365626,0.5147467497519135
RFC,HIV-1 RT,MIX,Train,0.9985935302391,0.9971910112359552,0.99700449326011,0.9978917779339423,0.9968683899012246,0.9927222963974532
RFC,HIV-1 RT,MIX,Validation,0.8176691729323309,0.9177215189873418,0.7961019490254873,0.8648111332007953,0.7075654227061061,0.4685221513997644
RFC,HIV-1 RT,MIX,Test,0.8611111111111112,0.9244532803180916,0.8308383233532934,0.8916586768935763,0.7349539128863185,0.5149164633167502
RFC,HIV-1 RT,MIX,Train,0.9950980392156864,0.9985945186226284,0.9955044955044956,0.9968432129077516,0.9932523543026784,0.9890559147864074
RFC,HIV-1 RT,MIX,Validation,0.844731977818854,0.9621052631578948,0.8473053892215568,0.8996062992125984,0.7634360512680666,0.6085975082488444
RFC,HIV-1 RT,MIX,Test,0.868231046931408,0.956262425447316,0.8577844311377245,0.9101229895931884,0.7569190915115369,0.5890403288238997
RFC,HIV-1 RT,MIX,Train,0.9902439024390244,0.9985945186226284,0.992007992007992,0.9944016794961512,0.9872074492940428,0.9805464406050416
RFC,HIV-1 RT,MIX,Validation,0.8242990654205608,0.9284210526315788,0.8083832335329342,0.8732673267326733,0.7206872102536133,0.5009909816541022
RFC,HIV-1 RT,MIX,Test,0.8525179856115108,0.9423459244532804,0.8338323353293413,0.8951841359773371,0.7226881137417918,0.5141698298840449
RFC,HIV-1 RT,MIX,Train,0.9978962131837308,0.9992977528089888,0.99800299550674,0.99859649122807,0.9970582028293647,0.9951392321118908
RFC,HIV-1 RT,MIX,Validation,0.8295454545454546,0.9240506329113924,0.8110944527736131,0.874251497005988,0.7288646946940381,0.5110369023313515
RFC,HIV-1 RT,MIX,Test,0.8571428571428571,0.9423459244532804,0.8383233532934131,0.8977272727272727,0.7317790228327008,0.5295641806381636
RFC,HIV-1 RT,MIX,Train,0.9985935302391,0.9971910112359552,0.99700449326011,0.9978917779339423,0.9968683899012246,0.9927222963974532
RFC,HIV-1 RT,MIX,Validation,0.8264150943396227,0.9240506329113924,0.808095952023988,0.8725099601593626,0.7236833475437792,0.5021497562255348
RFC,HIV-1 RT,MIX,Test,0.8602941176470589,0.9304174950298212,0.8338323353293413,0.8939828080229226,0.7349057172118802,0.5211218161525106
RFC,HIV-1 RT,MIX,Train,0.9957953749124036,0.9985945186226284,0.996003996003996,0.9971929824561404,0.994115912161055,0.9902723624925648
RFC,HIV-1 RT,MIX,Validation,0.8403669724770643,0.9642105263157896,0.844311377245509,0.8980392156862745,0.7567166621216254,0.6004249152859849
RFC,HIV-1 RT,MIX,Test,0.8651079136690647,0.956262425447316,0.8547904191616766,0.9084041548630784,0.7508584854509308,0.5792130645052384
RFC,HIV-1 RT,MIX,Train,0.9902439024390244,0.9985945186226284,0.992007992007992,0.9944016794961512,0.9872074492940428,0.9805464406050416
RFC,HIV-1 RT,MIX,Validation,0.8233082706766918,0.9221052631578948,0.8038922155688623,0.8699106256206555,0.7175293155167712,0.489720154612706
RFC,HIV-1 RT,MIX,Test,0.8497316636851521,0.9443339960238568,0.8323353293413174,0.8945386064030132,0.7176215434664739,0.5079707361169459
RFC,HIV-1 RT,MIX,Train,0.9978976874562018,1.0,0.9985022466300548,0.9989477376359172,0.9974093264248703,0.996356980763948
RFC,HIV-1 RT,MIX,Validation,0.8301526717557252,0.9177215189873418,0.808095952023988,0.8717434869739479,0.7282908113071425,0.5044900327804565
RFC,HIV-1 RT,MIX,Test,0.8610603290676416,0.9363817097415508,0.8383233532934131,0.8971428571428571,0.737887824567745,0.5327725330254465
RFC,HIV-1 RT,MIX,Train,0.9985935302391,0.9971910112359552,0.99700449326011,0.9978917779339423,0.9968683899012246,0.9927222963974532
RFC,HIV-1 RT,MIX,Validation,0.8241965973534972,0.919831223628692,0.8035982008995503,0.8693918245264207,0.7189829693272993,0.4902761670270434
RFC,HIV-1 RT,MIX,Test,0.8608534322820037,0.9224652087475148,0.8293413173652695,0.8905950095969289,0.7339598771010302,0.5112203191402789
RFC,HIV-1 RT,MIX,Train,0.9944016794961512,0.9985945186226284,0.995004995004995,0.9964936886395512,0.992388796444302,0.9878396748528978
RFC,HIV-1 RT,MIX,Validation,0.8434622467771639,0.9642105263157896,0.8473053892215568,0.899803536345776,0.7618980092718844,0.608741248916079
RFC,HIV-1 RT,MIX,Test,0.868231046931408,0.956262425447316,0.8577844311377245,0.9101229895931884,0.7569190915115369,0.5890403288238997
RFC,HIV-1 RT,MIX,Train,0.9895543175487466,0.9985945186226284,0.9915084915084916,0.994053864987758,0.9863438914356664,0.9793315760577788
RFC,HIV-1 RT,MIX,Validation,0.8230912476722533,0.9305263157894736,0.8083832335329342,0.8735177865612648,0.7191491682574311,0.5003483719558665
RFC,HIV-1 RT,MIX,Test,0.8527827648114902,0.9443339960238568,0.8353293413173652,0.8962264150943396,0.72368214952708,0.5183202791823784
RFC,HIV-1 RT,MIX,Train,0.9971969166082691,0.9992977528089888,0.9975037443834248,0.9982462293931954,0.9961946449709884,0.9939238612350508
RFC,HIV-1 RT,MIX,Validation,0.833969465648855,0.921940928270042,0.8140929535232384,0.875751503006012,0.7355818630987516,0.5206022141525057
RFC,HIV-1 RT,MIX,Test,0.8584392014519057,0.9403578528827038,0.8383233532934131,0.8975332068311196,0.7338152900777156,0.530591316212571
RFC,HIV-1 RT,MIX,Train,0.9985935302391,0.9971910112359552,0.99700449326011,0.9978917779339423,0.9968683899012246,0.9927222963974532
RFC,HIV-1 RT,MIX,Validation,0.8239700374531835,0.9282700421940928,0.808095952023988,0.873015873015873,0.7206117050348704,0.5007603371538792
RFC,HIV-1 RT,MIX,Test,0.8602941176470589,0.9304174950298212,0.8338323353293413,0.8939828080229226,0.7349057172118802,0.5211218161525106
RFC,HIV-1 RT,MIX,Train,0.9957953749124036,0.9985945186226284,0.996003996003996,0.9971929824561404,0.994115912161055,0.9902723624925648
RFC,HIV-1 RT,MIX,Validation,0.844731977818854,0.9621052631578948,0.8473053892215568,0.8996062992125984,0.7634360512680666,0.6085975082488444
RFC,HIV-1 RT,MIX,Test,0.8625,0.9602385685884692,0.8547904191616766,0.9087488240827846,0.7467859509609013,0.5781899007661424
RFC,HIV-1 RT,MIX,Train,0.9909344490934447,0.9985945186226284,0.9925074925074924,0.9947497374868745,0.9880710071524194,0.981761493140494
RFC,HIV-1 RT,MIX,Validation,0.8227611940298507,0.9284210526315788,0.8068862275449101,0.8724035608308606,0.7180965366784837,0.4965178471550746
RFC,HIV-1 RT,MIX,Test,0.8530465949820788,0.9463220675944334,0.8368263473053892,0.8972667295004713,0.7246761853123682,0.5225159594002268
RFC,HIV-1 RT,MIX,Train,0.9978976874562018,1.0,0.9985022466300548,0.9989477376359172,0.9974093264248703,0.996356980763948
RFC,HIV-1 RT,MIX,Validation,0.8288973384030418,0.919831223628692,0.808095952023988,0.872,0.726754990052688,0.5036771462144624
RFC,HIV-1 RT,MIX,Test,0.8558394160583942,0.9324055666003976,0.8308383233532934,0.8924833491912464,0.7268088439062594,0.5096065987645222
RFC,HIV-1 RT,MIX,Train,0.9985935302391,0.9971910112359552,0.99700449326011,0.9978917779339423,0.9968683899012246,0.9927222963974532
RFC,HIV-1 RT,MIX,Validation,0.8264150943396227,0.9240506329113924,0.808095952023988,0.8725099601593626,0.7236833475437792,0.5021497562255348
RFC,HIV-1 RT,MIX,Test,0.8595194085027726,0.9244532803180916,0.8293413173652695,0.8908045977011494,0.7319236098560155,0.509800702275115
RFC,HIV-1 RT,MIX,Train,0.9944016794961512,0.9985945186226284,0.995004995004995,0.9964936886395512,0.992388796444302,0.9878396748528978
RFC,HIV-1 RT,MIX,Validation,0.8450184501845018,0.9642105263157896,0.8488023952095808,0.9006882989183874,0.7644886828470139,0.6128830815933531
RFC,HIV-1 RT,MIX,Test,0.8687050359712231,0.9602385685884692,0.8607784431137725,0.9121813031161472,0.7589071630821134,0.5977968458255793
RFC,HIV-1 RT,MIX,Train,0.9881780250347704,0.9985945186226284,0.9905094905094906,0.9933589653967144,0.9846167757189134,0.9769023995506996
RFC,HIV-1 RT,MIX,Validation,0.8237476808905381,0.9347368421052632,0.811377245508982,0.8757396449704142,0.721254431415326,0.5081105297082634
RFC,HIV-1 RT,MIX,Test,0.8574007220216606,0.9443339960238568,0.8398203592814372,0.8987701040681173,0.732773058617989,0.5336805380363419
RFC,HIV-1 RT,MIX,Train,0.9978962131837308,0.9992977528089888,0.99800299550674,0.99859649122807,0.9970582028293647,0.9951392321118908
RFC,HIV-1 RT,MIX,Validation,0.8358778625954199,0.9240506329113924,0.8170914542728636,0.8777555110220441,0.7392273889945563,0.5286583048385305
RFC,HIV-1 RT,MIX,Test,0.8568840579710145,0.9403578528827038,0.8368263473053892,0.8966824644549763,0.7307849870474125,0.5254906349455012
RFC,HIV-1 RT,MIX,Train,0.9978932584269664,0.9978932584269664,0.99700449326011,0.9978932584269664,0.9963559556383536,0.9927119112767072
RFC,HIV-1 RT,MIX,Validation,0.8255159474671669,0.9282700421940928,0.8095952023988006,0.8738828202581926,0.7232023786099999,0.505220117783038
RFC,HIV-1 RT,MIX,Test,0.8605504587155963,0.9324055666003976,0.8353293413173652,0.8950381679389313,0.7358997529971684,0.5249677682458493
RFC,HIV-1 RT,MIX,Train,0.9957953749124036,0.9985945186226284,0.996003996003996,0.9971929824561404,0.994115912161055,0.9902723624925648
RFC,HIV-1 RT,MIX,Validation,0.844731977818854,0.9621052631578948,0.8473053892215568,0.8996062992125984,0.7634360512680666,0.6085975082488444
RFC,HIV-1 RT,MIX,Test,0.8625,0.9602385685884692,0.8547904191616766,0.9087488240827846,0.7467859509609013,0.5781899007661424
RFC,HIV-1 RT,MIX,Train,0.9909344490934447,0.9985945186226284,0.9925074925074924,0.9947497374868745,0.9880710071524194,0.981761493140494
RFC,HIV-1 RT,MIX,Validation,0.8227611940298507,0.9284210526315788,0.8068862275449101,0.8724035608308606,0.7180965366784837,0.4965178471550746
RFC,HIV-1 RT,MIX,Test,0.8512544802867383,0.9443339960238568,0.8338323353293413,0.8953817153628653,0.7206518464967768,0.5131567954360676
RFC,HIV-1 RT,MIX,Train,0.9978976874562018,1.0,0.9985022466300548,0.9989477376359172,0.9974093264248703,0.996356980763948
RFC,HIV-1 RT,MIX,Validation,0.8285714285714286,0.9177215189873418,0.8065967016491754,0.8708708708708709,0.7257001377320129,0.5000412374045997
RFC,HIV-1 RT,MIX,Test,0.8566243194192378,0.9383697813121272,0.8353293413173652,0.8956356736242884,0.7297909512621241,0.5214589826156527
RFC,HIV-1 RT,MIX,Train,0.9985935302391,0.9971910112359552,0.99700449326011,0.9978917779339423,0.9968683899012246,0.9927222963974532
RFC,HIV-1 RT,MIX,Validation,0.825187969924812,0.9261603375527426,0.808095952023988,0.8727634194831014,0.7221475262893247,0.5014372605430504
RFC,HIV-1 RT,MIX,Test,0.8629629629629629,0.926441351888668,0.8338323353293413,0.8935762224352828,0.7389782517019097,0.5237360581243294
